-- phpMyAdmin SQL Dump
-- version 4.9.0.1
-- https://www.phpmyadmin.net/
--
-- Host: 127.0.0.1
-- Generation Time: Aug 08, 2019 at 02:21 AM
-- Server version: 10.3.16-MariaDB
-- PHP Version: 7.3.7

SET SQL_MODE = "NO_AUTO_VALUE_ON_ZERO";
SET AUTOCOMMIT = 0;
START TRANSACTION;
SET time_zone = "+00:00";


/*!40101 SET @OLD_CHARACTER_SET_CLIENT=@@CHARACTER_SET_CLIENT */;
/*!40101 SET @OLD_CHARACTER_SET_RESULTS=@@CHARACTER_SET_RESULTS */;
/*!40101 SET @OLD_COLLATION_CONNECTION=@@COLLATION_CONNECTION */;
/*!40101 SET NAMES utf8mb4 */;

--
-- Database: `bimmer_btts`
--

-- --------------------------------------------------------

--
-- Table structure for table `app_blog_category`
--

CREATE TABLE `app_blog_category` (
  `id` int(11) NOT NULL,
  `name` varchar(500) COLLATE utf8_unicode_ci NOT NULL,
  `enabled` tinyint(1) DEFAULT NULL
) ENGINE=InnoDB DEFAULT CHARSET=utf8 COLLATE=utf8_unicode_ci;

--
-- Dumping data for table `app_blog_category`
--

INSERT INTO `app_blog_category` (`id`, `name`, `enabled`) VALUES
(1, 'Trending', 1);

-- --------------------------------------------------------

--
-- Table structure for table `app_blog_post`
--

CREATE TABLE `app_blog_post` (
  `id` int(11) NOT NULL,
  `blog_category_id` int(11) DEFAULT NULL,
  `counter` int(11) DEFAULT NULL,
  `slug` varchar(500) COLLATE utf8_unicode_ci NOT NULL,
  `title` varchar(500) COLLATE utf8_unicode_ci NOT NULL,
  `content` longtext COLLATE utf8_unicode_ci DEFAULT NULL,
  `enabled` tinyint(1) NOT NULL,
  `meta_keywords` varchar(255) COLLATE utf8_unicode_ci DEFAULT NULL,
  `meta_description` varchar(255) COLLATE utf8_unicode_ci DEFAULT NULL,
  `meta_tags` varchar(255) COLLATE utf8_unicode_ci DEFAULT NULL,
  `created_at` datetime DEFAULT NULL,
  `author` varchar(255) COLLATE utf8_unicode_ci DEFAULT NULL,
  `seoText` longtext COLLATE utf8_unicode_ci DEFAULT NULL
) ENGINE=InnoDB DEFAULT CHARSET=utf8 COLLATE=utf8_unicode_ci;

--
-- Dumping data for table `app_blog_post`
--

INSERT INTO `app_blog_post` (`id`, `blog_category_id`, `counter`, `slug`, `title`, `content`, `enabled`, `meta_keywords`, `meta_description`, `meta_tags`, `created_at`, `author`, `seoText`) VALUES
(12, 1, 29, 'hello-world', 'hello world', '<p><strong>BimmerTech\'s BMW CarPlay retrofit has been reborn... </strong></p>\n<p><span style=\"font-weight: 400;\">Our fully integrated CarPlay MMI has taken the BMW world by storm, and now it\'s back and better than ever! Our CarPlay MMI PLUS has all the features of our groundbreaking CarPlay MMI, </span><em><span style=\"font-weight: 400;\">plus</span></em><span style=\"font-weight: 400;\"> a few extras to make it an even better way to add Apple CarPlay to your 2016 or older BMW.</span></p>\n<p><span style=\"font-weight: 400;\">With CarPlay it\'s easy to use many of your iPhone\'s apps, including Apple Maps, Waze, Spotify, WhatsApp and more in your BMW, on the factory dashboard screen. For maximum convenience, control and navigate between apps with your vehicle\'s in-built controls, or with your voice thanks to Siri voice command.</span></p>', 1, '', 'hello world ', '', '2019-05-16 10:44:11', 'Marketing Marketing_Michal', ''),
(13, NULL, 2, '100-hello-there', 'Hello there', '<p>akhglakslaslalfa</p>\n<p>akjbgalkdgnladglakdg</p>\n<p>ajgnalkndglandlgalgakl</p>', 0, 'kjaflKFLfF', '', 'HBKjwlf', '2019-05-10 15:01:24', 'John Smith', 'KUHSIHIGALI\nKJL\nlagnaljg;ajd;glja;d\n\nakjfbalksnglaksglkjalgja');

-- --------------------------------------------------------

--
-- Table structure for table `app_blog_post_image`
--

CREATE TABLE `app_blog_post_image` (
  `id` int(11) NOT NULL,
  `blog_post_id` int(11) DEFAULT NULL,
  `aspect_ratio` varchar(255) COLLATE utf8_unicode_ci DEFAULT NULL,
  `type` varchar(255) COLLATE utf8_unicode_ci DEFAULT NULL,
  `path` varchar(255) COLLATE utf8_unicode_ci DEFAULT NULL
) ENGINE=InnoDB DEFAULT CHARSET=utf8 COLLATE=utf8_unicode_ci;

--
-- Dumping data for table `app_blog_post_image`
--

INSERT INTO `app_blog_post_image` (`id`, `blog_post_id`, `aspect_ratio`, `type`, `path`) VALUES
(43, 13, '1:1', NULL, 'ee/71/d00cc0e4dc0a0858b3fc584ca88c.png'),
(44, 13, '2:1', NULL, '99/8b/8813149a5e768c9a663011d83311.png'),
(57, 12, '1:1', NULL, 'e3/a3/d4d76e4037444c51a40531a21bd7.png'),
(58, 12, '2:1', NULL, '20/1c/092da551be096cd96fe641e66bf6.png');

-- --------------------------------------------------------

--
-- Table structure for table `app_blog_post_product`
--

CREATE TABLE `app_blog_post_product` (
  `id` int(11) NOT NULL,
  `post_id` int(11) DEFAULT NULL
) ENGINE=InnoDB DEFAULT CHARSET=utf8 COLLATE=utf8_unicode_ci;

--
-- Dumping data for table `app_blog_post_product`
--

INSERT INTO `app_blog_post_product` (`id`, `post_id`) VALUES
(1, 12);

-- --------------------------------------------------------

--
-- Table structure for table `app_blog_post_products`
--

CREATE TABLE `app_blog_post_products` (
  `post_id` int(11) NOT NULL,
  `product_id` int(11) NOT NULL
) ENGINE=InnoDB DEFAULT CHARSET=utf8 COLLATE=utf8_unicode_ci;

--
-- Dumping data for table `app_blog_post_products`
--

INSERT INTO `app_blog_post_products` (`post_id`, `product_id`) VALUES
(1, 455),
(1, 471),
(1, 520),
(1, 540),
(1, 546);

-- --------------------------------------------------------

--
-- Table structure for table `app_blog_products`
--

CREATE TABLE `app_blog_products` (
  `id` int(11) NOT NULL,
  `product_id` int(11) DEFAULT NULL
) ENGINE=InnoDB DEFAULT CHARSET=utf8 COLLATE=utf8_unicode_ci;

--
-- Dumping data for table `app_blog_products`
--

INSERT INTO `app_blog_products` (`id`, `product_id`) VALUES
(1, 420),
(2, 452),
(3, 537),
(4, 559),
(5, 599);

-- --------------------------------------------------------

--
-- Table structure for table `app_blog_review`
--

CREATE TABLE `app_blog_review` (
  `id` int(11) NOT NULL,
  `blog_post_id` int(11) DEFAULT NULL,
  `customer_id` int(11) DEFAULT NULL,
  `title` varchar(255) COLLATE utf8_unicode_ci DEFAULT NULL,
  `rating` int(11) DEFAULT NULL,
  `comment` longtext COLLATE utf8_unicode_ci DEFAULT NULL,
  `status` varchar(255) COLLATE utf8_unicode_ci DEFAULT NULL,
  `createdAt` datetime DEFAULT NULL,
  `updatedAt` datetime DEFAULT NULL
) ENGINE=InnoDB DEFAULT CHARSET=utf8 COLLATE=utf8_unicode_ci;

--
-- Dumping data for table `app_blog_review`
--

INSERT INTO `app_blog_review` (`id`, `blog_post_id`, `customer_id`, `title`, `rating`, `comment`, `status`, `createdAt`, `updatedAt`) VALUES
(1, 12, 241, '1', 5, 'this my comment on post', 'new', '2019-05-16 10:44:30', NULL),
(2, 12, 241, '1', 5, 'This is my comment for post', 'new', '2019-05-17 07:27:16', NULL);

-- --------------------------------------------------------

--
-- Table structure for table `app_blog_review_like`
--

CREATE TABLE `app_blog_review_like` (
  `id` int(11) NOT NULL,
  `review_id` int(11) DEFAULT NULL,
  `customer_id` int(11) DEFAULT NULL,
  `clientToken` varchar(255) COLLATE utf8_unicode_ci DEFAULT NULL,
  `sessionId` varchar(255) COLLATE utf8_unicode_ci DEFAULT NULL
) ENGINE=InnoDB DEFAULT CHARSET=utf8 COLLATE=utf8_unicode_ci;

-- --------------------------------------------------------

--
-- Table structure for table `app_buyers_guide_image`
--

CREATE TABLE `app_buyers_guide_image` (
  `id` int(11) NOT NULL,
  `product_id` int(11) DEFAULT NULL,
  `type` varchar(255) COLLATE utf8_unicode_ci DEFAULT NULL,
  `path` varchar(255) COLLATE utf8_unicode_ci DEFAULT NULL
) ENGINE=InnoDB DEFAULT CHARSET=utf8 COLLATE=utf8_unicode_ci;

--
-- Dumping data for table `app_buyers_guide_image`
--

INSERT INTO `app_buyers_guide_image` (`id`, `product_id`, `type`, `path`) VALUES
(32, 418, NULL, NULL),
(35, 417, NULL, NULL),
(36, 420, NULL, '8d/eb/7845c1c184b80bc920dca8c5a62a.jpeg'),
(38, 422, NULL, NULL),
(39, 423, NULL, NULL),
(40, 424, NULL, NULL),
(42, 426, NULL, NULL),
(48, 440, NULL, NULL),
(49, 441, NULL, NULL),
(50, 442, NULL, NULL),
(51, 443, NULL, NULL),
(52, 444, NULL, NULL),
(53, 445, NULL, NULL),
(54, 446, NULL, NULL),
(55, 447, NULL, NULL),
(56, 448, NULL, NULL),
(57, 449, NULL, NULL),
(60, 452, NULL, NULL),
(61, 453, NULL, NULL),
(62, 454, NULL, NULL),
(63, 455, NULL, NULL),
(64, 456, NULL, NULL),
(65, 457, NULL, NULL),
(66, 458, NULL, NULL),
(67, 459, NULL, NULL),
(70, 462, NULL, NULL),
(71, 463, NULL, NULL),
(72, 464, NULL, NULL),
(73, 465, NULL, NULL),
(74, 466, NULL, NULL),
(75, 467, NULL, NULL),
(76, 468, NULL, NULL),
(77, 469, NULL, NULL),
(79, 471, NULL, NULL),
(80, 472, NULL, NULL),
(82, 474, NULL, NULL),
(84, 476, NULL, NULL),
(85, 477, NULL, NULL),
(86, 478, NULL, NULL),
(91, 483, NULL, NULL),
(92, 484, NULL, NULL),
(93, 485, NULL, NULL),
(94, 486, NULL, NULL),
(95, 487, NULL, NULL),
(96, 488, NULL, NULL),
(97, 489, NULL, NULL),
(100, 492, NULL, 'e2/11/30d30ff302dbd96fd1a0aeb999f0.jpeg'),
(101, 493, NULL, NULL),
(102, 494, NULL, NULL),
(103, 495, NULL, NULL),
(104, 496, NULL, NULL),
(105, 497, NULL, '36/5b/b20b3d4c4c82b1b37b24f7e3bcf3.jpeg'),
(106, 498, NULL, NULL),
(108, 500, NULL, NULL),
(109, 501, NULL, '9f/7e/e9610d288e1f6a680082a79622b6.jpeg'),
(111, 503, NULL, 'e8/9c/26509666448c90a1b403c8783f0b.jpeg'),
(113, 505, NULL, '2b/1c/d41889051e2b04e552db4c243a51.jpeg'),
(114, 506, NULL, 'a7/33/8f09193a5afc1a8bd59970a89833.jpeg'),
(116, 508, NULL, '03/0b/b8a086a8afafe1848a22e00dc1df.jpeg'),
(117, 509, NULL, NULL),
(118, 510, NULL, '75/9a/66ce0f4bb6d86b8a9c02f5da667d.jpeg'),
(119, 511, NULL, '1c/d9/67f6ba94853c99eded45fec60950.jpeg'),
(120, 499, NULL, NULL),
(121, 512, NULL, NULL),
(124, 515, NULL, NULL),
(126, 517, NULL, NULL),
(129, 520, NULL, NULL),
(130, 521, NULL, NULL),
(132, 523, NULL, NULL),
(133, 524, NULL, NULL),
(134, 525, NULL, NULL),
(135, 526, NULL, NULL),
(136, 527, NULL, NULL),
(137, 528, NULL, NULL),
(138, 529, NULL, NULL),
(139, 530, NULL, '73/e7/d71d6a9b47863ca0580a7e74bef0.jpeg'),
(140, 531, NULL, '8c/3b/e98f81fb5c104d07c36c57939d2c.jpeg'),
(141, 532, NULL, '91/5c/a902bab2290b92dad07b6dcfeccc.jpeg'),
(143, 534, NULL, NULL),
(144, 535, NULL, NULL),
(145, 536, NULL, NULL),
(146, 537, NULL, NULL),
(147, 538, NULL, NULL),
(148, 539, NULL, NULL),
(149, 540, NULL, NULL),
(150, 541, NULL, NULL),
(151, 542, NULL, NULL),
(152, 543, NULL, NULL),
(153, 544, NULL, NULL),
(154, 545, NULL, NULL),
(155, 546, NULL, NULL),
(156, 547, NULL, NULL),
(157, 548, NULL, NULL),
(158, 549, NULL, NULL),
(159, 550, NULL, NULL),
(160, 551, NULL, NULL),
(161, 552, NULL, '1f/ae/18565cff3262661e1bb30b667159.jpeg'),
(162, 553, NULL, 'cf/b1/5d2ffa1fd6f92dcaa06fa45c44c9.jpeg'),
(163, 554, NULL, NULL),
(164, 555, NULL, '37/68/d3c6f67de20ce994bd99c8930139.jpeg'),
(165, 556, NULL, 'da/42/0f2b06f53e627b6314280d20d677.jpeg'),
(166, 557, NULL, '3a/49/1c0b88f98944f9a1886c33ccbe23.jpeg'),
(167, 558, NULL, NULL),
(168, 559, NULL, 'f6/47/0b3229e37792b1e773cd895463fc.jpeg'),
(169, 560, NULL, '38/d9/dd473777c734b26dc01768015757.jpeg'),
(170, 561, NULL, '5b/db/90585262310083afcbe8b404d653.jpeg'),
(171, 562, NULL, NULL),
(172, 563, NULL, NULL),
(173, 564, NULL, '9b/7e/3f5ae14f40e3966806b139583a95.jpeg'),
(174, 565, NULL, NULL),
(175, 566, NULL, NULL),
(176, 567, NULL, NULL),
(177, 568, NULL, NULL),
(178, 569, NULL, NULL),
(179, 570, NULL, NULL),
(180, 571, NULL, NULL),
(181, 572, NULL, NULL),
(182, 573, NULL, NULL),
(183, 574, NULL, NULL),
(184, 575, NULL, NULL),
(185, 576, NULL, NULL),
(186, 577, NULL, NULL),
(187, 578, NULL, NULL),
(188, 579, NULL, NULL),
(189, 580, NULL, NULL),
(190, 581, NULL, NULL),
(191, 582, NULL, NULL),
(192, 583, NULL, NULL),
(193, 584, NULL, NULL),
(194, 585, NULL, NULL),
(195, 586, NULL, NULL),
(196, 587, NULL, NULL),
(197, 588, NULL, NULL),
(198, 589, NULL, NULL),
(199, 590, NULL, NULL),
(200, 591, NULL, NULL),
(201, 592, NULL, NULL),
(202, 593, NULL, NULL),
(203, 594, NULL, NULL),
(204, 595, NULL, NULL),
(205, 596, NULL, NULL),
(206, 597, NULL, NULL),
(207, 598, NULL, NULL),
(208, 599, NULL, NULL),
(209, 600, NULL, NULL),
(210, 601, NULL, NULL),
(211, 602, NULL, NULL),
(212, 603, NULL, NULL),
(213, 604, NULL, NULL),
(214, 605, NULL, NULL),
(215, 606, NULL, NULL),
(216, 607, NULL, NULL),
(217, 608, NULL, NULL),
(218, 609, NULL, NULL);

-- --------------------------------------------------------

--
-- Table structure for table `app_buyers_guide_option`
--

CREATE TABLE `app_buyers_guide_option` (
  `id` int(11) NOT NULL,
  `name` varchar(255) COLLATE utf8_unicode_ci NOT NULL
) ENGINE=InnoDB DEFAULT CHARSET=utf8 COLLATE=utf8_unicode_ci;

--
-- Dumping data for table `app_buyers_guide_option`
--

INSERT INTO `app_buyers_guide_option` (`id`, `name`) VALUES
(21, 'No option'),
(22, 'Manufacture'),
(23, 'Camera mode'),
(24, 'Requirements'),
(25, 'Features'),
(26, 'Coding'),
(27, 'Vehicle integration'),
(28, 'Installation time'),
(29, 'Compatible add-ons'),
(30, 'Price'),
(31, 'Compatible with'),
(32, 'Supported software');

-- --------------------------------------------------------

--
-- Table structure for table `app_buyers_guide_product_option`
--

CREATE TABLE `app_buyers_guide_product_option` (
  `id` int(11) NOT NULL,
  `option_id` int(11) DEFAULT NULL,
  `product_id` int(11) DEFAULT NULL,
  `type` varchar(255) COLLATE utf8_unicode_ci DEFAULT NULL,
  `value` varchar(255) COLLATE utf8_unicode_ci DEFAULT NULL,
  `position` int(11) DEFAULT NULL,
  `path` varchar(255) COLLATE utf8_unicode_ci DEFAULT NULL
) ENGINE=InnoDB DEFAULT CHARSET=utf8 COLLATE=utf8_unicode_ci;

--
-- Dumping data for table `app_buyers_guide_product_option`
--

INSERT INTO `app_buyers_guide_product_option` (`id`, `option_id`, `product_id`, `type`, `value`, `position`, `path`) VALUES
(167, 21, 417, NULL, NULL, NULL, NULL),
(169, 22, 420, NULL, 'BimmerTech', NULL, NULL),
(170, 23, 420, NULL, 'Full-screen', NULL, NULL),
(171, 31, 420, NULL, 'BMW 3-series F30', NULL, NULL),
(172, 27, 420, NULL, 'No changes to exterior/interior of your car', NULL, NULL),
(173, 24, 420, NULL, 'F30 with factory/aftermarket screen and kidney grill', NULL, NULL),
(174, 25, 420, NULL, 'Overrides the iDrive camera screen with full-screen camera image. Automatic activation after shifting from reverse into drive. Effortlessly placed between the grill ridges.', NULL, NULL),
(175, 26, 420, NULL, 'Not required', NULL, NULL),
(176, 28, 420, NULL, '2.5-3 hours', NULL, NULL),
(177, 29, 420, NULL, 'Rear View Camera MMI, SmartView HD AT3, SmartView AT4, SmartView HD Flex', NULL, NULL),
(178, 30, 420, NULL, NULL, NULL, NULL),
(179, 22, 418, NULL, 'BimmerTech', NULL, NULL),
(189, 23, 418, NULL, 'Full-screen', NULL, NULL),
(190, 31, 418, NULL, 'Almost all BMW models', NULL, NULL),
(191, 27, 418, NULL, 'Small hole cut in the mesh grill', NULL, NULL),
(192, 24, 418, NULL, 'Any model with factory/aftermarket screen', NULL, NULL),
(193, 25, 418, NULL, 'Overrides the iDrive camera screen with full-screen camera image. Automatic activation after shifting from reverse into drive', NULL, NULL),
(194, 26, 418, NULL, 'Not required', NULL, NULL),
(195, 28, 418, NULL, '3+ hours', NULL, NULL),
(196, 29, 418, NULL, 'Rear View Camera MMI, SmartView HD AT3, SmartView AT4, SmartView HD Flex', NULL, NULL),
(197, 30, 418, NULL, NULL, NULL, NULL),
(198, 22, 497, NULL, 'BMW OEM', NULL, NULL),
(199, 23, 497, NULL, 'Native (with PDC view)', NULL, NULL),
(200, 24, 497, NULL, 'iDrive with Navigation System Professional and PDC', NULL, NULL),
(201, 25, 497, NULL, 'The only camera that supports surround view, trailer hitch mode. Automatic activation after shifting into reverse', NULL, NULL),
(202, 26, 497, NULL, 'Required', NULL, NULL),
(203, 27, 497, NULL, 'No changes to exterior/interior of your car', NULL, NULL),
(204, 28, 497, NULL, '3-4 hours', NULL, NULL),
(205, 29, 497, NULL, 'Dynamic Parking Lines , Obstacle Marking, Trailer Hitch Mode (included into the kit), Surround View', NULL, NULL),
(206, 30, 497, NULL, 'from $929', NULL, NULL),
(207, 22, 499, NULL, 'BMW OEM', NULL, NULL),
(208, 23, 499, NULL, 'Native (with PDC view)', NULL, NULL),
(209, 24, 499, NULL, 'iDrive with Navigation System Professional and PDC', NULL, NULL),
(210, 25, 499, NULL, 'The only camera that supports surround view, trailer hitch mode. Automatic activation after shifting into reverse', NULL, NULL),
(211, 26, 499, NULL, 'Required', NULL, NULL),
(212, 27, 499, NULL, 'No changes to exterior/interior of your car', NULL, NULL),
(213, 28, 499, NULL, '3-4 hours', NULL, NULL),
(214, 29, 499, NULL, 'Dynamic Parking Lines , Obstacle Marking, Trailer Hitch Mode (included into the kit), Surround View', NULL, NULL),
(215, 30, 499, NULL, 'from $929', NULL, NULL),
(216, 22, 510, NULL, 'BMW OEM', NULL, NULL),
(217, 23, 510, NULL, 'Native (with PDC view)', NULL, NULL),
(218, 24, 510, NULL, 'iDrive with Navigation System Professional and PDC', NULL, NULL),
(219, 25, 510, NULL, 'The only camera that supports surround view, trailer hitch mode. Automatic activation after shifting into reverse', NULL, NULL),
(220, 26, 510, NULL, 'Required', NULL, NULL),
(221, 27, 510, NULL, 'No changes to exterior/interior of your car', NULL, NULL),
(222, 28, 510, NULL, '3-4 hours', NULL, NULL),
(223, 29, 510, NULL, 'Dynamic Parking Lines , Obstacle Marking, Trailer Hitch Mode (included into the kit), Surround View', NULL, NULL),
(224, 30, 510, NULL, NULL, NULL, NULL),
(225, 22, 492, NULL, 'BMW OEM', NULL, NULL),
(226, 23, 492, NULL, 'Native (with PDC view)', NULL, NULL),
(227, 24, 492, NULL, 'iDrive with Navigation System Professional and PDC', NULL, NULL),
(228, 25, 492, NULL, 'The only camera that supports surround view, trailer hitch mode. Automatic activation after shifting into reverse', NULL, NULL),
(229, 26, 492, NULL, 'Required', NULL, NULL),
(230, 27, 492, NULL, 'No changes to exterior/interior of your car', NULL, NULL),
(231, 28, 492, NULL, '3-4 hours', NULL, NULL),
(232, 29, 492, NULL, 'Dynamic Parking Lines , Obstacle Marking, Trailer Hitch Mode (included into the kit), Surround View', NULL, NULL),
(233, 30, 492, NULL, NULL, NULL, NULL),
(234, 22, 508, NULL, 'BMW OEM', NULL, NULL),
(235, 23, 508, NULL, 'Native (with PDC view)', NULL, NULL),
(236, 24, 508, NULL, 'iDrive with Navigation System Professional and PDC', NULL, NULL),
(237, 25, 508, NULL, 'The only camera that supports surround view, trailer hitch mode. Automatic activation after shifting into reverse', NULL, NULL),
(238, 26, 508, NULL, 'Required', NULL, NULL),
(239, 27, 508, NULL, 'No changes to exterior/interior of your car', NULL, NULL),
(240, 28, 508, NULL, '3-4 hours', NULL, NULL),
(241, 29, 508, NULL, 'Dynamic Parking Lines , Obstacle Marking, Trailer Hitch Mode (included into the kit), Surround View', NULL, NULL),
(242, 30, 508, NULL, NULL, NULL, NULL),
(243, 22, 501, NULL, 'BMW OEM', NULL, NULL),
(244, 23, 501, NULL, 'Native (with PDC view)', NULL, NULL),
(245, 24, 501, NULL, 'iDrive with Navigation System Professional and PDC', NULL, NULL),
(246, 25, 501, NULL, 'The only camera that supports surround view, trailer hitch mode. Automatic activation after shifting into reverse', NULL, NULL),
(247, 26, 501, NULL, 'Required', NULL, NULL),
(248, 27, 501, NULL, 'No changes to exterior/interior of your car', NULL, NULL),
(249, 28, 501, NULL, '3-4 hours', NULL, NULL),
(250, 29, 501, NULL, 'Dynamic Parking Lines , Obstacle Marking, Trailer Hitch Mode (included into the kit), Surround View', NULL, NULL),
(251, 30, 501, NULL, 'from $929', NULL, NULL),
(252, 22, 503, NULL, 'BMW OEM', NULL, NULL),
(253, 23, 503, NULL, 'Native (with PDC view)', NULL, NULL),
(254, 24, 503, NULL, 'iDrive with Navigation System Professional and PDC', NULL, NULL),
(255, 25, 503, NULL, 'The only camera that supports surround view, trailer hitch mode. Automatic activation after shifting into reverse', NULL, NULL),
(256, 26, 503, NULL, 'Required', NULL, NULL),
(257, 27, 503, NULL, 'No changes to exterior/interior of your car', NULL, NULL),
(258, 28, 503, NULL, '3-4 hours', NULL, NULL),
(259, 29, 503, NULL, 'Dynamic Parking Lines , Obstacle Marking, Trailer Hitch Mode (included into the kit), Surround View', NULL, NULL),
(260, 30, 503, NULL, 'from $929', NULL, NULL),
(261, 22, 505, NULL, 'BMW OEM', NULL, NULL),
(262, 23, 505, NULL, 'Native (with PDC view)', NULL, NULL),
(263, 24, 505, NULL, 'iDrive with Navigation System Professional and PDC', NULL, NULL),
(264, 25, 505, NULL, 'The only camera that supports surround view, trailer hitch mode. Automatic activation after shifting into reverse', NULL, NULL),
(265, 26, 505, NULL, 'Required', NULL, NULL),
(266, 27, 505, NULL, 'No changes to exterior/interior of your car', NULL, NULL),
(267, 28, 505, NULL, '3-4 hours', NULL, NULL),
(268, 29, 505, NULL, 'Dynamic Parking Lines , Obstacle Marking, Trailer Hitch Mode (included into the kit), Surround View', NULL, NULL),
(269, 30, 505, NULL, 'from $929', NULL, NULL),
(270, 22, 506, NULL, 'BMW OEM', NULL, NULL),
(271, 23, 506, NULL, 'Native (with PDC view)', NULL, NULL),
(272, 24, 506, NULL, 'iDrive with Navigation System Professional and PDC', NULL, NULL),
(273, 25, 506, NULL, 'The only camera that supports surround view, trailer hitch mode. Automatic activation after shifting into reverse', NULL, NULL),
(274, 26, 506, NULL, 'Required', NULL, NULL),
(275, 27, 506, NULL, 'No changes to exterior/interior of your car', NULL, NULL),
(276, 28, 506, NULL, '3-4 hours', NULL, NULL),
(277, 29, 506, NULL, 'Dynamic Parking Lines , Obstacle Marking, Trailer Hitch Mode (included into the kit), Surround View', NULL, NULL),
(278, 30, 506, NULL, 'from $929', NULL, NULL),
(279, 22, 511, NULL, 'BMW OEM', NULL, NULL),
(280, 23, 511, NULL, 'Native (with PDC view)', NULL, NULL),
(281, 24, 511, NULL, 'iDrive with Navigation System Professional and PDC', NULL, NULL),
(282, 25, 511, NULL, 'The only camera that supports surround view, trailer hitch mode. Automatic activation after shifting into reverse', NULL, NULL),
(283, 26, 511, NULL, 'Required', NULL, NULL),
(284, 27, 511, NULL, 'No changes to exterior/interior of your car', NULL, NULL),
(285, 28, 511, NULL, '3-4 hours', NULL, NULL),
(286, 29, 511, NULL, 'Dynamic Parking Lines , Obstacle Marking, Trailer Hitch Mode (included into the kit), Surround View', NULL, NULL),
(287, 30, 511, NULL, 'from $929', NULL, NULL),
(288, 22, 530, NULL, 'BimmerTech', NULL, NULL),
(289, 32, 530, NULL, 'iOS', NULL, NULL),
(290, 24, 530, NULL, 'AirPlay support', NULL, NULL),
(291, 25, 530, NULL, 'Requires a Personal Hotspot or mobile wireless modem to connect to the mobile device.', NULL, NULL),
(292, 26, 530, NULL, 'Not required', NULL, NULL),
(293, 27, 530, NULL, 'No changes to exterior/interior of your car', NULL, NULL),
(294, 28, 530, NULL, '2 hours', NULL, NULL),
(295, 30, 530, NULL, NULL, NULL, NULL),
(296, 22, 531, NULL, 'BimmerTech', NULL, NULL),
(297, 32, 531, NULL, 'iOS', NULL, NULL),
(298, 24, 531, NULL, 'AirPlay support', NULL, NULL),
(299, 25, 531, NULL, 'Requires a Personal Hotspot or mobile wireless modem to connect to the mobile device. Has its own App Store with inbuilt apps and includes Siri voice control', NULL, NULL),
(300, 26, 531, NULL, 'Not required', NULL, NULL),
(301, 27, 531, NULL, 'No changes to exterior/interior of your car', NULL, NULL),
(302, 28, 531, NULL, '2 hours', NULL, NULL),
(303, 30, 531, NULL, NULL, NULL, NULL),
(304, 22, 532, NULL, 'BimmerTech', NULL, NULL),
(305, 32, 532, NULL, 'Android, iOS, Blackberry, Windows, Linux, etc.', NULL, NULL),
(306, 24, 532, NULL, 'AirPlay or Miracast support', NULL, NULL),
(307, 25, 532, NULL, 'Produces its own WIFI network and has 5GHz WiFi signal to connect to the mobile device', NULL, NULL),
(308, 26, 532, NULL, 'Not required', NULL, NULL),
(309, 27, 532, NULL, 'No changes to exterior/interior of your car', NULL, NULL),
(310, 28, 532, NULL, '2 hours', NULL, NULL),
(311, 30, 532, NULL, NULL, NULL, NULL),
(312, 22, 552, NULL, 'BimmerTech', NULL, NULL),
(313, 23, 552, NULL, 'Full Screen', NULL, NULL),
(314, 24, 552, NULL, 'Any model with factory screen', NULL, NULL),
(315, 25, 552, NULL, 'Overrides the iDrive camera screen with camera image full screen. Automatic activation after shifting into reverse', NULL, NULL),
(316, 26, 552, NULL, 'Not required', NULL, NULL),
(317, 27, 552, NULL, 'Installation requires cutting a small hole in the rear bumper', NULL, NULL),
(318, 28, 552, NULL, '3–4 hours', NULL, NULL),
(319, 29, 552, NULL, 'Dynamic Parking Lines, HD Interface, SmartView HD AT3, SmartView AT4, SmartView HD Flex, Front View Camera', NULL, NULL),
(320, 30, 552, NULL, NULL, NULL, NULL),
(321, 22, 553, NULL, 'BimmerTech', NULL, NULL),
(322, 23, 553, NULL, 'Full Screen', NULL, NULL),
(323, 24, 553, NULL, 'Any model with factory screen', NULL, NULL),
(324, 25, 553, NULL, 'Overrides the iDrive camera screen with camera image full screen. Automatic activation after shifting into reverse', NULL, NULL),
(325, 26, 553, NULL, 'Not required', NULL, NULL),
(326, 27, 553, NULL, 'Installation requires cutting a small hole in the rear bumper', NULL, NULL),
(327, 28, 553, NULL, '3–4 hours', NULL, NULL),
(328, 29, 553, NULL, 'Dynamic Parking Lines, HD Interface, SmartView HD AT3, SmartView AT4, SmartView HD Flex, Front View Camera', NULL, NULL),
(329, 30, 553, NULL, NULL, NULL, NULL),
(330, 22, 555, NULL, 'BimmerTech', NULL, NULL),
(331, 23, 555, NULL, 'Full Screen', NULL, NULL),
(332, 24, 555, NULL, 'Any model with factory screen', NULL, NULL),
(333, 25, 555, NULL, 'Overrides the iDrive camera screen with camera image full screen. Automatic activation after shifting into reverse', NULL, NULL),
(334, 26, 555, NULL, 'Not required', NULL, NULL),
(335, 27, 555, NULL, 'Installation requires cutting a small hole in the rear bumper', NULL, NULL),
(336, 28, 555, NULL, '3–4 hours', NULL, NULL),
(337, 29, 555, NULL, 'Dynamic Parking Lines, HD Interface, SmartView HD AT3, SmartView AT4, SmartView HD Flex, Front View Camera', NULL, NULL),
(338, 30, 555, NULL, NULL, NULL, NULL),
(339, 22, 556, NULL, 'BimmerTech', NULL, NULL),
(340, 24, 556, NULL, 'Any model with factory screen', NULL, NULL),
(341, 23, 556, NULL, 'Full Screen', NULL, NULL),
(342, 25, 556, NULL, 'Overrides the iDrive camera screen with camera image full screen. Automatic activation after shifting into reverse', NULL, NULL),
(343, 26, 556, NULL, 'Not required', NULL, NULL),
(344, 27, 556, NULL, 'No changes to exterior/interior of your car', NULL, NULL),
(345, 28, 556, NULL, '3–4 hours', NULL, NULL),
(346, 29, 556, NULL, 'Dynamic Parking Lines, HD Interface, SmartView HD AT3, SmartView AT4, SmartView HD Flex, Front View Camera', NULL, NULL),
(347, 30, 556, NULL, NULL, NULL, NULL),
(348, 22, 557, NULL, 'BimmerTech', NULL, NULL),
(349, 23, 557, NULL, 'Full Screen', NULL, NULL),
(350, 24, 557, NULL, 'Any model with factory screen', NULL, NULL),
(351, 25, 557, NULL, 'Overrides the iDrive camera screen with camera image full screen. Automatic activation after shifting into reverse', NULL, NULL),
(352, 26, 557, NULL, 'Not required', NULL, NULL),
(353, 27, 557, NULL, 'No changes to exterior/interior of your car', NULL, NULL),
(354, 28, 557, NULL, '3–4 hours', NULL, NULL),
(355, 29, 557, NULL, 'Dynamic Parking Lines, HD Interface, SmartView HD AT3, SmartView AT4, SmartView HD Flex, Front View Camera', NULL, NULL),
(356, 30, 557, NULL, NULL, NULL, NULL),
(357, 22, 559, NULL, 'BimmerTech', NULL, NULL),
(358, 23, 559, NULL, 'Full Screen', NULL, NULL),
(359, 24, 559, NULL, 'Any model with factory screen', NULL, NULL),
(360, 25, 559, NULL, 'Overrides the iDrive camera screen with camera image full screen. Automatic activation after shifting into reverse', NULL, NULL),
(361, 26, 559, NULL, 'Not required', NULL, NULL),
(362, 27, 559, NULL, 'No changes to exterior/interior of your car', NULL, NULL),
(363, 28, 559, NULL, '3–4 hours', NULL, NULL),
(364, 29, 559, NULL, 'Dynamic Parking Lines, HD Interface, SmartView HD AT3, SmartView AT4, SmartView HD Flex, Front View Camera', NULL, NULL),
(365, 30, 559, NULL, NULL, NULL, NULL),
(366, 22, 560, NULL, 'BimmerTech', NULL, NULL),
(367, 23, 560, NULL, 'Full Screen', NULL, NULL),
(368, 24, 560, NULL, 'Any model with factory screen', NULL, NULL),
(369, 25, 560, NULL, 'Overrides the iDrive camera screen with camera image full screen. Automatic activation after shifting into reverse', NULL, NULL),
(370, 26, 560, NULL, 'Not required', NULL, NULL),
(371, 27, 560, NULL, 'No changes to exterior/interior of your car', NULL, NULL),
(372, 28, 560, NULL, '3–4 hours', NULL, NULL),
(373, 29, 560, NULL, 'Dynamic Parking Lines, HD Interface, SmartView HD AT3, SmartView AT4, SmartView HD Flex, Front View Camera', NULL, NULL),
(374, 30, 560, NULL, NULL, NULL, NULL),
(375, 22, 561, NULL, 'BimmerTech', NULL, NULL),
(376, 23, 561, NULL, 'Full Screen', NULL, NULL),
(377, 24, 561, NULL, 'Any model with factory screen', NULL, NULL),
(378, 25, 561, NULL, 'Overrides the iDrive camera screen with camera image full screen. Automatic activation after shifting into reverse', NULL, NULL),
(379, 26, 561, NULL, 'Not required', NULL, NULL),
(380, 27, 561, NULL, 'No changes to exterior/interior of your car', NULL, NULL),
(381, 28, 561, NULL, '3–4 hours', NULL, NULL),
(382, 29, 561, NULL, 'Dynamic Parking Lines, HD Interface, SmartView HD AT3, SmartView AT4, SmartView HD Flex, Front View Camera', NULL, NULL),
(383, 30, 561, NULL, NULL, NULL, NULL),
(384, 22, 564, NULL, 'BimmerTech', NULL, NULL),
(385, 23, 564, NULL, 'Native (with PDC view)*', NULL, NULL),
(386, 24, 564, NULL, 'iDrive with Navigation Professional', NULL, NULL),
(387, 25, 564, NULL, 'The same look and feel as a factory installed cam. Automatic activation after shifting into reverse', NULL, NULL),
(388, 26, 564, NULL, 'Required', NULL, NULL),
(389, 27, 564, NULL, 'No changes to exterior/interior of your car', NULL, NULL),
(390, 28, 564, NULL, '3–4 hours', NULL, NULL),
(391, 29, 564, NULL, 'Dynamic Parking Lines, PDC', NULL, NULL),
(392, 30, 564, NULL, NULL, NULL, NULL);

-- --------------------------------------------------------

--
-- Table structure for table `app_buyers_guide_product_related`
--

CREATE TABLE `app_buyers_guide_product_related` (
  `id` int(11) NOT NULL,
  `currentProduct_id` int(11) DEFAULT NULL,
  `relatedProduct_id` int(11) DEFAULT NULL
) ENGINE=InnoDB DEFAULT CHARSET=utf8 COLLATE=utf8_unicode_ci;

--
-- Dumping data for table `app_buyers_guide_product_related`
--

INSERT INTO `app_buyers_guide_product_related` (`id`, `currentProduct_id`, `relatedProduct_id`) VALUES
(32, 420, 418),
(33, 532, 530),
(34, 531, 532),
(35, 530, 532),
(36, 532, 531),
(37, 531, 530),
(38, 530, 531),
(39, 552, NULL),
(40, 553, NULL),
(41, 564, 492),
(42, 564, 552),
(43, 561, 564),
(44, 561, 499),
(45, 560, NULL),
(47, 559, 564),
(48, 559, 497),
(49, 556, NULL),
(51, 557, NULL),
(53, 555, 564),
(54, 555, 492),
(57, 492, 564),
(58, 492, 557),
(59, 497, 564),
(60, 497, 557),
(61, 499, 564),
(62, 499, 557),
(63, 501, 564),
(64, 501, 557),
(65, 503, 564),
(66, 503, 557),
(67, 506, 564),
(68, 505, 564),
(69, 506, 557),
(70, 505, 557),
(71, 508, 564),
(72, 510, 564),
(73, 508, 557),
(74, 510, 557),
(75, 511, 564),
(76, 511, 557);

-- --------------------------------------------------------

--
-- Table structure for table `app_color`
--

CREATE TABLE `app_color` (
  `id` int(11) NOT NULL,
  `name` varchar(255) COLLATE utf8_unicode_ci NOT NULL,
  `value` varchar(255) COLLATE utf8_unicode_ci NOT NULL
) ENGINE=InnoDB DEFAULT CHARSET=utf8 COLLATE=utf8_unicode_ci;

--
-- Dumping data for table `app_color`
--

INSERT INTO `app_color` (`id`, `name`, `value`) VALUES
(1, 'Super', '#ff8040'),
(2, 'Aster', '#0000ff'),
(3, 'New', '#ff80ff');

-- --------------------------------------------------------

--
-- Table structure for table `app_contact`
--

CREATE TABLE `app_contact` (
  `id` int(11) NOT NULL,
  `contact_main_title_id` int(11) DEFAULT NULL,
  `contact_position` varchar(255) COLLATE utf8_unicode_ci DEFAULT NULL
) ENGINE=InnoDB DEFAULT CHARSET=utf8 COLLATE=utf8_unicode_ci;

--
-- Dumping data for table `app_contact`
--

INSERT INTO `app_contact` (`id`, `contact_main_title_id`, `contact_position`) VALUES
(4, 4, 'Vertical'),
(5, 6, 'Horizontal'),
(6, 5, 'Vertical');

-- --------------------------------------------------------

--
-- Table structure for table `app_contact_content`
--

CREATE TABLE `app_contact_content` (
  `id` int(11) NOT NULL,
  `contact_id` int(11) DEFAULT NULL,
  `title` varchar(255) COLLATE utf8_unicode_ci DEFAULT NULL,
  `value` varchar(255) COLLATE utf8_unicode_ci DEFAULT NULL,
  `hours` varchar(255) COLLATE utf8_unicode_ci DEFAULT NULL
) ENGINE=InnoDB DEFAULT CHARSET=utf8 COLLATE=utf8_unicode_ci;

--
-- Dumping data for table `app_contact_content`
--

INSERT INTO `app_contact_content` (`id`, `contact_id`, `title`, `value`, `hours`) VALUES
(10, 4, 'US PHONE NUMBER', '+1 (646) 439 7920', '(8:00 am - 6:00 pm ET)'),
(11, 4, 'UK PHONE NUMBER', '+44 133 403 3103', '(11:00 am - 10:00 pm)'),
(12, 4, 'EMAIL', 'info@bimmer-tech.net', ''),
(13, 5, 'BIMMERTECH HQ', 'LOB15  #239 <br>Jafza <br>Dubai, UAE', NULL),
(14, 5, 'BIMMERTECH EU OFFICE', 'Warsaw, Poland', NULL),
(15, 5, 'BIMMERTECH US OFFICE', 'Orlando, FL', NULL),
(16, 6, 'US PHONE NUMBER', '+1 (646) 439 7920 ext. 200', '(11:00 am - 3:00 pm)'),
(17, 6, 'UK PHONE NUMBER', '+44 133 403 3103 ext. 200', '(4:00 am - 8:00 pm)'),
(18, 6, 'EMAIL', 'support@bimmer-tech.net', NULL);

-- --------------------------------------------------------

--
-- Table structure for table `app_contact_title`
--

CREATE TABLE `app_contact_title` (
  `id` int(11) NOT NULL,
  `name` varchar(255) COLLATE utf8_unicode_ci NOT NULL,
  `popup` varchar(255) COLLATE utf8_unicode_ci DEFAULT NULL
) ENGINE=InnoDB DEFAULT CHARSET=utf8 COLLATE=utf8_unicode_ci;

--
-- Dumping data for table `app_contact_title`
--

INSERT INTO `app_contact_title` (`id`, `name`, `popup`) VALUES
(4, 'Sales Questions', 'sales'),
(5, 'Installation & Technical Support', 'support'),
(6, 'Our Offices', 'none');

-- --------------------------------------------------------

--
-- Table structure for table `app_dealer`
--

CREATE TABLE `app_dealer` (
  `id` int(11) NOT NULL,
  `name` varchar(300) COLLATE utf8_unicode_ci DEFAULT NULL,
  `content` longtext COLLATE utf8_unicode_ci DEFAULT NULL,
  `linkForButton` varchar(128) COLLATE utf8_unicode_ci DEFAULT NULL,
  `otherContent` longtext COLLATE utf8_unicode_ci DEFAULT NULL
) ENGINE=InnoDB DEFAULT CHARSET=utf8 COLLATE=utf8_unicode_ci;

--
-- Dumping data for table `app_dealer`
--

INSERT INTO `app_dealer` (`id`, `name`, `content`, `linkForButton`, `otherContent`) VALUES
(1, 'DEALERSHIP PLATFORM', 'Sed ut perspiciatis unde omnis iste natus error sit voluptatem accusantium doloremque laudantium, totam rem aperiam, eaque ipsa quae ab illo inventore veritatis et quasi architecto beatae vitae dicta sunt explicabo. Nemo enim ipsam voluptatem quia voluptas sit aspernatur aut odit aut fugit, sed quia consequuntur magni dolores eos qui ratione voluptatem sequi nesciunt. Neque porro quisquam est, qui dolorem ipsum quia dolor sit amet, consectetur, adipisci velit, sed quia non numquam eius modi tempora incidunt ut labore et dolore magnam aliquam quaerat voluptatem. Ut enim ad minima veniam, quis nostrum exercitationem ullam corporis suscipit laboriosam, nisi ut aliquid ex ea commodi consequatur? Quis autem vel eum iure reprehenderit qui in ea voluptate velit esse quam nihil molestiae consequatur, vel illum qui dolorem eum fugiat quo voluptas nulla pariatur?', 'https://dealer.bimmer-tech.net/', '<p>Sed ut perspiciatis unde omnis iste natus error sit voluptatem accusantium doloremque laudantium, totam rem aperiam, eaque ipsa quae ab illo inventore veritatis et quasi architecto beatae vitae dicta sunt explicabo.&nbsp;</p>');

-- --------------------------------------------------------

--
-- Table structure for table `app_dealer_image`
--

CREATE TABLE `app_dealer_image` (
  `id` int(11) NOT NULL,
  `owner_id` int(11) NOT NULL,
  `type` varchar(255) COLLATE utf8_unicode_ci DEFAULT NULL,
  `path` varchar(255) COLLATE utf8_unicode_ci NOT NULL
) ENGINE=InnoDB DEFAULT CHARSET=utf8 COLLATE=utf8_unicode_ci;

--
-- Dumping data for table `app_dealer_image`
--

INSERT INTO `app_dealer_image` (`id`, `owner_id`, `type`, `path`) VALUES
(1, 1, NULL, '23/ea/e03154592dfec3dca25d6931ee7c.png');

-- --------------------------------------------------------

--
-- Table structure for table `app_drop_down`
--

CREATE TABLE `app_drop_down` (
  `id` int(11) NOT NULL,
  `code` varchar(255) COLLATE utf8_unicode_ci NOT NULL,
  `name` varchar(255) COLLATE utf8_unicode_ci NOT NULL,
  `type` varchar(255) COLLATE utf8_unicode_ci DEFAULT NULL
) ENGINE=InnoDB DEFAULT CHARSET=utf8 COLLATE=utf8_unicode_ci;

--
-- Dumping data for table `app_drop_down`
--

INSERT INTO `app_drop_down` (`id`, `code`, `name`, `type`) VALUES
(8, 'Subscription option:', 'Subscription option:', NULL),
(9, 'Region:', 'Region wrong:', NULL),
(14, 'Test2', 'Test2', NULL),
(17, 'Region1:', 'Region:', NULL),
(19, 'maps_live', 'Region:', NULL),
(20, 'maps_premium', 'Region:', NULL),
(21, 'maps_motion', 'Region:', NULL),
(22, 'maps_move', 'Region:', NULL),
(23, 'maps_route', 'Region:', NULL),
(25, 'maps_evo', 'Region:', NULL),
(26, 'maps_way', 'Region:', NULL),
(27, 'PDC_E_Series', 'PDC Type', 'physical'),
(28, 'PDC_F_Series', 'PDC Type', 'physical'),
(30, 'iDrive_Touch_Controller_condition', 'Condition', NULL),
(31, 'Combox_condition', 'Condition', NULL),
(32, 'CIC_trim_E63_E64', 'CIC Trim', 'physical'),
(33, 'CIC_Center_Control_Trim_E9x', 'Center Console Trim', 'physical'),
(34, 'CIC_Lower_Trim_E60_E61', 'CIC Lower Trim', 'physical'),
(35, 'Combox_wiring_type', 'Wiring Type', 'physical'),
(36, 'Power_Trunk_Condition', 'Condition', NULL),
(37, 'maps_next', 'Region:', NULL),
(38, '6WBCluster_Condition_F15_F16', 'Condition', NULL),
(39, '6WBCluster_Condition_G3x_G01', 'Condition', NULL);

-- --------------------------------------------------------

--
-- Table structure for table `app_drop_down_option`
--

CREATE TABLE `app_drop_down_option` (
  `id` int(11) NOT NULL,
  `name` varchar(255) COLLATE utf8_unicode_ci NOT NULL,
  `price` int(11) DEFAULT NULL,
  `position` int(11) DEFAULT 0,
  `dropDown_id` int(11) DEFAULT NULL
) ENGINE=InnoDB DEFAULT CHARSET=utf8 COLLATE=utf8_unicode_ci;

--
-- Dumping data for table `app_drop_down_option`
--

INSERT INTO `app_drop_down_option` (`id`, `name`, `price`, `position`, `dropDown_id`) VALUES
(37, 'One time', NULL, 1, 8),
(38, '+1 year', 3500, 2, 8),
(39, '+2 years', 7000, 3, 8),
(40, 'Choose your option', NULL, 1, 9),
(41, 'North America', NULL, 0, 9),
(42, 'Other regions', 5000, 1, 9),
(45, 'Other regions', 0, 1, 9),
(56, 'Testnon', 0, 0, 14),
(57, 'Testnon 2', 10000, 1, 14),
(58, 'Testnon 3', 10000, 2, 14),
(59, 'North America', 0, 0, 17),
(60, 'Other regions', 5000, 0, 17),
(64, 'North America 2019-1', NULL, 1, 19),
(84, 'Middle East 2019-1', 5000, 1, 19),
(85, 'Australia/New Zealand 2018-2', 5000, 2, 19),
(86, 'China 2019-1', 5000, 3, 19),
(87, 'Europe 2019-2', 5000, 4, 19),
(88, 'India 2018-2', 5000, 5, 19),
(89, 'Israel 2019-1', 5000, 6, 19),
(90, 'Japan 2019-2', 5000, 7, 19),
(91, 'Korea 2019-2', 5000, 8, 19),
(92, 'South America 2018-2', 5000, 9, 19),
(93, 'South East Asia 2018-2', 5000, 10, 19),
(94, 'Taiwan 2018-4', 5000, 11, 19),
(95, 'Turkey 2018-2', 5000, 12, 19),
(101, 'North America 2019', NULL, 1, 20),
(102, 'Australia/New Zealand 2018', 5000, 2, 20),
(103, 'China 2019-1', 5000, 3, 20),
(104, 'Europe East 2019-1', 5000, 4, 20),
(105, 'Europe West 2019-1', 5000, 5, 20),
(106, 'Hongkong Macao 2019-1', 5000, 6, 20),
(107, 'India 2018', 5000, 7, 20),
(108, 'Japan 2019', 5000, 8, 20),
(109, 'Korea 2018', 5000, 9, 20),
(110, 'Middle East 2019', 5000, 10, 20),
(111, 'South America 2019', 5000, 11, 20),
(112, 'Southern Africa 2019', 5000, 12, 20),
(113, 'Taiwan 2019', 5000, 13, 20),
(114, 'Turkey 2019', 5000, 14, 20),
(115, 'Australia/New Zealand 2019', 5000, 1, 21),
(116, 'Europe East 2019-1', 5000, 2, 21),
(117, 'Europe West 2019-1', 5000, 3, 21),
(118, 'Middle East 2019', 5000, 4, 21),
(119, 'Southern Africa 2019', 5000, 5, 21),
(120, 'North America 2019', NULL, 1, 22),
(121, 'Europe 2018-2', 5000, 2, 22),
(122, 'South America 2018', 5000, 3, 22),
(123, 'North America 2019-2', NULL, 1, 23),
(124, 'Argentina 2019', 5000, 2, 23),
(125, 'Australia/New Zealand 2019', 5000, 3, 23),
(126, 'China (Hongkong Macao) 2019-1', 5000, 4, 23),
(127, 'Europe 2018-1', 5000, 5, 23),
(128, 'India 2019-2', 5000, 6, 23),
(129, 'Israel 2019', 5000, 7, 23),
(130, 'Middle East 2019', 5000, 8, 23),
(131, 'Northern Africa 2019', 5000, 9, 23),
(132, 'South America 2019', 5000, 10, 23),
(133, 'Southeast Asia 2018-2', 5000, 11, 23),
(134, 'Southern Africa 2019', 5000, 12, 23),
(135, 'Taiwan 2019-1', 5000, 13, 23),
(136, 'Turkey 2019-2', 5000, 14, 23),
(153, 'North America 2019-2', NULL, 1, 25),
(154, 'Argentina 2019-1', 5000, 2, 25),
(155, 'Australia/New Zealand 2019-1', 5000, 3, 25),
(156, 'China (Hongkong Macao) 2019-1', 5000, 4, 25),
(157, 'Europe 2019-2', 5000, 5, 25),
(158, 'India 2019-1', 5000, 6, 25),
(159, 'Israel 2019-1', 5000, 7, 25),
(160, 'Japan 2019-1', 5000, 8, 25),
(161, 'Korea 2019-1', 5000, 9, 25),
(162, 'Middle East 2019-1', 5000, 10, 25),
(163, 'Northern Africa 2018-2', 5000, 11, 25),
(164, 'South America 2019-1', 5000, 12, 25),
(165, 'Southeast Asia 2018-2', 5000, 13, 25),
(166, 'Southern Africa 2019-1', 5000, 14, 25),
(167, 'Taiwan 2019-2', 5000, 15, 25),
(168, 'Turkey 2019-1', 5000, 16, 25),
(169, 'North America 2019-2', NULL, 1, 26),
(170, 'Argentina 2019-1', 5000, 2, 26),
(171, 'Australia/New Zealand 2019-1', 5000, 3, 26),
(172, 'China (Hongkong Macao) 2019-1', 5000, 4, 26),
(173, 'Europe 2019-2', 5000, 5, 26),
(174, 'India 2019-1', 5000, 6, 26),
(175, 'Israel 2019-1', 5000, 7, 26),
(176, 'Middle East 2019-1', 5000, 8, 26),
(177, 'Northern Africa 2019-1', 5000, 9, 26),
(178, 'South America 2019-1', 5000, 10, 26),
(179, 'South East Asia 2019-1', 5000, 11, 26),
(180, 'Southern Africa 2019-1', 5000, 12, 26),
(181, 'Taiwan 2019-1', 5000, 13, 26),
(182, 'Turkey 2019-1', 5000, 14, 26),
(183, 'Rear PDC only', NULL, 1, 27),
(184, 'Front PDC only', 13100, 2, 27),
(185, 'Front and Rear PDC', 53000, 3, 27),
(186, 'Rear PDC only', NULL, 1, 28),
(187, 'Front PDC only', 4000, 2, 28),
(188, 'Rear and Front PDC', 50000, 3, 28),
(191, 'New', NULL, 1, 30),
(192, 'Refurbished', -34900, 2, 30),
(193, 'New', NULL, 1, 31),
(194, 'Refurbished', -10000, 2, 31),
(195, 'Carbon Trim', 93100, 2, 32),
(196, 'Ruthenium Trim', 13100, 3, 32),
(197, 'Fine Wood Madeira Trim', 25100, 4, 32),
(198, 'Fine Wood Trim', 15800, 5, 32),
(199, 'Piano Black Trim', 25100, 6, 32),
(200, 'Aluminum Trim', 15800, 7, 32),
(201, 'M3 (Black Leather) Trim', 29100, 2, 33),
(202, 'Fine Wood Trim', 44500, 3, 33),
(203, 'Aluminum Trim', 25100, 4, 33),
(204, 'Fine Wood Poplar Trim', 44500, 5, 33),
(205, 'Black High Gloss Trim', 15800, 6, 33),
(206, 'Real Bamboo Wood-Grain Trim', 69800, 2, 34),
(207, 'Fine Wood Trim', 66300, 3, 34),
(208, 'High-Gloss Grey Trim', 9100, 4, 34),
(209, 'Brushed Aluminum Trim', 13100, 5, 34),
(210, 'High-Gloss Black Trim', 10500, 6, 34),
(211, 'Fine Wood Trim', 69800, 7, 34),
(212, 'Long Wiring Set', 33000, 3, 35),
(213, 'Short Wiring Set', 19900, 2, 35),
(214, 'Select your option', NULL, 1, 35),
(215, 'Select your option', NULL, 1, 33),
(216, 'Select your option', NULL, 1, 34),
(217, 'Select your option', NULL, 1, 32),
(218, 'New', NULL, 1, 36),
(219, 'Refurbished', -10000, 2, 36),
(220, 'North America 2019-2', NULL, 1, 37),
(221, 'Argentina 2019', 5000, 2, 37),
(222, 'Australia/New Zealand 2019', 5000, 3, 37),
(223, 'China (Hongkong Macao) 2018-3', 5000, 4, 37),
(224, 'Europe 2019-1', 5000, 5, 37),
(225, 'India 2019-2', 5000, 6, 37),
(226, 'Israel 2019', 5000, 7, 37),
(227, 'Japan 2019', 5000, 8, 37),
(228, 'Korea 2018-1', 5000, 9, 37),
(229, 'Middle East 2019', 5000, 10, 37),
(230, 'Northern Africa 2019', 5000, 11, 37),
(231, 'South America 2019', 5000, 12, 37),
(232, 'Southeast Asia 2018-2', 5000, 13, 37),
(233, 'Southern Africa 2019', 5000, 14, 37),
(234, 'Taiwan 2019-1', 5000, 15, 37),
(235, 'Turkey 2019-2', 5000, 16, 37),
(236, 'New', NULL, 1, 38),
(237, 'Refurbished', -70000, 2, 38),
(238, 'New', NULL, 1, 39),
(239, 'Refurbished', -80000, 2, 39);

-- --------------------------------------------------------

--
-- Table structure for table `app_general_option`
--

CREATE TABLE `app_general_option` (
  `id` int(11) NOT NULL,
  `key_code` varchar(255) COLLATE utf8_unicode_ci NOT NULL,
  `name` varchar(255) COLLATE utf8_unicode_ci NOT NULL,
  `value` longtext COLLATE utf8_unicode_ci NOT NULL,
  `enable` tinyint(1) NOT NULL
) ENGINE=InnoDB DEFAULT CHARSET=utf8 COLLATE=utf8_unicode_ci;

--
-- Dumping data for table `app_general_option`
--

INSERT INTO `app_general_option` (`id`, `key_code`, `name`, `value`, `enable`) VALUES
(1, 'sales_email', 'Sales', 'julia.koval@bimmer-tech.net', 1),
(2, 'support_email', 'Support', 'julia.koval@bimmer-tech.net', 1);

-- --------------------------------------------------------

--
-- Table structure for table `app_help_page`
--

CREATE TABLE `app_help_page` (
  `id` int(11) NOT NULL,
  `title` varchar(255) COLLATE utf8_unicode_ci NOT NULL,
  `metaTitle` varchar(255) COLLATE utf8_unicode_ci NOT NULL,
  `metaDescription` varchar(255) COLLATE utf8_unicode_ci NOT NULL,
  `metaKeywords` longtext COLLATE utf8_unicode_ci NOT NULL
) ENGINE=InnoDB DEFAULT CHARSET=utf8 COLLATE=utf8_unicode_ci;

-- --------------------------------------------------------

--
-- Table structure for table `app_history`
--

CREATE TABLE `app_history` (
  `id` int(11) NOT NULL,
  `user_id` int(11) DEFAULT NULL,
  `order_id` int(11) DEFAULT NULL,
  `message` varchar(255) COLLATE utf8_unicode_ci DEFAULT NULL,
  `createdAt` datetime DEFAULT NULL
) ENGINE=InnoDB DEFAULT CHARSET=utf8 COLLATE=utf8_unicode_ci;

--
-- Dumping data for table `app_history`
--

INSERT INTO `app_history` (`id`, `user_id`, `order_id`, `message`, `createdAt`) VALUES
(1, 114, 680, 'Edited Refund/Refunded. Reason: lksdjfhalsj', '2019-04-24 14:45:16'),
(2, 114, 680, 'Edited Refund/Refunded. Reason: the test reason tessajafjaijfsifj', '2019-04-24 15:26:15'),
(3, 114, 680, 'Edited Refund/Refunded. Reason: the test reason tessajafjaijfsifj', '2019-04-24 15:26:31'),
(4, 114, 684, 'Refunded/Refunded amount 50$ for products: SmartView HD Flex. Added the reason: lksdjfhalsjfbalj.', '2019-04-24 15:53:32'),
(5, 114, 684, 'Refunded/Refunded amount 60$ for products: SmartView HD Flex. Added the reason: test.', '2019-04-24 15:54:32'),
(6, 114, 680, 'Refunded/Refunded amount $ for products: . Added the reason: xsxwede.', '2019-04-24 16:03:22'),
(7, 114, 680, 'Edited Refund/Refunded. Reason: krysiabum', '2019-04-24 16:03:48'),
(8, 114, 680, 'Edited Refund/Refunded. Reason: teresx', '2019-04-24 16:04:25'),
(9, 114, 686, 'Refunded/Refunded amount 549$ for products: Front View Camera Retrofit. Added the reason: Test Reason1.', '2019-04-24 20:21:19'),
(10, 114, 686, 'Edited Refund/Refunded. Reason: Test Reason1', '2019-04-24 20:22:02'),
(11, 114, 686, 'Edited Refund/Refunded. Reason: Test Reason1', '2019-04-24 20:24:43'),
(12, 114, 686, 'Refunded/Refunded amount 274.5$ for products: Front View Camera Retrofit. Added the reason: Another reason.', '2019-04-24 20:30:11'),
(13, 114, 686, 'Refunded/Refunded amount 274.5$ for products: Front View Camera Retrofit. Added the reason: number 3.', '2019-04-24 20:32:00'),
(14, 114, 689, 'Refunded/Refunded amount 899$ for products: Grill-Friendly Front View Camera for F30, SmartView HD ATV4. Added the reason: test.', '2019-04-26 16:18:53'),
(15, 114, 689, 'Edited Refund/Refunded. Reason: test', '2019-04-26 16:19:05'),
(16, 114, 689, 'Changed the VIN number from KT33030 to pv892426', '2019-04-26 16:32:51'),
(17, 114, 691, 'Refunded/Refunded amount 126$ for products: TESTPRODUCT2, SiriusXM Satellite Radio Cable Activation. Added the reason: the reason.', '2019-05-02 10:12:29'),
(18, 114, 692, 'Changed the VIN number from E892426 to kt33030', '2019-05-02 13:34:11'),
(19, 114, 690, 'Refunded/Refunded amount 100$ for products: SiriusXM Satellite Radio Cable Activation, TESTPRODUCT2, TESTPRODUCT2. Added the reason: fvsdbbsbsfbfadfb.', '2019-05-02 13:40:58'),
(20, 114, 694, 'Added Note: hey there', '2019-05-07 07:13:56'),
(21, 114, 694, 'Created dhl shipping label 6848836831 for products: Grill-Friendly Front View Camera for F30, SmartView HD ATV4, SmartView HD ATV4.', '2019-05-07 07:14:25'),
(22, 114, 694, 'Sent instruction for products: SmartView HD Apple TV3, SmartView HD ATV3; the link for instruction: Sent via email.', '2019-05-07 07:14:37'),
(23, 114, 694, 'Returned/Refunded amount 100$ for products: Grill-Friendly Front View Camera for F30, SmartView HD ATV4.  Added the reason: my reason is very very very very very very very very very great', '2019-05-07 07:15:44'),
(24, 114, 694, 'Changed the warehouse from Dubai to Warsaw for products: SmartView HD Apple TV3, SmartView HD ATV3.', '2019-05-07 07:20:19'),
(25, 114, 694, '\'Coded\' status for products: SmartView HD Apple TV3', '2019-05-07 07:20:27'),
(26, 114, 694, 'Deleted dhl shipping label 6848836831 for products: Grill-Friendly Front View Camera for F30, SmartView HD ATV4, SmartView HD ATV4.', '2019-05-07 07:20:54'),
(27, 114, 694, 'Sent instruction for products: Grill-Friendly Front View Camera for F30; the link for instruction: https://www.bimmer-tech.net/DealershipProgram/DealershipProgram.pdf.', '2019-05-07 07:23:59'),
(28, 114, 694, 'Created dhl shipping label 4217063933 for products: SmartView HD Apple TV3, SmartView HD ATV3.', '2019-05-07 07:25:13'),
(29, 114, 696, 'Added Note: Test note!', '2019-05-07 07:27:12'),
(30, 114, 696, 'Added Note: New test note!', '2019-05-07 07:27:25'),
(31, 114, 696, 'Changed the warehouse from Dubai to Warsaw for products: VividScreen.', '2019-05-07 07:27:37'),
(32, 114, 696, 'Changed the warehouse from Dubai to Orlando for products: Rear View Camera.', '2019-05-07 07:27:44'),
(33, 114, 696, 'Created DHL AE shipping label 0012284016 for products: SmartView HD Apple TV3.', '2019-05-07 07:28:18'),
(34, 114, 696, 'Created usps shipping label 1234567 for products: VividScreen.', '2019-05-07 07:28:50'),
(35, 114, 694, '', '2019-05-07 07:29:11'),
(36, 114, 696, 'Created DHL AE shipping label 0012284101 for products: Rear View Camera.', '2019-05-07 07:29:21'),
(37, 114, 696, 'Edited DHL AE shipping label 0012284101 for products: Rear View Camera.', '2019-05-07 07:29:40'),
(38, 114, 696, 'Deleted DHL AE shipping label 0012284101 for products: Rear View Camera.', '2019-05-07 07:30:17'),
(39, 114, 696, 'Created DHL AE shipping label 0012284171 for products: Rear View Camera.', '2019-05-07 07:30:39'),
(40, 114, 696, '\'Coded\' status for products: SmartView HD Apple TV3', '2019-05-07 07:31:12'),
(41, 114, 696, 'Sent instruction for products: Rear View Camera; the link for instruction: Sent via email.', '2019-05-07 07:31:41'),
(42, 114, 696, 'Sent instruction for products: VividScreen; the link for instruction: test.pdf.', '2019-05-07 07:32:07'),
(43, 114, 696, 'Sent instruction for products: SmartView HD Apple TV3; the link for instruction: Sent via email.', '2019-05-07 07:32:17'),
(44, 114, 694, 'Changed status from partially returned to fulfilled', '2019-05-07 07:37:50'),
(45, 114, 697, 'Returned/Refunded amount 200$ for products: Front View Camera.  Added the reason: Not interested!', '2019-05-07 07:40:41'),
(46, 114, 697, '\'Coded\' status for products: SmartView HD Apple TV4', '2019-05-07 07:41:49'),
(47, 114, 697, 'Returned/Refunded amount 699$ for products: SmartView HD Apple TV4.  Added the reason: test', '2019-05-07 07:42:50'),
(48, 114, 698, '', '2019-05-07 08:09:48'),
(49, 114, 698, 'Changed status from placed to fulfilled', '2019-05-07 08:10:01'),
(50, 114, 699, 'Created DHL AE shipping label 0012284834 for products: SmartView HD Flex, VividScreen, Rear View Camera.', '2019-05-07 08:22:18'),
(51, 114, 699, 'Created usps shipping label 1234567800 for products: SmartView HD Flex, VividScreen, Rear View Camera.', '2019-05-07 08:23:43'),
(52, 114, 699, '\'Coded\' status for products: SmartView HD Flex', '2019-05-07 08:26:24'),
(53, 114, 699, 'Sent instruction for products: SmartView HD Flex, VividScreen, Rear View Camera; the link for instruction: Sent via email.', '2019-05-07 08:33:47'),
(54, 114, 700, 'Sent instruction for products: SmartView HD Apple TV3; the link for instruction: Sent via email.', '2019-05-07 09:17:50'),
(55, 114, 700, '\'Coded\' status for products: SmartView HD Apple TV3', '2019-05-07 09:17:52'),
(56, 114, 700, 'Created DHL AE shipping label 0012286466 for products: SmartView HD Apple TV3.', '2019-05-07 09:18:11'),
(57, 114, 700, 'Changed the VIN number from 0T68782 to KT33030', '2019-05-07 09:26:59'),
(58, 114, 704, 'Added Note: testing the history', '2019-05-09 07:26:10'),
(59, 114, 704, 'Changed the VIN number from KT33030 to e892426', '2019-05-09 07:27:06'),
(60, 114, 704, 'Returned/Refunded amount 50$ for products: NBT/NBT Evo Remote Software Activation.  Added the reason: lksdjfhalsjfbaljsbfajklsnvjlahsljhfblas', '2019-05-09 07:27:33'),
(61, 114, 704, 'Edited Returned/Refunded  reason: lksdjfh alsj fbalj sbfajklsn vjlahsljhfblas', '2019-05-09 07:27:46'),
(62, 114, 704, 'Returned/Refunded for products: Coding Cable. Added the reason: dsdasasfaff', '2019-05-09 07:27:58'),
(63, 114, 704, '\'Coded\' status for products: NBT/NBT Evo Remote Software Activation', '2019-05-09 07:28:09'),
(64, 114, 704, 'Changed shipment status from not shipped to backorder.', '2019-05-09 07:28:34'),
(65, 114, 704, 'Sent instruction for products: Coding Cable; the link for instruction: Sent via email.', '2019-05-09 07:29:23'),
(66, 114, 704, 'Edited instruction for products: Coding Cable; the link was changed to: testetest.', '2019-05-09 09:16:34'),
(67, 114, 704, 'Edited instruction for products: Coding Cable; the link was changed to: testtest.', '2019-05-09 09:17:01'),
(68, 114, 704, 'Edited instruction for products: Coding Cable; the link was changed to: Sent via email.', '2019-05-09 09:18:09'),
(69, 114, 704, 'Edited Returned/Refunded products: Coding Cable. reason: lksdjfh alsj fbalj sbfajklsn vjlahsljhfblas', '2019-05-09 09:18:57'),
(70, 114, 704, 'Created DHL AE shipping label 0012308295 for products: Coding Cable.', '2019-05-09 09:19:47'),
(71, 114, 704, 'Edited status to \'Not coded\' for coding products: NBT/NBT Evo Remote Software Activation', '2019-05-09 09:20:05'),
(72, 114, 704, '\'Coded\' status for products: NBT/NBT Evo Remote Software Activation', '2019-05-09 09:20:07'),
(73, 114, 704, 'Edited status to \'Not coded\' for coding products: NBT/NBT Evo Remote Software Activation', '2019-05-09 09:20:09'),
(74, 114, 704, '\'Coded\' status for products: NBT/NBT Evo Remote Software Activation', '2019-05-09 09:20:11'),
(75, 114, 704, 'Edited status to \'Not coded\' for coding products: NBT/NBT Evo Remote Software Activation', '2019-05-09 09:20:27'),
(76, 114, 704, '\'Coded\' status for products: NBT/NBT Evo Remote Software Activation', '2019-05-09 09:20:30'),
(77, 114, 704, 'Added Note: testetest teset', '2019-05-09 09:20:49'),
(78, 114, 704, 'Added Note: bumbumbum', '2019-05-09 09:21:03'),
(79, 114, 704, 'Returned/Refunded amount 200$ for products: NBT/NBT Evo Remote Software Activation. Returned products: NBT/NBT Evo Remote Software Activation. Added the reason: hgjgkghg', '2019-05-09 09:21:31'),
(80, 114, 711, 'Created DHL shipping label kjdnwkjfnkjerfnkjrefn for products: SmartView HD Apple TV3.', '2019-05-10 11:29:11'),
(81, 114, 711, 'Sent instruction for products: SmartView HD Apple TV3; the link for instruction: https://docs.google.com/spreadsheets/d/1nCJxk3N4a0p7LH6tZdRWBVcDMed979k5I6O5Te65bX4/edit#gid=0.', '2019-05-10 11:30:08'),
(82, 114, 711, 'Changed order status from placed to cancelled.', '2019-05-10 11:31:52'),
(83, 114, 717, 'Changed shipment status from not shipped to backorder.', '2019-05-14 12:40:49'),
(84, 114, 717, 'Created dhl shipping label 6848836831 for products: BMW Comfort Access Kit, Remote Control Display Key Fob.', '2019-05-14 12:41:41'),
(85, 114, 717, 'Sent instruction for products: BMW Comfort Access Kit; the link for instruction: https://www.bimmer-tech.net/DealershipProgram/DealershipProgram.pdf.', '2019-05-14 12:42:06'),
(86, 114, 717, 'Sent instruction for products: Remote Control Display Key Fob; the link for instruction: Sent via email.', '2019-05-14 12:42:16'),
(87, 114, 717, 'Returned/Refunded amount 500$ for products: BMW Comfort Access Kit.  Added the reason: just needed to make a little discount', '2019-05-14 12:43:13'),
(88, 114, 722, '\'Coded\' status for products: NBT/NBT Evo Remote Software Activation', '2019-05-16 08:16:52'),
(89, 114, 722, 'Returned/Refunded amount 100$ for products: NBT/NBT Evo Remote Software Activation.  Added the reason: My reason to test the emails', '2019-05-16 08:17:17'),
(90, 114, 723, 'Created dhl shipping label 1751462414 for products: SmartView HD Apple TV3, VividScreen.', '2019-05-16 08:24:07'),
(91, 114, 723, 'Changed shipment status from partially shipped to backorder.', '2019-05-16 08:24:19'),
(92, 114, 723, 'Sent instruction for products: SmartView HD Apple TV3; the link for instruction: Sent via email.', '2019-05-16 08:25:22'),
(93, 114, 723, 'Sent instruction for products: VividScreen; the link for instruction: https://www.bimmer-tech.net/DealershipProgram/DealershipProgram.pdf.', '2019-05-16 08:25:54'),
(94, 114, 723, 'Added Note: this is to test the emails', '2019-05-16 08:27:59'),
(95, 119, 724, 'Added Note: this is to test email', '2019-05-16 08:40:24'),
(96, 114, 725, 'Created dhl shipping label 7972743494 for products: SmartView HD Flex, VividScreen.', '2019-05-16 09:18:43'),
(97, 114, 725, 'Created usps shipping label 9400110200881033654919 for products: Rear View Camera, SmartView HD Apple TV3.', '2019-05-16 09:20:49'),
(98, 129, 727, 'Created DHL AE shipping label 7579795510 for products: Front View Camera Retrofit.', '2019-05-16 09:55:31'),
(99, 129, 727, 'Edited DHL AE shipping label 7579795510 for products: Front View Camera Retrofit.', '2019-05-16 10:04:57'),
(100, 129, 727, 'Added Note: test test test\n', '2019-05-16 10:05:23'),
(101, 129, 727, 'Changed the VIN number from KT33030 to KT33031', '2019-05-16 10:05:32'),
(102, 129, 727, 'Changed the VIN number from KT33031 to KT33030', '2019-05-16 10:05:46'),
(103, 129, 727, 'Changed shipment status from partially shipped to backorder.', '2019-05-16 10:06:03'),
(104, 129, 727, 'Changed order status from placed to fulfilled.', '2019-05-16 10:06:08'),
(105, 129, 729, 'Created DHL AE shipping label 7579795661 for products: Trim Tool Kit.', '2019-05-16 10:07:25'),
(106, 114, 728, 'Created usps shipping label LJ558105238US for products: iDrive Touch Controller Retrofit, Ceramic Version, Front View Camera Retrofit.', '2019-05-16 10:20:42'),
(107, 114, 739, 'Created dhl shipping label 2047942890 for products: Grill-Friendly Front View Camera for F30.', '2019-05-16 10:35:45'),
(108, 114, 734, 'Created dhl shipping label 7972743494 for products: Remote Control Parking System, BDC Module.', '2019-05-16 10:46:37'),
(109, 114, 743, 'Added Note: dadwdw', '2019-05-16 12:00:29'),
(110, 114, 743, 'Created DHL AE shipping label 7579796442 for products: BMW CIC Remote Software Activation.', '2019-05-16 12:01:24'),
(111, 114, 743, 'Sent instruction for products: BMW CIC Remote Software Activation; the link for instruction: Wysyłam instrukcje.', '2019-05-16 12:01:51'),
(112, 114, 743, '\'Coded\' status for products: BMW CIC Remote Software Activation', '2019-05-16 12:01:55'),
(113, 114, 741, 'Returned/Refunded amount 713.99$ for products: SmartView HD Flex, Trim Tool Kit. Returned products: SmartView HD Flex, Trim Tool Kit. Added the reason: testetest', '2019-05-16 12:54:54'),
(114, 114, 741, 'Changed order status from cancelled to fulfilled.', '2019-05-16 12:55:11'),
(115, 114, 743, 'Returned/Refunded amount 250$ for products: BMW CIC Remote Software Activation. Returned products: BMW CIC Remote Software Activation. Added the reason: nie działa', '2019-05-16 12:55:58'),
(116, 131, 746, 'Changed shipment status from not shipped to backorder.', '2019-05-16 12:59:32'),
(117, 131, 746, 'Added Note: A może Piotrek Fursa własnie to sprawdza ;-)', '2019-05-16 13:00:20'),
(118, 114, 746, 'Sent instruction for products: SmartView HD Apple TV3; the link for instruction: https://www.bvzine.com/.', '2019-05-16 13:05:14'),
(119, 114, 746, 'Edited instruction for products: SmartView HD Apple TV3; the link was changed to: Sent via email.', '2019-05-16 13:07:57'),
(120, 114, 746, 'Created dhl shipping label 1751462414 for products: SmartView HD Apple TV3, Trim Tool Kit.', '2019-05-16 15:04:43'),
(121, 114, 749, 'Created dhl shipping label 7972743494 for products: SmartView HD Apple TV4.', '2019-05-17 07:33:51'),
(122, 114, 747, 'Created dhl shipping label 7972743494 for products: BMW CIC Remote Software Activation.', '2019-05-17 07:35:18'),
(123, 114, 747, 'Added Note: just want to etst it', '2019-05-17 07:42:58'),
(124, 114, 751, 'Added Note: to test notes', '2019-05-17 07:45:42'),
(125, 114, 750, 'Created dhl shipping label 88888888 for products: Rear View Camera.', '2019-05-17 12:01:49'),
(126, 129, 726, 'Created DHL AE shipping label 8615740453 for products: BMW Parking Assistant Retrofit, Trim Tool Kit, BDC Module.', '2019-05-18 11:18:26');

-- --------------------------------------------------------

--
-- Table structure for table `app_home`
--

CREATE TABLE `app_home` (
  `id` int(11) NOT NULL,
  `title` varchar(500) COLLATE utf8_unicode_ci DEFAULT NULL,
  `slug` varchar(500) COLLATE utf8_unicode_ci DEFAULT NULL,
  `description` longtext COLLATE utf8_unicode_ci DEFAULT NULL,
  `meta_title` varchar(255) COLLATE utf8_unicode_ci DEFAULT NULL,
  `meta_description` longtext COLLATE utf8_unicode_ci DEFAULT NULL,
  `meta_keywords` longtext COLLATE utf8_unicode_ci DEFAULT NULL,
  `sub_title` varchar(500) COLLATE utf8_unicode_ci DEFAULT NULL
) ENGINE=InnoDB DEFAULT CHARSET=utf8 COLLATE=utf8_unicode_ci;

--
-- Dumping data for table `app_home`
--

INSERT INTO `app_home` (`id`, `title`, `slug`, `description`, `meta_title`, `meta_description`, `meta_keywords`, `sub_title`) VALUES
(4, 'Home', NULL, '<p>Due to the OEM origin, the kit perfectly integrates into the bodywork of your car as well as your iDrive system. What&rsquo;s more, this BMW backup camera produces the highest picture quality on the market. But these are not the only features that make it stand out.</p>\r\n\r\n<p>Our Rear View Camera (OEM) is the only park assist retrofit compatible with Surround View, that provides 360 degree visibility, and Trailer Hitch mode. The latter makes it possible to change the angle of the camera and see the trailer hitch while backing up.</p>\r\n\r\n<p>In addition, the wide-angle lens shows you a detailed, full-color and perspective-corrected view of every obstacle behind your car, making parking safe and easy.&nbsp;</p>', 'Bimmer-tech Web Shop', 'bmw', 'bmw', 'subheader');

-- --------------------------------------------------------

--
-- Table structure for table `app_installer`
--

CREATE TABLE `app_installer` (
  `id` int(11) NOT NULL,
  `name` varchar(255) COLLATE utf8_unicode_ci DEFAULT NULL,
  `address` longtext COLLATE utf8_unicode_ci DEFAULT NULL,
  `link` varchar(255) COLLATE utf8_unicode_ci DEFAULT NULL,
  `type` varchar(255) COLLATE utf8_unicode_ci DEFAULT NULL,
  `latitude` varchar(255) COLLATE utf8_unicode_ci DEFAULT NULL,
  `longitude` varchar(255) COLLATE utf8_unicode_ci DEFAULT NULL
) ENGINE=InnoDB DEFAULT CHARSET=utf8 COLLATE=utf8_unicode_ci;

--
-- Dumping data for table `app_installer`
--

INSERT INTO `app_installer` (`id`, `name`, `address`, `link`, `type`, `latitude`, `longitude`) VALUES
(3, 'TeamNarex', 'Äussere Luzernstrasse 10 \r\n4665 Oftringen\r\n+41 79 212 11 20 \r\n+41 76 415 07 04', 'http://team-narex.ch/', 'bronze', '47.20551564197305', '7.551728646751485'),
(4, 'Mobilteknik A/S', 'Brombærvænget 1\r\n2650 Hvidovre', 'www.mobilteknik.dk', 'bronze', '55.62216706471726', '12.463138997554779'),
(5, 'Oded Paleshnitzki', 'Moshe Dayan 14\r\nPetah Tikva, 49518\r\n972-542204400', NULL, 'bronze', '32.095070725250395', '34.860060204455976'),
(6, 'Munich Motor Works', '17th Street, Al Quoz\r\nDubai, U.A.E.', 'www.munichmotorworks.ae', 'bronze', '25.128687657456744', '55.213640574412125'),
(7, 'The Car Audio Shop', '8821 North Lamar Blvd\r\nAustin, TX 78753\r\n512-284-8199', NULL, 'bronze', '30.357160314874086', '-97.69989142520114'),
(8, 'Performance Services', '2311 Center Hill Dr\r\nOpelika, AL 36801', 'www.performance-services.net', 'bronze', '32.62360366077395', '-85.41021198034286'),
(9, 'Auto Envy', '936 Professional Pl. \r\nChesapeake, VA 23320\r\n757-842-4517', 'www.autoenvycustommods.com', 'bronze', '36.764891998116106', '-76.22760650215685'),
(10, 'MOTIV Motorsport', '3309 Kitty Hawk Road\r\nWilmington NC 28405\r\n(910) 899-2506', 'http://www.motivmotorsport.com/', 'platinum', '34.294212737014306', '-77.89877951145172');

-- --------------------------------------------------------

--
-- Table structure for table `app_interesting_products`
--

CREATE TABLE `app_interesting_products` (
  `parent_id` int(11) NOT NULL,
  `interested_id` int(11) NOT NULL
) ENGINE=InnoDB DEFAULT CHARSET=utf8 COLLATE=utf8_unicode_ci;

-- --------------------------------------------------------

--
-- Table structure for table `app_media_folder`
--

CREATE TABLE `app_media_folder` (
  `id` int(11) NOT NULL,
  `parent_id` int(11) DEFAULT NULL,
  `name` varchar(255) COLLATE utf8_unicode_ci NOT NULL,
  `foldersCount` int(11) NOT NULL,
  `imagesCount` int(11) NOT NULL,
  `createdAt` datetime NOT NULL
) ENGINE=InnoDB DEFAULT CHARSET=utf8 COLLATE=utf8_unicode_ci;

-- --------------------------------------------------------

--
-- Table structure for table `app_media_image`
--

CREATE TABLE `app_media_image` (
  `id` int(11) NOT NULL,
  `type` varchar(255) COLLATE utf8_unicode_ci DEFAULT NULL,
  `path` varchar(255) COLLATE utf8_unicode_ci NOT NULL,
  `name` varchar(255) COLLATE utf8_unicode_ci DEFAULT NULL,
  `createdAt` datetime DEFAULT NULL,
  `alt` varchar(255) COLLATE utf8_unicode_ci DEFAULT NULL,
  `owner_id` int(11) DEFAULT NULL
) ENGINE=InnoDB DEFAULT CHARSET=utf8 COLLATE=utf8_unicode_ci;

--
-- Dumping data for table `app_media_image`
--

INSERT INTO `app_media_image` (`id`, `type`, `path`, `name`, `createdAt`, `alt`, `owner_id`) VALUES
(34, 'png', 'c6/35/7abf7c76772f858adf5bdca87d2d.png', 'no_name', '2019-04-17 08:36:48', NULL, NULL),
(35, 'png', '28/d1/e91a366c37c6da68cf2d1be23b6d.png', 'no_name', '2019-04-17 08:52:02', NULL, NULL),
(36, 'png', 'd7/19/6ac161c79303208887d779768c8c.png', 'no_name', '2019-04-22 15:13:16', NULL, NULL),
(37, 'png', '3e/d7/e137f4bbdb888e3bd33fefc5f32a.png', 'no_name', '2019-04-24 11:59:50', NULL, NULL),
(38, 'png', '84/54/ff22eae30e1ceed086f1a013f41d.png', 'no_name', '2019-04-24 12:00:03', NULL, NULL),
(39, 'png', 'ee/71/d00cc0e4dc0a0858b3fc584ca88c.png', 'no_name', '2019-05-10 15:01:14', NULL, NULL),
(40, 'png', '99/8b/8813149a5e768c9a663011d83311.png', 'no_name', '2019-05-10 15:01:20', NULL, NULL),
(41, 'png', 'e3/a3/d4d76e4037444c51a40531a21bd7.png', 'no_name', '2019-05-16 08:46:54', NULL, NULL),
(42, 'png', '20/1c/092da551be096cd96fe641e66bf6.png', 'no_name', '2019-05-16 08:47:20', NULL, NULL);

-- --------------------------------------------------------

--
-- Table structure for table `app_media_image_used`
--

CREATE TABLE `app_media_image_used` (
  `id` int(11) NOT NULL,
  `media_image_id` int(11) DEFAULT NULL,
  `name` varchar(255) COLLATE utf8_unicode_ci DEFAULT NULL,
  `used_id` int(11) DEFAULT NULL
) ENGINE=InnoDB DEFAULT CHARSET=utf8 COLLATE=utf8_unicode_ci;

-- --------------------------------------------------------

--
-- Table structure for table `app_order_item_drop_down_option`
--

CREATE TABLE `app_order_item_drop_down_option` (
  `id` int(11) NOT NULL,
  `order_item_id` int(11) DEFAULT NULL,
  `drop_down_option_id` int(11) DEFAULT NULL,
  `state` varchar(255) COLLATE utf8_unicode_ci DEFAULT NULL,
  `type` varchar(255) COLLATE utf8_unicode_ci DEFAULT NULL
) ENGINE=InnoDB DEFAULT CHARSET=utf8 COLLATE=utf8_unicode_ci;

--
-- Dumping data for table `app_order_item_drop_down_option`
--

INSERT INTO `app_order_item_drop_down_option` (`id`, `order_item_id`, `drop_down_option_id`, `state`, `type`) VALUES
(6, 1832, 37, 'not coded', NULL),
(7, 1832, 42, 'not coded', NULL),
(8, 1833, 38, 'not coded', NULL),
(9, 1833, 59, 'not coded', NULL),
(10, 1834, 37, 'not coded', NULL),
(11, 1834, 59, 'not coded', NULL),
(12, 1836, 37, 'not coded', NULL),
(13, 1836, 59, 'not coded', NULL),
(16, 1846, 39, 'not coded', NULL),
(17, 1846, 60, 'not coded', NULL),
(18, 1847, 37, 'not coded', NULL),
(19, 1847, 59, 'not coded', NULL),
(20, 1848, 38, 'not coded', NULL),
(21, 1848, 59, 'not coded', NULL),
(22, 1849, 37, 'not coded', NULL),
(23, 1849, 59, 'not coded', NULL),
(24, 1850, 37, 'not coded', NULL),
(25, 1850, 59, 'not coded', NULL),
(26, 1853, 38, 'not coded', NULL),
(27, 1853, 59, 'not coded', NULL),
(28, 1862, 37, 'not coded', NULL),
(29, 1862, 59, 'not coded', NULL),
(30, 1867, 37, 'not coded', NULL),
(31, 1867, 59, 'not coded', NULL),
(32, 1872, 37, 'not coded', NULL),
(33, 1872, 59, 'not coded', NULL),
(34, 1879, 37, 'not coded', NULL),
(35, 1879, 59, 'not coded', NULL),
(36, 1880, 37, 'not coded', NULL),
(37, 1880, 59, 'not coded', NULL),
(38, 1881, 37, 'not coded', NULL),
(39, 1881, 59, 'not coded', NULL),
(40, 1881, 64, 'not coded', NULL),
(41, 1958, 191, 'not coded', NULL),
(42, 1984, 184, 'not coded', 'physical'),
(43, 2041, 191, 'not coded', NULL),
(44, 2047, 191, 'not coded', NULL);

-- --------------------------------------------------------

--
-- Table structure for table `app_order_item_image`
--

CREATE TABLE `app_order_item_image` (
  `id` int(11) NOT NULL,
  `owner_id` int(11) NOT NULL,
  `type` varchar(255) COLLATE utf8_unicode_ci DEFAULT NULL,
  `path` varchar(255) COLLATE utf8_unicode_ci NOT NULL
) ENGINE=InnoDB DEFAULT CHARSET=utf8 COLLATE=utf8_unicode_ci;

-- --------------------------------------------------------

--
-- Table structure for table `app_order_item_unit_refund`
--

CREATE TABLE `app_order_item_unit_refund` (
  `id` int(11) NOT NULL,
  `order_refund_id` int(11) DEFAULT NULL,
  `order_item_unit_id` int(11) DEFAULT NULL,
  `totalReturnedMoney` int(11) DEFAULT NULL,
  `percentOfRefund` decimal(10,2) DEFAULT NULL,
  `created_at` datetime DEFAULT NULL
) ENGINE=InnoDB DEFAULT CHARSET=utf8 COLLATE=utf8_unicode_ci;

--
-- Dumping data for table `app_order_item_unit_refund`
--

INSERT INTO `app_order_item_unit_refund` (`id`, `order_refund_id`, `order_item_unit_id`, `totalReturnedMoney`, `percentOfRefund`, `created_at`) VALUES
(1, 1, 43477, 20000, '100.00', NULL),
(2, 2, 43499, 16500, '100.00', NULL),
(3, 3, 43507, 4000, '20.00', NULL),
(4, 3, 43508, 10980, '20.00', NULL),
(5, 4, 43508, 8730, '19.88', NULL),
(6, 4, 43510, 4970, '19.88', NULL),
(7, 5, 43508, 35190, '100.00', NULL),
(8, 5, 43507, 16000, '100.00', NULL),
(9, 6, 43510, 4006, '20.00', NULL),
(10, 6, 43514, 5000, '20.00', NULL),
(11, 7, 43515, 35000, '100.00', NULL),
(12, 8, 43511, 17500, '50.00', NULL),
(13, 9, 43511, 8750, '50.00', NULL),
(14, 10, 43510, 8012, '50.00', NULL),
(15, 11, 43512, 5490, '10.00', NULL),
(16, 12, 43510, 801, '10.00', NULL),
(17, 13, 43510, 1000, '13.87', NULL),
(18, 14, 43520, 1650, '10.00', NULL),
(19, 15, 43521, 10980, '20.00', NULL),
(20, 16, 43521, 4392, '10.00', NULL),
(21, 17, 43521, 3000, '7.59', NULL),
(22, 18, 43528, 5000, '20.00', NULL),
(23, 19, 43528, 6000, '30.00', NULL),
(24, 20, 43511, 8750, '100.00', NULL),
(25, 22, 43540, 54900, '100.00', NULL),
(26, 23, 43544, 27450, '50.00', NULL),
(27, 24, 43544, 27450, '100.00', NULL),
(28, 25, 43558, 54900, '100.00', NULL),
(29, 25, 43555, 35000, '100.00', NULL),
(30, 26, 43501, 16500, '100.00', NULL),
(31, 27, 43565, 100, '50.00', NULL),
(32, 27, 43566, 12500, '50.00', NULL),
(33, 28, 43498, 825, '5.00', NULL),
(34, 29, 43498, 825, '5.00', NULL),
(35, 30, 43498, 825, '5.00', NULL),
(36, 32, 43567, 79, '39.37', NULL),
(37, 32, 43568, 78, '39.37', NULL),
(38, 32, 43563, 9843, '39.37', NULL),
(39, 33, 43597, 6107, '11.12', NULL),
(40, 33, 43592, 3893, '11.12', NULL),
(41, 34, 43615, 20000, '100.00', NULL),
(42, 35, 43613, 69900, '100.00', NULL),
(43, 36, 43647, 5000, '20.00', NULL),
(44, 38, 43647, 20000, '100.00', NULL),
(45, 39, 43706, 50000, '68.97', NULL),
(46, 40, 43718, 10000, '40.00', NULL),
(47, 41, 43788, 69900, '100.00', NULL),
(48, 41, 43790, 1499, '100.00', NULL),
(49, 42, 43794, 25000, '100.00', NULL);

-- --------------------------------------------------------

--
-- Table structure for table `app_order_item_unit_return`
--

CREATE TABLE `app_order_item_unit_return` (
  `id` int(11) NOT NULL,
  `order_item_unit_id` int(11) DEFAULT NULL,
  `order_refund_id` int(11) DEFAULT NULL,
  `created_at` datetime DEFAULT NULL
) ENGINE=InnoDB DEFAULT CHARSET=utf8 COLLATE=utf8_unicode_ci;

--
-- Dumping data for table `app_order_item_unit_return`
--

INSERT INTO `app_order_item_unit_return` (`id`, `order_item_unit_id`, `order_refund_id`, `created_at`) VALUES
(1, 43477, 1, '2019-04-24 10:53:22'),
(7, 43540, 22, '2019-04-24 20:24:42'),
(8, 43544, 23, '2019-04-24 20:30:05'),
(9, 43501, 26, '2019-04-30 09:05:59'),
(10, 43565, 27, '2019-05-02 10:12:23'),
(11, 43566, 27, '2019-05-02 10:12:23'),
(12, 43572, 31, '2019-05-02 13:39:42'),
(13, 43574, 31, '2019-05-02 13:39:42'),
(14, 43567, 32, '2019-05-02 13:40:53'),
(15, 43568, 32, '2019-05-02 13:40:53'),
(16, 43597, 33, '2019-05-07 07:15:38'),
(17, 43592, 33, '2019-05-07 07:15:38'),
(18, 43615, 34, '2019-05-07 07:40:35'),
(19, 43613, 35, '2019-05-07 07:42:40'),
(21, 43647, 38, '2019-05-09 09:21:26'),
(22, 43788, 41, '2019-05-16 12:54:48'),
(23, 43790, 41, '2019-05-16 12:54:48'),
(24, 43794, 42, '2019-05-16 12:55:52');

-- --------------------------------------------------------

--
-- Table structure for table `app_order_item_usb_coding`
--

CREATE TABLE `app_order_item_usb_coding` (
  `id` int(11) NOT NULL,
  `order_item_id` int(11) DEFAULT NULL,
  `enabled` tinyint(1) NOT NULL,
  `created_at` datetime DEFAULT NULL
) ENGINE=InnoDB DEFAULT CHARSET=utf8 COLLATE=utf8_unicode_ci;

--
-- Dumping data for table `app_order_item_usb_coding`
--

INSERT INTO `app_order_item_usb_coding` (`id`, `order_item_id`, `enabled`, `created_at`) VALUES
(2, 1873, 1, '2019-04-24 20:51:51');

-- --------------------------------------------------------

--
-- Table structure for table `app_order_note`
--

CREATE TABLE `app_order_note` (
  `id` int(11) NOT NULL,
  `order_id` int(11) DEFAULT NULL,
  `author` varchar(500) COLLATE utf8_unicode_ci DEFAULT NULL,
  `message` longtext COLLATE utf8_unicode_ci DEFAULT NULL,
  `createdAt` datetime DEFAULT NULL
) ENGINE=InnoDB DEFAULT CHARSET=utf8 COLLATE=utf8_unicode_ci;

--
-- Dumping data for table `app_order_note`
--

INSERT INTO `app_order_note` (`id`, `order_id`, `author`, `message`, `createdAt`) VALUES
(1, 668, 'John Smith', 'Do not call him, bites.', '2019-04-24 10:37:59'),
(2, 680, 'John Smith', 'hey there', '2019-04-24 14:38:23'),
(3, 686, 'John Smith', 'Testing notes', '2019-04-24 20:34:01'),
(4, 694, 'John Smith', 'hey there', '2019-05-07 07:13:55'),
(5, 696, 'John Smith', 'Test note!', '2019-05-07 07:27:12'),
(6, 696, 'John Smith', 'New test note!', '2019-05-07 07:27:25'),
(7, 704, 'John Smith', 'testing the history', '2019-05-09 07:26:09'),
(8, 704, 'John Smith', 'testetest teset', '2019-05-09 09:20:48'),
(9, 704, 'John Smith', 'bumbumbum', '2019-05-09 09:21:02'),
(10, 723, 'John Smith', 'this is to test the emails', '2019-05-16 08:27:58'),
(11, 724, 'Orlando ', 'this is to test email', '2019-05-16 08:40:23'),
(12, 727, 'Test Test', 'test test test\n', '2019-05-16 10:05:22'),
(13, 743, 'John Smith', 'dadwdw', '2019-05-16 12:00:28'),
(14, 746, 'Test Test', 'A może Piotrek Fursa własnie to sprawdza ;-)', '2019-05-16 13:00:19'),
(15, 747, 'John Smith', 'just want to etst it', '2019-05-17 07:42:57'),
(16, 751, 'John Smith', 'to test notes', '2019-05-17 07:45:41');

-- --------------------------------------------------------

--
-- Table structure for table `app_order_refund`
--

CREATE TABLE `app_order_refund` (
  `id` int(11) NOT NULL,
  `order_id` int(11) DEFAULT NULL,
  `totalReturnedMoney` int(11) DEFAULT NULL,
  `percentOfRefund` decimal(10,2) DEFAULT NULL,
  `comment` longtext COLLATE utf8_unicode_ci DEFAULT NULL,
  `created_at` datetime DEFAULT NULL
) ENGINE=InnoDB DEFAULT CHARSET=utf8 COLLATE=utf8_unicode_ci;

--
-- Dumping data for table `app_order_refund`
--

INSERT INTO `app_order_refund` (`id`, `order_id`, `totalReturnedMoney`, `percentOfRefund`, `comment`, `created_at`) VALUES
(1, 668, 20000, '100.00', 'nobody knows', '2019-04-24 10:53:22'),
(2, 675, 16500, '100.00', 'blbla', '2019-04-24 11:15:26'),
(3, 680, 14980, '20.00', 'the test reason tessajafjaijfsifj', '2019-04-24 14:36:33'),
(4, 680, 13700, '19.00', 'test', '2019-04-24 14:38:02'),
(5, 680, 51190, '100.00', 'teresx', '2019-04-24 14:38:52'),
(6, 680, 9006, '20.00', 'lksdjfhalsj', '2019-04-24 14:40:05'),
(7, 680, 35000, '100.00', 'pikupiku', '2019-04-24 15:23:11'),
(8, 680, 17500, '50.00', 'huuuuyyuuyyui', '2019-04-24 15:27:43'),
(9, 680, 8750, '50.00', 'gfttfwftftde', '2019-04-24 15:29:02'),
(10, 680, 8012, '50.00', 'tresrxgf', '2019-04-24 15:29:41'),
(11, 680, 5490, '10.00', 'ahgsfajhs', '2019-04-24 15:30:19'),
(12, 680, 801, '10.00', 'tst', '2019-04-24 15:31:28'),
(13, 680, 1000, '13.00', 'reason', '2019-04-24 15:34:04'),
(14, 683, 1650, '10.00', 'test', '2019-04-24 15:43:15'),
(15, 683, 10980, '20.00', 'test', '2019-04-24 15:45:57'),
(16, 683, 4392, '10.00', 'lksdjfhalsjfbaljsbfajklsnvjlahsljhfblas', '2019-04-24 15:46:31'),
(17, 683, 3000, '7.00', 'lksdjfhalsjf', '2019-04-24 15:47:59'),
(18, 684, 5000, '20.00', 'lksdjfhalsjfbalj', '2019-04-24 15:53:26'),
(19, 684, 6000, '30.00', 'test', '2019-04-24 15:54:27'),
(20, 680, 8750, '100.00', 'krysiabum', '2019-04-24 16:02:53'),
(21, 680, NULL, NULL, 'xsxwede', '2019-04-24 16:03:21'),
(22, 686, 54900, '100.00', 'Test Reason1', '2019-04-24 20:21:12'),
(23, 686, 27450, '50.00', 'Another reason', '2019-04-24 20:30:05'),
(24, 686, 27450, '100.00', 'number 3', '2019-04-24 20:31:54'),
(25, 689, 89900, '100.00', 'test', '2019-04-26 16:18:47'),
(26, 677, 16500, '100.00', 'ddgsdcgdgdcfg', '2019-04-30 09:05:59'),
(27, 691, 12600, '50.00', 'the reason', '2019-05-02 10:12:23'),
(28, 668, 825, '5.00', 'xsaxasa', '2019-05-02 13:05:24'),
(29, 668, 825, '5.00', 'xsaxasa', '2019-05-02 13:05:33'),
(30, 668, 825, '5.00', 'xsaxasa', '2019-05-02 13:05:36'),
(31, 692, NULL, NULL, 'lksdjfhalsjfbaljsbfajklsnvjlahsljhfblas', '2019-05-02 13:39:42'),
(32, 690, 10000, '39.00', 'fvsdbbsbsfbfadfb', '2019-05-02 13:40:53'),
(33, 694, 10000, '11.00', 'my reason is very very very very very very very very very great', '2019-05-07 07:15:38'),
(34, 697, 20000, '100.00', 'Not interested!', '2019-05-07 07:40:35'),
(35, 697, 69900, '100.00', 'test', '2019-05-07 07:42:40'),
(36, 704, 5000, '20.00', 'lksdjfh alsj fbalj sbfajklsn vjlahsljhfblas', '2019-05-09 07:27:22'),
(37, 704, NULL, NULL, 'dsdasasfaff', '2019-05-09 07:27:57'),
(38, 704, 20000, '100.00', 'hgjgkghg', '2019-05-09 09:21:26'),
(39, 717, 50000, '68.00', 'just needed to make a little discount', '2019-05-14 12:43:06'),
(40, 722, 10000, '40.00', 'My reason to test the emails', '2019-05-16 08:17:11'),
(41, 741, 71399, '100.00', 'testetest', '2019-05-16 12:54:48'),
(42, 743, 25000, '100.00', 'nie działa', '2019-05-16 12:55:52');

-- --------------------------------------------------------

--
-- Table structure for table `app_oreder_item_drop_down_option`
--

CREATE TABLE `app_oreder_item_drop_down_option` (
  `order_item_id` int(11) NOT NULL,
  `drop_down_option_id` int(11) NOT NULL
) ENGINE=InnoDB DEFAULT CHARSET=utf8 COLLATE=utf8_unicode_ci;

-- --------------------------------------------------------

--
-- Table structure for table `app_page`
--

CREATE TABLE `app_page` (
  `id` int(11) NOT NULL,
  `title` varchar(500) COLLATE utf8_unicode_ci NOT NULL,
  `slug` varchar(500) COLLATE utf8_unicode_ci NOT NULL,
  `created_at` datetime DEFAULT NULL,
  `meta_title` varchar(255) COLLATE utf8_unicode_ci DEFAULT NULL,
  `meta_description` longtext COLLATE utf8_unicode_ci DEFAULT NULL,
  `meta_keywords` longtext COLLATE utf8_unicode_ci DEFAULT NULL,
  `content` longtext COLLATE utf8_unicode_ci DEFAULT NULL
) ENGINE=InnoDB DEFAULT CHARSET=utf8 COLLATE=utf8_unicode_ci;

--
-- Dumping data for table `app_page`
--

INSERT INTO `app_page` (`id`, `title`, `slug`, `created_at`, `meta_title`, `meta_description`, `meta_keywords`, `content`) VALUES
(2, 'About Us', 'about-us', '2019-01-22 14:19:12', 'About Us', 'About Us', 'About Us', '<p><strong>Company</strong><br />BimmerTech&nbsp;was established with the sole purpose of providing BMW owners with the most advanced and up-to-date OEM retrofits, coding and software updates not commonly available anywhere else. With more than 10 years of professional experience, our team of software and hardware engineers, technicians and, above all, BMW enthusiasts are dedicated to the complete understanding and expertise of BMW electronics and software.</p>\r\n<p>Our products are seamlessly integrated to each vehicle like they were factory-installed - even when they are actually not factory-available as retrofits. From complete 4th Generation iDrive CIC retrofits to the latest BMW Apps, BMW Live and Internet features, our expertise in surpassing customers expectations in product performance, installations and service quality has been our job from day one.</p>\r\n<p>Our customer service, warranty and aftersales support are exceptional. A global network of professional technicians and engineers install and support our products as an extension of our vast capabilities. We use only OEM tried and proven parts and software to guarantee that your BMW will just be a much better equipped BMW. Our personalization program provides a flexible and efficient platform from which the most demanding customers can select specific features and retrofits for their vehicles if so desired.&nbsp;</p>\r\n<p>Make your BMW a&nbsp;BimmerTech&nbsp;BMW...</p>\r\n<p><strong>Services</strong><br />From the very beginning,&nbsp;BimmerTech&nbsp;has set the standard in OEM retrofits not available anywhere else.&nbsp;<br />The days of lamenting that your car is missing a particular option and the dealer is of no help are over.<br />Our constant and extensive R&amp;D allows us to offer the most innovative solutions to any OEM retrofit.&nbsp;<br />The results speak by themselves.</p>\r\n<p>We were the first in the world to offer a full OEM CIC Navigation retrofit including the VIN-matched enabling codes.<br />The first in the world to offer the BMW Apps OEM retrofit.<br />The first in the world to offer a direct TCU replacement with Combox, no wires tapped, cut or spliced.<br />The first in the world to offer BMW Live and BMW Internet services.</p>\r\n<p>No BMW dealer is able to offer any of these services. At any price.&nbsp;</p>\r\n<p>Our services extend to:</p>\r\n<ul>\r\n<li>OEM Bluetooth retrofits</li>\r\n<li>OEM iPod/USB retrofits</li>\r\n<li>OEM rearview cameras</li>\r\n<li>OEM Park Distance Control retrofits</li>\r\n</ul>\r\n<p>We only use tested and proven OEM parts. For those extreme cases for which there are no OEM parts available we use the highest quality aftermarket parts, guaranteeing a hassle-free installation. And with the highest customer service and support possible, we can guarantee 100% customer satisfaction.</p>\r\n<p><strong>We are hiring</strong><br />BimmerTech offers the best BMW retrofits on the market, a feat we accomplish not only thanks to our high-quality products but because of the people who steer our business in the right direction. If you have passion and talent, we want to hear from you. Send us your CV and cover letter today at&nbsp;jobs@bimmer-tech.net&nbsp;to join a company that&rsquo;s going places!</p>\r\n<p>Most Wanted<br />1.Online Sales Specialist (Location: USA, home office) -&nbsp;Read more<br />2.Graphic designer /&nbsp;Front-end developer (Location: worldwide, home office) -&nbsp;Read more</p>'),
(3, 'Privacy Policy', 'privacy-policy', '2019-01-22 14:19:12', 'bmw', NULL, NULL, '<p>This Privacy Policy covers the entirety of the BVzine.com site (\"Website\")<em>.</em> The policy governs your access to and use of the services offered by the maintainers of BVzine.com (\"us\" or \"we\"). Your use of this Website indicates that you have read and understood this policy and agree to abide by our Terms of Use.</p>\r\n<p><strong>Mailing list</strong><br />BVzine.com may run a mailing list, in order to provide subscribers with relevant information, including but not limited to recent news stories and promotional material. In order to subscribe to this mailing list, users must submit a valid email address, which may be shared with our Service Provider. This email, in association with your mailing list subscription status, may be used by us, on our own behalf or on behalf of our partners, to assess interest in our materials and to present targetted content.</p>\r\n<p><strong>Comments</strong><br />BVzine.com may make it possible to post comments to the site through our own or a third-party commenting system. All comments posted may be made public, alongside personally identifying information (such as full name, picture etc. if given). Comments made through a third-party commenting system may be shared with the service provider, who may store or otherwise use this data.</p>\r\n<p><strong>Server logs</strong></p>\r\n<p>As most websites, BVzine.com is hosted on a server that logs a small amount of information about users accessing it. This information includes your IP address along with a timestamp, and is used to ensure security of our server and to diagnose any issues we experience with the running of the Website.</p>\r\n<p>Our servers are located in the United States and managed in accordance with local law.</p>\r\n<p><strong>Third-party services</strong><br />BVzine.com uses third-party services to provide features for our users, to gather information that helps us improve the quality of our service and to earn enough to cover the costs associated with running the Website.</p>\r\n<p>Third-party services currently in use are:</p>\r\n<ul>\r\n<li>Facebook Analytics: Website traffic and audience insights.</li>\r\n<li>Facebook social plugins: Hosting and moderating comments.</li>\r\n<li>Google AdSense: Displaying third-party advertisements.</li>\r\n<li>Google Analytics: Measuring website traffic and user activity.</li>\r\n<li>OneSignal: Email and push notifications and measuring their performance.</li>\r\n<li>Quantcast Measure: Audience insights.</li>\r\n<li>VigLink: Managing affiliate links and measuring their performance.</li>\r\n</ul>\r\n<p>These services may install cookies on your computer or collect information about you through your use of BVzine.com. Please review the privacy policy of these third parties for further clarification.</p>\r\n<p>Some content on BVzine.com &mdash; including images, videos and social media content &mdash; is embedded from third-party sources. These content providers may place cookies on your computer to track your engagement with the embedded content or for other purposes. We endeavour to restrict third party tracking through BVzine.com as appropriate.</p>\r\n<p><strong>Mailing list</strong><br />BVzine.com may run a mailing list, in order to provide subscribers with relevant information, including but not limited to recent news stories and promotional material. In order to subscribe to this mailing list, users must submit a valid email address, which may be shared with our Service Provider. This email, in association with your mailing list subscription status, may be used by us, on our own behalf or on behalf of our partners, to assess interest in our materials and to present targetted content.</p>\r\n<p><strong>Contact</strong><br />If you have any questions about this policy, please contact us for guidance.</p>\r\n<p>This page was last updated September 21 2018.</p>'),
(4, 'Terms and Conditions', 'terms-and-conditions', '2019-01-22 14:19:12', NULL, NULL, NULL, '<p>This document covers the entirety of the BVzine.com site (\"Website\"). The policy governs your access to and use of the services offered by the maintainers of BVzine.com (\"us\" or \"we\"). Your use of this Website indicates that you agree to abide by these terms and have read and understood our Privacy Policy.</p>\r\n<p><strong>Copyright</strong><br />BVzine.com respects the intellectual property rights of others and expects users to do the same. All third party content is provided in good faith. We are happy to respond to notices of alleged copyright infringement where necessary.</p>\r\n<p>Unless otherwise stated, all other content published on the website, including texts, images and other assets remains our exclusive intellectual property and may not be reproduced in any form without explicit consent from BVzine.com or a representative.</p>\r\n<p><strong>Comments</strong><br />BVzine.com may allow users to post comments to the Website. Users shall not use comments posted to the Website to transmit, directly or indirectly, any content or information that:</p>\r\n<ol>\r\n<li>Is grossly harmful, defamatory, libelous, menacing, hateful or otherwise unlawful or objectionable;</li>\r\n<li>Infringes any patent, trademark, copyright or other proprietary rights;</li>\r\n<li>Impersonates another person or seeks to mislead the addressee about the origin of the message;</li>\r\n<li>Discloses any personally identifying information or private information about any third parties without their express consent;</li>\r\n<li>Solicits anybody to buy or sell any product or service, to make donations of any kind or to engage in any fraudulent or illegal transation, financial or otherwise.</li>\r\n</ol>\r\n<p>BVzine.com reserves the right to remove any comments deemed to violate the above guidelines and restrict future posting capabilities of any individual responsible for the posting of inappropriate comments.</p>\r\n<p><strong>Links</strong><br />BVzine.com may contain links to other sites. We are not responsible for the availability, content or practices of any other site. All links are provided for information, and should not be assumed to constitute an endorsement of the site linked to or any of its services. BVzine.com shall not be held liable, directly or indirectly, for any damage or loss caused or alleged to be caused by or in connection with the use of or reliance on any content, goods or services available on or through such links.</p>\r\n<p><strong>Advertising</strong><br />We may display image or text ads on BVzine.com, either through a third party web advertising vendor or through our own ad delivery software. We or third parties may collect information about your activity on BVzine.com or elsewhere to help provide better targetted ads. We may use data gathered through BVzine.com to issue targeted ads, on our Website or elsewhere, on our own behalf or on behalf of our partners.</p>\r\n<p>BVzine.com may include affiliate marketing links, allowing us to earn commission on purchases made after a referral from this Website. Affiliate partners may use cookies and other technology to track your activity on their website in order to correctly allocate commission to BVzine.com.</p>\r\n<p><strong>Contact</strong><br />If you have any questions about this policy, please contact us for guidance.</p>\r\n<p>This page was last updated September 21 2018.</p>'),
(5, 'Cookies policy', 'cookies-policy', '2019-01-22 14:19:12', NULL, NULL, 'Cookies policy', '<p>We use cookies to help us understand how you use BVzine.com. By accessing and using this site, you are agreeing to our privacy policy and terms of use.</p>'),
(6, 'Payment & Delivery', 'payment-and-delivery', '2019-01-22 14:19:12', NULL, NULL, NULL, NULL);

-- --------------------------------------------------------

--
-- Table structure for table `app_page_description`
--

CREATE TABLE `app_page_description` (
  `id` int(11) NOT NULL,
  `page_id` int(11) DEFAULT NULL,
  `header` varchar(255) COLLATE utf8_unicode_ci DEFAULT NULL,
  `sub_header` varchar(255) COLLATE utf8_unicode_ci DEFAULT NULL,
  `content` longtext COLLATE utf8_unicode_ci DEFAULT NULL,
  `video` longtext COLLATE utf8_unicode_ci DEFAULT NULL,
  `type` varchar(255) COLLATE utf8_unicode_ci NOT NULL
) ENGINE=InnoDB DEFAULT CHARSET=utf8 COLLATE=utf8_unicode_ci;

-- --------------------------------------------------------

--
-- Table structure for table `app_page_description_image`
--

CREATE TABLE `app_page_description_image` (
  `id` int(11) NOT NULL,
  `owner_id` int(11) NOT NULL,
  `type` varchar(255) COLLATE utf8_unicode_ci DEFAULT NULL,
  `path` varchar(255) COLLATE utf8_unicode_ci NOT NULL
) ENGINE=InnoDB DEFAULT CHARSET=utf8 COLLATE=utf8_unicode_ci;

-- --------------------------------------------------------

--
-- Table structure for table `app_photo_report`
--

CREATE TABLE `app_photo_report` (
  `id` int(11) NOT NULL,
  `owner_id` int(11) NOT NULL,
  `type` varchar(255) COLLATE utf8_unicode_ci DEFAULT NULL,
  `path` varchar(255) COLLATE utf8_unicode_ci NOT NULL
) ENGINE=InnoDB DEFAULT CHARSET=utf8 COLLATE=utf8_unicode_ci;

--
-- Dumping data for table `app_photo_report`
--

INSERT INTO `app_photo_report` (`id`, `owner_id`, `type`, `path`) VALUES
(11, 548, NULL, 'c3/de/16f8a1749c8b1ca2235fb62949d4.png'),
(12, 549, NULL, 'bc/2a/e9fe78d7f3f2834de7a49fc62173.png'),
(13, 550, NULL, '11/4b/a078f02b28a16845f486a076b12b.png'),
(15, 552, NULL, 'ac/b8/e00965913a84778e6172865cdb9c.png'),
(16, 553, NULL, '4f/17/7a7eaaed362ddd801979ac04c5a6.png'),
(17, 554, NULL, 'f0/35/9b9ea2d74ec047cf2c7bd88d6575.png'),
(20, 556, NULL, 'f6/84/3d1c32d58c03437b93797fbfc5d2.png'),
(21, 557, NULL, '9f/39/cdeba03dad50f89050c6cd9b27d6.png'),
(22, 558, NULL, 'c1/e5/c8c8537edc262f56cb5eddf598ff.png'),
(23, 559, NULL, '53/81/d64ed01cd2669f78e4d9e013d146.png'),
(24, 560, NULL, '8d/8e/348250574798427a6fc6005f04df.png'),
(25, 561, NULL, '7c/1c/9f562ebb67093fd6e1e788c58b87.png'),
(26, 562, NULL, '57/fc/a45c88e48322fa1b8d183c324b0f.png'),
(28, 564, NULL, 'bf/e0/928adb4643081d2ec19764525372.png'),
(29, 565, NULL, 'ff/f6/d5c127fd4c570175f4b1f0878fb6.png'),
(31, 566, NULL, 'dd/74/be1fb56814a104bf7039bb9e21a8.png'),
(32, 567, NULL, '4c/60/bc15ff0807d652f3ee6fccd3838e.png'),
(33, 568, NULL, '01/31/a9b7f93b8f876264af1955e743bb.png'),
(34, 569, NULL, 'f1/17/4054fab0c728180ccc534dbdaa52.png'),
(35, 570, NULL, 'e7/28/b105ac38ae72b21c991e43ae777d.png'),
(36, 571, NULL, '16/10/cc350f7584a6a156864e477bed6c.png'),
(37, 572, NULL, 'a3/c4/99d78403d8d34a818a1ccbba4c52.png'),
(38, 573, NULL, 'ba/41/c2c38257deb8497ea02ed64b6757.png'),
(39, 574, NULL, 'f0/a7/56821ea3848b8eb21f5480c082db.png'),
(40, 575, NULL, '31/a9/77adf18b061e30536fbd2869833e.png'),
(41, 576, NULL, 'ec/14/a65606b4329abc0634ca8af2800c.png'),
(42, 577, NULL, '8f/13/0a7b7ed2b160f2913291ef548ca7.png'),
(43, 578, NULL, 'e7/9d/891f06d5e9edc449f8262a42c6ae.png'),
(44, 579, NULL, 'ec/42/896e068d29cd4ace0541737eee8d.png'),
(45, 580, NULL, '90/e4/1e1ca0a543b68598b2007a09a95e.png'),
(46, 581, NULL, '00/fd/c8ff20343656d6e5f6171beafcd5.png');

-- --------------------------------------------------------

--
-- Table structure for table `app_pop_up_option`
--

CREATE TABLE `app_pop_up_option` (
  `id` int(11) NOT NULL,
  `code` varchar(255) COLLATE utf8_unicode_ci DEFAULT NULL,
  `title` varchar(255) COLLATE utf8_unicode_ci DEFAULT NULL,
  `description` varchar(255) COLLATE utf8_unicode_ci DEFAULT NULL,
  `vin_check_service_id` int(11) DEFAULT NULL
) ENGINE=InnoDB DEFAULT CHARSET=utf8 COLLATE=utf8_unicode_ci;

--
-- Dumping data for table `app_pop_up_option`
--

INSERT INTO `app_pop_up_option` (`id`, `code`, `title`, `description`, `vin_check_service_id`) VALUES
(6, 'Head_unit', 'head unit', 'Head unit is the central component of the BMW’s iDrive system that defines its processing power, features and functionalities.', NULL),
(7, 'BMW_Software_Update', 'BMW software update', 'It is a process of updating several or all modules in a vehicle. The software version is usually identified as the BMW i-Level and looks like this F020-16-07-503. 16-07 tell you the date of the software version; 16 as 2016, and 07 as July.', NULL),
(8, 'MMI', 'MMI', 'BimmerTech Multimedia Interface (MMI) is a module that seamlessly integrates with the iDrive system. It extends the multimedia capabilities of your BMW making it possible to add an aftermarket rear view camera, front view camera, mirroring device, etc.', NULL),
(9, 'nativ_iDrive_display', 'native iDrive display', 'A screen that was installed into your BMW from factory.', NULL),
(10, 'mirroring_devices', 'mirroring devices', 'A mirroring device is a retrofit that allows you to copy the screen of your smartphone/tablet onto the iDrive display. It also provides audio playback through BMW’s AUX port.', NULL),
(11, 'factory_navigation', 'factory navigation', 'It is a system that equips the car with multimedia features like screen, smartphone integration, etc., as well as navigation tools like maps.', NULL),
(12, 'coding_cable', 'coding cable', 'The proper coding interface for your BMW - E-series cars require a DCAN coding interface, while F- and G-series cars can only work with an ENET coding interface.', NULL),
(13, 'NBT', 'NBT', 'NBT (Next Big Thing) is a navigation system which comes as an improved version of CIC. It was first launched in 2012 and is still installed in 5- & 6-Series as well as i3 & i8. It’s a part of Navigation System Professional (S609A) package.', NULL),
(14, 'NBT_Evo', 'NBT Evo', 'NBT Evo is an iDrive system with 3 types of interfaces: ID4 (has the same design as NBT), ID5 & ID6 (have new menu designs). It was launched in 2013 and is installed in new F- & G-Series. It’s a part of Navigation System Professional (S609A) package.', NULL),
(15, 'Navigation_System_Professional', 'Navigation System Professional', 'Navigation System Professional (S609A option) is an enhanced iDrive system package that has advanced multimedia features like BMW Apps, smartphone integration, etc.', NULL),
(16, 'carplaymmi_iDrive', 'iDrive', 'iDrive is an in-car BMW system that allows you to control settings, use navigation and take advantage of such multimedia features like listening to music, integrating a smartphone with the car or watching videos on the BMW’s screen.', NULL),
(17, 'Hands-Free Calling', 'Hands-Free Calling', 'With the help of Bluetooth, this feature allows you to accept/make calls without using your smartphone and taking your eyes off the road.', NULL),
(18, 'iDrive_screen', 'iDrive screen', 'A screen that was installed into your BMW from factory.', NULL),
(19, 'BMW_iDrive_system', 'BMW iDrive system', 'iDrive is an in-car BMW system that allows you to control settings, use navigation and take advantage of such multimedia features like listening to music, integrating a smartphone with the car or watching videos on the BMW’s screen.', NULL),
(20, 'Remote_coding_session', 'remote coding session', 'During a coding session, a professional BimmerTech technician programs the car remotely. To prepare for the session, you would need a Windows laptop (in some cases Mac with Windows can work too), additional software and coding cable.', NULL),
(21, 'Obstacle_Marking', 'Obstacle Marking', 'Spatially-shaped markings appear on the backup camera image in front of the objects to simplify the estimation of the distance to those objects.', NULL),
(22, 'Dynamic_Parking_Lines', 'Dynamic Parking Lines', 'These are colorful lines on the screen that move with the steering wheel to indicate the projected path and help avoid obstruction & back up/park safely.', NULL),
(23, 'Park_Distance_Control', 'Park Distance Control', 'This is a feature that uses ultrasound sensors integrated into the rear/front /rear & front of the vehicle. They measure the distance to the nearest large object behind the vehicle.', NULL),
(24, 'HUD', 'HUD', 'HUD is a Head-Up Display that projects drive and multimedia related information onto the front windshield of the car. The projected data can include various driving status, system warnings, directional messages, etc.', NULL),
(25, 'BirdsEyeCamSystem', 'bird\'s-eye camera system', 'A system that produces a simulated top-down view of the vehicle and what’s around it.', NULL),
(26, 'AirPlay', 'AirPlay', 'Apple AirPlay lets you stream music or movies from iTunes or your mobile Apple device to any AirPlay-enabled device on the same network.', NULL),
(27, 'Miracast', 'Miracast', 'Miracast is a wireless display standard designed for mirroring a smartphone, tablet, or PC’s screen, without requiring any physical HDMI cables.', NULL),
(28, 'Voice_control', 'Voice Control', 'It lets you manipulate the car’s system with voice commands. Pressing the voice command button on the steering wheel you can navigate to any menu section, manage calls and text messages when your telephone is connected to the car via Bluetooth.', NULL),
(29, 'BMW_navsystem', 'BMW navigation system', 'It is an in-car BMW system that allows you to control settings, use navigation and take advantage of such multimedia features like listening to music, integrating a smartphone with the car or watching videos on the BMW’s screen.', NULL),
(30, 'Vid_Serv_InMotion', 'Video &amp; Services in motion', 'It enables you to play videos on the BMW screen while the car is in motion. It also unlocks Office Messages, Online Entertainment, Bluetooth Pairing and the User Manual for use while driving if they are already available in your vehicle.', NULL),
(31, 'BMW_Ycable_adapter', 'BMW Y cable adapter', 'This is a cable that splits from an iOS device connector to USB and Aux (3.5mm stereo jack) thus using both ports in your arm rest. It is required to connect an iOS device to your car when Enhanced Bluetooth/USB port is not unlocked in your vehicle.', NULL),
(32, 'BMWApps', 'BMW Apps', 'The BMW Connected app for iPhone gives you one more way to interact with your vehicle. Use Twitter, Pandora, Spotify and more, thanks to the connection with your iPhone. Built-in text-to-speech functionality makes it easy to use the apps behind the wheel.', NULL),
(33, 'FSC-certifiedcodes', 'FSC-certified codes', 'FSC (Freischaltcode) is the activation code released by BMW. This activation code is always a 20-position combination of characters, which is usually entered manually via the iDrive controller.', NULL);

-- --------------------------------------------------------

--
-- Table structure for table `app_products_properties`
--

CREATE TABLE `app_products_properties` (
  `property_id` int(11) NOT NULL,
  `product_id` int(11) NOT NULL
) ENGINE=InnoDB DEFAULT CHARSET=utf8 COLLATE=utf8_unicode_ci;

--
-- Dumping data for table `app_products_properties`
--

INSERT INTO `app_products_properties` (`property_id`, `product_id`) VALUES
(187, 417),
(191, 417),
(192, 417),
(196, 417),
(198, 417),
(188, 418),
(190, 418),
(191, 418),
(195, 418),
(196, 418),
(188, 420),
(190, 420),
(191, 420),
(195, 420),
(196, 420),
(198, 420),
(187, 422),
(189, 422),
(191, 422),
(192, 422),
(196, 422),
(198, 422),
(187, 423),
(189, 423),
(191, 423),
(192, 423),
(196, 423),
(198, 423),
(189, 443),
(191, 443),
(192, 443),
(196, 443),
(198, 443),
(189, 445),
(191, 445),
(192, 445),
(196, 445),
(198, 445),
(189, 446),
(191, 446),
(192, 446),
(196, 446),
(198, 446),
(187, 448),
(189, 448),
(191, 448),
(192, 448),
(196, 448),
(198, 448),
(187, 449),
(189, 449),
(191, 449),
(192, 449),
(196, 449),
(198, 449),
(188, 454),
(190, 454),
(191, 454),
(194, 454),
(196, 454),
(198, 454),
(188, 455),
(190, 455),
(191, 455),
(194, 455),
(196, 455),
(198, 455),
(188, 462),
(190, 462),
(191, 462),
(194, 462),
(196, 462),
(198, 462),
(188, 465),
(190, 465),
(191, 465),
(194, 465),
(196, 465),
(198, 465),
(188, 466),
(190, 466),
(191, 466),
(194, 466),
(196, 466),
(198, 466),
(188, 467),
(190, 467),
(191, 467),
(194, 467),
(196, 467),
(198, 467),
(188, 468),
(190, 468),
(191, 468),
(194, 468),
(196, 468),
(198, 468),
(188, 469),
(191, 469),
(194, 469),
(196, 469),
(198, 469),
(188, 476),
(190, 476),
(191, 476),
(195, 476),
(196, 476),
(198, 476),
(188, 477),
(190, 477),
(191, 477),
(195, 477),
(196, 477),
(198, 477),
(188, 478),
(190, 478),
(191, 478),
(195, 478),
(196, 478),
(198, 478),
(187, 483),
(191, 483),
(192, 483),
(196, 483),
(198, 483),
(187, 484),
(191, 484),
(192, 484),
(196, 484),
(198, 484),
(187, 485),
(191, 485),
(192, 485),
(196, 485),
(198, 485),
(187, 486),
(191, 486),
(192, 486),
(196, 486),
(198, 486),
(187, 487),
(191, 487),
(192, 487),
(196, 487),
(198, 487),
(187, 488),
(191, 488),
(192, 488),
(196, 488),
(198, 488),
(187, 489),
(191, 489),
(192, 489),
(196, 489),
(198, 489),
(187, 492),
(189, 492),
(191, 492),
(195, 492),
(196, 492),
(198, 492),
(188, 496),
(190, 496),
(191, 496),
(194, 496),
(196, 496),
(198, 496),
(187, 497),
(189, 497),
(191, 497),
(195, 497),
(196, 497),
(198, 497),
(188, 498),
(190, 498),
(191, 498),
(195, 498),
(196, 498),
(198, 498),
(187, 499),
(189, 499),
(191, 499),
(195, 499),
(196, 499),
(198, 499),
(187, 501),
(189, 501),
(191, 501),
(195, 501),
(196, 501),
(198, 501),
(187, 503),
(189, 503),
(191, 503),
(195, 503),
(196, 503),
(198, 503),
(187, 505),
(189, 505),
(191, 505),
(195, 505),
(196, 505),
(198, 505),
(187, 506),
(189, 506),
(191, 506),
(195, 506),
(196, 506),
(198, 506),
(187, 508),
(189, 508),
(191, 508),
(195, 508),
(196, 508),
(198, 508),
(187, 510),
(189, 510),
(191, 510),
(195, 510),
(196, 510),
(198, 510),
(187, 511),
(189, 511),
(191, 511),
(195, 511),
(196, 511),
(198, 511),
(187, 512),
(191, 512),
(192, 512),
(198, 512),
(187, 515),
(191, 515),
(192, 515),
(198, 515),
(187, 517),
(189, 517),
(191, 517),
(192, 517),
(198, 517),
(187, 520),
(189, 520),
(191, 520),
(192, 520),
(198, 520),
(187, 521),
(189, 521),
(192, 521),
(196, 521),
(198, 521),
(187, 523),
(189, 523),
(191, 523),
(193, 523),
(196, 523),
(198, 523),
(187, 524),
(189, 524),
(191, 524),
(193, 524),
(196, 524),
(198, 524),
(187, 525),
(189, 525),
(191, 525),
(193, 525),
(196, 525),
(198, 525),
(187, 526),
(189, 526),
(191, 526),
(193, 526),
(196, 526),
(198, 526),
(187, 527),
(189, 527),
(191, 527),
(195, 527),
(196, 527),
(198, 527),
(187, 528),
(189, 528),
(191, 528),
(195, 528),
(196, 528),
(198, 528),
(187, 529),
(189, 529),
(191, 529),
(195, 529),
(196, 529),
(198, 529),
(188, 530),
(190, 530),
(191, 530),
(194, 530),
(197, 530),
(198, 530),
(188, 531),
(190, 531),
(191, 531),
(194, 531),
(196, 531),
(198, 531),
(188, 532),
(190, 532),
(191, 532),
(194, 532),
(196, 532),
(198, 532),
(188, 538),
(189, 538),
(191, 538),
(192, 538),
(196, 538),
(198, 538),
(187, 539),
(189, 539),
(191, 539),
(195, 539),
(196, 539),
(198, 539),
(187, 541),
(189, 541),
(191, 541),
(195, 541),
(196, 541),
(198, 541),
(187, 543),
(189, 543),
(191, 543),
(193, 543),
(196, 543),
(198, 543),
(187, 544),
(189, 544),
(191, 544),
(193, 544),
(196, 544),
(198, 544),
(187, 545),
(190, 545),
(191, 545),
(196, 545),
(198, 545),
(187, 546),
(189, 546),
(191, 546),
(193, 546),
(196, 546),
(198, 546),
(188, 547),
(189, 547),
(191, 547),
(192, 547),
(196, 547),
(198, 547),
(187, 548),
(189, 548),
(191, 548),
(192, 548),
(198, 548),
(187, 549),
(189, 549),
(191, 549),
(192, 549),
(198, 549),
(187, 550),
(189, 550),
(191, 550),
(192, 550),
(198, 550),
(188, 552),
(190, 552),
(195, 552),
(196, 552),
(188, 553),
(190, 553),
(195, 553),
(196, 553),
(187, 554),
(189, 554),
(192, 554),
(196, 554),
(198, 554),
(188, 555),
(190, 555),
(195, 555),
(196, 555),
(188, 556),
(190, 556),
(191, 556),
(195, 556),
(196, 556),
(198, 556),
(188, 557),
(190, 557),
(191, 557),
(195, 557),
(196, 557),
(198, 557),
(188, 559),
(190, 559),
(191, 559),
(195, 559),
(196, 559),
(198, 559),
(188, 560),
(190, 560),
(191, 560),
(195, 560),
(196, 560),
(198, 560),
(188, 561),
(190, 561),
(191, 561),
(195, 561),
(196, 561),
(198, 561),
(187, 562),
(189, 562),
(191, 562),
(193, 562),
(196, 562),
(198, 562),
(188, 564),
(189, 564),
(191, 564),
(195, 564),
(196, 564),
(198, 564),
(187, 565),
(189, 565),
(191, 565),
(195, 565),
(197, 565),
(198, 565),
(187, 568),
(189, 568),
(191, 568),
(195, 568),
(197, 568),
(198, 568),
(187, 569),
(189, 569),
(191, 569),
(195, 569),
(197, 569),
(198, 569),
(187, 571),
(189, 571),
(192, 571),
(196, 571),
(198, 571),
(187, 572),
(189, 572),
(191, 572),
(195, 572),
(197, 572),
(198, 572),
(187, 573),
(189, 573),
(191, 573),
(195, 573),
(197, 573),
(198, 573),
(187, 575),
(189, 575),
(191, 575),
(195, 575),
(197, 575),
(198, 575),
(187, 576),
(189, 576),
(191, 576),
(195, 576),
(197, 576),
(198, 576),
(187, 578),
(189, 578),
(191, 578),
(195, 578),
(197, 578),
(198, 578),
(187, 579),
(189, 579),
(191, 579),
(195, 579),
(197, 579),
(198, 579),
(187, 580),
(189, 580),
(192, 580),
(196, 580),
(198, 580),
(187, 581),
(189, 581),
(192, 581),
(196, 581),
(198, 581),
(187, 583),
(190, 583),
(192, 583),
(196, 583),
(198, 583),
(187, 584),
(190, 584),
(192, 584),
(196, 584),
(198, 584),
(187, 586),
(189, 586),
(191, 586),
(195, 586),
(196, 586),
(198, 586),
(187, 587),
(191, 587),
(192, 587),
(198, 587),
(187, 588),
(189, 588),
(191, 588),
(192, 588),
(198, 588),
(187, 589),
(189, 589),
(191, 589),
(192, 589),
(198, 589),
(187, 590),
(189, 590),
(191, 590),
(195, 590),
(197, 590),
(198, 590),
(187, 591),
(189, 591),
(191, 591),
(195, 591),
(197, 591),
(198, 591),
(187, 592),
(189, 592),
(191, 592),
(195, 592),
(197, 592),
(198, 592),
(187, 594),
(189, 594),
(191, 594),
(195, 594),
(197, 594),
(198, 594),
(187, 595),
(189, 595),
(191, 595),
(195, 595),
(197, 595),
(198, 595),
(187, 597),
(189, 597),
(191, 597),
(195, 597),
(196, 597),
(198, 597),
(187, 599),
(189, 599),
(191, 599),
(193, 599),
(196, 599),
(198, 599),
(187, 600),
(189, 600),
(191, 600),
(195, 600),
(197, 600),
(198, 600),
(188, 601),
(191, 601),
(196, 601),
(198, 601),
(187, 602),
(189, 602),
(191, 602),
(195, 602),
(196, 602),
(198, 602),
(187, 603),
(189, 603),
(191, 603),
(195, 603),
(196, 603),
(198, 603),
(187, 604),
(189, 604),
(191, 604),
(195, 604),
(196, 604),
(198, 604),
(187, 607),
(189, 607),
(191, 607),
(194, 607),
(197, 607),
(198, 607);

-- --------------------------------------------------------

--
-- Table structure for table `app_product_bestseller`
--

CREATE TABLE `app_product_bestseller` (
  `id` int(11) NOT NULL,
  `produuct_id` int(11) DEFAULT NULL,
  `name` varchar(255) COLLATE utf8_unicode_ci DEFAULT NULL,
  `color` varchar(255) COLLATE utf8_unicode_ci DEFAULT NULL
) ENGINE=InnoDB DEFAULT CHARSET=utf8 COLLATE=utf8_unicode_ci;

-- --------------------------------------------------------

--
-- Table structure for table `app_product_car_model`
--

CREATE TABLE `app_product_car_model` (
  `id` int(11) NOT NULL,
  `product_id` int(11) DEFAULT NULL,
  `car_model_id` int(11) DEFAULT NULL
) ENGINE=InnoDB DEFAULT CHARSET=utf8 COLLATE=utf8_unicode_ci;

--
-- Dumping data for table `app_product_car_model`
--

INSERT INTO `app_product_car_model` (`id`, `product_id`, `car_model_id`) VALUES
(18900, 420, 237),
(18901, 424, 236),
(18902, 452, 276),
(18903, 452, 250),
(18904, 452, 277),
(18905, 452, 270),
(18906, 452, 272),
(18907, 452, 274),
(18908, 452, 280),
(18909, 453, 221),
(18910, 453, 228),
(18911, 453, 233),
(18912, 453, 242),
(18913, 453, 247),
(18914, 453, 255),
(18915, 453, 261),
(18916, 453, 270),
(18917, 453, 271),
(18918, 453, 274),
(18919, 453, 275),
(18920, 453, 278),
(18921, 453, 279),
(18922, 453, 283),
(18923, 453, 287),
(18924, 453, 288),
(18925, 454, 270),
(18926, 455, 270),
(18927, 462, 248),
(18928, 465, 248),
(18929, 466, 257),
(18930, 466, 236),
(18931, 467, 257),
(18932, 467, 236),
(18933, 476, 237),
(18934, 477, 276),
(18935, 478, 250),
(18936, 492, 247),
(18937, 497, 279),
(18938, 498, 249),
(18939, 499, 268),
(18940, 501, 230),
(18941, 503, 230),
(18942, 505, 237),
(18943, 506, 237),
(18944, 508, 280),
(18945, 509, 268),
(18946, 509, 249),
(18947, 509, 225),
(18948, 509, 277),
(18949, 509, 269),
(18950, 509, 290),
(18951, 509, 289),
(18952, 510, 259),
(18953, 511, 250),
(18954, 523, 237),
(18955, 524, 237),
(18956, 525, 280),
(18957, 526, 249),
(18958, 526, 269),
(18959, 529, 280),
(18960, 539, 274),
(18961, 541, 250),
(18962, 543, 248),
(18963, 543, 236),
(18964, 544, 250),
(18965, 545, 269),
(18966, 546, 223),
(18967, 552, 270),
(18968, 559, 248),
(18969, 559, 253),
(18970, 560, 248),
(18971, 562, 277),
(18972, 564, 225),
(18973, 564, 257),
(18974, 564, 255),
(18975, 564, 256),
(18976, 564, 258),
(18977, 564, 224),
(18978, 564, 223),
(18979, 564, 268),
(18980, 564, 264),
(18981, 564, 247),
(18982, 564, 248),
(18983, 564, 253),
(18984, 564, 287),
(18985, 564, 289),
(18986, 564, 290),
(18987, 564, 226),
(18988, 564, 270),
(18989, 564, 259),
(18990, 564, 277),
(18991, 576, 280),
(18992, 578, 280),
(18993, 579, 250),
(18994, 581, 270),
(18995, 586, 225),
(18996, 590, 257),
(18997, 591, 236),
(18998, 592, 248),
(18999, 594, 248),
(19000, 595, 223),
(19001, 596, 279),
(19002, 599, 225),
(19003, 600, 237);

-- --------------------------------------------------------

--
-- Table structure for table `app_product_description`
--

CREATE TABLE `app_product_description` (
  `id` int(11) NOT NULL,
  `product_id` int(11) DEFAULT NULL,
  `header` varchar(255) COLLATE utf8_unicode_ci DEFAULT NULL,
  `sub_header` varchar(255) COLLATE utf8_unicode_ci DEFAULT NULL,
  `description` longtext COLLATE utf8_unicode_ci DEFAULT NULL,
  `type` varchar(255) COLLATE utf8_unicode_ci NOT NULL,
  `video` longtext COLLATE utf8_unicode_ci DEFAULT NULL
) ENGINE=InnoDB DEFAULT CHARSET=utf8 COLLATE=utf8_unicode_ci;

-- --------------------------------------------------------

--
-- Table structure for table `app_product_description_image`
--

CREATE TABLE `app_product_description_image` (
  `id` int(11) NOT NULL,
  `owner_id` int(11) NOT NULL,
  `type` varchar(255) COLLATE utf8_unicode_ci DEFAULT NULL,
  `path` varchar(255) COLLATE utf8_unicode_ci NOT NULL
) ENGINE=InnoDB DEFAULT CHARSET=utf8 COLLATE=utf8_unicode_ci;

-- --------------------------------------------------------

--
-- Table structure for table `app_product_installer`
--

CREATE TABLE `app_product_installer` (
  `id` int(11) NOT NULL,
  `product_id` int(11) DEFAULT NULL,
  `header` varchar(255) COLLATE utf8_unicode_ci DEFAULT NULL,
  `sub_header` varchar(255) COLLATE utf8_unicode_ci DEFAULT NULL,
  `description` longtext COLLATE utf8_unicode_ci DEFAULT NULL,
  `video` longtext COLLATE utf8_unicode_ci DEFAULT NULL,
  `type` varchar(255) COLLATE utf8_unicode_ci NOT NULL
) ENGINE=InnoDB DEFAULT CHARSET=utf8 COLLATE=utf8_unicode_ci;

-- --------------------------------------------------------

--
-- Table structure for table `app_product_installers_image`
--

CREATE TABLE `app_product_installers_image` (
  `id` int(11) NOT NULL,
  `owner_id` int(11) NOT NULL,
  `type` varchar(255) COLLATE utf8_unicode_ci DEFAULT NULL,
  `path` varchar(255) COLLATE utf8_unicode_ci NOT NULL
) ENGINE=InnoDB DEFAULT CHARSET=utf8 COLLATE=utf8_unicode_ci;

-- --------------------------------------------------------

--
-- Table structure for table `app_product_property`
--

CREATE TABLE `app_product_property` (
  `id` int(11) NOT NULL,
  `name` varchar(255) COLLATE utf8_unicode_ci NOT NULL,
  `description` longtext COLLATE utf8_unicode_ci DEFAULT NULL,
  `code` varchar(255) COLLATE utf8_unicode_ci NOT NULL
) ENGINE=InnoDB DEFAULT CHARSET=utf8 COLLATE=utf8_unicode_ci;

--
-- Dumping data for table `app_product_property`
--

INSERT INTO `app_product_property` (`id`, `name`, `description`, `code`) VALUES
(187, 'BMW Original', 'This is a BMW original upgrade made specifically to suit your vehicle.', '1'),
(188, 'BimmerTech Original', 'This upgrade is created by BimmerTech and designed for retrofitting BMW vehicles.', '2'),
(189, 'Requires Coding', 'The product will be programmed by a BimmerTech technician during a remote coding session. This is necessary to make the retrofit work properly in your specific BMW.', '3'),
(190, 'Doesn’t Require Coding', 'The product is created to work properly in your vehicle right away, without being coded.', '4'),
(191, 'Plug & Play Installation', 'The kit is completely plug & play providing an easy and fast installation, and not requiring professional expertise.', '5'),
(192, 'Installation Time', 'The installation takes up to 30 min.', 'The installation takes up to 30 min.'),
(193, 'Installation Time', 'The installation takes up to 1h.', 'The installation takes up to 1h.'),
(194, 'Installation Time', 'The installation takes up to 2h.', 'The installation takes up to 2h.'),
(195, 'Installation Time', 'The installation takes up to 3-4h.', 'The installation takes up to 3-4h.'),
(196, 'Condition - Brand New', 'The kit contains only brand new parts.', '6'),
(197, 'Contains Used Parts', 'The kit contains refurbished parts, but they don’t affect the product\'s performance or warranty in any way.', '7'),
(198, '100% Reversible Installation', 'The installation doesn’t require any permanent modifications to your vehicle. It’s completely lease-friendly.', '8');

-- --------------------------------------------------------

--
-- Table structure for table `app_product_review_like`
--

CREATE TABLE `app_product_review_like` (
  `id` int(11) NOT NULL,
  `review_id` int(11) DEFAULT NULL,
  `customer_id` int(11) DEFAULT NULL,
  `clientToken` varchar(255) COLLATE utf8_unicode_ci DEFAULT NULL,
  `sessionId` varchar(255) COLLATE utf8_unicode_ci DEFAULT NULL
) ENGINE=InnoDB DEFAULT CHARSET=utf8 COLLATE=utf8_unicode_ci;

-- --------------------------------------------------------

--
-- Table structure for table `app_save_price`
--

CREATE TABLE `app_save_price` (
  `id` int(11) NOT NULL,
  `product_id` int(11) DEFAULT NULL,
  `title` varchar(255) COLLATE utf8_unicode_ci DEFAULT NULL,
  `price` int(11) DEFAULT NULL
) ENGINE=InnoDB DEFAULT CHARSET=utf8 COLLATE=utf8_unicode_ci;

--
-- Dumping data for table `app_save_price`
--

INSERT INTO `app_save_price` (`id`, `product_id`, `title`, `price`) VALUES
(109, 417, NULL, 0),
(110, 418, 'Already have an MMI? Save $300!', 30000),
(111, 420, 'Already have an MMI? Save $300!', 30000),
(112, 422, NULL, 0),
(113, 423, NULL, 0),
(114, 424, NULL, 0),
(115, 426, NULL, 0),
(116, 440, NULL, 0),
(117, 441, NULL, 0),
(118, 442, NULL, 0),
(119, 443, NULL, 0),
(120, 444, NULL, 0),
(121, 445, NULL, 0),
(122, 446, NULL, 0),
(123, 447, NULL, 0),
(124, 448, NULL, 0),
(125, 449, NULL, 0),
(127, 452, NULL, 0),
(128, 453, NULL, 0),
(129, 454, NULL, 0),
(130, 455, NULL, 0),
(131, 456, NULL, 0),
(132, 457, NULL, 0),
(133, 458, NULL, 0),
(134, 459, NULL, 0),
(135, 462, NULL, 0),
(136, 463, NULL, 0),
(137, 464, NULL, 0),
(138, 465, NULL, 0),
(139, 466, NULL, 0),
(140, 467, NULL, 0),
(141, 468, NULL, 0),
(142, 469, NULL, 0),
(143, 471, NULL, 0),
(144, 472, NULL, 0),
(145, 474, NULL, 0),
(146, 476, NULL, 0),
(147, 477, NULL, 0),
(148, 478, NULL, 0),
(149, 483, NULL, 0),
(150, 484, NULL, 0),
(151, 485, NULL, 0),
(152, 486, NULL, 0),
(153, 487, NULL, 0),
(154, 488, NULL, 0),
(155, 489, NULL, 0),
(156, 492, NULL, 0),
(157, 493, NULL, 0),
(158, 494, NULL, 0),
(159, 495, NULL, 0),
(160, 496, NULL, 0),
(161, 497, NULL, 0),
(162, 498, NULL, 0),
(163, 499, NULL, 0),
(164, 500, NULL, 0),
(166, 501, NULL, 0),
(168, 503, NULL, 0),
(170, 505, NULL, 0),
(171, 506, NULL, 0),
(172, 508, NULL, 0),
(173, 509, NULL, 0),
(174, 510, NULL, 0),
(175, 511, NULL, 0),
(176, 512, NULL, 0),
(177, 515, NULL, 0),
(178, 517, NULL, 0),
(179, 520, NULL, 0),
(180, 523, NULL, 0),
(181, 524, NULL, 0),
(182, 525, NULL, 0),
(183, 526, NULL, 0),
(184, 527, NULL, 0),
(185, 528, NULL, 0),
(186, 529, NULL, 0),
(187, 530, 'Already have an MMI? Save $349!', 34900),
(188, 531, 'Already have an MMI? Save $349!', 34900),
(189, 532, 'Already have an MMI? Save $349!', 34900),
(190, 534, NULL, 0),
(191, 535, NULL, 0),
(192, 536, NULL, 0),
(193, 537, NULL, 0),
(194, 538, NULL, 0),
(195, 539, NULL, 0),
(196, 540, NULL, 0),
(197, 541, NULL, 0),
(198, 542, NULL, 0),
(199, 543, NULL, 0),
(200, 544, NULL, 0),
(201, 545, NULL, 0),
(202, 546, NULL, 0),
(203, 547, NULL, 0),
(204, 548, NULL, 0),
(205, 549, NULL, 0),
(206, 550, NULL, 0),
(207, 552, 'Already have an MMI? Save $300!', 30000),
(208, 553, 'Already have an MMI? Save $300!', 30000),
(209, 555, 'Already have an MMI? Save $300!', 30000),
(210, 556, 'Already have an MMI? Save $300!', 30000),
(211, 557, 'Already have an MMI? Save $300!', 30000),
(212, 558, NULL, 0),
(213, 559, 'Already have an MMI? Save $300!', 30000),
(214, 560, 'Already have an MMI? Save $300!', 30000),
(215, 561, 'Already have an MMI? Save $300!', 30000),
(216, 562, NULL, 0),
(217, 564, NULL, 0),
(218, 565, NULL, 0),
(219, 566, NULL, 0),
(220, 567, NULL, 0),
(221, 568, NULL, 0),
(222, 569, NULL, 0),
(223, 570, NULL, 0),
(224, 572, NULL, 0),
(225, 573, NULL, 0),
(226, 574, NULL, 0),
(227, 575, NULL, 0),
(228, 576, NULL, 0),
(229, 577, NULL, 0),
(230, 578, NULL, 0),
(231, 579, NULL, 0),
(232, 521, NULL, 0),
(233, 551, NULL, 0),
(234, 554, NULL, 0),
(235, 563, NULL, 0),
(236, 571, NULL, 0),
(237, 581, NULL, 0),
(238, 580, NULL, 0),
(239, 582, NULL, 0),
(240, 583, NULL, 0),
(241, 584, NULL, 0),
(242, 585, NULL, 0),
(243, 586, NULL, 0),
(244, 587, NULL, 0),
(245, 588, NULL, 0),
(246, 589, NULL, 0),
(247, 590, NULL, 0),
(248, 591, NULL, 0),
(249, 592, NULL, 0),
(250, 593, NULL, 0),
(251, 594, NULL, 0),
(252, 595, NULL, 0),
(253, 596, NULL, 0),
(254, 597, NULL, 0),
(255, 598, NULL, 0),
(256, 599, NULL, 0),
(257, 600, NULL, 0),
(258, 601, NULL, 0),
(259, 602, NULL, 0),
(260, 603, NULL, 0),
(261, 604, NULL, 0),
(262, 605, NULL, 0),
(263, 606, NULL, 0),
(264, 608, NULL, 0),
(265, 607, NULL, 0);

-- --------------------------------------------------------

--
-- Table structure for table `app_tag`
--

CREATE TABLE `app_tag` (
  `id` int(11) NOT NULL,
  `product_id` int(11) DEFAULT NULL,
  `name` varchar(255) COLLATE utf8_unicode_ci NOT NULL
) ENGINE=InnoDB DEFAULT CHARSET=utf8 COLLATE=utf8_unicode_ci;

-- --------------------------------------------------------

--
-- Table structure for table `app_taxon_bestseller`
--

CREATE TABLE `app_taxon_bestseller` (
  `id` int(11) NOT NULL,
  `taxon_id` int(11) DEFAULT NULL,
  `name` varchar(255) COLLATE utf8_unicode_ci DEFAULT NULL,
  `color` varchar(255) COLLATE utf8_unicode_ci DEFAULT NULL
) ENGINE=InnoDB DEFAULT CHARSET=utf8 COLLATE=utf8_unicode_ci;

--
-- Dumping data for table `app_taxon_bestseller`
--

INSERT INTO `app_taxon_bestseller` (`id`, `taxon_id`, `name`, `color`) VALUES
(3, 190, NULL, '#ff8040'),
(4, 191, NULL, '#ff8040'),
(5, 196, NULL, '#ff8040'),
(6, 197, NULL, '#ff8040'),
(7, 198, NULL, '#ff8040'),
(8, 201, NULL, '#ff8040'),
(9, 202, NULL, '#ff8040'),
(10, 203, NULL, '#ff8040'),
(11, 204, NULL, '#ff8040'),
(12, 209, NULL, '#ff8040'),
(13, 210, NULL, '#ff8040'),
(14, 211, NULL, '#ff8040'),
(15, 212, NULL, '#ff8040'),
(16, 213, NULL, '#ff8040'),
(17, 214, NULL, '#ff8040'),
(18, 215, NULL, '#ff8040'),
(19, 216, NULL, '#ff8040');

-- --------------------------------------------------------

--
-- Table structure for table `app_taxon_inteteresting_products`
--

CREATE TABLE `app_taxon_inteteresting_products` (
  `taxon_id` int(11) NOT NULL,
  `product_id` int(11) NOT NULL
) ENGINE=InnoDB DEFAULT CHARSET=utf8 COLLATE=utf8_unicode_ci;

-- --------------------------------------------------------

--
-- Table structure for table `app_taxon_product_related`
--

CREATE TABLE `app_taxon_product_related` (
  `id` int(11) NOT NULL,
  `taxon_id` int(11) DEFAULT NULL
) ENGINE=InnoDB DEFAULT CHARSET=utf8 COLLATE=utf8_unicode_ci;

-- --------------------------------------------------------

--
-- Table structure for table `bitbag_cms_block`
--

CREATE TABLE `bitbag_cms_block` (
  `id` int(11) NOT NULL,
  `code` varchar(64) COLLATE utf8_unicode_ci NOT NULL,
  `type` varchar(64) COLLATE utf8_unicode_ci NOT NULL,
  `enabled` tinyint(1) NOT NULL
) ENGINE=InnoDB DEFAULT CHARSET=utf8 COLLATE=utf8_unicode_ci;

-- --------------------------------------------------------

--
-- Table structure for table `bitbag_cms_block_image`
--

CREATE TABLE `bitbag_cms_block_image` (
  `id` int(11) NOT NULL,
  `owner_id` int(11) DEFAULT NULL,
  `type` varchar(255) COLLATE utf8_unicode_ci DEFAULT NULL,
  `path` varchar(255) COLLATE utf8_unicode_ci NOT NULL
) ENGINE=InnoDB DEFAULT CHARSET=utf8 COLLATE=utf8_unicode_ci;

-- --------------------------------------------------------

--
-- Table structure for table `bitbag_cms_block_products`
--

CREATE TABLE `bitbag_cms_block_products` (
  `page_id` int(11) NOT NULL,
  `product_id` int(11) NOT NULL
) ENGINE=InnoDB DEFAULT CHARSET=utf8 COLLATE=utf8_unicode_ci;

-- --------------------------------------------------------

--
-- Table structure for table `bitbag_cms_block_sections`
--

CREATE TABLE `bitbag_cms_block_sections` (
  `block_id` int(11) NOT NULL,
  `section_id` int(11) NOT NULL
) ENGINE=InnoDB DEFAULT CHARSET=utf8 COLLATE=utf8_unicode_ci;

-- --------------------------------------------------------

--
-- Table structure for table `bitbag_cms_block_translation`
--

CREATE TABLE `bitbag_cms_block_translation` (
  `id` int(11) NOT NULL,
  `translatable_id` int(11) NOT NULL,
  `name` varchar(255) COLLATE utf8_unicode_ci DEFAULT NULL,
  `content` longtext COLLATE utf8_unicode_ci DEFAULT NULL,
  `link` longtext COLLATE utf8_unicode_ci DEFAULT NULL,
  `locale` varchar(255) COLLATE utf8_unicode_ci NOT NULL
) ENGINE=InnoDB DEFAULT CHARSET=utf8 COLLATE=utf8_unicode_ci;

-- --------------------------------------------------------

--
-- Table structure for table `bitbag_cms_faq`
--

CREATE TABLE `bitbag_cms_faq` (
  `id` int(11) NOT NULL,
  `code` varchar(255) COLLATE utf8_unicode_ci NOT NULL,
  `position` int(11) NOT NULL,
  `enabled` tinyint(1) NOT NULL
) ENGINE=InnoDB DEFAULT CHARSET=utf8 COLLATE=utf8_unicode_ci;

-- --------------------------------------------------------

--
-- Table structure for table `bitbag_cms_faq_translation`
--

CREATE TABLE `bitbag_cms_faq_translation` (
  `id` int(11) NOT NULL,
  `translatable_id` int(11) NOT NULL,
  `question` varchar(1500) COLLATE utf8_unicode_ci NOT NULL,
  `answer` longtext COLLATE utf8_unicode_ci NOT NULL,
  `locale` varchar(255) COLLATE utf8_unicode_ci NOT NULL
) ENGINE=InnoDB DEFAULT CHARSET=utf8 COLLATE=utf8_unicode_ci;

-- --------------------------------------------------------

--
-- Table structure for table `bitbag_cms_page`
--

CREATE TABLE `bitbag_cms_page` (
  `id` int(11) NOT NULL,
  `code` varchar(250) COLLATE utf8_unicode_ci NOT NULL,
  `enabled` tinyint(1) NOT NULL,
  `created_at` datetime DEFAULT NULL,
  `updated_at` datetime DEFAULT NULL
) ENGINE=InnoDB DEFAULT CHARSET=utf8 COLLATE=utf8_unicode_ci;

-- --------------------------------------------------------

--
-- Table structure for table `bitbag_cms_page_image`
--

CREATE TABLE `bitbag_cms_page_image` (
  `id` int(11) NOT NULL,
  `owner_id` int(11) DEFAULT NULL,
  `type` varchar(255) COLLATE utf8_unicode_ci DEFAULT NULL,
  `path` varchar(255) COLLATE utf8_unicode_ci NOT NULL
) ENGINE=InnoDB DEFAULT CHARSET=utf8 COLLATE=utf8_unicode_ci;

-- --------------------------------------------------------

--
-- Table structure for table `bitbag_cms_page_products`
--

CREATE TABLE `bitbag_cms_page_products` (
  `page_id` int(11) NOT NULL,
  `product_id` int(11) NOT NULL
) ENGINE=InnoDB DEFAULT CHARSET=utf8 COLLATE=utf8_unicode_ci;

-- --------------------------------------------------------

--
-- Table structure for table `bitbag_cms_page_sections`
--

CREATE TABLE `bitbag_cms_page_sections` (
  `block_id` int(11) NOT NULL,
  `section_id` int(11) NOT NULL
) ENGINE=InnoDB DEFAULT CHARSET=utf8 COLLATE=utf8_unicode_ci;

-- --------------------------------------------------------

--
-- Table structure for table `bitbag_cms_page_translation`
--

CREATE TABLE `bitbag_cms_page_translation` (
  `id` int(11) NOT NULL,
  `translatable_id` int(11) NOT NULL,
  `slug` varchar(255) COLLATE utf8_unicode_ci DEFAULT NULL,
  `name` varchar(255) COLLATE utf8_unicode_ci DEFAULT NULL,
  `meta_keywords` varchar(1000) COLLATE utf8_unicode_ci DEFAULT NULL,
  `meta_description` varchar(2000) COLLATE utf8_unicode_ci DEFAULT NULL,
  `content` longtext COLLATE utf8_unicode_ci DEFAULT NULL,
  `locale` varchar(255) COLLATE utf8_unicode_ci NOT NULL
) ENGINE=InnoDB DEFAULT CHARSET=utf8 COLLATE=utf8_unicode_ci;

-- --------------------------------------------------------

--
-- Table structure for table `bitbag_cms_section`
--

CREATE TABLE `bitbag_cms_section` (
  `id` int(11) NOT NULL,
  `code` varchar(250) COLLATE utf8_unicode_ci NOT NULL
) ENGINE=InnoDB DEFAULT CHARSET=utf8 COLLATE=utf8_unicode_ci;

-- --------------------------------------------------------

--
-- Table structure for table `bitbag_cms_section_translation`
--

CREATE TABLE `bitbag_cms_section_translation` (
  `id` int(11) NOT NULL,
  `translatable_id` int(11) NOT NULL,
  `name` varchar(255) COLLATE utf8_unicode_ci DEFAULT NULL,
  `locale` varchar(255) COLLATE utf8_unicode_ci NOT NULL
) ENGINE=InnoDB DEFAULT CHARSET=utf8 COLLATE=utf8_unicode_ci;

-- --------------------------------------------------------

--
-- Table structure for table `bitbag_shipping_export`
--

CREATE TABLE `bitbag_shipping_export` (
  `id` int(11) NOT NULL,
  `shipping_gateway_id` int(11) DEFAULT NULL,
  `shipment_id` int(11) DEFAULT NULL,
  `exported_at` datetime DEFAULT NULL,
  `label_path` varchar(255) COLLATE utf8_unicode_ci DEFAULT NULL,
  `state` varchar(255) COLLATE utf8_unicode_ci NOT NULL,
  `external_id` varchar(255) COLLATE utf8_unicode_ci DEFAULT NULL
) ENGINE=InnoDB DEFAULT CHARSET=utf8 COLLATE=utf8_unicode_ci;

--
-- Dumping data for table `bitbag_shipping_export`
--

INSERT INTO `bitbag_shipping_export` (`id`, `shipping_gateway_id`, `shipment_id`, `exported_at`, `label_path`, `state`, `external_id`) VALUES
(2, 39, 546, '2019-04-05 15:03:09', '/home/shoptest/public_html/web/shipping_labels/546_000000079.pdf', 'exported', NULL),
(4, 39, 548, '2019-04-24 10:46:37', '/home/shoptest/public_html/web/shipping_labels/548_000000004.pdf', 'exported', NULL),
(5, 38, 550, '2019-05-02 13:00:15', '/home/shoptest/public_html/web/shipping_labels/550_000000013.pdf', 'exported', NULL),
(6, 38, 553, '2019-05-07 07:28:17', '/home/shoptest/public_html/web/shipping_labels/553_000000021.pdf', 'exported', NULL),
(8, 38, 556, '2019-05-07 07:30:38', '/home/shoptest/public_html/web/shipping_labels/556_000000021.pdf', 'exported', NULL),
(9, 38, 557, '2019-05-07 08:22:18', '/home/shoptest/public_html/web/shipping_labels/557_000000024.pdf', 'exported', NULL),
(10, 38, 559, '2019-05-07 09:18:10', '/home/shoptest/public_html/web/shipping_labels/559_000000025.pdf', 'exported', NULL),
(11, 38, 560, '2019-05-09 09:19:46', '/home/shoptest/public_html/web/shipping_labels/560_000000027.pdf', 'exported', NULL),
(12, 38, 566, '2019-05-16 09:55:30', '/home/shoptest/public_html/web/shipping_labels/566_000000047.pdf', 'exported', NULL),
(13, 38, 567, '2019-05-16 10:07:24', '/home/shoptest/public_html/web/shipping_labels/567_000000048.pdf', 'exported', NULL),
(14, 38, 571, '2019-05-16 12:01:23', '/home/shoptest/public_html/web/shipping_labels/571_000000057.pdf', 'exported', NULL),
(15, 38, 580, '2019-05-18 11:18:14', '/home/shoptest/public_html/web/shipping_labels/580_000000046.pdf', 'exported', NULL),
(16, 38, 581, '2019-05-18 11:18:26', '/home/shoptest/public_html/web/shipping_labels/581_000000046.pdf', 'exported', NULL);

-- --------------------------------------------------------

--
-- Table structure for table `bitbag_shipping_gateway`
--

CREATE TABLE `bitbag_shipping_gateway` (
  `id` int(11) NOT NULL,
  `code` varchar(255) COLLATE utf8_unicode_ci NOT NULL,
  `config` longtext COLLATE utf8_unicode_ci NOT NULL COMMENT '(DC2Type:json_array)',
  `name` varchar(255) COLLATE utf8_unicode_ci NOT NULL
) ENGINE=InnoDB DEFAULT CHARSET=utf8 COLLATE=utf8_unicode_ci;

--
-- Dumping data for table `bitbag_shipping_gateway`
--

INSERT INTO `bitbag_shipping_gateway` (`id`, `code`, `config`, `name`) VALUES
(38, 'app_dhl_shipping_gateway', '{\"gatewayName\":\"DHL AE\",\"mode\":\"staging\",\"dhlId\":\"bimmertech\",\"pass\":\"AX7SVGkWmi\",\"shipperAccountNumber\":\"954268699\",\"regionCode\":\"AP\",\"company\":\"Bimmer Tech\",\"countryCode\":\"AE\",\"name\":\"Bimmer Tech\",\"phone\":\"+971521509404\",\"postalCode\":\"26534\",\"city\":\"Dubai\",\"address\":\"Lob15 #239, Jafza, Dubai\",\"bitbagUiLabel\":\"DHL Gateway AE\"}', 'Bimmer Tech'),
(39, 'app_dhl_shipping_gateway', '{\"gatewayName\":\"DHL PL\",\"mode\":\"staging\",\"dhlId\":\"bimmertech\",\"pass\":\"AX7SVGkWmi\",\"shipperAccountNumber\":\"954268699\",\"regionCode\":\"AP\",\"company\":\"Bimmer Tech\",\"countryCode\":\"PL\",\"name\":\"Bimmer Tech\",\"phone\":\"+971521509404\",\"postalCode\":\"26534\",\"city\":\"Warsaw\",\"address\":\"Serwituty 25, Warsaw, Poland\",\"bitbagUiLabel\":\"DHL Gateway PL\"}', 'Bimmer Tech');

-- --------------------------------------------------------

--
-- Table structure for table `bitbag_shipping_gateway_method`
--

CREATE TABLE `bitbag_shipping_gateway_method` (
  `shipping_gateway_id` int(11) NOT NULL,
  `shipping_method_id` int(11) NOT NULL
) ENGINE=InnoDB DEFAULT CHARSET=utf8 COLLATE=utf8_unicode_ci;

--
-- Dumping data for table `bitbag_shipping_gateway_method`
--

INSERT INTO `bitbag_shipping_gateway_method` (`shipping_gateway_id`, `shipping_method_id`) VALUES
(38, 75),
(39, 74);

-- --------------------------------------------------------

--
-- Table structure for table `car_model`
--

CREATE TABLE `car_model` (
  `id` int(11) NOT NULL,
  `title` varchar(255) COLLATE utf8_unicode_ci NOT NULL,
  `code` varchar(255) COLLATE utf8_unicode_ci NOT NULL,
  `year` varchar(255) COLLATE utf8_unicode_ci NOT NULL,
  `label` varchar(255) COLLATE utf8_unicode_ci DEFAULT NULL,
  `model` varchar(255) COLLATE utf8_unicode_ci DEFAULT NULL,
  `series` varchar(255) COLLATE utf8_unicode_ci DEFAULT NULL
) ENGINE=InnoDB DEFAULT CHARSET=utf8 COLLATE=utf8_unicode_ci;

--
-- Dumping data for table `car_model`
--

INSERT INTO `car_model` (`id`, `title`, `code`, `year`, `label`, `model`, `series`) VALUES
(221, '1 Series Convertible E88 (2006-2013)', 'e88', '2010', 'BMW \'06 - \'13 1-Series', 'Convertible E88', '1 series'),
(222, '1 Series Coupé E82 (2006-2013)', 'e82', '2010', 'BMW \'06 - \'13 1-Series', 'Coupé E82', '1 series'),
(223, '1 Series 3-door Hatchback E81 (2006-2011)', 'e81', '2010', 'BMW \'06 - \'11 1-Series', 'Hatchback E81', '1 series'),
(224, '1 Series 5-door Hatchback E87 (2006-2011)', 'e87', '2010', 'BMW \'06 - \'11 1-Series', 'Hatchback E87', '1 series'),
(225, '1 Series 5-door Hatchback F20 (2010-2018)', 'f20', '2010', 'BMW \'10 - \'18 1 - Series', 'Hatchback F20', '1 series'),
(226, '1 Series 3 - door Hatchback F21(2010 - 2018)', 'f21', '2010', 'BMW \'10 - \'18 1-Series', 'Hatchback F21', '1 series'),
(227, '1 Series Sedan F52 (2015-2018)', 'f52', '2015', 'BMW \'15 - \'18 1-Series', 'Hatchback F52', '1 series'),
(228, '2 Series Active tourer F45 (2013-2018)', 'f45', '2015', 'BMW \'13 - \'18 2-Series', 'Active tourer F45', '2 series'),
(229, '2 Series Convertible F23 (2014-2018)', 'f23', '2015', 'BMW \'14 - \'18 2-Series', 'Convertible F23', '2 series'),
(230, '2 Series Coupe F22 (2012-2018)', 'f22', '2015', 'BMW \'12 - \'18 2-Series', 'Coupe F22', '2 series'),
(231, '2 Series Coupe M2 F87 (2014-2018)', 'f87', '2015', 'BMW \'14 - \'18 2-Series', 'Coupe M2 F87', '2 series'),
(232, '2 Series Grand Tourer F46 (2014-2018)', 'f46', '2015', 'BMW \'14 - \'18 2-Series', 'Grand Tourer F46', '2 series'),
(233, '3 Series Coupe E92 (2005-2013)', 'e92', '2010', 'BMW \'05 - \'13 3 - Series', 'Coupe E92', '3 series'),
(234, '3 Series Convertible E93(2005 - 2013)', 'e93', '2010', 'BMW \'05 - \'13 3 - Series', 'Convertible E93', '3 series'),
(235, '3 Series Gran Turismo F34(2012 - 2018)', 'f34', '2015', 'BMW \'12 - \'18 3 - Series', 'Gran Turismo F34', '3 series'),
(236, '3 Series Sedan E90(2004 - 2012)', 'e90', '2010', 'BMW \'04 - \'12 3 - Series', 'Sedan E90', '3 series'),
(237, '3 Series Sedan F30(2011 - 2018)', 'f30', '2015', 'BMW \'11 - \'18 3 - Series', 'Sedan F30', '3 series'),
(238, '3 Series Sedan F35(2011 - 2018)', 'f35', '2015', 'BMW \'11 - \'18 3 - Series', 'Sedan F35', '3 series'),
(239, '3 Series Sedan M3 F80(2012 - 2018)', 'f80', '2015', 'BMW \'12 - \'18 3 - Series', 'Sedan M3 F80', '3 series'),
(240, '3 Series Touring E91(2004 - 2012)', 'e91', '2010', 'BMW \'04 - \'12 3 - Series', 'Touring E91', '3 series'),
(241, '3 Series Touring F31(2011 - 2018)', 'f31', '2015', 'BMW \'11 - \'18 3 - Series', 'Touring F31', '3 series'),
(242, '4 Series Convertible F33(2013 - 2017)', 'f33', '2015', 'BMW \'13 - \'17 4-Series', 'Convertible F33', '4 series'),
(243, '4 Series Coupé F32 (2012-2018)', 'f32', '2015', 'BMW \'12 - \'18 4-Series', 'Coupé F32', '4 series'),
(244, '4 Series Gran Coupé F36 (2013-2018)', 'f36', '2015', 'BMW \'13 - \'18 4-Series', 'Gran Coupé F36', '4 series'),
(245, '4 Series M4 Convertible F83 (2013-2018)', 'f83', '2015', 'BMW \'13 - \'18 4-Series', 'M4 Convertible F83', '4 series'),
(246, '4 Series M4 Coupé F82 (2013-2018)', 'f82', '2015', 'BMW \'13 - \'18 4-Series', 'M4 Coupé F82', '4 series'),
(247, '5 Series Gran Turismo F07 (2008-2017)', 'f07', '2015', 'BMW \'08 - \'17 5-Series', 'Gran Turismo F07', '5 series'),
(248, '5 Series Sedan E60 (2001-2010)', 'e60', '2010', 'BMW \'01 - \'10 5-Series', 'Sedan E60', '5 series'),
(249, '5 Series Sedan F10 (2009-2016)', 'f10', '2015', 'BMW \'09 - \'16 5-Series', 'Sedan F10', '5 series'),
(250, '5 Series Sedan G30 (2015-2018)', 'g30', '2015', 'BMW \'15 - \'18 5-Series', 'Sedan G30', '5 series'),
(251, '5 Series Sedan M5 F90 (2016-2018)', 'm5', '2016', 'BMW \'16 - \'18 5-Series', 'Sedan M5 F90', '5 series'),
(252, '5 Series Touring G31 (2016-2018)', 'g31', '2016', 'BMW \'16 - \'18 5-Series', 'Touring G31', '5 series'),
(253, '5 Series Wagon E61 (2002-2010)', 'e61', '2010', 'BMW \'02 - \'10 5-Series', 'Wagon E61', '5 series'),
(254, '5 Series Wagon F11 (2009-2017)', 'f11', '2015', 'BMW \'09 - \'17 5-Series', 'Wagon F11', '5 series'),
(255, '6 Series Convertible E64 (2002-2010)', 'e64', '2010', 'BMW \'02 - \'10 6-Series', 'Convertible E64', '6 series'),
(256, '6 Series Convertible F12 (2009-2018)', 'f12', '2015', 'BMW \'09 - \'18 6-Series', 'Convertible F12', '6 series'),
(257, '6 Series Coupé E63 (2002-2010)', 'e63', '2010', 'BMW \'02 - \'10 6-Series', 'Coupé E63', '6 series'),
(258, '6 Series Coupé F13 (2010-2015)', 'f13', '2015', 'BMW \'10 - \'15 6-Series', 'Coupé F13', '6 series'),
(259, '6 Series Gran Coupé F06 (2011-2018)', 'f06', '2015', 'BMW \'11 - \'18 6-Series', 'Gran Coupé F06', '6 series'),
(260, '6 Series Gran Turismo G32 (2016-2018)', 'g32', '2016', 'BMW \'16 - \'18 6-Series', 'Gran Turismo G32', '6 series'),
(261, '7 Series Hybrid F04 (2008-2012)', 'f04', '2010', 'BMW \'08 - \'12 7-Series', 'Series Hybrid F04', '7 series'),
(262, '7 Series Long Sedan E66 (2000-2008)', 'e66', '2008', 'BMW \'00 - \'08 7-Series', 'Long Sedan E66', '7 series'),
(263, '7 Series Long Sedan E67 (2002-2008)', 'e67', '2008', 'BMW \'02 - \'08 7-Series', 'Long Sedan E67', '7 series'),
(264, '7 Series Long Sedan F02 (2007-2015)', 'f02', '2015', 'BMW \'07 - \'15 7-Series', 'Long Sedan F02', '7 series'),
(265, '7 Series Long Sedan F03 (2008-2012)', 'f03', '2010', 'BMW \'08 - \'12 7-Series', 'Long Sedan F03', '7 series'),
(266, '7 Series Long Sedan G12 (2014-2018)', 'g12', '2015', 'BMW \'14 - \'18 7-Series ', 'Long Sedan G12', '7 series'),
(267, '7 Series Sedan E65 (2000-2008)', 'e65', '2008', 'BMW \'00 - \'08 7-Series', 'Sedan E65', '7 series'),
(268, '7 Series Sedan F01 (2007-2015)', 'f01', '2015', 'BMW \'07 - \'15 7-Series', 'Sedan F01', '7 series'),
(269, '7 Series Sedan G11 (2014-2018)', 'g11', '2015', 'BMW \'14 - \'18 7-Series', 'Sedan G12', '7 series'),
(270, 'I3 (I01) (2013-2018)', 'i01', '2015', 'BMW \'12 - \'18 I3', 'I3 (I01)', 'I3 series'),
(271, 'X1 Series Crossover E84 (2008-2015)', 'e84', '2015', 'BMW \'08 - \'15 X1', 'Crossover E84', 'X1'),
(272, 'X1 Series Crossover F48 (2014-2018)', 'f48', '2015', 'BMW \'14 - \'18 X1', 'Crossover F48', 'X1'),
(273, 'X1 Series Crossover F49 (2014-2018)', 'f49', '2015', 'BMW \'14 - \'18 X1', 'Crossover F49', 'X1'),
(274, 'X2 Series SUV F39 (2016-2018)', 'f39', '2016', 'BMW \'16 - \'18 X2', 'SUV F39', 'X2'),
(275, 'X3 Series SUV E83 (2003-2010)', 'e83', '2010', 'BMW \'03 - \'10 X3', 'SUV E83', 'X3'),
(276, 'X3 Series SUV F25 (2009-2017)', 'f25', '2015', 'BMW \'09 - \'17 X3', 'SUV F25', 'X3'),
(277, 'X3 Series SUV G01 (2016-2018)', 'g01', '2016', 'BMW \'16 - \'18 X3', 'SUV G01', 'X3'),
(278, 'X4 Series Crossover F26 (2013-2018)', 'f26', '2015', 'BMW \'13 - \'18 X4', 'Crossover F26', 'X4'),
(279, 'X5 Series SUV E70 (2006-2013)', 'e70', '2010', 'BMW \'06 - \'13 X5', 'SUV E70', 'X5'),
(280, 'X5 Series SUV F15 (2012-2018)', 'f15', '2015', 'BMW \'12 - \'18 X5', 'SUV F15', 'X5'),
(281, 'X5 Series SUV F85 (2013-2018)', 'f85', '2015', 'BMW \'13 - \'18 X5', 'SUV F85', 'X5'),
(282, 'X5 Series SUV G05 (2017-2019)', 'f85', '2018', 'BMW \'17 - \'19 X5', 'SUV G05', 'X5'),
(283, 'X6 Series Crossover E71 (2007-2014)', 'e71', '2010', 'BMW \'07 - \'14 X6', 'Crossover E71', 'X6'),
(284, 'X6 Series Crossover F16 (2013-2018)', 'f16', '2015', 'BMW \'13 - \'18 X6', 'Crossover F16', 'X6'),
(285, 'X6 Series Crossover M F86 (2013-2018)', 'f86', '2015', 'BMW \'13 - \'18 X6', 'Crossover M F86', 'X6'),
(286, 'X6 Series Hybrid E72 (2008-2011)', 'e72', '2010', 'BMW \'08 - \'11 X6', 'Hybrid E72', 'X6'),
(287, 'Z4 Series Roadster E89 (2008-2016)', 'e89', '2015', 'BMW \'08 - \'16 Z4', ' Roadster E89', 'Z4'),
(288, 'Mini Clubman F54', 'f54', '2015', 'MINI F54', 'Clubman F54', 'Mini'),
(289, 'Mini F55', 'f55', '2015', 'MINI F55', 'F55', 'Mini'),
(290, 'Mini F56', 'f56', '2015', 'MINI F56', 'F56', 'Mini'),
(291, 'Mini Convertible F57', 'f57', '2018', 'MINI F57', 'Convertible F57', 'Mini'),
(292, 'Mini Countryman F60', 'f60', '2017', 'MINI F60', 'Countryman F60', 'Mini'),
(293, 'Mini Paceman R60', 'r60', '2017', 'MINI R60', 'Paceman R60', 'Mini'),
(294, 'Mini Paceman R61', 'r61', '2017', 'MINI R61', 'Paceman R61', 'Mini');

-- --------------------------------------------------------

--
-- Table structure for table `comment`
--

CREATE TABLE `comment` (
  `id` int(11) NOT NULL,
  `subject_id` int(11) DEFAULT NULL,
  `user_id` int(11) DEFAULT NULL,
  `order_id` int(11) DEFAULT NULL,
  `comment` longtext COLLATE utf8_unicode_ci DEFAULT NULL,
  `date` datetime NOT NULL
) ENGINE=InnoDB DEFAULT CHARSET=utf8 COLLATE=utf8_unicode_ci;

-- --------------------------------------------------------

--
-- Table structure for table `dropdownoption_orderitem`
--

CREATE TABLE `dropdownoption_orderitem` (
  `dropdownoption_id` int(11) NOT NULL,
  `orderitem_id` int(11) NOT NULL
) ENGINE=InnoDB DEFAULT CHARSET=utf8 COLLATE=utf8_unicode_ci;

-- --------------------------------------------------------

--
-- Table structure for table `faq_header`
--

CREATE TABLE `faq_header` (
  `id` int(11) NOT NULL,
  `name` varchar(255) COLLATE utf8_unicode_ci DEFAULT NULL,
  `code` varchar(255) COLLATE utf8_unicode_ci DEFAULT NULL,
  `position` int(11) DEFAULT NULL
) ENGINE=InnoDB DEFAULT CHARSET=utf8 COLLATE=utf8_unicode_ci;

--
-- Dumping data for table `faq_header`
--

INSERT INTO `faq_header` (`id`, `name`, `code`, `position`) VALUES
(1, 'Installation & Support', 'installation_tech_support', 3),
(2, 'Payment & Delivery', 'payment_delivery', 2),
(3, 'Returns & Refunds', 'returns_and_refunds', 4),
(4, 'Your order', 'your_order', 1);

-- --------------------------------------------------------

--
-- Table structure for table `faq_question`
--

CREATE TABLE `faq_question` (
  `id` int(11) NOT NULL,
  `code` varchar(255) COLLATE utf8_unicode_ci DEFAULT NULL,
  `position` int(11) DEFAULT NULL,
  `enabled` tinyint(1) DEFAULT NULL,
  `question` varchar(1500) COLLATE utf8_unicode_ci DEFAULT NULL,
  `answer` longtext COLLATE utf8_unicode_ci DEFAULT NULL,
  `header_id` int(11) DEFAULT NULL
) ENGINE=InnoDB DEFAULT CHARSET=utf8 COLLATE=utf8_unicode_ci;

--
-- Dumping data for table `faq_question`
--

INSERT INTO `faq_question` (`id`, `code`, `position`, `enabled`, `question`, `answer`, `header_id`) VALUES
(73, 'Vertical', 0, 1, 'Where to find the information about my order?', '<p>If you place an order, the system automatically creates an account for you. To learn any information about your order, please log into your account in the top right corner of the website. Navigate to the Orders tab where you can find such info as the Order ID, Payment Status, Shipping Status, etc.</p>', 4),
(74, 'Vertical', 3, 1, 'Where can I find the password to log into my account?', '<p>If you place an order or just register on our website, after typing in your email address twice, you get a confirmation email. It contains a link that is used to confirm your email address and an automatically generated password that you can use to sign in.\nYou can change the password in your account, in the Change Password tab.\nPlease note that you won’t be able to log in without confirming your email address. </p>', 4),
(75, 'Vertical', 4, 1, 'Why can’t I log into my account?', '<p>If you can’t log into your account, it means you haven’t confirmed your email address.\nWhen you place an order or just register on our website, after typing in your email address twice, you get a confirmation email. It contains a link that is used to confirm your email address and an automatically generated password that you can use to sign in.\nIf you can’t locate this email in your inbox, check the spam folder. If it isn’t there either, go to the Log in tab in the top right corner, type in your email and press Enter. There will be a message with a link to resend this email. After you click it, you need to input your email address once more.\nAfter this process, the confirmation email should be in your inbox where you will be able to confirm your email address.</p>', 4),
(76, 'Vertical', 5, 1, 'What’s my order status?', '<p>Log into your personal account in the top right corner of the website and navigate to the Orders tab. The 3rd column will inform you about your order status.</p>', 4),
(77, 'Vertical', 6, 1, 'How to find my order number?', '<p>Log into personal account in the top right corner of the website and navigate to the Orders tab. The 1st column will contain the Order ID which is your order number. </p>', 4),
(78, 'Vertical', 7, 1, 'Can I change my shipping address after I’ve completed the order?', '<p>If you would like to change the shipping destination after the order is placed, please contact us at info@bimmer-tech.net with your order number as soon as possible for details. Please note that we can only ship to a PayPal registered address.</p>', 4),
(79, 'Vertical', 8, 1, 'How can I change / add / remove items in my order?', '<p>Contact us at info@bimmer-tech.net with your order number and we will handle it.</p>', 4),
(80, 'Vertical', 9, 1, 'How do I cancel my order?', '<p>Contact us at info@bimmer-tech.net with your order number and we will handle it.</p>', 4),
(81, 'Vertical', 1, 1, 'What does the status “Backorder” mean?', '<p>It means that product is out of stock and we&rsquo;re waiting for delivery. You will be notified when we have it in stock again - you&rsquo;ll receive an email with the parcel tracking number. The status in your personal account will also change in the Orders tab.</p>', 4),
(82, 'Vertical', 2, 1, 'Why is my order partially shipped?', '<p>This situation may appear in 2 cases: When you ordered several products and some of them ship from different locations; When you ordered several products and some of them are out of stock at the moment. When everything is sent, the status will change to Shipped.</p>', 4),
(83, 'Vertical', 12, 1, 'How can I pay for my order?', '<p>All the payments on our website are done through the PayPal paying system. While placing an order, you will be redirected to the PayPal website to complete your payment. On the PayPal website you can log in to your PayPal account, select one of your existing shipping addresses or add a new one and pay for your order.</p>', 2),
(84, 'Vertical', 13, 1, 'If I don\'t have PayPal, can I pay by card?', '<p>Yes, you can. If you don’t have a PayPal account or just prefer to pay directly with your credit or debit card, click \"Pay with Debit or Credit Card\" on the PayPal website.</p>', 2),
(85, 'Vertical', 14, 1, 'PayPal isn’t supported in my country. Can I still order from you?', '<p>If PayPal doesn’t work or is blocked in your country, you can pay for your order using a wire transfer.\nIf this is your case, write an email to info@bimmer-tech.net and our sales representatives will guide you step-by-step through the process.</p>', 2),
(86, 'Vertical', 15, 1, 'How will I know you have received my payment?', '<p>You can log into your account, navigate to the Orders tab and check the Payment Status column. When we receive the payment, the status will be changed to Paid.</p>', 2),
(87, 'Vertical', 16, 1, 'Where don’t you ask for the delivery address when I place an order?', '<p>We ship only to PayPal registered addresses. While placing an order, you will be redirected to the PayPal website to complete your payment. On the PayPal website you can log in to your PayPal account, select one of your existing shipping addresses or add a new one.</p>', 2),
(88, 'Vertical', 17, 1, 'Where is my order being sent from?', '<p>Most of our products are shipped from our headquarters in Dubai, UAE. However, certain upgrades can also be sent from Warsaw, Poland, or Orlando, USA.</p>', 2),
(89, 'Vertical', 18, 1, 'How much does the delivery cost?', '<p>We provide free worldwide delivery.\nHowever, the delivery & handling don’t include duties, import taxes and brokerage fees, if applicable. We do what we can to comply with the value limits, but they vary widely from country to country. Please check with your local customs agency for details on estimated costs.</p>', 2),
(90, 'Vertical', 19, 1, 'How long does the delivery usually take?', '<p>Our standard delivery time is 2-5 business days. It might take longer than that if the retrofit you’ve ordered  is out of stock. If such a situation takes place, you will be informed and the Shipping & Order Status in your personal account will be changed accordingly. </p>', 2),
(91, 'Vertical', 20, 1, 'Where can I find my parcel tracking number?', '<p>Log into your personal account in the top right corner of the website and navigate to the Orders tab. Under the Shipping status you will find the tracking numbers for all items in your order.</p>', 2),
(92, 'Vertical', 21, 1, 'Why do I need to pay to DHL if the delivery is free?', '<p>The delivery is free. But we don’t cover duties, import taxes and brokerage fees, if applicable.We do what we can to comply with the value limits, but they vary widely from country to country, and even low value items might be subject to import tax. Please check with your local customs agency for details on estimated costs.</p>', 2),
(93, 'Vertical', 22, 1, 'How are the USB coding options delivered?', '<p>If you order USB coding options for your car, they are delivered via email in a form of a link for download together with instructions. No physical delivery is involved.</p>', 2),
(94, 'Vertical', 23, 1, 'How are the cable coding options delivered?', '<p>If you order cable coding options for your car, we send out a coding interface together with instructions. After it is delivered in 2-3 business days, you can schedule a remote coding session during which our technician activates the features you ordered.</p>', 2),
(95, 'Vertical', 24, 1, 'How is the Navigation Map Update delivered?', '<p>After you’ve placed an order and completed the payment, we ship a USB stick with a map update on it.</p>', 2);

-- --------------------------------------------------------

--
-- Table structure for table `jms_cron_jobs`
--

CREATE TABLE `jms_cron_jobs` (
  `id` int(10) UNSIGNED NOT NULL,
  `command` varchar(200) COLLATE utf8_unicode_ci NOT NULL,
  `lastRunAt` datetime NOT NULL
) ENGINE=InnoDB DEFAULT CHARSET=utf8 COLLATE=utf8_unicode_ci;

-- --------------------------------------------------------

--
-- Table structure for table `jms_jobs`
--

CREATE TABLE `jms_jobs` (
  `id` bigint(20) UNSIGNED NOT NULL,
  `state` varchar(15) COLLATE utf8_unicode_ci NOT NULL,
  `queue` varchar(50) COLLATE utf8_unicode_ci NOT NULL,
  `priority` smallint(6) NOT NULL,
  `createdAt` datetime NOT NULL,
  `startedAt` datetime DEFAULT NULL,
  `checkedAt` datetime DEFAULT NULL,
  `workerName` varchar(50) COLLATE utf8_unicode_ci DEFAULT NULL,
  `executeAfter` datetime DEFAULT NULL,
  `closedAt` datetime DEFAULT NULL,
  `command` varchar(255) COLLATE utf8_unicode_ci NOT NULL,
  `args` longtext COLLATE utf8_unicode_ci NOT NULL COMMENT '(DC2Type:json_array)',
  `output` longtext COLLATE utf8_unicode_ci DEFAULT NULL,
  `errorOutput` longtext COLLATE utf8_unicode_ci DEFAULT NULL,
  `exitCode` smallint(5) UNSIGNED DEFAULT NULL,
  `maxRuntime` smallint(5) UNSIGNED NOT NULL,
  `maxRetries` smallint(5) UNSIGNED NOT NULL,
  `stackTrace` longblob DEFAULT NULL COMMENT '(DC2Type:jms_job_safe_object)',
  `runtime` smallint(5) UNSIGNED DEFAULT NULL,
  `memoryUsage` int(10) UNSIGNED DEFAULT NULL,
  `memoryUsageReal` int(10) UNSIGNED DEFAULT NULL,
  `originalJob_id` bigint(20) UNSIGNED DEFAULT NULL
) ENGINE=InnoDB DEFAULT CHARSET=utf8 COLLATE=utf8_unicode_ci;

--
-- Dumping data for table `jms_jobs`
--

INSERT INTO `jms_jobs` (`id`, `state`, `queue`, `priority`, `createdAt`, `startedAt`, `checkedAt`, `workerName`, `executeAfter`, `closedAt`, `command`, `args`, `output`, `errorOutput`, `exitCode`, `maxRuntime`, `maxRetries`, `stackTrace`, `runtime`, `memoryUsage`, `memoryUsageReal`, `originalJob_id`) VALUES
(43, 'finished', 'default', 0, '2019-05-14 18:48:00', '2019-05-14 18:48:40', '2019-05-14 18:48:40', 'host.bimmer-tech.net-2', '2019-05-14 18:48:00', '2019-05-14 18:48:47', 'app:send-email', '[\"mykola.fedan@gmail.com\",\"app_abandonded_cart\",\"719\"]', 'Send\n', '', 0, 0, 5, 0x4e3b, 7, 36031592, 37748736, NULL),
(44, 'finished', 'default', 0, '2019-05-14 19:10:58', '2019-05-15 19:12:01', '2019-05-15 19:12:01', 'host.bimmer-tech.net-2', '2019-05-15 19:10:58', '2019-05-15 19:12:04', 'app:send-email', '[\"mykola.fedan@gmail.com\",\"app_abandonded_cart\",\"719\"]', 'Send\n', '', 0, 0, 5, 0x4e3b, 3, 36031592, 37748736, NULL),
(45, 'finished', 'default', 0, '2019-05-14 10:39:17', '2019-05-15 10:40:15', '2019-05-15 10:40:15', 'host.bimmer-tech.net-2', '2019-05-14 10:39:17', '2019-05-15 10:40:18', 'app:send-email', '[\"julia.koval@bimmer-tech.net\",\"app_abandonded_cart\",\"720\"]', 'Send\n', '', 0, 0, 5, 0x4e3b, 3, 36032800, 37748736, NULL),
(46, 'finished', 'default', 0, '2019-05-16 08:20:38', '2019-05-16 08:20:40', '2019-05-16 08:20:40', 'host.bimmer-tech.net-2', '2019-05-16 08:20:37', '2019-05-16 08:20:48', 'app:send-email', '[\"bohdan.rokobit@gmail.com\",\"shop_user_payment_close\",\"Jun Winter\"]', 'app:send-email\nbohdan.rokobit@gmail.com\nshop_user_payment_close\nJun Winter\n', '', 0, 0, 5, 0x4e3b, 8, 42440792, 44040192, NULL),
(47, 'finished', 'default', 0, '2019-05-16 12:31:32', '2019-05-17 12:32:01', '2019-05-17 12:32:01', 'host.bimmer-tech.net-2', '2019-05-17 12:31:32', '2019-05-17 12:32:04', 'app:send-email', '[\"christina.ryzhnitsyna@bimmer-tech.net\",\"app_abandonded_cart\",\"744\"]', 'Send\n', '', 0, 0, 5, 0x4e3b, 3, 37214872, 37748736, NULL),
(48, 'finished', 'default', 0, '2019-05-16 12:39:33', '2019-05-17 12:40:02', '2019-05-17 12:40:02', 'host.bimmer-tech.net-2', '2019-05-17 12:39:33', '2019-05-17 12:40:05', 'app:send-email', '[\"christina.ryzhnitsyna@bimmer-tech.net\",\"app_abandonded_cart\",\"745\"]', 'Send\n', '', 0, 0, 5, 0x4e3b, 3, 36032776, 37748736, NULL),
(49, 'finished', 'default', 0, '2019-05-16 13:10:10', '2019-05-17 13:10:12', '2019-05-17 13:10:12', 'host.bimmer-tech.net-2', '2019-05-17 13:10:10', '2019-05-17 13:10:15', 'app:send-email', '[\"christinaryzhnitsyna@gmail.com\",\"app_abandonded_cart\",\"747\"]', 'Send\n', '', 0, 0, 5, 0x4e3b, 3, 36084072, 37748736, NULL),
(50, 'finished', 'default', 0, '2019-05-16 13:11:33', '2019-05-17 13:12:01', '2019-05-17 13:12:01', 'host.bimmer-tech.net-2', '2019-05-17 13:11:33', '2019-05-17 13:12:04', 'app:send-email', '[\"christinaryzhnitsyna@gmail.com\",\"app_abandonded_cart\",\"748\"]', 'Send\n', '', 0, 0, 5, 0x4e3b, 3, 36032736, 37748736, NULL),
(51, 'finished', 'default', 0, '2019-05-17 09:36:51', '2019-05-18 09:38:01', '2019-05-18 09:38:01', 'host.bimmer-tech.net-2', '2019-05-18 09:36:51', '2019-05-18 09:38:04', 'app:send-email', '[\"christinaryzhnitsyna@gmail.com\",\"app_abandonded_cart\",\"752\"]', 'Send\n', '', 0, 0, 5, 0x4e3b, 3, 36032736, 37748736, NULL);

-- --------------------------------------------------------

--
-- Table structure for table `jms_job_dependencies`
--

CREATE TABLE `jms_job_dependencies` (
  `source_job_id` bigint(20) UNSIGNED NOT NULL,
  `dest_job_id` bigint(20) UNSIGNED NOT NULL
) ENGINE=InnoDB DEFAULT CHARSET=utf8 COLLATE=utf8_unicode_ci;

-- --------------------------------------------------------

--
-- Table structure for table `jms_job_related_entities`
--

CREATE TABLE `jms_job_related_entities` (
  `job_id` bigint(20) UNSIGNED NOT NULL,
  `related_class` varchar(150) COLLATE utf8_unicode_ci NOT NULL,
  `related_id` varchar(100) COLLATE utf8_unicode_ci NOT NULL
) ENGINE=InnoDB DEFAULT CHARSET=utf8 COLLATE=utf8_unicode_ci;

-- --------------------------------------------------------

--
-- Table structure for table `jms_job_statistics`
--

CREATE TABLE `jms_job_statistics` (
  `job_id` bigint(20) UNSIGNED NOT NULL,
  `characteristic` varchar(30) COLLATE utf8_unicode_ci NOT NULL,
  `createdAt` datetime NOT NULL,
  `charValue` double NOT NULL
) ENGINE=InnoDB DEFAULT CHARSET=utf8 COLLATE=utf8_unicode_ci;

-- --------------------------------------------------------

--
-- Table structure for table `productvariant_productoptionvalueinterface`
--

CREATE TABLE `productvariant_productoptionvalueinterface` (
  `productvariant_id` int(11) NOT NULL,
  `productoptionvalueinterface_id` int(11) NOT NULL
) ENGINE=InnoDB DEFAULT CHARSET=utf8 COLLATE=utf8_unicode_ci;

-- --------------------------------------------------------

--
-- Table structure for table `product_drop_down`
--

CREATE TABLE `product_drop_down` (
  `product_id` int(11) NOT NULL,
  `drop_down_id` int(11) NOT NULL
) ENGINE=InnoDB DEFAULT CHARSET=utf8 COLLATE=utf8_unicode_ci;

--
-- Dumping data for table `product_drop_down`
--

INSERT INTO `product_drop_down` (`product_id`, `drop_down_id`) VALUES
(417, 8),
(417, 19),
(476, 36),
(483, 8),
(483, 20),
(484, 8),
(484, 21),
(485, 8),
(485, 22),
(486, 8),
(486, 23),
(487, 8),
(487, 37),
(488, 8),
(488, 25),
(489, 8),
(489, 26),
(525, 38),
(527, 27),
(528, 28),
(539, 30),
(562, 39),
(590, 32),
(591, 33),
(594, 34),
(597, 31),
(602, 31),
(603, 31),
(604, 31);

-- --------------------------------------------------------

--
-- Table structure for table `product_popup_option`
--

CREATE TABLE `product_popup_option` (
  `product_id` int(11) NOT NULL,
  `popup_option_id` int(11) NOT NULL
) ENGINE=InnoDB DEFAULT CHARSET=utf8 COLLATE=utf8_unicode_ci;

--
-- Dumping data for table `product_popup_option`
--

INSERT INTO `product_popup_option` (`product_id`, `popup_option_id`) VALUES
(417, 6),
(417, 7),
(418, 8),
(418, 9),
(418, 10),
(420, 8),
(420, 9),
(420, 10),
(454, 9),
(454, 17),
(455, 9),
(455, 17),
(462, 8),
(462, 10),
(462, 19),
(465, 8),
(465, 10),
(465, 19),
(466, 8),
(466, 10),
(466, 19),
(467, 8),
(467, 10),
(467, 19),
(468, 8),
(468, 10),
(468, 19),
(469, 8),
(469, 10),
(469, 19),
(469, 20),
(483, 6),
(483, 7),
(484, 6),
(484, 7),
(485, 6),
(485, 7),
(486, 6),
(486, 7),
(487, 6),
(487, 7),
(488, 6),
(488, 7),
(489, 6),
(489, 7),
(492, 15),
(492, 20),
(492, 21),
(492, 22),
(492, 23),
(497, 15),
(497, 20),
(497, 21),
(497, 22),
(497, 23),
(499, 15),
(499, 20),
(499, 21),
(499, 22),
(499, 23),
(501, 15),
(501, 20),
(501, 21),
(501, 22),
(501, 23),
(503, 15),
(503, 20),
(503, 21),
(503, 22),
(503, 23),
(505, 15),
(505, 20),
(505, 21),
(505, 22),
(505, 23),
(506, 15),
(506, 20),
(506, 21),
(506, 22),
(506, 23),
(508, 15),
(508, 20),
(508, 21),
(508, 22),
(508, 23),
(510, 15),
(510, 20),
(510, 21),
(510, 22),
(510, 23),
(511, 15),
(511, 20),
(511, 21),
(511, 22),
(511, 23),
(512, 9),
(512, 19),
(515, 9),
(515, 19),
(517, 9),
(517, 19),
(520, 9),
(520, 19),
(523, 20),
(523, 24),
(524, 20),
(525, 20),
(526, 20),
(527, 20),
(528, 20),
(529, 18),
(529, 20),
(529, 25),
(530, 8),
(530, 18),
(530, 19),
(530, 26),
(531, 8),
(531, 9),
(531, 19),
(531, 26),
(532, 8),
(532, 18),
(532, 26),
(532, 27),
(538, 13),
(538, 14),
(538, 28),
(538, 29),
(538, 30),
(539, 20),
(541, 20),
(543, 20),
(544, 20),
(546, 20),
(547, 15),
(547, 28),
(547, 29),
(547, 30),
(548, 28),
(548, 31),
(549, 28),
(549, 31),
(550, 28),
(550, 31),
(552, 8),
(552, 9),
(552, 10),
(553, 8),
(553, 9),
(553, 10),
(555, 8),
(555, 9),
(555, 10),
(556, 8),
(556, 9),
(556, 10),
(557, 8),
(557, 9),
(557, 10),
(559, 8),
(559, 9),
(559, 10),
(560, 8),
(560, 9),
(560, 10),
(561, 8),
(561, 9),
(561, 10),
(562, 20),
(564, 9),
(564, 20),
(564, 23),
(565, 20),
(565, 30),
(565, 32),
(565, 33),
(568, 20),
(568, 30),
(568, 32),
(568, 33),
(569, 20),
(569, 30),
(569, 32),
(569, 33),
(572, 20),
(572, 30),
(572, 32),
(572, 33),
(573, 20),
(573, 30),
(573, 32),
(573, 33),
(575, 20),
(575, 30),
(575, 32),
(575, 33),
(576, 20),
(576, 30),
(576, 32),
(576, 33),
(578, 20),
(578, 30),
(578, 32),
(578, 33),
(579, 20),
(579, 30),
(579, 32),
(579, 33),
(586, 20),
(590, 20),
(590, 28),
(590, 30),
(591, 20),
(591, 28),
(591, 30),
(592, 20),
(592, 28),
(592, 30),
(594, 20),
(594, 28),
(594, 30),
(595, 20),
(595, 28),
(595, 30),
(597, 20),
(599, 20),
(600, 15),
(600, 20),
(600, 30),
(600, 32),
(600, 33),
(602, 20),
(603, 20),
(604, 20),
(607, 20),
(607, 30),
(607, 32),
(607, 33);

-- --------------------------------------------------------

--
-- Table structure for table `product_property_image`
--

CREATE TABLE `product_property_image` (
  `id` int(11) NOT NULL,
  `owner_id` int(11) NOT NULL,
  `type` varchar(255) COLLATE utf8_unicode_ci DEFAULT NULL,
  `path` varchar(255) COLLATE utf8_unicode_ci NOT NULL
) ENGINE=InnoDB DEFAULT CHARSET=utf8 COLLATE=utf8_unicode_ci;

--
-- Dumping data for table `product_property_image`
--

INSERT INTO `product_property_image` (`id`, `owner_id`, `type`, `path`) VALUES
(33, 187, NULL, '8a/95/e574b3cc557ca3bf6e6ed77537fa.png'),
(34, 192, NULL, 'ff/17/adb6d65e468c7d563a187955c056.png'),
(35, 198, NULL, '3b/00/7bf82ef653ff95d114fb15872315.png'),
(36, 193, NULL, 'c4/90/e3e777823ae4ebd08e11380865a6.png'),
(37, 194, NULL, 'd7/3f/d94f4f46fe1bc142830743de2b3c.png'),
(38, 195, NULL, '65/c8/330c1af150e1d24fdd71ea985667.png'),
(39, 188, NULL, 'e1/24/75c6b2b0cb2584dc7c40969bd907.png'),
(40, 189, NULL, '51/46/bd828cca95654f6b76a7d6fd2925.png'),
(41, 190, NULL, 'e7/75/f69e2e6eb1cdd7460ebb73ac7566.png'),
(42, 191, NULL, '75/54/acf181d4a503db38b794bf00a8f1.png'),
(43, 196, NULL, '87/8c/f2ed30cdc07a04b09805027ebb08.png'),
(44, 197, NULL, '54/a9/3525292c4a1173f9485cd05a36fa.png');

-- --------------------------------------------------------

--
-- Table structure for table `slide`
--

CREATE TABLE `slide` (
  `id` int(11) NOT NULL,
  `slider_id` int(11) DEFAULT NULL,
  `code` varchar(255) COLLATE utf8_unicode_ci NOT NULL,
  `name` varchar(255) COLLATE utf8_unicode_ci NOT NULL,
  `url` varchar(255) COLLATE utf8_unicode_ci DEFAULT NULL,
  `position` int(11) NOT NULL,
  `enabled` tinyint(1) NOT NULL,
  `description` longtext COLLATE utf8_unicode_ci DEFAULT NULL,
  `price` varchar(255) COLLATE utf8_unicode_ci DEFAULT NULL,
  `product_id` int(11) DEFAULT NULL
) ENGINE=InnoDB DEFAULT CHARSET=utf8 COLLATE=utf8_unicode_ci;

--
-- Dumping data for table `slide`
--

INSERT INTO `slide` (`id`, `slider_id`, `code`, `name`, `url`, `position`, `enabled`, `description`, `price`, `product_id`) VALUES
(16, 6, 'slide_1', 'MMI Front View Camera', '#', 3, 1, 'MMI Front View Camera', '480', 418),
(17, 6, 'slide_3', 'slide 4', '#', 5, 1, 'Remote Key Fob', '299', NULL),
(18, 6, 'slide_5', 'slide 6', '#', 7, 1, 'OEM Rear View Camera', '680', NULL);

-- --------------------------------------------------------

--
-- Table structure for table `slider`
--

CREATE TABLE `slider` (
  `id` int(11) NOT NULL,
  `code` varchar(255) COLLATE utf8_unicode_ci NOT NULL,
  `name` varchar(255) COLLATE utf8_unicode_ci NOT NULL,
  `enabled` tinyint(1) NOT NULL
) ENGINE=InnoDB DEFAULT CHARSET=utf8 COLLATE=utf8_unicode_ci;

--
-- Dumping data for table `slider`
--

INSERT INTO `slider` (`id`, `code`, `name`, `enabled`) VALUES
(6, 'slider_homepage', 'slider homepage', 0);

-- --------------------------------------------------------

--
-- Table structure for table `slide_image`
--

CREATE TABLE `slide_image` (
  `id` int(11) NOT NULL,
  `owner_id` int(11) NOT NULL,
  `type` varchar(255) COLLATE utf8_unicode_ci DEFAULT NULL,
  `path` varchar(255) COLLATE utf8_unicode_ci NOT NULL
) ENGINE=InnoDB DEFAULT CHARSET=utf8 COLLATE=utf8_unicode_ci;

--
-- Dumping data for table `slide_image`
--

INSERT INTO `slide_image` (`id`, `owner_id`, `type`, `path`) VALUES
(16, 16, NULL, 'a3/68/f64b92b900d3a96a1e0c2de11804.jpeg'),
(17, 17, NULL, 'ac/3b/52abc5a4d46023aab03732e8818f.jpeg'),
(18, 18, NULL, '29/06/316be363714237e02117dcaf907f.jpeg');

-- --------------------------------------------------------

--
-- Table structure for table `sylius_address`
--

CREATE TABLE `sylius_address` (
  `id` int(11) NOT NULL,
  `customer_id` int(11) DEFAULT NULL,
  `created_at` datetime NOT NULL,
  `updated_at` datetime DEFAULT NULL,
  `first_name` varchar(255) COLLATE utf8_unicode_ci NOT NULL,
  `last_name` varchar(255) COLLATE utf8_unicode_ci NOT NULL,
  `phone_number` varchar(255) COLLATE utf8_unicode_ci DEFAULT NULL,
  `street` varchar(255) COLLATE utf8_unicode_ci DEFAULT NULL,
  `company` varchar(255) COLLATE utf8_unicode_ci DEFAULT NULL,
  `city` varchar(255) COLLATE utf8_unicode_ci DEFAULT NULL,
  `country_code` varchar(255) COLLATE utf8_unicode_ci DEFAULT NULL,
  `postcode` varchar(255) COLLATE utf8_unicode_ci DEFAULT NULL,
  `province_code` varchar(255) COLLATE utf8_unicode_ci DEFAULT NULL,
  `province_name` varchar(255) COLLATE utf8_unicode_ci DEFAULT NULL
) ENGINE=InnoDB DEFAULT CHARSET=utf8 COLLATE=utf8_unicode_ci;

--
-- Dumping data for table `sylius_address`
--

INSERT INTO `sylius_address` (`id`, `customer_id`, `created_at`, `updated_at`, `first_name`, `last_name`, `phone_number`, `street`, `company`, `city`, `country_code`, `postcode`, `province_code`, `province_name`) VALUES
(338, NULL, '2019-04-23 12:10:57', '2019-04-23 12:10:57', 'Taras', 'Terletskij', '+971521509404', '1 Main St', NULL, 'San Jose', 'US', '95131', NULL, NULL),
(339, NULL, '2019-04-24 10:36:17', '2019-04-24 10:36:17', 'Taras', 'Terletskij', '792111152', '1 Main St', NULL, 'San Jose', 'US', '95131', NULL, NULL),
(340, NULL, '2019-04-24 11:11:19', '2019-04-24 11:11:19', 'Taras', 'Terletskij', '792111152', '1 Main St', NULL, 'San Jose', 'US', '95131', NULL, NULL),
(341, NULL, '2019-04-24 12:01:08', '2019-04-24 12:01:08', 'Taras', 'Terletskij', '792111152', '1 Main St', NULL, 'San Jose', 'US', '95131', NULL, NULL),
(342, NULL, '2019-04-24 12:30:03', '2019-04-24 12:30:03', 'Taras', 'Terletskij', '792111152', '1 Main St', NULL, 'San Jose', 'US', '95131', NULL, NULL),
(343, NULL, '2019-04-24 14:35:47', '2019-04-24 14:35:47', 'Taras', 'Terletskij', '+971521509404', '1 Main St', NULL, 'San Jose', 'US', '95131', NULL, NULL),
(344, NULL, '2019-04-24 15:42:41', '2019-04-24 15:42:41', 'Taras', 'Terletskij', '+971521509404', '1 Main St', NULL, 'San Jose', 'US', '95131', NULL, NULL),
(345, NULL, '2019-04-24 15:52:29', '2019-04-24 15:52:29', 'Taras', 'Terletskij', '+971521509404', '1 Main St', NULL, 'San Jose', 'US', '95131', NULL, NULL),
(346, NULL, '2019-04-24 15:56:44', '2019-04-24 15:56:44', 'Taras', 'Terletskij', '+971521509404', '1 Main St', NULL, 'San Jose', 'US', '95131', NULL, NULL),
(347, NULL, '2019-04-24 16:02:52', '2019-04-24 16:02:52', 'Taras', 'Terletskij', '+971521509404', '1 Main St', NULL, 'San Jose', 'US', '95131', NULL, NULL),
(348, NULL, '2019-04-26 16:16:44', '2019-04-26 16:16:44', 'Taras', 'Terletskij', '+971521509404', '1 Main St', NULL, 'San Jose', 'US', '95131', NULL, NULL),
(349, NULL, '2019-05-02 10:09:15', '2019-05-02 10:09:16', 'Taras', 'Terletskij', '+971521509404', '1 Main St', NULL, 'San Jose', 'US', '95131', NULL, NULL),
(350, NULL, '2019-05-02 12:30:27', '2019-05-02 12:30:27', 'Taras', 'Terletskij', '792111152', '1 Main St', NULL, 'San Jose', 'US', '95131', NULL, NULL),
(351, NULL, '2019-05-07 07:12:22', '2019-05-07 07:12:22', 'Taras', 'Terletskij', '+971521509404', '1 Main St', NULL, 'San Jose', 'US', '95131', NULL, NULL),
(352, NULL, '2019-05-07 07:25:44', '2019-05-07 07:25:44', 'Taras', 'Terletskij', '001122334455', '1 Main St', NULL, 'San Jose', 'US', '95131', NULL, NULL),
(353, NULL, '2019-05-07 07:39:03', '2019-05-07 07:39:03', 'Taras', 'Terletskij', '001122334455', '1 Main St', NULL, 'San Jose', 'US', '95131', NULL, NULL),
(354, NULL, '2019-05-07 08:08:53', '2019-05-07 08:08:53', 'Taras', 'Terletskij', '001122334455', '1 Main St', NULL, 'San Jose', 'US', '95131', NULL, NULL),
(355, NULL, '2019-05-07 08:21:18', '2019-05-07 08:21:18', 'Taras', 'Terletskij', '001122334455', '1 Main St', NULL, 'San Jose', 'US', '95131', NULL, NULL),
(356, NULL, '2019-05-07 09:05:50', '2019-05-07 09:05:50', 'Taras', 'Terletskij', '001122334455', '1 Main St', NULL, 'San Jose', 'US', '95131', NULL, NULL),
(357, NULL, '2019-05-09 07:14:51', '2019-05-09 07:14:51', 'Taras', 'Terletskij', '+97152154587', '1 Main St', NULL, 'San Jose', 'US', '95131', NULL, NULL),
(358, NULL, '2019-05-09 07:31:33', '2019-05-09 07:31:33', 'Taras', 'Terletskij', '+97152154587', '1 Main St', NULL, 'San Jose', 'US', '95131', NULL, NULL),
(359, NULL, '2019-05-09 07:32:37', '2019-05-09 07:32:37', 'Taras', 'Terletskij', '+97152154587', '1 Main St', NULL, 'San Jose', 'US', '95131', NULL, NULL),
(360, NULL, '2019-05-09 08:20:43', '2019-05-09 08:20:43', 'Taras', 'Terletskij', '+97152154587', '1 Main St', NULL, 'San Jose', 'US', '95131', NULL, NULL),
(361, NULL, '2019-05-10 10:54:00', '2019-05-10 10:54:00', 'Taras', 'Terletskij', '795903821', '1 Main St', NULL, 'San Jose', 'US', '95131', NULL, NULL),
(362, NULL, '2019-05-10 10:57:11', '2019-05-10 10:57:11', 'Taras', 'Terletskij', '795903821', '1 Main St', NULL, 'San Jose', 'US', '95131', NULL, NULL),
(363, NULL, '2019-05-10 11:18:10', '2019-05-10 11:18:10', 'Taras', 'Terletskij', '795903821', '1 Main St', NULL, 'San Jose', 'US', '95131', NULL, NULL),
(364, NULL, '2019-05-10 13:08:44', '2019-05-10 13:08:44', 'Taras', 'Terletskij', '+97152154587', '1 Main St', NULL, 'San Jose', 'US', '95131', NULL, NULL),
(365, NULL, '2019-05-10 13:47:53', '2019-05-10 13:47:53', 'Taras', 'Terletskij', '+97152154587', '1 Main St', NULL, 'San Jose', 'US', '95131', NULL, NULL),
(366, NULL, '2019-05-14 12:20:46', '2019-05-14 12:20:46', 'Taras', 'Terletskij', '521509404', '1 Main St', NULL, 'San Jose', 'US', '95131', NULL, NULL),
(367, NULL, '2019-05-14 12:33:54', '2019-05-14 12:33:54', 'Taras', 'Terletskij', '521509404', '1 Main St', NULL, 'San Jose', 'US', '95131', NULL, NULL),
(368, NULL, '2019-05-16 08:14:51', '2019-05-16 08:14:51', 'Taras', 'Terletskij', '38065412365', '1 Main St', NULL, 'San Jose', 'US', '95131', NULL, NULL),
(369, NULL, '2019-05-16 08:18:55', '2019-05-16 08:18:55', 'Taras', 'Terletskij', '38065412365', '1 Main St', NULL, 'San Jose', 'US', '95131', NULL, NULL),
(370, NULL, '2019-05-16 09:14:47', '2019-05-16 09:14:47', 'Taras', 'Terletskij', '38065412365', '1 Main St', NULL, 'San Jose', 'US', '95131', NULL, NULL),
(371, NULL, '2019-05-16 09:45:52', '2019-05-16 09:45:52', 'Taras', 'Terletskij', '38065412365', '1 Main St', NULL, 'San Jose', 'US', '95131', NULL, NULL),
(372, NULL, '2019-05-16 09:47:24', '2019-05-16 09:47:24', 'Taras', 'Terletskij', '792111152', '1 Main St', NULL, 'San Jose', 'US', '95131', NULL, NULL),
(373, NULL, '2019-05-16 09:53:27', '2019-05-16 09:53:27', 'Taras', 'Terletskij', '792111152', '1 Main St', NULL, 'San Jose', 'US', '95131', NULL, NULL),
(374, NULL, '2019-05-16 09:54:17', '2019-05-16 09:54:17', 'Taras', 'Terletskij', '+97152154587', '1 Main St', NULL, 'San Jose', 'US', '95131', NULL, NULL),
(375, NULL, '2019-05-16 09:55:59', '2019-05-16 09:55:59', 'Taras', 'Terletskij', '+97152154587', '1 Main St', NULL, 'San Jose', 'US', '95131', NULL, NULL),
(376, NULL, '2019-05-16 09:57:29', '2019-05-16 09:57:29', 'Taras', 'Terletskij', '+97152154587', '1 Main St', NULL, 'San Jose', 'US', '95131', NULL, NULL),
(377, NULL, '2019-05-16 10:09:56', '2019-05-16 10:09:56', 'Taras', 'Terletskij', '+5058945625', '1 Main St', NULL, 'San Jose', 'US', '95131', NULL, NULL),
(378, NULL, '2019-05-16 10:14:07', '2019-05-16 10:14:07', 'Taras', 'Terletskij', '521509404', '1 Main St', NULL, 'San Jose', 'US', '95131', NULL, NULL),
(379, NULL, '2019-05-16 10:18:47', '2019-05-16 10:18:48', 'Taras', 'Terletskij', '38065412365', '1 Main St', NULL, 'San Jose', 'US', '95131', NULL, NULL),
(380, NULL, '2019-05-16 10:33:58', '2019-05-16 10:33:58', 'Taras', 'Terletskij', '38065412365', '1 Main St', NULL, 'San Jose', 'US', '95131', NULL, NULL),
(381, NULL, '2019-05-16 11:08:47', '2019-05-16 11:08:47', 'Taras', 'Terletskij', '792111152', '1 Main St', NULL, 'San Jose', 'US', '95131', NULL, NULL),
(382, NULL, '2019-05-16 11:56:09', '2019-05-16 11:56:09', 'Taras', 'Terletskij', '1234567', '1 Main St', NULL, 'San Jose', 'US', '95131', NULL, NULL),
(383, NULL, '2019-05-16 12:59:06', '2019-05-16 12:59:06', 'Taras', 'Terletskij', '1234567', '1 Main St', NULL, 'San Jose', 'US', '95131', NULL, NULL),
(384, NULL, '2019-05-16 13:10:20', '2019-05-16 13:10:20', 'Taras', 'Terletskij', '1234567', '1 Main St', NULL, 'San Jose', 'US', '95131', NULL, NULL),
(385, NULL, '2019-05-16 13:24:03', '2019-05-16 13:24:03', 'Taras', 'Terletskij', '792111152', '1 Main St', NULL, 'San Jose', 'US', '95131', NULL, NULL),
(386, NULL, '2019-05-16 13:39:37', '2019-05-16 13:39:38', 'Taras', 'Terletskij', '38065412365', '1 Main St', NULL, 'San Jose', 'US', '95131', NULL, NULL),
(387, NULL, '2019-05-17 07:29:12', '2019-05-17 07:29:12', 'Taras', 'Terletskij', '38065412365', '1 Main St', NULL, 'San Jose', 'US', '95131', NULL, NULL);

-- --------------------------------------------------------

--
-- Table structure for table `sylius_address_log_entries`
--

CREATE TABLE `sylius_address_log_entries` (
  `id` int(11) NOT NULL,
  `action` varchar(255) COLLATE utf8_unicode_ci NOT NULL,
  `logged_at` datetime NOT NULL,
  `object_id` varchar(64) COLLATE utf8_unicode_ci DEFAULT NULL,
  `object_class` varchar(255) COLLATE utf8_unicode_ci NOT NULL,
  `version` int(11) NOT NULL,
  `data` longtext COLLATE utf8_unicode_ci NOT NULL COMMENT '(DC2Type:array)',
  `username` varchar(255) COLLATE utf8_unicode_ci DEFAULT NULL
) ENGINE=InnoDB DEFAULT CHARSET=utf8 COLLATE=utf8_unicode_ci;

--
-- Dumping data for table `sylius_address_log_entries`
--

INSERT INTO `sylius_address_log_entries` (`id`, `action`, `logged_at`, `object_id`, `object_class`, `version`, `data`, `username`) VALUES
(486, 'create', '2019-04-23 12:10:57', '338', 'AppBundle\\Entity\\Address', 1, 'a:10:{s:9:\"firstName\";s:5:\"Taras\";s:8:\"lastName\";s:10:\"Terletskij\";s:11:\"phoneNumber\";s:13:\"+971521509404\";s:6:\"street\";s:9:\"1 Main St\";s:7:\"company\";N;s:4:\"city\";s:8:\"San Jose\";s:8:\"postcode\";s:5:\"95131\";s:11:\"countryCode\";s:2:\"US\";s:12:\"provinceCode\";N;s:12:\"provinceName\";N;}', 'julia.koval1@bimmer-tech.net'),
(487, 'create', '2019-04-24 10:36:17', '339', 'AppBundle\\Entity\\Address', 1, 'a:10:{s:9:\"firstName\";s:5:\"Taras\";s:8:\"lastName\";s:10:\"Terletskij\";s:11:\"phoneNumber\";s:9:\"792111152\";s:6:\"street\";s:9:\"1 Main St\";s:7:\"company\";N;s:4:\"city\";s:8:\"San Jose\";s:8:\"postcode\";s:5:\"95131\";s:11:\"countryCode\";s:2:\"US\";s:12:\"provinceCode\";N;s:12:\"provinceName\";N;}', 'krystyna.beniger@bimmer-tech.net'),
(488, 'create', '2019-04-24 11:11:19', '340', 'AppBundle\\Entity\\Address', 1, 'a:10:{s:9:\"firstName\";s:5:\"Taras\";s:8:\"lastName\";s:10:\"Terletskij\";s:11:\"phoneNumber\";s:9:\"792111152\";s:6:\"street\";s:9:\"1 Main St\";s:7:\"company\";N;s:4:\"city\";s:8:\"San Jose\";s:8:\"postcode\";s:5:\"95131\";s:11:\"countryCode\";s:2:\"US\";s:12:\"provinceCode\";N;s:12:\"provinceName\";N;}', 'krystyna.beniger@bimmer-tech.net'),
(489, 'create', '2019-04-24 12:01:08', '341', 'AppBundle\\Entity\\Address', 1, 'a:10:{s:9:\"firstName\";s:5:\"Taras\";s:8:\"lastName\";s:10:\"Terletskij\";s:11:\"phoneNumber\";s:9:\"792111152\";s:6:\"street\";s:9:\"1 Main St\";s:7:\"company\";N;s:4:\"city\";s:8:\"San Jose\";s:8:\"postcode\";s:5:\"95131\";s:11:\"countryCode\";s:2:\"US\";s:12:\"provinceCode\";N;s:12:\"provinceName\";N;}', 'krystyna.beniger@bimmer-tech.net'),
(490, 'create', '2019-04-24 12:30:03', '342', 'AppBundle\\Entity\\Address', 1, 'a:10:{s:9:\"firstName\";s:5:\"Taras\";s:8:\"lastName\";s:10:\"Terletskij\";s:11:\"phoneNumber\";s:9:\"792111152\";s:6:\"street\";s:9:\"1 Main St\";s:7:\"company\";N;s:4:\"city\";s:8:\"San Jose\";s:8:\"postcode\";s:5:\"95131\";s:11:\"countryCode\";s:2:\"US\";s:12:\"provinceCode\";N;s:12:\"provinceName\";N;}', 'krystyna.beniger@bimmer-tech.net'),
(491, 'create', '2019-04-24 14:35:47', '343', 'AppBundle\\Entity\\Address', 1, 'a:10:{s:9:\"firstName\";s:5:\"Taras\";s:8:\"lastName\";s:10:\"Terletskij\";s:11:\"phoneNumber\";s:13:\"+971521509404\";s:6:\"street\";s:9:\"1 Main St\";s:7:\"company\";N;s:4:\"city\";s:8:\"San Jose\";s:8:\"postcode\";s:5:\"95131\";s:11:\"countryCode\";s:2:\"US\";s:12:\"provinceCode\";N;s:12:\"provinceName\";N;}', 'julia.koval@bimmer-tech.net'),
(492, 'create', '2019-04-24 15:42:41', '344', 'AppBundle\\Entity\\Address', 1, 'a:10:{s:9:\"firstName\";s:5:\"Taras\";s:8:\"lastName\";s:10:\"Terletskij\";s:11:\"phoneNumber\";s:13:\"+971521509404\";s:6:\"street\";s:9:\"1 Main St\";s:7:\"company\";N;s:4:\"city\";s:8:\"San Jose\";s:8:\"postcode\";s:5:\"95131\";s:11:\"countryCode\";s:2:\"US\";s:12:\"provinceCode\";N;s:12:\"provinceName\";N;}', 'julia.koval@bimmer-tech.net'),
(493, 'create', '2019-04-24 15:52:29', '345', 'AppBundle\\Entity\\Address', 1, 'a:10:{s:9:\"firstName\";s:5:\"Taras\";s:8:\"lastName\";s:10:\"Terletskij\";s:11:\"phoneNumber\";s:13:\"+971521509404\";s:6:\"street\";s:9:\"1 Main St\";s:7:\"company\";N;s:4:\"city\";s:8:\"San Jose\";s:8:\"postcode\";s:5:\"95131\";s:11:\"countryCode\";s:2:\"US\";s:12:\"provinceCode\";N;s:12:\"provinceName\";N;}', 'julia.koval@bimmer-tech.net'),
(494, 'create', '2019-04-24 15:56:44', '346', 'AppBundle\\Entity\\Address', 1, 'a:10:{s:9:\"firstName\";s:5:\"Taras\";s:8:\"lastName\";s:10:\"Terletskij\";s:11:\"phoneNumber\";s:13:\"+971521509404\";s:6:\"street\";s:9:\"1 Main St\";s:7:\"company\";N;s:4:\"city\";s:8:\"San Jose\";s:8:\"postcode\";s:5:\"95131\";s:11:\"countryCode\";s:2:\"US\";s:12:\"provinceCode\";N;s:12:\"provinceName\";N;}', 'julia.koval@bimmer-tech.net'),
(495, 'create', '2019-04-24 16:02:52', '347', 'AppBundle\\Entity\\Address', 1, 'a:10:{s:9:\"firstName\";s:5:\"Taras\";s:8:\"lastName\";s:10:\"Terletskij\";s:11:\"phoneNumber\";s:13:\"+971521509404\";s:6:\"street\";s:9:\"1 Main St\";s:7:\"company\";N;s:4:\"city\";s:8:\"San Jose\";s:8:\"postcode\";s:5:\"95131\";s:11:\"countryCode\";s:2:\"US\";s:12:\"provinceCode\";N;s:12:\"provinceName\";N;}', 'julia.koval@bimmer-tech.net'),
(496, 'create', '2019-04-26 16:16:44', '348', 'AppBundle\\Entity\\Address', 1, 'a:10:{s:9:\"firstName\";s:5:\"Taras\";s:8:\"lastName\";s:10:\"Terletskij\";s:11:\"phoneNumber\";s:13:\"+971521509404\";s:6:\"street\";s:9:\"1 Main St\";s:7:\"company\";N;s:4:\"city\";s:8:\"San Jose\";s:8:\"postcode\";s:5:\"95131\";s:11:\"countryCode\";s:2:\"US\";s:12:\"provinceCode\";N;s:12:\"provinceName\";N;}', 'julia.koval@bimmer-tech.net'),
(497, 'create', '2019-05-02 10:09:16', '349', 'AppBundle\\Entity\\Address', 1, 'a:10:{s:9:\"firstName\";s:5:\"Taras\";s:8:\"lastName\";s:10:\"Terletskij\";s:11:\"phoneNumber\";s:13:\"+971521509404\";s:6:\"street\";s:9:\"1 Main St\";s:7:\"company\";N;s:4:\"city\";s:8:\"San Jose\";s:8:\"postcode\";s:5:\"95131\";s:11:\"countryCode\";s:2:\"US\";s:12:\"provinceCode\";N;s:12:\"provinceName\";N;}', 'julia.koval@bimmer-tech.net'),
(498, 'create', '2019-05-02 12:30:27', '350', 'AppBundle\\Entity\\Address', 1, 'a:10:{s:9:\"firstName\";s:5:\"Taras\";s:8:\"lastName\";s:10:\"Terletskij\";s:11:\"phoneNumber\";s:9:\"792111152\";s:6:\"street\";s:9:\"1 Main St\";s:7:\"company\";N;s:4:\"city\";s:8:\"San Jose\";s:8:\"postcode\";s:5:\"95131\";s:11:\"countryCode\";s:2:\"US\";s:12:\"provinceCode\";N;s:12:\"provinceName\";N;}', 'krystyna.beniger@bimmer-tech.net'),
(499, 'create', '2019-05-07 07:12:22', '351', 'AppBundle\\Entity\\Address', 1, 'a:10:{s:9:\"firstName\";s:5:\"Taras\";s:8:\"lastName\";s:10:\"Terletskij\";s:11:\"phoneNumber\";s:13:\"+971521509404\";s:6:\"street\";s:9:\"1 Main St\";s:7:\"company\";N;s:4:\"city\";s:8:\"San Jose\";s:8:\"postcode\";s:5:\"95131\";s:11:\"countryCode\";s:2:\"US\";s:12:\"provinceCode\";N;s:12:\"provinceName\";N;}', 'julia.koval@bimmer-tech.net'),
(500, 'create', '2019-05-07 07:25:44', '352', 'AppBundle\\Entity\\Address', 1, 'a:10:{s:9:\"firstName\";s:5:\"Taras\";s:8:\"lastName\";s:10:\"Terletskij\";s:11:\"phoneNumber\";s:12:\"001122334455\";s:6:\"street\";s:9:\"1 Main St\";s:7:\"company\";N;s:4:\"city\";s:8:\"San Jose\";s:8:\"postcode\";s:5:\"95131\";s:11:\"countryCode\";s:2:\"US\";s:12:\"provinceCode\";N;s:12:\"provinceName\";N;}', 'kryts.junior@gmail.com'),
(501, 'create', '2019-05-07 07:39:03', '353', 'AppBundle\\Entity\\Address', 1, 'a:10:{s:9:\"firstName\";s:5:\"Taras\";s:8:\"lastName\";s:10:\"Terletskij\";s:11:\"phoneNumber\";s:12:\"001122334455\";s:6:\"street\";s:9:\"1 Main St\";s:7:\"company\";N;s:4:\"city\";s:8:\"San Jose\";s:8:\"postcode\";s:5:\"95131\";s:11:\"countryCode\";s:2:\"US\";s:12:\"provinceCode\";N;s:12:\"provinceName\";N;}', 'kryts.junior@gmail.com'),
(502, 'create', '2019-05-07 08:08:53', '354', 'AppBundle\\Entity\\Address', 1, 'a:10:{s:9:\"firstName\";s:5:\"Taras\";s:8:\"lastName\";s:10:\"Terletskij\";s:11:\"phoneNumber\";s:12:\"001122334455\";s:6:\"street\";s:9:\"1 Main St\";s:7:\"company\";N;s:4:\"city\";s:8:\"San Jose\";s:8:\"postcode\";s:5:\"95131\";s:11:\"countryCode\";s:2:\"US\";s:12:\"provinceCode\";N;s:12:\"provinceName\";N;}', 'kryts.junior@gmail.com'),
(503, 'create', '2019-05-07 08:21:18', '355', 'AppBundle\\Entity\\Address', 1, 'a:10:{s:9:\"firstName\";s:5:\"Taras\";s:8:\"lastName\";s:10:\"Terletskij\";s:11:\"phoneNumber\";s:12:\"001122334455\";s:6:\"street\";s:9:\"1 Main St\";s:7:\"company\";N;s:4:\"city\";s:8:\"San Jose\";s:8:\"postcode\";s:5:\"95131\";s:11:\"countryCode\";s:2:\"US\";s:12:\"provinceCode\";N;s:12:\"provinceName\";N;}', NULL),
(504, 'create', '2019-05-07 09:05:50', '356', 'AppBundle\\Entity\\Address', 1, 'a:10:{s:9:\"firstName\";s:5:\"Taras\";s:8:\"lastName\";s:10:\"Terletskij\";s:11:\"phoneNumber\";s:12:\"001122334455\";s:6:\"street\";s:9:\"1 Main St\";s:7:\"company\";N;s:4:\"city\";s:8:\"San Jose\";s:8:\"postcode\";s:5:\"95131\";s:11:\"countryCode\";s:2:\"US\";s:12:\"provinceCode\";N;s:12:\"provinceName\";N;}', 'kryts.junior@gmail.com'),
(505, 'create', '2019-05-09 07:14:51', '357', 'AppBundle\\Entity\\Address', 1, 'a:10:{s:9:\"firstName\";s:5:\"Taras\";s:8:\"lastName\";s:10:\"Terletskij\";s:11:\"phoneNumber\";s:12:\"+97152154587\";s:6:\"street\";s:9:\"1 Main St\";s:7:\"company\";N;s:4:\"city\";s:8:\"San Jose\";s:8:\"postcode\";s:5:\"95131\";s:11:\"countryCode\";s:2:\"US\";s:12:\"provinceCode\";N;s:12:\"provinceName\";N;}', 'julia.koval@bimmer-tech.net'),
(506, 'create', '2019-05-09 07:31:33', '358', 'AppBundle\\Entity\\Address', 1, 'a:10:{s:9:\"firstName\";s:5:\"Taras\";s:8:\"lastName\";s:10:\"Terletskij\";s:11:\"phoneNumber\";s:12:\"+97152154587\";s:6:\"street\";s:9:\"1 Main St\";s:7:\"company\";N;s:4:\"city\";s:8:\"San Jose\";s:8:\"postcode\";s:5:\"95131\";s:11:\"countryCode\";s:2:\"US\";s:12:\"provinceCode\";N;s:12:\"provinceName\";N;}', 'julia.koval@bimmer-tech.net'),
(507, 'create', '2019-05-09 07:32:37', '359', 'AppBundle\\Entity\\Address', 1, 'a:10:{s:9:\"firstName\";s:5:\"Taras\";s:8:\"lastName\";s:10:\"Terletskij\";s:11:\"phoneNumber\";s:12:\"+97152154587\";s:6:\"street\";s:9:\"1 Main St\";s:7:\"company\";N;s:4:\"city\";s:8:\"San Jose\";s:8:\"postcode\";s:5:\"95131\";s:11:\"countryCode\";s:2:\"US\";s:12:\"provinceCode\";N;s:12:\"provinceName\";N;}', 'julia.koval@bimmer-tech.net'),
(508, 'create', '2019-05-09 08:20:43', '360', 'AppBundle\\Entity\\Address', 1, 'a:10:{s:9:\"firstName\";s:5:\"Taras\";s:8:\"lastName\";s:10:\"Terletskij\";s:11:\"phoneNumber\";s:12:\"+97152154587\";s:6:\"street\";s:9:\"1 Main St\";s:7:\"company\";N;s:4:\"city\";s:8:\"San Jose\";s:8:\"postcode\";s:5:\"95131\";s:11:\"countryCode\";s:2:\"US\";s:12:\"provinceCode\";N;s:12:\"provinceName\";N;}', 'julia.koval@bimmer-tech.net'),
(509, 'create', '2019-05-10 10:54:00', '361', 'AppBundle\\Entity\\Address', 1, 'a:10:{s:9:\"firstName\";s:5:\"Taras\";s:8:\"lastName\";s:10:\"Terletskij\";s:11:\"phoneNumber\";s:9:\"795903821\";s:6:\"street\";s:9:\"1 Main St\";s:7:\"company\";N;s:4:\"city\";s:8:\"San Jose\";s:8:\"postcode\";s:5:\"95131\";s:11:\"countryCode\";s:2:\"US\";s:12:\"provinceCode\";N;s:12:\"provinceName\";N;}', 'anastasiya.movchanyuk@gmail.com'),
(510, 'create', '2019-05-10 10:57:11', '362', 'AppBundle\\Entity\\Address', 1, 'a:10:{s:9:\"firstName\";s:5:\"Taras\";s:8:\"lastName\";s:10:\"Terletskij\";s:11:\"phoneNumber\";s:9:\"795903821\";s:6:\"street\";s:9:\"1 Main St\";s:7:\"company\";N;s:4:\"city\";s:8:\"San Jose\";s:8:\"postcode\";s:5:\"95131\";s:11:\"countryCode\";s:2:\"US\";s:12:\"provinceCode\";N;s:12:\"provinceName\";N;}', 'anastasiya.movchanyuk@gmail.com'),
(511, 'create', '2019-05-10 11:18:10', '363', 'AppBundle\\Entity\\Address', 1, 'a:10:{s:9:\"firstName\";s:5:\"Taras\";s:8:\"lastName\";s:10:\"Terletskij\";s:11:\"phoneNumber\";s:9:\"795903821\";s:6:\"street\";s:9:\"1 Main St\";s:7:\"company\";N;s:4:\"city\";s:8:\"San Jose\";s:8:\"postcode\";s:5:\"95131\";s:11:\"countryCode\";s:2:\"US\";s:12:\"provinceCode\";N;s:12:\"provinceName\";N;}', 'anastasiya.movchanyuk@gmail.com'),
(512, 'create', '2019-05-10 13:08:44', '364', 'AppBundle\\Entity\\Address', 1, 'a:10:{s:9:\"firstName\";s:5:\"Taras\";s:8:\"lastName\";s:10:\"Terletskij\";s:11:\"phoneNumber\";s:12:\"+97152154587\";s:6:\"street\";s:9:\"1 Main St\";s:7:\"company\";N;s:4:\"city\";s:8:\"San Jose\";s:8:\"postcode\";s:5:\"95131\";s:11:\"countryCode\";s:2:\"US\";s:12:\"provinceCode\";N;s:12:\"provinceName\";N;}', 'julia.koval@bimmer-tech.net'),
(513, 'create', '2019-05-10 13:47:53', '365', 'AppBundle\\Entity\\Address', 1, 'a:10:{s:9:\"firstName\";s:5:\"Taras\";s:8:\"lastName\";s:10:\"Terletskij\";s:11:\"phoneNumber\";s:12:\"+97152154587\";s:6:\"street\";s:9:\"1 Main St\";s:7:\"company\";N;s:4:\"city\";s:8:\"San Jose\";s:8:\"postcode\";s:5:\"95131\";s:11:\"countryCode\";s:2:\"US\";s:12:\"provinceCode\";N;s:12:\"provinceName\";N;}', 'julia.koval@bimmer-tech.net'),
(514, 'create', '2019-05-14 12:20:46', '366', 'AppBundle\\Entity\\Address', 1, 'a:10:{s:9:\"firstName\";s:5:\"Taras\";s:8:\"lastName\";s:10:\"Terletskij\";s:11:\"phoneNumber\";s:9:\"521509404\";s:6:\"street\";s:9:\"1 Main St\";s:7:\"company\";N;s:4:\"city\";s:8:\"San Jose\";s:8:\"postcode\";s:5:\"95131\";s:11:\"countryCode\";s:2:\"US\";s:12:\"provinceCode\";N;s:12:\"provinceName\";N;}', 'ammar.rokobit@gmail.com'),
(515, 'create', '2019-05-14 12:33:54', '367', 'AppBundle\\Entity\\Address', 1, 'a:10:{s:9:\"firstName\";s:5:\"Taras\";s:8:\"lastName\";s:10:\"Terletskij\";s:11:\"phoneNumber\";s:9:\"521509404\";s:6:\"street\";s:9:\"1 Main St\";s:7:\"company\";N;s:4:\"city\";s:8:\"San Jose\";s:8:\"postcode\";s:5:\"95131\";s:11:\"countryCode\";s:2:\"US\";s:12:\"provinceCode\";N;s:12:\"provinceName\";N;}', 'ammar.rokobit@gmail.com'),
(516, 'create', '2019-05-16 08:14:51', '368', 'AppBundle\\Entity\\Address', 1, 'a:10:{s:9:\"firstName\";s:5:\"Taras\";s:8:\"lastName\";s:10:\"Terletskij\";s:11:\"phoneNumber\";s:11:\"38065412365\";s:6:\"street\";s:9:\"1 Main St\";s:7:\"company\";N;s:4:\"city\";s:8:\"San Jose\";s:8:\"postcode\";s:5:\"95131\";s:11:\"countryCode\";s:2:\"US\";s:12:\"provinceCode\";N;s:12:\"provinceName\";N;}', 'bohdan.rokobit@gmail.com'),
(517, 'create', '2019-05-16 08:18:55', '369', 'AppBundle\\Entity\\Address', 1, 'a:10:{s:9:\"firstName\";s:5:\"Taras\";s:8:\"lastName\";s:10:\"Terletskij\";s:11:\"phoneNumber\";s:11:\"38065412365\";s:6:\"street\";s:9:\"1 Main St\";s:7:\"company\";N;s:4:\"city\";s:8:\"San Jose\";s:8:\"postcode\";s:5:\"95131\";s:11:\"countryCode\";s:2:\"US\";s:12:\"provinceCode\";N;s:12:\"provinceName\";N;}', 'bohdan.rokobit@gmail.com'),
(518, 'create', '2019-05-16 09:14:47', '370', 'AppBundle\\Entity\\Address', 1, 'a:10:{s:9:\"firstName\";s:5:\"Taras\";s:8:\"lastName\";s:10:\"Terletskij\";s:11:\"phoneNumber\";s:11:\"38065412365\";s:6:\"street\";s:9:\"1 Main St\";s:7:\"company\";N;s:4:\"city\";s:8:\"San Jose\";s:8:\"postcode\";s:5:\"95131\";s:11:\"countryCode\";s:2:\"US\";s:12:\"provinceCode\";N;s:12:\"provinceName\";N;}', 'bohdan.rokobit@gmail.com'),
(519, 'create', '2019-05-16 09:45:52', '371', 'AppBundle\\Entity\\Address', 1, 'a:10:{s:9:\"firstName\";s:5:\"Taras\";s:8:\"lastName\";s:10:\"Terletskij\";s:11:\"phoneNumber\";s:11:\"38065412365\";s:6:\"street\";s:9:\"1 Main St\";s:7:\"company\";N;s:4:\"city\";s:8:\"San Jose\";s:8:\"postcode\";s:5:\"95131\";s:11:\"countryCode\";s:2:\"US\";s:12:\"provinceCode\";N;s:12:\"provinceName\";N;}', 'bohdan.rokobit@gmail.com'),
(520, 'create', '2019-05-16 09:47:24', '372', 'AppBundle\\Entity\\Address', 1, 'a:10:{s:9:\"firstName\";s:5:\"Taras\";s:8:\"lastName\";s:10:\"Terletskij\";s:11:\"phoneNumber\";s:9:\"792111152\";s:6:\"street\";s:9:\"1 Main St\";s:7:\"company\";N;s:4:\"city\";s:8:\"San Jose\";s:8:\"postcode\";s:5:\"95131\";s:11:\"countryCode\";s:2:\"US\";s:12:\"provinceCode\";N;s:12:\"provinceName\";N;}', 'krystyna.beniger@bimmer-tech.net'),
(521, 'create', '2019-05-16 09:53:27', '373', 'AppBundle\\Entity\\Address', 1, 'a:10:{s:9:\"firstName\";s:5:\"Taras\";s:8:\"lastName\";s:10:\"Terletskij\";s:11:\"phoneNumber\";s:9:\"792111152\";s:6:\"street\";s:9:\"1 Main St\";s:7:\"company\";N;s:4:\"city\";s:8:\"San Jose\";s:8:\"postcode\";s:5:\"95131\";s:11:\"countryCode\";s:2:\"US\";s:12:\"provinceCode\";N;s:12:\"provinceName\";N;}', 'krystyna.beniger@bimmer-tech.net'),
(522, 'create', '2019-05-16 09:54:17', '374', 'AppBundle\\Entity\\Address', 1, 'a:10:{s:9:\"firstName\";s:5:\"Taras\";s:8:\"lastName\";s:10:\"Terletskij\";s:11:\"phoneNumber\";s:12:\"+97152154587\";s:6:\"street\";s:9:\"1 Main St\";s:7:\"company\";N;s:4:\"city\";s:8:\"San Jose\";s:8:\"postcode\";s:5:\"95131\";s:11:\"countryCode\";s:2:\"US\";s:12:\"provinceCode\";N;s:12:\"provinceName\";N;}', 'julia.koval@bimmer-tech.net'),
(523, 'create', '2019-05-16 09:55:59', '375', 'AppBundle\\Entity\\Address', 1, 'a:10:{s:9:\"firstName\";s:5:\"Taras\";s:8:\"lastName\";s:10:\"Terletskij\";s:11:\"phoneNumber\";s:12:\"+97152154587\";s:6:\"street\";s:9:\"1 Main St\";s:7:\"company\";N;s:4:\"city\";s:8:\"San Jose\";s:8:\"postcode\";s:5:\"95131\";s:11:\"countryCode\";s:2:\"US\";s:12:\"provinceCode\";N;s:12:\"provinceName\";N;}', NULL),
(524, 'create', '2019-05-16 09:57:29', '376', 'AppBundle\\Entity\\Address', 1, 'a:10:{s:9:\"firstName\";s:5:\"Taras\";s:8:\"lastName\";s:10:\"Terletskij\";s:11:\"phoneNumber\";s:12:\"+97152154587\";s:6:\"street\";s:9:\"1 Main St\";s:7:\"company\";N;s:4:\"city\";s:8:\"San Jose\";s:8:\"postcode\";s:5:\"95131\";s:11:\"countryCode\";s:2:\"US\";s:12:\"provinceCode\";N;s:12:\"provinceName\";N;}', 'julia.koval@bimmer-tech.net'),
(525, 'create', '2019-05-16 10:09:56', '377', 'AppBundle\\Entity\\Address', 1, 'a:10:{s:9:\"firstName\";s:5:\"Taras\";s:8:\"lastName\";s:10:\"Terletskij\";s:11:\"phoneNumber\";s:11:\"+5058945625\";s:6:\"street\";s:9:\"1 Main St\";s:7:\"company\";N;s:4:\"city\";s:8:\"San Jose\";s:8:\"postcode\";s:5:\"95131\";s:11:\"countryCode\";s:2:\"US\";s:12:\"provinceCode\";N;s:12:\"provinceName\";N;}', NULL),
(526, 'create', '2019-05-16 10:14:07', '378', 'AppBundle\\Entity\\Address', 1, 'a:10:{s:9:\"firstName\";s:5:\"Taras\";s:8:\"lastName\";s:10:\"Terletskij\";s:11:\"phoneNumber\";s:9:\"521509404\";s:6:\"street\";s:9:\"1 Main St\";s:7:\"company\";N;s:4:\"city\";s:8:\"San Jose\";s:8:\"postcode\";s:5:\"95131\";s:11:\"countryCode\";s:2:\"US\";s:12:\"provinceCode\";N;s:12:\"provinceName\";N;}', NULL),
(527, 'create', '2019-05-16 10:18:48', '379', 'AppBundle\\Entity\\Address', 1, 'a:10:{s:9:\"firstName\";s:5:\"Taras\";s:8:\"lastName\";s:10:\"Terletskij\";s:11:\"phoneNumber\";s:11:\"38065412365\";s:6:\"street\";s:9:\"1 Main St\";s:7:\"company\";N;s:4:\"city\";s:8:\"San Jose\";s:8:\"postcode\";s:5:\"95131\";s:11:\"countryCode\";s:2:\"US\";s:12:\"provinceCode\";N;s:12:\"provinceName\";N;}', 'bohdan.rokobit@gmail.com'),
(528, 'create', '2019-05-16 10:33:58', '380', 'AppBundle\\Entity\\Address', 1, 'a:10:{s:9:\"firstName\";s:5:\"Taras\";s:8:\"lastName\";s:10:\"Terletskij\";s:11:\"phoneNumber\";s:11:\"38065412365\";s:6:\"street\";s:9:\"1 Main St\";s:7:\"company\";N;s:4:\"city\";s:8:\"San Jose\";s:8:\"postcode\";s:5:\"95131\";s:11:\"countryCode\";s:2:\"US\";s:12:\"provinceCode\";N;s:12:\"provinceName\";N;}', 'bohdan.rokobit@gmail.com'),
(529, 'create', '2019-05-16 11:08:47', '381', 'AppBundle\\Entity\\Address', 1, 'a:10:{s:9:\"firstName\";s:5:\"Taras\";s:8:\"lastName\";s:10:\"Terletskij\";s:11:\"phoneNumber\";s:9:\"792111152\";s:6:\"street\";s:9:\"1 Main St\";s:7:\"company\";N;s:4:\"city\";s:8:\"San Jose\";s:8:\"postcode\";s:5:\"95131\";s:11:\"countryCode\";s:2:\"US\";s:12:\"provinceCode\";N;s:12:\"provinceName\";N;}', 'krystyna.beniger@bimmer-tech.net'),
(530, 'create', '2019-05-16 11:56:09', '382', 'AppBundle\\Entity\\Address', 1, 'a:10:{s:9:\"firstName\";s:5:\"Taras\";s:8:\"lastName\";s:10:\"Terletskij\";s:11:\"phoneNumber\";s:7:\"1234567\";s:6:\"street\";s:9:\"1 Main St\";s:7:\"company\";N;s:4:\"city\";s:8:\"San Jose\";s:8:\"postcode\";s:5:\"95131\";s:11:\"countryCode\";s:2:\"US\";s:12:\"provinceCode\";N;s:12:\"provinceName\";N;}', 'christina.ryzhnitsyna@bimmer-tech.net'),
(531, 'create', '2019-05-16 12:59:06', '383', 'AppBundle\\Entity\\Address', 1, 'a:10:{s:9:\"firstName\";s:5:\"Taras\";s:8:\"lastName\";s:10:\"Terletskij\";s:11:\"phoneNumber\";s:7:\"1234567\";s:6:\"street\";s:9:\"1 Main St\";s:7:\"company\";N;s:4:\"city\";s:8:\"San Jose\";s:8:\"postcode\";s:5:\"95131\";s:11:\"countryCode\";s:2:\"US\";s:12:\"provinceCode\";N;s:12:\"provinceName\";N;}', 'christinaryzhnitsyna@gmail.com'),
(532, 'create', '2019-05-16 13:10:20', '384', 'AppBundle\\Entity\\Address', 1, 'a:10:{s:9:\"firstName\";s:5:\"Taras\";s:8:\"lastName\";s:10:\"Terletskij\";s:11:\"phoneNumber\";s:7:\"1234567\";s:6:\"street\";s:9:\"1 Main St\";s:7:\"company\";N;s:4:\"city\";s:8:\"San Jose\";s:8:\"postcode\";s:5:\"95131\";s:11:\"countryCode\";s:2:\"US\";s:12:\"provinceCode\";N;s:12:\"provinceName\";N;}', 'christinaryzhnitsyna@gmail.com'),
(533, 'create', '2019-05-16 13:24:03', '385', 'AppBundle\\Entity\\Address', 1, 'a:10:{s:9:\"firstName\";s:5:\"Taras\";s:8:\"lastName\";s:10:\"Terletskij\";s:11:\"phoneNumber\";s:9:\"792111152\";s:6:\"street\";s:9:\"1 Main St\";s:7:\"company\";N;s:4:\"city\";s:8:\"San Jose\";s:8:\"postcode\";s:5:\"95131\";s:11:\"countryCode\";s:2:\"US\";s:12:\"provinceCode\";N;s:12:\"provinceName\";N;}', 'krystyna.beniger@bimmer-tech.net'),
(534, 'create', '2019-05-16 13:39:38', '386', 'AppBundle\\Entity\\Address', 1, 'a:10:{s:9:\"firstName\";s:5:\"Taras\";s:8:\"lastName\";s:10:\"Terletskij\";s:11:\"phoneNumber\";s:11:\"38065412365\";s:6:\"street\";s:9:\"1 Main St\";s:7:\"company\";N;s:4:\"city\";s:8:\"San Jose\";s:8:\"postcode\";s:5:\"95131\";s:11:\"countryCode\";s:2:\"US\";s:12:\"provinceCode\";N;s:12:\"provinceName\";N;}', 'bohdan.rokobit@gmail.com'),
(535, 'create', '2019-05-17 07:29:12', '387', 'AppBundle\\Entity\\Address', 1, 'a:10:{s:9:\"firstName\";s:5:\"Taras\";s:8:\"lastName\";s:10:\"Terletskij\";s:11:\"phoneNumber\";s:11:\"38065412365\";s:6:\"street\";s:9:\"1 Main St\";s:7:\"company\";N;s:4:\"city\";s:8:\"San Jose\";s:8:\"postcode\";s:5:\"95131\";s:11:\"countryCode\";s:2:\"US\";s:12:\"provinceCode\";N;s:12:\"provinceName\";N;}', 'bohdan.rokobit@gmail.com');

-- --------------------------------------------------------

--
-- Table structure for table `sylius_adjustment`
--

CREATE TABLE `sylius_adjustment` (
  `id` int(11) NOT NULL,
  `order_id` int(11) DEFAULT NULL,
  `order_item_id` int(11) DEFAULT NULL,
  `order_item_unit_id` int(11) DEFAULT NULL,
  `type` varchar(255) COLLATE utf8_unicode_ci NOT NULL,
  `label` varchar(255) COLLATE utf8_unicode_ci DEFAULT NULL,
  `amount` int(11) NOT NULL,
  `is_neutral` tinyint(1) NOT NULL,
  `is_locked` tinyint(1) NOT NULL,
  `origin_code` varchar(255) COLLATE utf8_unicode_ci DEFAULT NULL,
  `created_at` datetime NOT NULL,
  `updated_at` datetime DEFAULT NULL
) ENGINE=InnoDB DEFAULT CHARSET=utf8 COLLATE=utf8_unicode_ci;

-- --------------------------------------------------------

--
-- Table structure for table `sylius_admin_api_access_token`
--

CREATE TABLE `sylius_admin_api_access_token` (
  `id` int(11) NOT NULL,
  `client_id` int(11) DEFAULT NULL,
  `user_id` int(11) DEFAULT NULL,
  `token` varchar(255) COLLATE utf8_unicode_ci NOT NULL,
  `expires_at` int(11) DEFAULT NULL,
  `scope` varchar(255) COLLATE utf8_unicode_ci DEFAULT NULL
) ENGINE=InnoDB DEFAULT CHARSET=utf8 COLLATE=utf8_unicode_ci;

-- --------------------------------------------------------

--
-- Table structure for table `sylius_admin_api_auth_code`
--

CREATE TABLE `sylius_admin_api_auth_code` (
  `id` int(11) NOT NULL,
  `client_id` int(11) DEFAULT NULL,
  `user_id` int(11) DEFAULT NULL,
  `token` varchar(255) COLLATE utf8_unicode_ci NOT NULL,
  `redirect_uri` longtext COLLATE utf8_unicode_ci NOT NULL,
  `expires_at` int(11) DEFAULT NULL,
  `scope` varchar(255) COLLATE utf8_unicode_ci DEFAULT NULL
) ENGINE=InnoDB DEFAULT CHARSET=utf8 COLLATE=utf8_unicode_ci;

-- --------------------------------------------------------

--
-- Table structure for table `sylius_admin_api_client`
--

CREATE TABLE `sylius_admin_api_client` (
  `id` int(11) NOT NULL,
  `random_id` varchar(255) COLLATE utf8_unicode_ci NOT NULL,
  `redirect_uris` longtext COLLATE utf8_unicode_ci NOT NULL COMMENT '(DC2Type:array)',
  `secret` varchar(255) COLLATE utf8_unicode_ci NOT NULL,
  `allowed_grant_types` longtext COLLATE utf8_unicode_ci NOT NULL COMMENT '(DC2Type:array)'
) ENGINE=InnoDB DEFAULT CHARSET=utf8 COLLATE=utf8_unicode_ci;

-- --------------------------------------------------------

--
-- Table structure for table `sylius_admin_api_refresh_token`
--

CREATE TABLE `sylius_admin_api_refresh_token` (
  `id` int(11) NOT NULL,
  `client_id` int(11) DEFAULT NULL,
  `user_id` int(11) DEFAULT NULL,
  `token` varchar(255) COLLATE utf8_unicode_ci NOT NULL,
  `expires_at` int(11) DEFAULT NULL,
  `scope` varchar(255) COLLATE utf8_unicode_ci DEFAULT NULL
) ENGINE=InnoDB DEFAULT CHARSET=utf8 COLLATE=utf8_unicode_ci;

-- --------------------------------------------------------

--
-- Table structure for table `sylius_admin_user`
--

CREATE TABLE `sylius_admin_user` (
  `id` int(11) NOT NULL,
  `username` varchar(255) COLLATE utf8_unicode_ci DEFAULT NULL,
  `username_canonical` varchar(255) COLLATE utf8_unicode_ci DEFAULT NULL,
  `enabled` tinyint(1) NOT NULL,
  `salt` varchar(255) COLLATE utf8_unicode_ci NOT NULL,
  `password` varchar(255) COLLATE utf8_unicode_ci NOT NULL,
  `last_login` datetime DEFAULT NULL,
  `password_reset_token` varchar(255) COLLATE utf8_unicode_ci DEFAULT NULL,
  `password_requested_at` datetime DEFAULT NULL,
  `email_verification_token` varchar(255) COLLATE utf8_unicode_ci DEFAULT NULL,
  `verified_at` datetime DEFAULT NULL,
  `locked` tinyint(1) NOT NULL,
  `expires_at` datetime DEFAULT NULL,
  `credentials_expire_at` datetime DEFAULT NULL,
  `roles` longtext COLLATE utf8_unicode_ci NOT NULL COMMENT '(DC2Type:array)',
  `email` varchar(255) COLLATE utf8_unicode_ci DEFAULT NULL,
  `email_canonical` varchar(255) COLLATE utf8_unicode_ci DEFAULT NULL,
  `created_at` datetime NOT NULL,
  `updated_at` datetime DEFAULT NULL,
  `first_name` varchar(255) COLLATE utf8_unicode_ci DEFAULT NULL,
  `last_name` varchar(255) COLLATE utf8_unicode_ci DEFAULT NULL,
  `locale_code` varchar(12) COLLATE utf8_unicode_ci NOT NULL,
  `discr` varchar(255) COLLATE utf8_unicode_ci NOT NULL
) ENGINE=InnoDB DEFAULT CHARSET=utf8 COLLATE=utf8_unicode_ci;

--
-- Dumping data for table `sylius_admin_user`
--

INSERT INTO `sylius_admin_user` (`id`, `username`, `username_canonical`, `enabled`, `salt`, `password`, `last_login`, `password_reset_token`, `password_requested_at`, `email_verification_token`, `verified_at`, `locked`, `expires_at`, `credentials_expire_at`, `roles`, `email`, `email_canonical`, `created_at`, `updated_at`, `first_name`, `last_name`, `locale_code`, `discr`) VALUES
(110, 'coding_user', 'coding_user', 1, 'l3btz5nthm8s8oc8cgwcw8co4s8cwso', '6qLszVkKUwYYc/aERKyJ+EBpgVsdoutGrWahHKgYx5K0pdiIKwUvMqEQKtBN0H+s162Ee4zghIVEDDjOHE7v2Q==', NULL, NULL, NULL, NULL, NULL, 0, NULL, NULL, 'a:1:{i:0;s:18:\"ROLE_CODING_ACCESS\";}', 'codingperson@bimmer-tech.netr', 'codingperson@bimmer-tech.netr', '2018-08-17 13:51:54', '2018-08-17 13:51:54', 'Petro', 'Poroh', 'en_US', 'userCoding'),
(111, 'support_user', 'support_user', 1, 'jdy4ghng9g8ccss8oocgkgw4gos8w8w', 'RUgEbllBArkSDXjQLvkkuYsdadhMCAEnzlQTDLG1m8BO4/kp7CnWDMRHD4v5hOWIyBdS2gZleJMRP4JLxAFJRg==', NULL, NULL, NULL, NULL, NULL, 0, NULL, NULL, 'a:1:{i:0;s:19:\"ROLE_SUPPORT_ACCESS\";}', 'supportperson@bimmer-tech.net', 'supportperson@bimmer-tech.net', '2018-08-17 13:51:54', '2018-08-17 13:51:54', 'Mishel', 'Summer', 'en_US', 'userSupport'),
(112, 'logistic_user', 'logistic_user', 1, '7ifbto6nue4g40woo0sg88cg08s84wg', 'NHw27I7G+qEEETT3jaFn+4FWTZhdtpqt325uYDTbi9n+s8iFs9HVNnFssQoRcRy13ahzRDdG1nCNTNHac5LFYw==', NULL, NULL, NULL, NULL, NULL, 0, NULL, NULL, 'a:1:{i:0;s:20:\"ROLE_LOGISTIC_ACCESS\";}', 'logisticperson@bimmer-tech.net', 'logisticperson@bimmer-tech.net', '2018-08-17 13:51:54', '2018-08-17 13:51:54', 'Michael', 'Winter', 'en_US', 'userLogistic'),
(113, 'sales_user', 'sales_user', 1, 'b3ir0gopk4oowwk4oocc00ggc48csgg', 'Y1Lq2YJtBjL7NWky/ufMWnefWFeDKQJfPkd2Y3pvInVUE9O3X0F+Qv6eK6Du4Jvfu6KdbT/Jh6CVALCaa9vVPw==', NULL, NULL, NULL, NULL, NULL, 0, NULL, NULL, 'a:1:{i:0;s:16:\"ROLE_SALE_ACCESS\";}', 'salesperson@bimmer-tech.net', 'salesperson@bimmer-tech.net', '2018-08-17 13:51:54', '2018-08-17 13:51:54', 'Josh', 'Cannon', 'en_US', 'userSale'),
(114, 'admin', 'admin', 1, 'mz6c3foiys0888k8goc88g0cgg0c4wg', 'yYuRo8ur/6KwLVx3gv49P/ztHG1zodHPQKcIp90Kkz6vhbboem9KTRu7kmO4eOb5GvH6sPvTIG65TK+si113yQ==', '2019-08-08 01:48:37', NULL, NULL, NULL, NULL, 0, NULL, NULL, 'a:1:{i:0;s:26:\"ROLE_ADMINISTRATION_ACCESS\";}', 'admin@bimmer-tech.net', 'admin@bimmer-tech.net', '2018-08-17 13:51:54', '2019-08-08 01:48:37', 'John', 'Smith', 'en_US', 'adminUser'),
(117, 'Warsaw', 'warsaw', 1, 'ncd5djf90w04k4gocw4g808088kswws', 'k/Z+AzqPF8GF1oI9DJmOhklLgYnWtS0a2U2L6xwB2rn78vevXRekqn4kH/mvDWOu3tPvgxSfrcdBB5+JAF8cJw==', NULL, NULL, NULL, NULL, NULL, 0, NULL, NULL, 'a:2:{i:0;s:20:\"ROLE_LOGISTIC_ACCESS\";i:1;s:27:\"ROLE_LOGISTIC_ACCESS_WARSAW\";}', 'warsaw@bimmer-tech.net', 'warsaw@bimmer-tech.net', '2019-04-18 08:29:47', '2019-04-18 08:29:47', 'Warsaw', 'Warsaw', 'af', 'userLogistic'),
(118, 'Dubai', 'dubai', 1, '6ripv7220z8csgcogwss0sccggw4cgo', '+KFpKbI9ZRUFRJcszxTJbEcYDSZLeiL686DACwlRtmHc4NNBoS8veEqCID5v+D7dT+1zfoKYN3Cw7aZBB4VJhg==', NULL, NULL, NULL, NULL, NULL, 0, NULL, NULL, 'a:2:{i:0;s:20:\"ROLE_LOGISTIC_ACCESS\";i:1;s:26:\"ROLE_LOGISTIC_ACCESS_DUBAI\";}', 'dubai@bimmer-tech.net', 'dubai@bimmer-tech.net', '2019-04-18 08:30:32', '2019-04-18 08:30:32', 'Dubai', NULL, 'af', 'userLogistic'),
(119, 'Orlando', 'orlando', 1, 'iggjq6yzg1csc8s08s4c0g8wss0wkws', '2EclL/fIL6Rn3s1q0uYUR5/3GtaFC+QVJA7gjqgZ5lHZmSyUeGsUP3ne1Y2eTqcFDVwcBZky8ZLoPEaM8AFiBA==', '2019-05-16 08:39:58', NULL, NULL, NULL, NULL, 0, NULL, NULL, 'a:2:{i:0;s:20:\"ROLE_LOGISTIC_ACCESS\";i:1;s:28:\"ROLE_LOGISTIC_ACCESS_ORLANDO\";}', 'orlando@bimmer-tech.net', 'orlando@bimmer-tech.net', '2019-04-18 08:31:05', '2019-05-16 08:39:58', 'Orlando', NULL, 'en', 'userLogistic'),
(120, 'Coding', 'coding', 1, 'si3xlynllhwsoggwkwok4kkccg4swws', '08dnBvMigKIj2VKFwPxVwCh2SsbKQPSIFkvg1TIrk96RZX31w+385wmhGU3itdsDkVe09MAfoazdbmx/qPwQ5Q==', NULL, NULL, NULL, NULL, NULL, 0, NULL, NULL, 'a:1:{i:0;s:18:\"ROLE_CODING_ACCESS\";}', 'coding@bimmer-tech.net', 'coding@bimmer-tech.net', '2019-04-18 08:32:00', '2019-04-18 08:32:00', 'Coding', NULL, 'af', 'userCoding'),
(122, 'Anastasiia', 'anastasiia', 1, 'oa1u3v6razkkc0w8g4sk4osksg08gsk', 'z7pYw2oRYCOA5S4+o0I2jFeUhWvq19YYEvXdDxpvJ3toKu4JeGXLqQOtOyyv1sha/KmovITe1PfaedeAQrYY9w==', '2019-05-15 08:49:49', NULL, NULL, NULL, NULL, 0, NULL, NULL, 'a:1:{i:0;s:21:\"ROLE_MARKETING_ACCESS\";}', 'anastasiia.husieva@bimmer-tech.net', 'anastasiia.husieva@bimmer-tech.net', '2019-04-23 08:12:26', '2019-05-15 08:49:49', 'Anastasiia', 'Marketing_Anastasiia', 'en', 'userMarketing'),
(123, 'Darek', 'darek', 1, 'athd7m994gg8k0800ko080kgcw4gkc8', '4L6D0LNFTsaJdgNC1aT4ZkyyZJuj/9rAzJpGLhm/3Trhu9tfVo0Mze8h3SyAGUcsw40l1cvu5WoEf5xhKFTqtg==', '2019-05-16 07:29:09', NULL, NULL, NULL, NULL, 0, NULL, NULL, 'a:1:{i:0;s:21:\"ROLE_MARKETING_ACCESS\";}', 'darek.wydryszek@bimmer-tech.net', 'darek.wydryszek@bimmer-tech.net', '2019-04-23 08:13:38', '2019-05-16 07:29:09', 'Darek', 'Marketing_Darek', 'en', 'userMarketing'),
(124, 'Christina', 'christina', 1, 'ssj25ogbdasswc4og8w08ks8swkco8o', 'mAZw/cJrFdkBqt591E/z1KYYsULixel0YeSAskRC9QptTeeDPCo8QeW7kkR0D1D+JcvKbO2izcQUdXrbgcMYfA==', '2019-05-17 09:32:16', NULL, NULL, NULL, NULL, 0, NULL, NULL, 'a:1:{i:0;s:21:\"ROLE_MARKETING_ACCESS\";}', 'christina.ryzhnitsyna@bimmer-tech.net', 'christina.ryzhnitsyna@bimmer-tech.net', '2019-04-23 08:15:13', '2019-05-17 09:32:16', 'Christina', 'Marketing_Christina', 'en', 'userMarketing'),
(125, 'Marketing_Krystyna', 'marketing_krystyna', 1, 'mxu6m2yp4ms8ko0wcowk0oo88oksw0k', 'jyAzOqGTQLPN4pDb0ns+4T6X8aWbbydkypgXaJN7OXPiEL34zeU/ygtJ/qqECVEcRNMu1xfWMzeuWo5zl/7ITg==', '2019-05-16 08:42:13', NULL, NULL, NULL, NULL, 0, NULL, NULL, 'a:1:{i:0;s:21:\"ROLE_MARKETING_ACCESS\";}', 'krystyna.beniger@bimmer-tech.net', 'krystyna.beniger@bimmer-tech.net', '2019-04-23 08:20:33', '2019-05-16 08:42:13', 'Krystyna', 'Marketing_Krystyna', 'en', 'userMarketing'),
(126, 'Paul', 'paul', 1, '4ekoc7d9gmg4o8gs4o0s4400sss0wgw', 'ZQ5vQICw9D7YBI4M4460lpZ/qkOCrcmB5Lw/bCnQ7TcfE9dSiqr/4pdj0uPrD1CibQ05Tvk2vVrRa0FRGiy0Sg==', '2019-05-17 11:33:31', NULL, NULL, NULL, NULL, 0, NULL, NULL, 'a:1:{i:0;s:21:\"ROLE_MARKETING_ACCESS\";}', 'paul.smith@bimmer-tech.net', 'paul.smith@bimmer-tech.net', '2019-04-23 09:35:49', '2019-05-17 11:33:31', 'Paul', 'Smith', 'en', 'userMarketing'),
(127, 'Test_me_coding', 'test_me_coding', 1, 'flz3lii0t9kowokg8ckwcc0gooogsc', 'kVUhI8ok68j69zhrCIZq1OCNxulJ5jwBXSD5icZMwsgd22U8Dj0ejlSnYBzLKQRB5ZpPTf1qjNhTJn+4oPkhQQ==', '2019-05-16 13:02:38', NULL, NULL, NULL, NULL, 0, NULL, NULL, 'a:1:{i:0;s:18:\"ROLE_CODING_ACCESS\";}', 'krystyna.beniger@bimmer-tech.net', 'krystyna.beniger@bimmer-tech.net', '2019-04-23 11:08:31', '2019-05-16 13:02:38', 'Test', 'Test', 'en', 'userCoding'),
(128, 'Test_me_support', 'test_me_support', 1, 'jzob18a8gw00cw4wwokkwc0gccckc8s', 'a+ZCFajM9xOv/59b8TyGwaBUgL/HdVlXJiYZwWFSotkxDCVpYelAvEVbieRv4w9DoQDDh1F1UPlsXBrnSs98LQ==', NULL, NULL, NULL, NULL, NULL, 0, NULL, NULL, 'a:1:{i:0;s:19:\"ROLE_SUPPORT_ACCESS\";}', 'krystyna.beniger@bimmer-tech.net', 'krystyna.beniger@bimmer-tech.net', '2019-04-23 11:09:20', '2019-04-23 11:09:20', 'Test', 'Test', 'af', 'userSupport'),
(129, 'Test_me_logistic', 'test_me_logistic', 1, '62j2f2ufqx0ksckoococgow0o8gg4s4', 'P/0EHHTyx+FF7UwVIQaUYkeDKkDdp9PQcBvTrS0PYQvtPQaXlDOJYLx6g0xxAlKZXH+l66BhpfUKP2JgXmp1qQ==', '2019-05-18 11:12:36', NULL, NULL, NULL, NULL, 0, NULL, NULL, 'a:2:{i:0;s:20:\"ROLE_LOGISTIC_ACCESS\";i:1;s:26:\"ROLE_LOGISTIC_ACCESS_DUBAI\";}', 'krystyna.beniger@bimmer-tech.net', 'krystyna.beniger@bimmer-tech.net', '2019-04-23 11:10:52', '2019-05-18 11:12:36', 'Test', 'Test', 'en', 'userLogistic'),
(130, 'Test_me_logistic_1', 'test_me_logistic_1', 1, 'ta5jbesfe680cs444gogw8so8o0skss', '7en6ircdLSD2wmP6hb4VKALmJEtpy1M59eod5cGsMTmBMrNwcHxeLUACGXRezHQ7xQsiSf90+wYP3jnL7lcQqg==', '2019-05-08 08:05:09', NULL, NULL, NULL, NULL, 0, NULL, NULL, 'a:2:{i:0;s:20:\"ROLE_LOGISTIC_ACCESS\";i:1;s:27:\"ROLE_LOGISTIC_ACCESS_WARSAW\";}', 'krystyna.beniger@bimmer-tech.net', 'krystyna.beniger@bimmer-tech.net', '2019-04-23 11:11:24', '2019-05-08 08:05:09', 'Test', 'Test', 'en', 'userLogistic'),
(131, 'Test_me_sales', 'test_me_sales', 1, 'lz3ufvc04pw4k08os4okg844kkc8wks', 'RGiarZfV9FlRnn6X98Bq2Wrv4K6kho+5LFz4cU3n6Mk2R7TgfFYrL1eZlA5w/eh0A2CGyalR+9cWtmAs/f2gjQ==', '2019-05-16 15:50:10', NULL, NULL, NULL, NULL, 0, NULL, NULL, 'a:1:{i:0;s:16:\"ROLE_SALE_ACCESS\";}', 'krystyna.beniger@bimmer-tech.net', 'krystyna.beniger@bimmer-tech.net', '2019-04-23 11:12:08', '2019-05-16 15:50:10', 'Test', 'Test', 'en', 'userSale'),
(132, 'Michal', 'michal', 1, 'fo8h7ey0dxs88gc008k0o8sg4w0w48c', 'iYNSheSCkmH0Nb2XW7ZrvScNc7/YTAQI/9Wt9CfJqfe7/Jp644iM4W2d7LG8hCgEGaMNveA4owEKynDMKsDfeg==', '2019-04-27 16:50:46', NULL, NULL, NULL, NULL, 0, NULL, NULL, 'a:1:{i:0;s:21:\"ROLE_MARKETING_ACCESS\";}', 'michal.owaczarek@bimmer-tech.net', 'michal.owaczarek@bimmer-tech.net', '2019-04-24 11:36:41', '2019-04-27 16:50:46', 'Marketing', 'Marketing_Michal', 'en', 'userMarketing'),
(133, 'Market', 'market', 1, 'f3xz9jnpk2gcw48wgcsgokoo88ws84c', '9QEKKf1f1kqRO4Wmi0KLuiZR4t95uss+V4ywW5CZx6Ppntht45ZR/TIl6kxvUEOqVFsUcsvaI+zyoXVfMwIsCw==', '2019-05-16 08:38:41', NULL, NULL, NULL, NULL, 0, NULL, NULL, 'a:1:{i:0;s:21:\"ROLE_MARKETING_ACCESS\";}', 'julia.koval@bimmer-tech.net', 'julia.koval@bimmer-tech.net', '2019-05-14 07:38:13', '2019-05-16 08:38:41', 'Julia', 'Koval', 'en', 'userMarketing'),
(134, 'Saler', 'saler', 1, 'ej79qam7btc80so4cssg4sg8s08kk84', 'u0VavRPm0KAdfiwBBS3z0A4Gxs4b27exTK0BHqQDVSxYmW2I691hhVvBfvUp4NKapEy/ixRekyXYVaAVeEKZGA==', '2019-05-14 07:40:06', NULL, NULL, NULL, NULL, 0, NULL, NULL, 'a:1:{i:0;s:16:\"ROLE_SALE_ACCESS\";}', 'julia.koval@bimmer-tech.net', 'julia.koval@bimmer-tech.net', '2019-05-14 07:39:09', '2019-05-14 07:40:06', 'Julia', 'Koval', 'en', 'userSale'),
(135, 'Julia_logist', 'julia_logist', 1, '8nwxnbx6i6ossgwkw884ksg4kcwo88k', 'CCwc4jBUMAliFhTDOldFY9CFWGEgc0dD6XFI6zmpqTQOgtINrjc99XMtgpJXX5UbxaEcSbSz/Wc331i52Lds9g==', NULL, NULL, NULL, NULL, NULL, 0, NULL, NULL, 'a:2:{i:0;s:20:\"ROLE_LOGISTIC_ACCESS\";i:1;s:26:\"ROLE_LOGISTIC_ACCESS_DUBAI\";}', 'iulia.bohdanivna@gmail.com', 'iulia.bohdanivna@gmail.com', '2019-05-17 07:45:14', '2019-05-17 07:45:14', 'Julia', 'Koval', 'en', 'userLogistic');

-- --------------------------------------------------------

--
-- Table structure for table `sylius_admin_user_coding`
--

CREATE TABLE `sylius_admin_user_coding` (
  `id` int(11) NOT NULL
) ENGINE=InnoDB DEFAULT CHARSET=utf8 COLLATE=utf8_unicode_ci;

--
-- Dumping data for table `sylius_admin_user_coding`
--

INSERT INTO `sylius_admin_user_coding` (`id`) VALUES
(110),
(120),
(127);

-- --------------------------------------------------------

--
-- Table structure for table `sylius_admin_user_logistic`
--

CREATE TABLE `sylius_admin_user_logistic` (
  `id` int(11) NOT NULL,
  `warehouse_id` int(11) DEFAULT NULL
) ENGINE=InnoDB DEFAULT CHARSET=utf8 COLLATE=utf8_unicode_ci;

--
-- Dumping data for table `sylius_admin_user_logistic`
--

INSERT INTO `sylius_admin_user_logistic` (`id`, `warehouse_id`) VALUES
(112, NULL),
(118, 55),
(129, 55),
(135, 55),
(117, 56),
(130, 56),
(119, 57);

-- --------------------------------------------------------

--
-- Table structure for table `sylius_admin_user_marketing`
--

CREATE TABLE `sylius_admin_user_marketing` (
  `id` int(11) NOT NULL
) ENGINE=InnoDB DEFAULT CHARSET=utf8 COLLATE=utf8_unicode_ci;

--
-- Dumping data for table `sylius_admin_user_marketing`
--

INSERT INTO `sylius_admin_user_marketing` (`id`) VALUES
(122),
(123),
(124),
(125),
(126),
(132),
(133);

-- --------------------------------------------------------

--
-- Table structure for table `sylius_admin_user_sale`
--

CREATE TABLE `sylius_admin_user_sale` (
  `id` int(11) NOT NULL
) ENGINE=InnoDB DEFAULT CHARSET=utf8 COLLATE=utf8_unicode_ci;

--
-- Dumping data for table `sylius_admin_user_sale`
--

INSERT INTO `sylius_admin_user_sale` (`id`) VALUES
(113),
(131),
(134);

-- --------------------------------------------------------

--
-- Table structure for table `sylius_admin_user_support`
--

CREATE TABLE `sylius_admin_user_support` (
  `id` int(11) NOT NULL,
  `refundAccess` tinyint(1) DEFAULT NULL
) ENGINE=InnoDB DEFAULT CHARSET=utf8 COLLATE=utf8_unicode_ci;

--
-- Dumping data for table `sylius_admin_user_support`
--

INSERT INTO `sylius_admin_user_support` (`id`, `refundAccess`) VALUES
(111, NULL),
(128, 1);

-- --------------------------------------------------------

--
-- Table structure for table `sylius_channel`
--

CREATE TABLE `sylius_channel` (
  `id` int(11) NOT NULL,
  `default_locale_id` int(11) NOT NULL,
  `base_currency_id` int(11) NOT NULL,
  `default_tax_zone_id` int(11) DEFAULT NULL,
  `code` varchar(255) COLLATE utf8_unicode_ci NOT NULL,
  `name` varchar(255) COLLATE utf8_unicode_ci NOT NULL,
  `color` varchar(255) COLLATE utf8_unicode_ci DEFAULT NULL,
  `description` longtext COLLATE utf8_unicode_ci DEFAULT NULL,
  `enabled` tinyint(1) NOT NULL,
  `hostname` varchar(255) COLLATE utf8_unicode_ci DEFAULT NULL,
  `created_at` datetime NOT NULL,
  `updated_at` datetime DEFAULT NULL,
  `theme_name` varchar(255) COLLATE utf8_unicode_ci DEFAULT NULL,
  `tax_calculation_strategy` varchar(255) COLLATE utf8_unicode_ci NOT NULL,
  `contact_email` varchar(255) COLLATE utf8_unicode_ci DEFAULT NULL,
  `skipping_shipping_step_allowed` tinyint(1) NOT NULL,
  `skipping_payment_step_allowed` tinyint(1) NOT NULL,
  `account_verification_required` tinyint(1) NOT NULL
) ENGINE=InnoDB DEFAULT CHARSET=utf8 COLLATE=utf8_unicode_ci;

--
-- Dumping data for table `sylius_channel`
--

INSERT INTO `sylius_channel` (`id`, `default_locale_id`, `base_currency_id`, `default_tax_zone_id`, `code`, `name`, `color`, `description`, `enabled`, `hostname`, `created_at`, `updated_at`, `theme_name`, `tax_calculation_strategy`, `contact_email`, `skipping_shipping_step_allowed`, `skipping_payment_step_allowed`, `account_verification_required`) VALUES
(57, 23, 39, 38, 'bimmer_tech', 'Bimmer tech', '#000000', NULL, 1, '127.0.0.1:8000', '2018-08-17 13:51:54', '2019-08-08 02:16:32', NULL, 'order_items_based', NULL, 0, 0, 1);

-- --------------------------------------------------------

--
-- Table structure for table `sylius_channel_currencies`
--

CREATE TABLE `sylius_channel_currencies` (
  `channel_id` int(11) NOT NULL,
  `currency_id` int(11) NOT NULL
) ENGINE=InnoDB DEFAULT CHARSET=utf8 COLLATE=utf8_unicode_ci;

--
-- Dumping data for table `sylius_channel_currencies`
--

INSERT INTO `sylius_channel_currencies` (`channel_id`, `currency_id`) VALUES
(57, 39);

-- --------------------------------------------------------

--
-- Table structure for table `sylius_channel_locales`
--

CREATE TABLE `sylius_channel_locales` (
  `channel_id` int(11) NOT NULL,
  `locale_id` int(11) NOT NULL
) ENGINE=InnoDB DEFAULT CHARSET=utf8 COLLATE=utf8_unicode_ci;

--
-- Dumping data for table `sylius_channel_locales`
--

INSERT INTO `sylius_channel_locales` (`channel_id`, `locale_id`) VALUES
(57, 23);

-- --------------------------------------------------------

--
-- Table structure for table `sylius_channel_pricing`
--

CREATE TABLE `sylius_channel_pricing` (
  `id` int(11) NOT NULL,
  `product_variant_id` int(11) NOT NULL,
  `price` int(11) NOT NULL,
  `original_price` int(11) DEFAULT NULL,
  `channel_code` varchar(255) COLLATE utf8_unicode_ci NOT NULL
) ENGINE=InnoDB DEFAULT CHARSET=utf8 COLLATE=utf8_unicode_ci;

--
-- Dumping data for table `sylius_channel_pricing`
--

INSERT INTO `sylius_channel_pricing` (`id`, `product_variant_id`, `price`, `original_price`, `channel_code`) VALUES
(1387, 461, 11500, 1, 'bimmer_tech'),
(1388, 461, 1, 1, 'addons'),
(1389, 461, 1, 1, 'speakers'),
(1390, 461, 1, 1, 'idrive'),
(1391, 462, 54900, 1, 'bimmer_tech'),
(1392, 462, 1, 1, 'addons'),
(1393, 462, 1, 1, 'speakers'),
(1394, 462, 1, 1, 'idrive'),
(1395, 464, 54900, 1, 'bimmer_tech'),
(1396, 464, 1, 1, 'addons'),
(1397, 464, 1, 1, 'speakers'),
(1398, 464, 1, 1, 'idrive'),
(1399, 466, 29900, 1, 'bimmer_tech'),
(1400, 466, 1, 1, 'addons'),
(1401, 466, 1, 1, 'speakers'),
(1402, 466, 1, 1, 'idrive'),
(1403, 467, 25000, 1, 'bimmer_tech'),
(1404, 467, 1, 1, 'addons'),
(1405, 467, 1, 1, 'speakers'),
(1406, 467, 1, 1, 'idrive'),
(1407, 468, 1, 1, 'bimmer_tech'),
(1408, 468, 1499, 1, 'addons'),
(1409, 468, 1, 1, 'speakers'),
(1410, 468, 1, 1, 'idrive'),
(1411, 470, 1, 1, 'bimmer_tech'),
(1412, 470, 25000, 1, 'addons'),
(1413, 470, 1, 1, 'speakers'),
(1414, 470, 1, 1, 'idrive'),
(1415, 484, 1, 1, 'bimmer_tech'),
(1416, 484, 35000, 1, 'addons'),
(1417, 484, 1, 1, 'speakers'),
(1418, 484, 1, 1, 'idrive'),
(1419, 485, 1, 1, 'bimmer_tech'),
(1420, 485, 27500, 1, 'addons'),
(1421, 485, 1, 1, 'speakers'),
(1422, 485, 1, 1, 'idrive'),
(1423, 486, 1, 1, 'bimmer_tech'),
(1424, 486, 20000, 1, 'addons'),
(1425, 486, 1, 1, 'speakers'),
(1426, 486, 1, 1, 'idrive'),
(1427, 487, 29900, 1, 'bimmer_tech'),
(1428, 487, 1, 1, 'addons'),
(1429, 487, 1, 1, 'speakers'),
(1430, 487, 1, 1, 'idrive'),
(1431, 488, 1, 1, 'bimmer_tech'),
(1432, 488, 13000, 1, 'addons'),
(1433, 488, 1, 1, 'speakers'),
(1434, 488, 1, 1, 'idrive'),
(1435, 489, 25000, 1, 'bimmer_tech'),
(1436, 489, 1, 1, 'addons'),
(1437, 489, 1, 1, 'speakers'),
(1438, 489, 1, 1, 'idrive'),
(1439, 490, 25000, 1, 'bimmer_tech'),
(1440, 490, 1, 1, 'addons'),
(1441, 490, 1, 1, 'speakers'),
(1442, 490, 1, 1, 'idrive'),
(1443, 491, 1, 1, 'bimmer_tech'),
(1444, 491, 5000, 1, 'addons'),
(1445, 491, 1, 1, 'speakers'),
(1446, 491, 1, 1, 'idrive'),
(1447, 492, 25000, 1, 'bimmer_tech'),
(1448, 492, 1, 1, 'addons'),
(1449, 492, 1, 1, 'speakers'),
(1450, 492, 1, 1, 'idrive'),
(1451, 493, 25000, 1, 'bimmer_tech'),
(1452, 493, 1, 1, 'addons'),
(1453, 493, 1, 1, 'speakers'),
(1454, 493, 1, 1, 'idrive'),
(1459, 496, 100, 100, 'bimmer_tech'),
(1460, 496, 100, 100, 'addons'),
(1461, 496, 1, 1, 'speakers'),
(1462, 496, 1, 1, 'idrive'),
(1463, 497, 200, 1, 'bimmer_tech'),
(1464, 497, 200, 1, 'addons'),
(1465, 497, 1, 1, 'speakers'),
(1466, 497, 1, 1, 'idrive'),
(1467, 498, 52500, 1, 'bimmer_tech'),
(1468, 498, 1, 1, 'addons'),
(1469, 498, 1, 1, 'speakers'),
(1470, 498, 1, 1, 'idrive'),
(1471, 499, 59900, 1, 'bimmer_tech'),
(1472, 499, 1, 1, 'addons'),
(1473, 499, 1, 1, 'speakers'),
(1474, 499, 1, 1, 'idrive'),
(1475, 500, 1, 1, 'bimmer_tech'),
(1476, 500, 30000, 1, 'addons'),
(1477, 500, 1, 1, 'speakers'),
(1478, 500, 1, 1, 'idrive'),
(1479, 501, 1, 1, 'bimmer_tech'),
(1480, 501, 1, 1, 'addons'),
(1481, 501, 1, 1, 'speakers'),
(1482, 501, 1, 1, 'idrive'),
(1483, 502, 10000, 1, 'bimmer_tech'),
(1484, 502, 10000, 1, 'addons'),
(1485, 502, 1, 1, 'speakers'),
(1486, 502, 1, 1, 'idrive'),
(1487, 503, 20000, 1, 'bimmer_tech'),
(1488, 503, 20000, 1, 'addons'),
(1489, 503, 1, 1, 'speakers'),
(1490, 503, 1, 1, 'idrive'),
(1491, 506, 59900, 1, 'bimmer_tech'),
(1492, 506, 1, 1, 'addons'),
(1493, 506, 1, 1, 'speakers'),
(1494, 506, 1, 1, 'idrive'),
(1495, 507, 1, 1, 'bimmer_tech'),
(1496, 507, 20000, 20000, 'addons'),
(1497, 507, 1, 1, 'speakers'),
(1498, 507, 1, 1, 'idrive'),
(1499, 508, 1, 1, 'bimmer_tech'),
(1500, 508, 12500, 1, 'addons'),
(1501, 508, 1, 1, 'speakers'),
(1502, 508, 1, 1, 'idrive'),
(1503, 509, 59900, 1, 'bimmer_tech'),
(1504, 509, 1, 1, 'addons'),
(1505, 509, 1, 1, 'speakers'),
(1506, 509, 1, 1, 'idrive'),
(1507, 510, 59900, 1, 'bimmer_tech'),
(1508, 510, 1, 1, 'addons'),
(1509, 510, 1, 1, 'speakers'),
(1510, 510, 1, 1, 'idrive'),
(1511, 511, 59900, 1, 'bimmer_tech'),
(1512, 511, 1, 1, 'addons'),
(1513, 511, 1, 1, 'speakers'),
(1514, 511, 1, 1, 'idrive'),
(1515, 512, 59900, 1, 'bimmer_tech'),
(1516, 512, 1, 1, 'addons'),
(1517, 512, 1, 1, 'speakers'),
(1518, 512, 1, 1, 'idrive'),
(1519, 513, 59900, 1, 'bimmer_tech'),
(1520, 513, 1, 1, 'addons'),
(1521, 513, 1, 1, 'speakers'),
(1522, 513, 1, 1, 'idrive'),
(1523, 515, 1, 1, 'bimmer_tech'),
(1524, 515, 5000, 1, 'addons'),
(1525, 515, 1, 1, 'speakers'),
(1526, 515, 1, 1, 'idrive'),
(1527, 516, 1, 1, 'bimmer_tech'),
(1528, 516, 4900, 1, 'addons'),
(1529, 516, 1, 1, 'speakers'),
(1530, 516, 1, 1, 'idrive'),
(1531, 518, 1, 1, 'bimmer_tech'),
(1532, 518, 1, 1, 'addons'),
(1533, 518, 1, 1, 'speakers'),
(1534, 518, 39900, 39900, 'idrive'),
(1535, 520, 79900, 1, 'bimmer_tech'),
(1536, 520, 1, 1, 'addons'),
(1537, 520, 1, 1, 'speakers'),
(1538, 520, 1, 1, 'idrive'),
(1539, 521, 79900, 1, 'bimmer_tech'),
(1540, 521, 1, 1, 'addons'),
(1541, 521, 1, 1, 'speakers'),
(1542, 521, 1, 1, 'idrive'),
(1543, 522, 89900, 1, 'bimmer_tech'),
(1544, 522, 1, 1, 'addons'),
(1545, 522, 1, 1, 'speakers'),
(1546, 522, 1, 1, 'idrive'),
(1547, 527, 11500, 1, 'bimmer_tech'),
(1548, 527, 1, 1, 'addons'),
(1549, 527, 1, 1, 'speakers'),
(1550, 527, 1, 1, 'idrive'),
(1551, 528, 11500, 1, 'bimmer_tech'),
(1552, 528, 1, 1, 'addons'),
(1553, 528, 1, 1, 'speakers'),
(1554, 528, 1, 1, 'idrive'),
(1555, 529, 11500, 1, 'bimmer_tech'),
(1556, 529, 1, 1, 'addons'),
(1557, 529, 1, 1, 'speakers'),
(1558, 529, 1, 1, 'idrive'),
(1559, 530, 11500, 1, 'bimmer_tech'),
(1560, 530, 1, 1, 'addons'),
(1561, 530, 1, 1, 'speakers'),
(1562, 530, 1, 1, 'idrive'),
(1563, 531, 11500, 1, 'bimmer_tech'),
(1564, 531, 1, 1, 'addons'),
(1565, 531, 1, 1, 'speakers'),
(1566, 531, 1, 1, 'idrive'),
(1567, 532, 11500, 1, 'bimmer_tech'),
(1568, 532, 1, 1, 'addons'),
(1569, 532, 1, 1, 'speakers'),
(1570, 532, 1, 1, 'idrive'),
(1571, 533, 11500, 1, 'bimmer_tech'),
(1572, 533, 1, 1, 'addons'),
(1573, 533, 1, 1, 'speakers'),
(1574, 533, 1, 1, 'idrive'),
(1575, 536, 149900, 1, 'bimmer_tech'),
(1576, 536, 1, 1, 'addons'),
(1577, 536, 1, 1, 'speakers'),
(1578, 536, 1, 1, 'idrive'),
(1579, 537, 1, 1, 'bimmer_tech'),
(1580, 537, 1, 1, 'addons'),
(1581, 537, 1, 1, 'speakers'),
(1582, 537, 1, 1, 'idrive'),
(1583, 538, 1, 1, 'bimmer_tech'),
(1584, 538, 1, 1, 'addons'),
(1585, 538, 1, 1, 'speakers'),
(1586, 538, 1, 1, 'idrive'),
(1587, 539, 1, 1, 'bimmer_tech'),
(1588, 539, 1, 1, 'addons'),
(1589, 539, 1, 1, 'speakers'),
(1590, 539, 1, 1, 'idrive'),
(1591, 540, 72500, 1, 'bimmer_tech'),
(1592, 540, 1, 1, 'addons'),
(1593, 540, 1, 1, 'speakers'),
(1594, 540, 1, 1, 'idrive'),
(1595, 541, 169900, 1, 'bimmer_tech'),
(1596, 541, 1, 1, 'addons'),
(1597, 541, 1, 1, 'speakers'),
(1598, 541, 1, 1, 'idrive'),
(1599, 542, 99900, 1, 'bimmer_tech'),
(1600, 542, 1, 1, 'addons'),
(1601, 542, 1, 1, 'speakers'),
(1602, 542, 1, 1, 'idrive'),
(1603, 543, 144900, 1, 'bimmer_tech'),
(1604, 543, 1, 1, 'addons'),
(1605, 543, 1, 1, 'speakers'),
(1606, 543, 1, 1, 'idrive'),
(1607, 544, 1, 1, 'bimmer_tech'),
(1608, 544, 19800, 1, 'addons'),
(1609, 544, 1, 1, 'speakers'),
(1610, 544, 1, 1, 'idrive'),
(1615, 545, 119200, 1, 'bimmer_tech'),
(1616, 545, 1, 1, 'addons'),
(1617, 545, 1, 1, 'speakers'),
(1618, 545, 1, 1, 'idrive'),
(1623, 547, 119200, 1, 'bimmer_tech'),
(1624, 547, 1, 1, 'addons'),
(1625, 547, 1, 1, 'speakers'),
(1626, 547, 1, 1, 'idrive'),
(1631, 549, 119200, 1, 'bimmer_tech'),
(1632, 549, 1, 1, 'addons'),
(1633, 549, 1, 1, 'speakers'),
(1634, 549, 1, 1, 'idrive'),
(1635, 550, 119200, 1, 'bimmer_tech'),
(1636, 550, 1, 1, 'addons'),
(1637, 550, 1, 1, 'speakers'),
(1638, 550, 1, 1, 'idrive'),
(1639, 552, 95900, 1, 'bimmer_tech'),
(1640, 552, 1, 1, 'addons'),
(1641, 552, 1, 1, 'speakers'),
(1642, 552, 1, 1, 'idrive'),
(1643, 553, 1, 1, 'bimmer_tech'),
(1644, 553, 9900, 1, 'addons'),
(1645, 553, 1, 1, 'speakers'),
(1646, 553, 1, 1, 'idrive'),
(1647, 554, 189900, 1, 'bimmer_tech'),
(1648, 554, 1, 1, 'addons'),
(1649, 554, 1, 1, 'speakers'),
(1650, 554, 1, 1, 'idrive'),
(1651, 555, 99900, 1, 'bimmer_tech'),
(1652, 555, 1, 1, 'addons'),
(1653, 555, 1, 1, 'speakers'),
(1654, 555, 1, 1, 'idrive'),
(1655, 556, 39900, 1, 'bimmer_tech'),
(1656, 556, 1, 1, 'addons'),
(1657, 556, 1, 1, 'speakers'),
(1658, 556, 1, 1, 'idrive'),
(1659, 559, 39900, 1, 'bimmer_tech'),
(1660, 559, 1, 1, 'addons'),
(1661, 559, 1, 1, 'speakers'),
(1662, 559, 1, 1, 'idrive'),
(1663, 561, 39900, 1, 'bimmer_tech'),
(1664, 561, 1, 1, 'addons'),
(1665, 561, 1, 1, 'speakers'),
(1666, 561, 1, 1, 'idrive'),
(1667, 564, 39900, 1, 'bimmer_tech'),
(1668, 564, 1, 1, 'addons'),
(1669, 564, 1, 1, 'speakers'),
(1670, 564, 1, 1, 'idrive'),
(1671, 567, 169900, 1, 'bimmer_tech'),
(1672, 567, 1, 1, 'addons'),
(1673, 567, 1, 1, 'speakers'),
(1674, 567, 1, 1, 'idrive'),
(1675, 568, 169900, 1, 'bimmer_tech'),
(1676, 568, 1, 1, 'addons'),
(1677, 568, 1, 1, 'speakers'),
(1678, 568, 1, 1, 'idrive'),
(1679, 569, 269900, 1, 'bimmer_tech'),
(1680, 569, 1, 1, 'addons'),
(1681, 569, 1, 1, 'speakers'),
(1682, 569, 1, 1, 'idrive'),
(1683, 570, 299900, 1, 'bimmer_tech'),
(1684, 570, 1, 1, 'addons'),
(1685, 570, 1, 1, 'speakers'),
(1686, 570, 1, 1, 'idrive'),
(1687, 571, 69700, 1, 'bimmer_tech'),
(1688, 571, 1, 1, 'addons'),
(1689, 571, 1, 1, 'speakers'),
(1690, 571, 1, 1, 'idrive'),
(1691, 572, 95000, 1, 'bimmer_tech'),
(1692, 572, 1, 1, 'addons'),
(1693, 572, 1, 1, 'speakers'),
(1694, 572, 1, 1, 'idrive'),
(1695, 573, 299900, 1, 'bimmer_tech'),
(1696, 573, 1, 1, 'addons'),
(1697, 573, 1, 1, 'speakers'),
(1698, 573, 1, 1, 'idrive'),
(1699, 574, 62400, 1, 'bimmer_tech'),
(1700, 574, 1, 1, 'addons'),
(1701, 574, 1, 1, 'speakers'),
(1702, 574, 1, 1, 'idrive'),
(1703, 575, 69900, 69900, 'bimmer_tech'),
(1704, 575, 1, 1, 'addons'),
(1705, 575, 1, 1, 'speakers'),
(1706, 575, 1, 1, 'idrive'),
(1707, 576, 59900, 1, 'bimmer_tech'),
(1708, 576, 1, 1, 'addons'),
(1709, 576, 1, 1, 'speakers'),
(1710, 576, 1, 1, 'idrive'),
(1711, 578, 1, 1, 'bimmer_tech'),
(1712, 578, 20000, 1, 'addons'),
(1713, 578, 1, 1, 'speakers'),
(1714, 578, 1, 1, 'idrive'),
(1715, 579, 1, 1, 'bimmer_tech'),
(1716, 579, 30000, 1, 'addons'),
(1717, 579, 1, 1, 'speakers'),
(1718, 579, 1, 1, 'idrive'),
(1719, 580, 1, 1, 'bimmer_tech'),
(1720, 580, 20000, 1, 'addons'),
(1721, 580, 1, 1, 'speakers'),
(1722, 580, 1, 1, 'idrive'),
(1723, 581, 1, 1, 'bimmer_tech'),
(1724, 581, 4200, 4200, 'addons'),
(1725, 581, 1, 1, 'speakers'),
(1726, 581, 1, 1, 'idrive'),
(1727, 582, 25000, 1, 'bimmer_tech'),
(1728, 582, 1, 1, 'addons'),
(1729, 582, 1, 1, 'speakers'),
(1730, 582, 1, 1, 'idrive'),
(1731, 583, 89900, 1, 'bimmer_tech'),
(1732, 583, 1, 1, 'addons'),
(1733, 583, 1, 1, 'speakers'),
(1734, 583, 1, 1, 'idrive'),
(1735, 584, 1, 1, 'bimmer_tech'),
(1736, 584, 26500, 26500, 'addons'),
(1737, 584, 1, 1, 'speakers'),
(1738, 584, 1, 1, 'idrive'),
(1739, 585, 109900, 1, 'bimmer_tech'),
(1740, 585, 1, 1, 'addons'),
(1741, 585, 1, 1, 'speakers'),
(1742, 585, 1, 1, 'idrive'),
(1743, 586, 1, 1, 'bimmer_tech'),
(1744, 586, 79900, 79900, 'addons'),
(1745, 586, 1, 1, 'speakers'),
(1746, 586, 1, 1, 'idrive'),
(1747, 587, 17500, 1, 'bimmer_tech'),
(1748, 587, 1, 1, 'addons'),
(1749, 587, 1, 1, 'speakers'),
(1750, 587, 1, 1, 'idrive'),
(1751, 588, 99900, 1, 'bimmer_tech'),
(1752, 588, 1, 1, 'addons'),
(1753, 588, 1, 1, 'speakers'),
(1754, 588, 1, 1, 'idrive'),
(1755, 589, 89900, 1, 'bimmer_tech'),
(1756, 589, 1, 1, 'addons'),
(1757, 589, 1, 1, 'speakers'),
(1758, 589, 1, 1, 'idrive'),
(1759, 590, 59900, 1, 'bimmer_tech'),
(1760, 590, 1, 1, 'addons'),
(1761, 590, 1, 1, 'speakers'),
(1762, 590, 1, 1, 'idrive'),
(1763, 591, 25000, 1, 'bimmer_tech'),
(1764, 591, 1, 1, 'addons'),
(1765, 591, 1, 1, 'speakers'),
(1766, 591, 1, 1, 'idrive'),
(1767, 592, 17500, 1, 'bimmer_tech'),
(1768, 592, 1, 1, 'addons'),
(1769, 592, 1, 1, 'speakers'),
(1770, 592, 1, 1, 'idrive'),
(1771, 593, 17500, 1, 'bimmer_tech'),
(1772, 593, 1, 1, 'addons'),
(1773, 593, 1, 1, 'speakers'),
(1774, 593, 1, 1, 'idrive'),
(1775, 594, 17500, 1, 'bimmer_tech'),
(1776, 594, 1, 1, 'addons'),
(1777, 594, 1, 1, 'speakers'),
(1778, 594, 1, 1, 'idrive'),
(1779, 596, 69900, 1, 'bimmer_tech'),
(1780, 596, 1, 1, 'addons'),
(1781, 596, 1, 1, 'speakers'),
(1782, 596, 1, 1, 'idrive'),
(1783, 597, 69900, 1, 'bimmer_tech'),
(1784, 597, 1, 1, 'addons'),
(1785, 597, 1, 1, 'speakers'),
(1786, 597, 1, 1, 'idrive'),
(1787, 599, 69900, 1, 'bimmer_tech'),
(1788, 599, 1, 1, 'addons'),
(1789, 599, 1, 1, 'speakers'),
(1790, 599, 1, 1, 'idrive'),
(1791, 600, 69900, 1, 'bimmer_tech'),
(1792, 600, 1, 1, 'addons'),
(1793, 600, 1, 1, 'speakers'),
(1794, 600, 1, 1, 'idrive'),
(1795, 601, 69900, 1, 'bimmer_tech'),
(1796, 601, 1, 1, 'addons'),
(1797, 601, 1, 1, 'speakers'),
(1798, 601, 1, 1, 'idrive'),
(1799, 602, 1, 1, 'bimmer_tech'),
(1800, 602, 1, 1, 'addons'),
(1801, 602, 1, 1, 'speakers'),
(1802, 602, 1, 1, 'idrive'),
(1803, 603, 69900, 1, 'bimmer_tech'),
(1804, 603, 1, 1, 'addons'),
(1805, 603, 1, 1, 'speakers'),
(1806, 603, 1, 1, 'idrive'),
(1807, 604, 69900, 1, 'bimmer_tech'),
(1808, 604, 1, 1, 'addons'),
(1809, 604, 1, 1, 'speakers'),
(1810, 604, 1, 1, 'idrive'),
(1811, 605, 69900, 1, 'bimmer_tech'),
(1812, 605, 1, 1, 'addons'),
(1813, 605, 1, 1, 'speakers'),
(1814, 605, 1, 1, 'idrive'),
(1815, 606, 289900, 1, 'bimmer_tech'),
(1816, 606, 1, 1, 'addons'),
(1817, 606, 1, 1, 'speakers'),
(1818, 606, 1, 1, 'idrive'),
(1819, 608, 69900, 1, 'bimmer_tech'),
(1820, 608, 1, 1, 'addons'),
(1821, 608, 1, 1, 'speakers'),
(1822, 608, 1, 1, 'idrive'),
(1823, 609, 220000, 1, 'bimmer_tech'),
(1824, 609, 1, 1, 'addons'),
(1825, 609, 1, 1, 'speakers'),
(1826, 609, 1, 1, 'idrive'),
(1827, 610, 1, 1, 'bimmer_tech'),
(1828, 610, 30000, 30000, 'addons'),
(1829, 610, 1, 1, 'speakers'),
(1830, 610, 1, 1, 'idrive'),
(1831, 611, 1, 1, 'bimmer_tech'),
(1832, 611, 30000, 30000, 'addons'),
(1833, 611, 1, 1, 'speakers'),
(1834, 611, 1, 1, 'idrive'),
(1835, 612, 269900, 1, 'bimmer_tech'),
(1836, 612, 1, 1, 'addons'),
(1837, 612, 1, 1, 'speakers'),
(1838, 612, 1, 1, 'idrive'),
(1839, 613, 220000, 1, 'bimmer_tech'),
(1840, 613, 1, 1, 'addons'),
(1841, 613, 1, 1, 'speakers'),
(1842, 613, 1, 1, 'idrive'),
(1843, 614, 1, 1, 'bimmer_tech'),
(1844, 614, 60000, 60000, 'addons'),
(1845, 614, 1, 1, 'speakers'),
(1846, 614, 1, 1, 'idrive'),
(1847, 616, 249900, 1, 'bimmer_tech'),
(1848, 616, 1, 1, 'addons'),
(1849, 616, 1, 1, 'speakers'),
(1850, 616, 1, 1, 'idrive'),
(1851, 617, 220000, 1, 'bimmer_tech'),
(1852, 617, 1, 1, 'addons'),
(1853, 617, 1, 1, 'speakers'),
(1854, 617, 1, 1, 'idrive'),
(1855, 618, 1, 1, 'bimmer_tech'),
(1856, 618, 50000, 1, 'addons'),
(1857, 618, 1, 1, 'speakers'),
(1858, 618, 1, 1, 'idrive'),
(1859, 619, 299900, 1, 'bimmer_tech'),
(1860, 619, 1, 1, 'addons'),
(1861, 619, 1, 1, 'speakers'),
(1862, 619, 1, 1, 'idrive'),
(1863, 620, 220000, 1, 'bimmer_tech'),
(1864, 620, 1, 1, 'addons'),
(1865, 620, 1, 1, 'speakers'),
(1866, 620, 1, 1, 'idrive'),
(1867, 621, 1, 1, 'bimmer_tech'),
(1868, 621, 30000, 1, 'addons'),
(1869, 621, 1, 1, 'speakers'),
(1870, 621, 1, 1, 'idrive'),
(1871, 622, 269900, 1, 'bimmer_tech'),
(1872, 622, 1, 1, 'addons'),
(1873, 622, 1, 1, 'speakers'),
(1874, 622, 1, 1, 'idrive'),
(1875, 623, 289900, 1, 'bimmer_tech'),
(1876, 623, 1, 1, 'addons'),
(1877, 623, 1, 1, 'speakers'),
(1878, 623, 1, 1, 'idrive'),
(1879, 565, 38400, 38400, 'bimmer_tech'),
(1880, 565, 1, 1, 'addons'),
(1881, 565, 1, 1, 'speakers'),
(1882, 565, 1, 1, 'idrive'),
(1883, 595, 1, 1, 'bimmer_tech'),
(1884, 595, 10000, 10000, 'addons'),
(1885, 595, 1, 1, 'speakers'),
(1886, 595, 1, 1, 'idrive'),
(1887, 598, 29900, 29900, 'bimmer_tech'),
(1888, 598, 1, 1, 'addons'),
(1889, 598, 1, 1, 'speakers'),
(1890, 598, 1, 1, 'idrive'),
(1891, 607, 1, 1, 'bimmer_tech'),
(1892, 607, 8500, 8500, 'addons'),
(1893, 607, 1, 1, 'speakers'),
(1894, 607, 1, 1, 'idrive'),
(1895, 615, 42500, 42500, 'bimmer_tech'),
(1896, 615, 1, 1, 'addons'),
(1897, 615, 1, 1, 'speakers'),
(1898, 615, 1, 1, 'idrive'),
(1899, 625, 45000, 1, 'bimmer_tech'),
(1900, 625, 1, 1, 'addons'),
(1901, 625, 1, 1, 'speakers'),
(1902, 625, 1, 1, 'idrive'),
(1903, 624, 38400, 1, 'bimmer_tech'),
(1904, 624, 1, 1, 'addons'),
(1905, 624, 1, 1, 'speakers'),
(1906, 624, 1, 1, 'idrive'),
(1907, 626, 1, 1, 'bimmer_tech'),
(1908, 626, 5500, 5500, 'addons'),
(1909, 626, 1, 1, 'speakers'),
(1910, 626, 1, 1, 'idrive'),
(1911, 627, 29900, 1, 'bimmer_tech'),
(1912, 627, 1, 1, 'addons'),
(1913, 627, 1, 1, 'speakers'),
(1914, 627, 1, 1, 'idrive'),
(1915, 628, 46500, 1, 'bimmer_tech'),
(1916, 628, 1, 1, 'addons'),
(1917, 628, 1, 1, 'speakers'),
(1918, 628, 1, 1, 'idrive'),
(1919, 629, 1, 1, 'bimmer_tech'),
(1920, 629, 5900, 5900, 'addons'),
(1921, 629, 1, 1, 'speakers'),
(1922, 629, 1, 1, 'idrive'),
(1923, 630, 47500, 1, 'bimmer_tech'),
(1924, 630, 1, 1, 'addons'),
(1925, 630, 1, 1, 'speakers'),
(1926, 630, 1, 1, 'idrive'),
(1927, 631, 39900, 1, 'bimmer_tech'),
(1928, 631, 1, 1, 'addons'),
(1929, 631, 1, 1, 'speakers'),
(1930, 631, 1, 1, 'idrive'),
(1931, 632, 39900, 1, 'bimmer_tech'),
(1932, 632, 1, 1, 'addons'),
(1933, 632, 1, 1, 'speakers'),
(1934, 632, 1, 1, 'idrive'),
(1935, 633, 39900, 1, 'bimmer_tech'),
(1936, 633, 1, 1, 'addons'),
(1937, 633, 1, 1, 'speakers'),
(1938, 633, 1, 1, 'idrive'),
(1939, 634, 199900, 1, 'bimmer_tech'),
(1940, 634, 1, 1, 'addons'),
(1941, 634, 1, 1, 'speakers'),
(1942, 634, 1, 1, 'idrive'),
(1943, 635, 177500, 1, 'bimmer_tech'),
(1944, 635, 1, 1, 'addons'),
(1945, 635, 1, 1, 'speakers'),
(1946, 635, 1, 1, 'idrive'),
(1947, 636, 185000, 1, 'bimmer_tech'),
(1948, 636, 1, 1, 'addons'),
(1949, 636, 1, 1, 'speakers'),
(1950, 636, 1, 1, 'idrive'),
(1951, 637, 1, 1, 'bimmer_tech'),
(1952, 637, 15960, 15960, 'addons'),
(1953, 637, 1, 1, 'speakers'),
(1954, 637, 1, 1, 'idrive'),
(1955, 638, 185000, 1, 'bimmer_tech'),
(1956, 638, 1, 1, 'addons'),
(1957, 638, 1, 1, 'speakers'),
(1958, 638, 1, 1, 'idrive'),
(1959, 639, 199900, 1, 'bimmer_tech'),
(1960, 639, 1, 1, 'addons'),
(1961, 639, 1, 1, 'speakers'),
(1962, 639, 1, 1, 'idrive'),
(1963, 640, 1, 1, 'bimmer_tech'),
(1964, 640, 29900, 29900, 'addons'),
(1965, 640, 1, 1, 'speakers'),
(1966, 640, 1, 1, 'idrive'),
(1967, 641, 69900, 1, 'bimmer_tech'),
(1968, 641, 1, 1, 'addons'),
(1969, 641, 1, 1, 'speakers'),
(1970, 641, 1, 1, 'idrive'),
(1971, 642, 1, 1, 'bimmer_tech'),
(1972, 642, 16600, 16600, 'addons'),
(1973, 642, 1, 1, 'speakers'),
(1974, 642, 1, 1, 'idrive'),
(1975, 643, 119900, 1, 'bimmer_tech'),
(1976, 643, 1, 1, 'addons'),
(1977, 643, 1, 1, 'speakers'),
(1978, 643, 1, 1, 'idrive'),
(1979, 644, 179900, 1, 'bimmer_tech'),
(1980, 644, 1, 1, 'addons'),
(1981, 644, 1, 1, 'speakers'),
(1982, 644, 1, 1, 'idrive'),
(1983, 645, 1499, 1, 'bimmer_tech'),
(1984, 645, 1, 1, 'addons'),
(1985, 645, 1, 1, 'speakers'),
(1986, 645, 1, 1, 'idrive'),
(1987, 646, 89800, 1, 'bimmer_tech'),
(1988, 646, 1, 1, 'addons'),
(1989, 646, 1, 1, 'speakers'),
(1990, 646, 1, 1, 'idrive'),
(1991, 647, 102900, 1, 'bimmer_tech'),
(1992, 647, 1, 1, 'addons'),
(1993, 647, 1, 1, 'speakers'),
(1994, 647, 1, 1, 'idrive'),
(1995, 648, 79800, 1, 'bimmer_tech'),
(1996, 648, 1, 1, 'addons'),
(1997, 648, 1, 1, 'speakers'),
(1998, 648, 1, 1, 'idrive'),
(1999, 649, 1, 1, 'bimmer_tech'),
(2000, 649, 100000, 1, 'addons'),
(2001, 649, 1, 1, 'speakers'),
(2002, 649, 1, 1, 'idrive'),
(2003, 650, 1, 1, 'bimmer_tech'),
(2004, 650, 50000, 1, 'addons'),
(2005, 650, 1, 1, 'speakers'),
(2006, 650, 1, 1, 'idrive'),
(2007, 652, 1, 1, 'bimmer_tech'),
(2008, 652, 80000, 1, 'addons'),
(2009, 652, 1, 1, 'speakers'),
(2010, 652, 1, 1, 'idrive'),
(2011, 651, 170000, 1, 'bimmer_tech'),
(2012, 651, 1, 1, 'addons'),
(2013, 651, 1, 1, 'speakers'),
(2014, 651, 1, 1, 'idrive');

-- --------------------------------------------------------

--
-- Table structure for table `sylius_country`
--

CREATE TABLE `sylius_country` (
  `id` int(11) NOT NULL,
  `code` varchar(2) COLLATE utf8_unicode_ci NOT NULL,
  `enabled` tinyint(1) NOT NULL
) ENGINE=InnoDB DEFAULT CHARSET=utf8 COLLATE=utf8_unicode_ci;

--
-- Dumping data for table `sylius_country`
--

INSERT INTO `sylius_country` (`id`, `code`, `enabled`) VALUES
(273, 'CA', 1),
(274, 'US', 1),
(275, 'PL', 1),
(276, 'DE', 1),
(277, 'FR', 1),
(278, 'IT', 1),
(279, 'AE', 1),
(280, 'CN', 1),
(281, 'ID', 1),
(282, 'DZ', 1),
(283, 'EG', 1),
(284, 'IQ', 1),
(285, 'IR', 1),
(286, 'AL', 1),
(287, 'BB', 1);

-- --------------------------------------------------------

--
-- Table structure for table `sylius_currency`
--

CREATE TABLE `sylius_currency` (
  `id` int(11) NOT NULL,
  `code` varchar(3) COLLATE utf8_unicode_ci NOT NULL,
  `created_at` datetime NOT NULL,
  `updated_at` datetime DEFAULT NULL
) ENGINE=InnoDB DEFAULT CHARSET=utf8 COLLATE=utf8_unicode_ci;

--
-- Dumping data for table `sylius_currency`
--

INSERT INTO `sylius_currency` (`id`, `code`, `created_at`, `updated_at`) VALUES
(39, 'USD', '2018-08-17 13:51:54', '2018-08-17 13:51:54'),
(40, 'EUR', '2018-08-17 13:51:54', '2018-08-17 13:51:54');

-- --------------------------------------------------------

--
-- Table structure for table `sylius_customer`
--

CREATE TABLE `sylius_customer` (
  `id` int(11) NOT NULL,
  `customer_group_id` int(11) DEFAULT NULL,
  `user_sale_id` int(11) DEFAULT NULL,
  `default_address_id` int(11) DEFAULT NULL,
  `email` varchar(255) COLLATE utf8_unicode_ci NOT NULL,
  `email_canonical` varchar(255) COLLATE utf8_unicode_ci NOT NULL,
  `first_name` varchar(255) COLLATE utf8_unicode_ci DEFAULT NULL,
  `last_name` varchar(255) COLLATE utf8_unicode_ci DEFAULT NULL,
  `birthday` datetime DEFAULT NULL,
  `gender` varchar(1) COLLATE utf8_unicode_ci NOT NULL DEFAULT 'u',
  `created_at` datetime NOT NULL,
  `updated_at` datetime DEFAULT NULL,
  `phone_number` varchar(255) COLLATE utf8_unicode_ci DEFAULT NULL,
  `subscribed_to_newsletter` tinyint(1) NOT NULL,
  `vatNumber` varchar(255) COLLATE utf8_unicode_ci DEFAULT NULL,
  `path` longtext COLLATE utf8_unicode_ci DEFAULT NULL,
  `company` varchar(255) COLLATE utf8_unicode_ci DEFAULT NULL,
  `vinNumber` varchar(255) COLLATE utf8_unicode_ci DEFAULT NULL
) ENGINE=InnoDB DEFAULT CHARSET=utf8 COLLATE=utf8_unicode_ci;

--
-- Dumping data for table `sylius_customer`
--

INSERT INTO `sylius_customer` (`id`, `customer_group_id`, `user_sale_id`, `default_address_id`, `email`, `email_canonical`, `first_name`, `last_name`, `birthday`, `gender`, `created_at`, `updated_at`, `phone_number`, `subscribed_to_newsletter`, `vatNumber`, `path`, `company`, `vinNumber`) VALUES
(230, NULL, NULL, NULL, 'anastasiya.movchanyuk@gmail.com', 'anastasiya.movchanyuk@gmail.com', 'Anastasiis', 'Husieva', '2018-12-29 00:00:00', 'u', '2019-04-17 11:55:57', '2019-05-10 10:36:54', '795903821', 0, NULL, NULL, NULL, 'F815200'),
(231, NULL, NULL, NULL, 'julia.koval@bimmer-tech.net', 'julia.koval@bimmer-tech.net', 'Julia', 'Koval', '2018-12-29 00:00:00', 'u', '2019-04-18 08:09:48', '2019-05-07 07:30:31', '+97152154587', 0, NULL, NULL, NULL, 'kt33030'),
(232, NULL, NULL, NULL, 'jdforrest.sc@gmail.com', 'jdforrest.sc@gmail.com', NULL, NULL, NULL, 'u', '2019-04-19 20:56:21', '2019-04-19 20:56:21', NULL, 0, NULL, NULL, NULL, NULL),
(233, NULL, NULL, NULL, 'krystyna.beniger@bimmer-tech.net', 'krystyna.beniger@bimmer-tech.net', 'Krystyna', 'Beniger', '2018-12-29 00:00:00', 'u', '2019-04-23 11:27:11', '2019-04-30 09:16:55', '792111152', 0, NULL, NULL, NULL, 'kt33030'),
(234, NULL, NULL, NULL, 'julia.koval1@bimmer-tech.net', 'julia.koval1@bimmer-tech.net', 'Julia', 'Koval', NULL, 'u', '2019-04-23 11:31:44', '2019-04-23 11:32:09', '+971521509404', 0, NULL, NULL, NULL, 'bh45632'),
(235, NULL, NULL, NULL, 'mykola.fedan@gmail.com', 'mykola.fedan@gmail.com', 'Mykola', 'Fedan', NULL, 'u', '2019-04-23 12:03:35', '2019-05-14 17:59:03', '5555555555555', 0, NULL, NULL, NULL, 'kt33030'),
(236, NULL, NULL, NULL, 'igor.rokobit@gmail.com', 'igor.rokobit@gmail.com', NULL, NULL, NULL, 'u', '2019-04-25 10:37:29', '2019-04-25 10:37:29', NULL, 0, NULL, NULL, NULL, NULL),
(237, NULL, NULL, NULL, 'krystynabeniger@interia.pl', 'krystynabeniger@interia.pl', NULL, NULL, NULL, 'u', '2019-04-30 09:43:52', '2019-04-30 09:43:52', NULL, 0, NULL, NULL, NULL, NULL),
(238, NULL, NULL, NULL, 'kryts.junior@gmail.com', 'kryts.junior@gmail.com', 'Vasyl', 'Rokobit', '2018-12-29 00:00:00', 'u', '2019-05-03 10:13:52', '2019-05-17 08:50:57', '001122334455', 0, NULL, '8d/9a/1405a8dd4b0fae708c6bd953bd55.jpg', NULL, '0T68782'),
(239, NULL, NULL, NULL, 'MICHALOWCZAREK154@GMAIL.COM', 'michalowczarek154@gmail.com', NULL, NULL, NULL, 'u', '2019-05-08 07:46:14', '2019-05-08 07:46:14', NULL, 0, NULL, NULL, NULL, NULL),
(240, NULL, NULL, NULL, 'ammar.rokobit@gmail.com', 'ammar.rokobit@gmail.com', 'Julia', 'Koval', '2018-12-29 00:00:00', 'u', '2019-05-14 12:16:12', '2019-05-14 12:22:06', '521509404', 0, NULL, NULL, NULL, 'kt33030'),
(241, NULL, NULL, NULL, 'bohdan.rokobit@gmail.com', 'bohdan.rokobit@gmail.com', 'Jun', 'Summer', '2018-12-29 00:00:00', 'u', '2019-05-16 08:05:59', '2019-05-16 08:27:16', '38065412365', 0, NULL, NULL, NULL, 'e892426'),
(242, NULL, NULL, NULL, 'ihor1234525@gmail.com', 'ihor1234525@gmail.com', NULL, NULL, NULL, 'u', '2019-05-16 09:38:46', '2019-05-16 09:38:46', NULL, 0, NULL, NULL, NULL, NULL),
(243, NULL, NULL, NULL, 'tsikora@dotx.pl', 'tsikora@dotx.pl', NULL, NULL, NULL, 'u', '2019-05-16 10:08:23', '2019-05-16 10:08:23', NULL, 0, NULL, NULL, NULL, NULL),
(244, NULL, NULL, NULL, 'koval8julia@gmail.com', 'koval8julia@gmail.com', 'Julia', 'Koval', NULL, 'u', '2019-05-16 10:08:47', '2019-05-16 10:09:20', '+5058945625', 0, NULL, NULL, NULL, 'pv48254'),
(245, NULL, NULL, NULL, 'julia.koval2@bimmer-tech.net', 'julia.koval2@bimmer-tech.net', 'Paul', 'Mosk', NULL, 'u', '2019-05-16 10:13:08', '2019-05-16 10:13:38', '521509404', 0, NULL, NULL, NULL, 'kt33030'),
(246, NULL, NULL, NULL, 'christina.ryzhnitsyna@bimmer-tech.net', 'christina.ryzhnitsyna@bimmer-tech.net', 'Chris', 'chris8', '2018-12-29 00:00:00', 'u', '2019-05-16 11:14:11', '2019-05-16 12:21:04', '1234567', 0, NULL, NULL, NULL, 'KT33030'),
(247, NULL, NULL, NULL, 'christinaryzhnitsyna@gmail.com', 'christinaryzhnitsyna@gmail.com', 'Kris', 'KK', '2018-12-29 00:00:00', 'u', '2019-05-16 12:50:47', '2019-05-16 12:52:39', '1234567', 0, NULL, NULL, NULL, 'KT33030'),
(248, NULL, NULL, NULL, 'jagodka1988@inbox.ru', 'jagodka1988@inbox.ru', NULL, NULL, NULL, 'u', '2019-05-16 13:12:35', '2019-05-16 13:12:35', NULL, 0, NULL, NULL, NULL, NULL),
(249, NULL, NULL, NULL, 'vasyl.rokobit@gmail.com', 'vasyl.rokobit@gmail.com', 'Vasyl', 'Rokobit', '2018-12-29 00:00:00', 'u', '2019-05-17 12:15:16', '2019-05-17 13:31:04', '1234561', 0, NULL, NULL, NULL, 'KT33030');

-- --------------------------------------------------------

--
-- Table structure for table `sylius_customer_group`
--

CREATE TABLE `sylius_customer_group` (
  `id` int(11) NOT NULL,
  `code` varchar(255) COLLATE utf8_unicode_ci NOT NULL,
  `name` varchar(255) COLLATE utf8_unicode_ci NOT NULL
) ENGINE=InnoDB DEFAULT CHARSET=utf8 COLLATE=utf8_unicode_ci;

-- --------------------------------------------------------

--
-- Table structure for table `sylius_exchange_rate`
--

CREATE TABLE `sylius_exchange_rate` (
  `id` int(11) NOT NULL,
  `source_currency` int(11) NOT NULL,
  `target_currency` int(11) NOT NULL,
  `ratio` decimal(10,5) NOT NULL,
  `created_at` datetime NOT NULL,
  `updated_at` datetime DEFAULT NULL
) ENGINE=InnoDB DEFAULT CHARSET=utf8 COLLATE=utf8_unicode_ci;

-- --------------------------------------------------------

--
-- Table structure for table `sylius_gateway_config`
--

CREATE TABLE `sylius_gateway_config` (
  `id` int(11) NOT NULL,
  `gateway_name` varchar(255) COLLATE utf8_unicode_ci NOT NULL,
  `factory_name` varchar(255) COLLATE utf8_unicode_ci NOT NULL,
  `config` longtext COLLATE utf8_unicode_ci NOT NULL COMMENT '(DC2Type:json_array)'
) ENGINE=InnoDB DEFAULT CHARSET=utf8 COLLATE=utf8_unicode_ci;

--
-- Dumping data for table `sylius_gateway_config`
--

INSERT INTO `sylius_gateway_config` (`id`, `gateway_name`, `factory_name`, `config`) VALUES
(20, 'online', 'paypal_express_checkout', '{\"username\":\"paypal.bimmertech-facilitator_api1.gmail.com\",\"password\":\"6BC62MSAX5PXVMTM\",\"signature\":\"AF89hU5GmQJvhPttqY-lR26FYsgeAx2u-Kqc7UMBaPcsjB8m33HlTJ4o\",\"sandbox\":true}');

-- --------------------------------------------------------

--
-- Table structure for table `sylius_locale`
--

CREATE TABLE `sylius_locale` (
  `id` int(11) NOT NULL,
  `code` varchar(12) COLLATE utf8_unicode_ci NOT NULL,
  `created_at` datetime NOT NULL,
  `updated_at` datetime DEFAULT NULL
) ENGINE=InnoDB DEFAULT CHARSET=utf8 COLLATE=utf8_unicode_ci;

--
-- Dumping data for table `sylius_locale`
--

INSERT INTO `sylius_locale` (`id`, `code`, `created_at`, `updated_at`) VALUES
(23, 'en_US', '2018-08-17 13:51:54', '2018-08-17 13:51:54');

-- --------------------------------------------------------

--
-- Table structure for table `sylius_order`
--

CREATE TABLE `sylius_order` (
  `id` int(11) NOT NULL,
  `channel_id` int(11) DEFAULT NULL,
  `promotion_coupon_id` int(11) DEFAULT NULL,
  `customer_id` int(11) DEFAULT NULL,
  `warehouse_id` int(11) DEFAULT NULL,
  `shipping_address_id` int(11) DEFAULT NULL,
  `billing_address_id` int(11) DEFAULT NULL,
  `number` varchar(255) COLLATE utf8_unicode_ci DEFAULT NULL,
  `notes` longtext COLLATE utf8_unicode_ci DEFAULT NULL,
  `state` varchar(255) COLLATE utf8_unicode_ci NOT NULL,
  `checkout_completed_at` datetime DEFAULT NULL,
  `items_total` int(11) NOT NULL,
  `adjustments_total` int(11) NOT NULL,
  `total` int(11) NOT NULL,
  `created_at` datetime NOT NULL,
  `updated_at` datetime DEFAULT NULL,
  `currency_code` varchar(3) COLLATE utf8_unicode_ci NOT NULL,
  `locale_code` varchar(255) COLLATE utf8_unicode_ci NOT NULL,
  `checkout_state` varchar(255) COLLATE utf8_unicode_ci NOT NULL,
  `payment_state` varchar(255) COLLATE utf8_unicode_ci NOT NULL,
  `shipping_state` varchar(255) COLLATE utf8_unicode_ci NOT NULL,
  `token_value` varchar(255) COLLATE utf8_unicode_ci DEFAULT NULL,
  `customer_ip` varchar(255) COLLATE utf8_unicode_ci DEFAULT NULL,
  `vin` varchar(255) COLLATE utf8_unicode_ci DEFAULT NULL,
  `vatNumber` varchar(255) COLLATE utf8_unicode_ci DEFAULT NULL,
  `hasTax` tinyint(1) DEFAULT NULL,
  `source` varchar(255) COLLATE utf8_unicode_ci NOT NULL,
  `countryCode` varchar(255) COLLATE utf8_unicode_ci DEFAULT NULL,
  `provinceName` varchar(255) COLLATE utf8_unicode_ci DEFAULT NULL,
  `userSale_id` int(11) DEFAULT NULL,
  `supportStatus` varchar(255) COLLATE utf8_unicode_ci NOT NULL,
  `codingStatus` varchar(255) COLLATE utf8_unicode_ci NOT NULL,
  `usb_coding_status` varchar(255) COLLATE utf8_unicode_ci DEFAULT NULL
) ENGINE=InnoDB DEFAULT CHARSET=utf8 COLLATE=utf8_unicode_ci;

--
-- Dumping data for table `sylius_order`
--

INSERT INTO `sylius_order` (`id`, `channel_id`, `promotion_coupon_id`, `customer_id`, `warehouse_id`, `shipping_address_id`, `billing_address_id`, `number`, `notes`, `state`, `checkout_completed_at`, `items_total`, `adjustments_total`, `total`, `created_at`, `updated_at`, `currency_code`, `locale_code`, `checkout_state`, `payment_state`, `shipping_state`, `token_value`, `customer_ip`, `vin`, `vatNumber`, `hasTax`, `source`, `countryCode`, `provinceName`, `userSale_id`, `supportStatus`, `codingStatus`, `usb_coding_status`) VALUES
(725, 57, NULL, 241, 55, 370, 370, '000000045', '', 'partially fulfilled', '2019-05-16 09:12:44', 202300, 0, 202300, '2019-05-16 09:11:10', '2019-05-16 10:13:05', 'USD', 'en_us', 'completed', 'completed', 'partially shipped', 'ea13c0f4913beb7fe9ef', '194.44.192.201', 'E892426', NULL, NULL, 'website', 'CN', NULL, NULL, 'not added', 'not coded', 'not required'),
(726, 57, NULL, 241, 55, 371, 371, '000000046', 'thisis my commnet', 'new', '2019-05-16 09:45:05', 191299, 0, 191299, '2019-05-16 09:44:46', '2019-05-18 11:18:14', 'USD', 'en_us', 'completed', 'completed', 'shipped', '4887f4a41970c7693827', '194.44.192.201', 'E892426', NULL, NULL, 'website', 'CN', NULL, 134, 'not added', 'not coded', 'not required'),
(727, 57, NULL, 233, 55, 372, 372, '000000047', '', 'fulfilled', '2019-05-16 09:46:45', 234800, 0, 234800, '2019-05-16 09:46:01', '2019-05-16 10:06:08', 'USD', 'en_us', 'completed', 'completed', 'backorder', 'ad766c39beb2c3f43b62', '79.98.149.250', 'KT33030', NULL, NULL, 'website', 'PL', NULL, 134, 'not added', 'not coded', 'not required'),
(728, 57, NULL, 241, 55, 379, 379, '000000054', '', 'partially fulfilled', '2019-05-16 10:18:18', 191300, 0, 191300, '2019-05-16 09:47:59', '2019-05-16 10:30:02', 'USD', 'en_us', 'completed', 'completed', 'delivered', '1089c9809c07facbe7b7', '194.44.192.201', 'E892426', NULL, NULL, 'website', 'DZ', NULL, 134, 'not added', 'not coded', 'not required'),
(729, 57, NULL, 233, 55, 373, 373, '000000048', '', 'new', '2019-05-16 09:53:00', 56499, 0, 56499, '2019-05-16 09:48:20', '2019-05-16 10:07:24', 'USD', 'en_us', 'completed', 'completed', 'partially shipped', '15ec10bb18243d47d1f6', '79.98.149.250', 'KT33030', NULL, NULL, 'website', 'BB', NULL, 131, 'not added', 'not coded', 'not required'),
(730, 57, NULL, NULL, NULL, NULL, NULL, NULL, NULL, 'cart', NULL, 126400, 0, 126400, '2019-05-16 09:48:30', '2019-05-16 09:48:30', 'USD', 'en_us', 'cart', 'cart', 'cart', NULL, NULL, NULL, NULL, NULL, 'website', NULL, NULL, NULL, 'not required', 'not required', 'not required'),
(731, 57, NULL, 231, 55, 374, 374, '000000049', '', 'new', '2019-05-16 09:53:03', 92300, 0, 92300, '2019-05-16 09:52:54', '2019-05-16 09:54:17', 'USD', 'en_us', 'completed', 'completed', 'not shipped', '7a8cd67334ce41e8b8be', '194.44.192.201', 'KT33030', NULL, NULL, 'website', 'DZ', NULL, NULL, 'not added', 'not required', 'not required'),
(732, 57, NULL, 231, 55, 375, 375, '000000050', '', 'new', '2019-05-16 09:55:23', 191299, 0, 191299, '2019-05-16 09:54:42', '2019-05-16 09:55:59', 'USD', 'en_us', 'completed', 'completed', 'not shipped', '89a06290b6765a927b23', '194.44.192.201', 'KT33030', NULL, NULL, 'website', 'FR', NULL, 134, 'not added', 'not coded', 'not required'),
(733, 57, NULL, 231, 55, 376, 376, '000000051', '', 'new', '2019-05-16 09:57:03', 274700, 0, 274700, '2019-05-16 09:55:58', '2019-05-16 09:57:29', 'USD', 'en_us', 'completed', 'completed', 'not shipped', 'fc14ac77dcf9262f184e', '194.44.192.201', 'KT33030', NULL, NULL, 'website', 'IQ', NULL, NULL, 'not added', 'not coded', 'not required'),
(734, 57, NULL, 244, 55, 377, 377, '000000052', '', 'partially fulfilled', '2019-05-16 10:09:21', 559400, 0, 559400, '2019-05-16 10:03:38', '2019-05-16 11:00:05', 'USD', 'en_us', 'completed', 'completed', 'partially shipped', '26144a355e58eb5fb455', '194.44.192.201', 'pv48254', NULL, NULL, 'website', 'CA', NULL, NULL, 'not added', 'not coded', 'not required'),
(735, 57, NULL, NULL, NULL, NULL, NULL, NULL, NULL, 'cart', NULL, 64900, 0, 64900, '2019-05-16 10:08:07', '2019-05-16 10:08:07', 'USD', 'en_us', 'cart', 'cart', 'cart', NULL, NULL, NULL, NULL, NULL, 'website', NULL, NULL, NULL, 'not required', 'not required', 'not required'),
(736, 57, NULL, NULL, NULL, NULL, NULL, NULL, NULL, 'cart', NULL, 25000, 0, 25000, '2019-05-16 10:08:30', '2019-05-16 10:08:30', 'USD', 'en_us', 'cart', 'cart', 'cart', NULL, NULL, NULL, NULL, NULL, 'website', NULL, NULL, NULL, 'not required', 'not required', 'not required'),
(737, 57, NULL, 245, 55, 378, 378, '000000053', '', 'new', '2019-05-16 10:13:38', 112400, 0, 112400, '2019-05-16 10:12:48', '2019-05-16 10:14:07', 'USD', 'en_us', 'completed', 'completed', 'not shipped', 'a713d99db246460dacb4', '194.44.192.201', 'kt33030', NULL, NULL, 'website', 'IQ', NULL, NULL, 'not added', 'not required', 'not required'),
(739, 57, NULL, 241, 55, 380, 380, '000000055', '', 'partially fulfilled', '2019-05-16 10:21:07', 74900, 0, 74900, '2019-05-16 10:20:57', '2019-05-16 11:00:02', 'USD', 'en_us', 'completed', 'completed', 'delivered', 'cc0fc57d1c54ea3458db', '194.44.192.201', 'E892426', NULL, NULL, 'website', 'DE', NULL, NULL, 'not added', 'not required', 'not required'),
(741, 57, NULL, 233, 55, 381, 381, '000000056', 'wtwytduytdyautdytd', 'fulfilled', '2019-05-16 11:08:08', 71399, 0, 71399, '2019-05-16 11:07:51', '2019-05-16 12:55:11', 'USD', 'en_us', 'completed', 'refunded', 'not shipped', '2bb7c34692b4d2f5a7df', '79.98.149.250', 'KT33030', NULL, NULL, 'website', 'ID', NULL, NULL, 'not added', 'not coded', 'not required'),
(743, 57, NULL, 246, 55, 382, 382, '000000057', 'noinipjo', 'cancelled', '2019-05-16 11:54:37', 25000, 0, 25000, '2019-05-16 11:53:03', '2019-05-16 12:55:52', 'USD', 'en_us', 'completed', 'refunded', 'shipped', 'b357bd19af554b3cd3dd', '79.98.149.250', 'KT33030', NULL, NULL, 'website', 'FR', NULL, NULL, 'completed', 'completed', 'not required'),
(744, 57, NULL, 246, 55, NULL, NULL, '000000058', 'mfhhbfd', 'new', '2019-05-16 12:31:04', 179900, 0, 179900, '2019-05-16 12:30:39', '2019-05-16 12:31:04', 'USD', 'en_us', 'completed', 'awaiting_payment', 'not shipped', 'dd90ea38f581708f7891', '79.98.149.250', 'KT33030', NULL, NULL, 'website', 'CN', NULL, NULL, 'not added', 'not coded', 'not required'),
(745, 57, NULL, 246, 55, NULL, NULL, '000000059', 'nhbdf', 'new', '2019-05-16 12:39:11', 179900, 0, 179900, '2019-05-16 12:38:59', '2019-05-16 12:39:11', 'USD', 'en_us', 'completed', 'awaiting_payment', 'not shipped', 'eb9e455fdf8ebb046415', '79.98.149.250', 'KT33030', NULL, NULL, 'website', 'CN', NULL, NULL, 'not added', 'not coded', 'not required'),
(746, 57, NULL, 247, 55, 383, 383, '000000060', '', 'fulfilled', '2019-05-16 12:58:31', 83899, 0, 83899, '2019-05-16 12:54:44', '2019-05-16 15:30:03', 'USD', 'en_us', 'completed', 'completed', 'delivered', 'e28c8a1df1ee8bedb3ea', '79.98.149.250', 'KT33030', NULL, NULL, 'website', 'CA', NULL, NULL, 'completed', 'not required', 'not required'),
(747, 57, NULL, 247, 55, 384, 384, '000000061', 'bfdbvdsfse', 'partially fulfilled', '2019-05-16 13:09:47', 29900, 0, 29900, '2019-05-16 13:08:41', '2019-05-17 08:00:08', 'USD', 'en_us', 'completed', 'completed', 'partially shipped', '7e25317bd061754b3c42', '79.98.149.250', 'KT33030', NULL, NULL, 'website', 'DZ', NULL, NULL, 'not added', 'not coded', 'not required'),
(748, 57, NULL, 247, 55, NULL, NULL, '000000062', '', 'new', '2019-05-16 13:11:13', 29900, 0, 29900, '2019-05-16 13:10:59', '2019-05-16 13:11:13', 'USD', 'en_us', 'completed', 'awaiting_payment', 'not shipped', 'c45b54c6c4ce2b4cb662', '79.98.149.250', 'KT33030', NULL, NULL, 'website', 'IQ', NULL, NULL, 'not added', 'not coded', 'not required'),
(749, 57, NULL, 233, 55, 385, 385, '000000063', 'vghtffd', 'partially fulfilled', '2019-05-16 13:23:07', 56499, 0, 56499, '2019-05-16 13:22:50', '2019-05-17 08:30:06', 'USD', 'en_us', 'completed', 'completed', 'partially shipped', '3666caf6021c1b44c137', '79.98.149.250', 'KT33030', NULL, NULL, 'website', 'BB', NULL, 131, 'not added', 'not coded', 'not required'),
(750, 57, NULL, 241, 55, 386, 386, '000000064', '', 'new', '2019-05-16 13:38:37', 229800, 0, 229800, '2019-05-16 13:35:30', '2019-05-17 07:23:50', 'USD', 'en_us', 'completed', 'completed', 'partially shipped', '643c5e50a97647be90b5', '194.44.192.201', 'E892426', NULL, NULL, 'website', 'DE', NULL, NULL, 'not added', 'not coded', 'not required'),
(751, 57, NULL, 241, 55, 387, 387, '000000065', '', 'partially fulfilled', '2019-05-17 07:27:59', 69900, 0, 69900, '2019-05-17 07:27:43', '2019-05-17 09:30:03', 'USD', 'en_us', 'completed', 'completed', 'delivered', '9669af34ff9809384b34', '194.44.192.201', 'E892426', NULL, NULL, 'website', 'DE', NULL, 113, 'not added', 'not coded', 'not required'),
(752, 57, NULL, 247, 55, NULL, NULL, '000000066', 'new', 'new', '2019-05-17 09:36:15', 66399, 0, 66399, '2019-05-17 09:34:46', '2019-05-17 09:36:15', 'USD', 'en_us', 'completed', 'awaiting_payment', 'not shipped', '7e5bd3ceda7220c6b520', '79.98.149.250', 'KT33030', NULL, NULL, 'website', 'CA', NULL, NULL, 'not added', 'not required', 'not required'),
(754, 57, NULL, 247, NULL, NULL, NULL, NULL, NULL, 'cart', NULL, 221299, 0, 221299, '2019-05-17 09:41:37', '2019-05-17 09:44:16', 'USD', 'en_us', 'cart', 'cart', 'cart', NULL, NULL, NULL, NULL, NULL, 'website', NULL, NULL, NULL, 'not required', 'not required', 'not required');

-- --------------------------------------------------------

--
-- Table structure for table `sylius_order_item`
--

CREATE TABLE `sylius_order_item` (
  `id` int(11) NOT NULL,
  `order_id` int(11) NOT NULL,
  `variant_id` int(11) NOT NULL,
  `warehouse_id` int(11) DEFAULT NULL,
  `quantity` int(11) NOT NULL,
  `unit_price` int(11) NOT NULL,
  `units_total` int(11) NOT NULL,
  `adjustments_total` int(11) NOT NULL,
  `total` int(11) NOT NULL,
  `is_immutable` tinyint(1) NOT NULL,
  `product_name` varchar(255) COLLATE utf8_unicode_ci DEFAULT NULL,
  `variant_name` varchar(255) COLLATE utf8_unicode_ci DEFAULT NULL,
  `instruction` longtext COLLATE utf8_unicode_ci DEFAULT NULL,
  `supportStatus` varchar(255) COLLATE utf8_unicode_ci NOT NULL,
  `codingStatus` varchar(255) COLLATE utf8_unicode_ci DEFAULT NULL,
  `parent_id` int(11) DEFAULT NULL,
  `save_price_id` int(11) DEFAULT NULL,
  `type` varchar(255) COLLATE utf8_unicode_ci DEFAULT NULL,
  `price` int(11) NOT NULL,
  `compatible` varchar(255) COLLATE utf8_unicode_ci DEFAULT NULL,
  `support_date` datetime DEFAULT NULL,
  `coding_date` datetime DEFAULT NULL
) ENGINE=InnoDB DEFAULT CHARSET=utf8 COLLATE=utf8_unicode_ci;

--
-- Dumping data for table `sylius_order_item`
--

INSERT INTO `sylius_order_item` (`id`, `order_id`, `variant_id`, `warehouse_id`, `quantity`, `unit_price`, `units_total`, `adjustments_total`, `total`, `is_immutable`, `product_name`, `variant_name`, `instruction`, `supportStatus`, `codingStatus`, `parent_id`, `save_price_id`, `type`, `price`, `compatible`, `support_date`, `coding_date`) VALUES
(1832, 667, 461, 55, 1, 16500, 16500, 0, 16500, 0, NULL, NULL, NULL, 'not required', 'not required', NULL, NULL, 'item', 16500, 'Not verified', NULL, NULL),
(1833, 668, 461, 55, 1, 20000, 20000, 0, 20000, 0, NULL, NULL, NULL, 'not required', 'not required', NULL, NULL, 'item', 20000, 'Compatible', NULL, NULL),
(1834, 669, 461, 55, 1, 16500, 16500, 0, 16500, 0, NULL, NULL, NULL, 'not required', 'not required', NULL, NULL, 'item', 16500, 'Not verified', NULL, NULL),
(1835, 670, 462, 55, 1, 54900, 54900, 0, 54900, 0, NULL, NULL, NULL, 'not added', 'not required', NULL, NULL, 'item', 54900, 'Not verified', NULL, NULL),
(1836, 671, 461, 55, 1, 16500, 16500, 0, 16500, 0, NULL, NULL, NULL, 'not required', 'not required', NULL, NULL, 'item', 16500, 'Not verified', NULL, NULL),
(1841, 672, 464, 55, 3, 54900, 164700, 0, 164700, 0, NULL, NULL, 'Sent via email', 'completed', 'not required', NULL, NULL, 'item', 54900, 'Not verified', '2019-04-24 10:54:52', NULL),
(1842, 672, 502, NULL, 3, 0, 0, 0, 0, 0, NULL, NULL, NULL, 'not required', 'not required', 1841, NULL, 'warranty', 0, 'Compatible', NULL, NULL),
(1843, 672, 470, 55, 3, 25000, 75000, 0, 75000, 0, NULL, NULL, 'Sent via email', 'completed', 'not required', 1841, NULL, 'addon', 25000, 'Not verified', '2019-04-24 10:54:31', NULL),
(1844, 672, 484, 55, 3, 35000, 105000, 0, 105000, 0, NULL, NULL, 'Sent via email', 'completed', 'not required', 1841, NULL, 'addon', 35000, 'Not verified', '2019-04-24 10:54:31', NULL),
(1846, 668, 461, 55, 1, 16500, 16500, 0, 16500, 0, NULL, NULL, NULL, 'not required', 'not required', NULL, NULL, 'item', 16500, 'Compatible', NULL, NULL),
(1847, 675, 461, 55, 1, 16500, 16500, 0, 16500, 0, NULL, NULL, NULL, 'not required', 'not required', NULL, NULL, 'item', 16500, 'Not verified', NULL, NULL),
(1848, 676, 461, 55, 1, 20000, 20000, 0, 20000, 0, NULL, NULL, NULL, 'not required', 'not coded', NULL, NULL, 'item', 20000, 'Compatible', NULL, '2019-04-24 12:11:43'),
(1849, 677, 461, 55, 1, 16500, 16500, 0, 16500, 0, NULL, NULL, NULL, 'not required', 'not coded', NULL, NULL, 'item', 16500, 'Not verified', NULL, NULL),
(1850, 678, 461, 55, 1, 16500, 16500, 0, 16500, 0, NULL, NULL, NULL, 'not required', 'not coded', NULL, NULL, 'item', 16500, 'Compatible', NULL, NULL),
(1851, 679, 464, 55, 2, 54900, 109800, 0, 109800, 0, NULL, NULL, NULL, 'new', 'not required', NULL, NULL, 'item', 54900, 'Not verified', NULL, NULL),
(1852, 679, 501, NULL, 2, 0, 0, 0, 0, 0, NULL, NULL, NULL, 'not required', 'not required', 1851, NULL, 'warranty', 0, 'Compatible', NULL, NULL),
(1853, 680, 461, 55, 1, 20000, 20000, 0, 20000, 0, NULL, NULL, NULL, 'not required', 'completed', NULL, NULL, 'item', 20000, 'Not verified', NULL, '2019-04-24 15:32:32'),
(1854, 680, 464, 55, 2, 54900, 109800, 0, 109800, 0, NULL, NULL, 'Sent via email', 'completed', 'not required', NULL, NULL, 'item', 54900, 'Not verified', '2019-04-24 15:20:59', NULL),
(1855, 680, 502, NULL, 2, 0, 0, 0, 0, 0, NULL, NULL, NULL, 'not required', 'not required', 1854, NULL, 'warranty', 0, 'Compatible', NULL, NULL),
(1856, 680, 470, 55, 2, 25000, 50000, 0, 50000, 0, NULL, NULL, NULL, 'not added', 'not required', 1854, NULL, 'addon', 25000, 'Not verified', NULL, NULL),
(1857, 680, 484, 55, 2, 35000, 70000, 0, 70000, 0, NULL, NULL, NULL, 'not added', 'not required', 1854, NULL, 'addon', 35000, 'Not verified', NULL, NULL),
(1860, 682, 464, 55, 1, 54900, 54900, 0, 54900, 0, NULL, NULL, NULL, 'not added', 'not required', NULL, NULL, 'item', 54900, 'Not compatible', NULL, NULL),
(1861, 682, 501, NULL, 1, 0, 0, 0, 0, 0, NULL, NULL, NULL, 'not required', 'not required', 1860, NULL, 'warranty', 0, 'Compatible', NULL, NULL),
(1862, 683, 461, 55, 1, 16500, 16500, 0, 16500, 0, NULL, NULL, NULL, 'not required', 'not coded', NULL, NULL, 'item', 16500, 'Not verified', NULL, NULL),
(1863, 683, 462, 55, 1, 54900, 54900, 0, 54900, 0, NULL, NULL, 'asdfghj', 'completed', 'not required', NULL, NULL, 'item', 54900, 'Not verified', '2019-04-25 07:02:53', NULL),
(1864, 683, 501, NULL, 1, 0, 0, 0, 0, 0, NULL, NULL, NULL, 'not required', 'not required', 1863, NULL, 'warranty', 0, 'Compatible', NULL, NULL),
(1865, 683, 470, 55, 1, 25000, 25000, 0, 25000, 0, NULL, NULL, NULL, 'not added', 'not required', 1863, NULL, 'addon', 25000, 'Not verified', NULL, NULL),
(1866, 683, 484, 55, 1, 35000, 35000, 0, 35000, 0, NULL, NULL, NULL, 'not added', 'not required', 1863, NULL, 'addon', 35000, 'Not verified', NULL, NULL),
(1867, 684, 461, 55, 1, 16500, 16500, 0, 16500, 0, NULL, NULL, NULL, 'not required', 'not coded', NULL, NULL, 'item', 16500, 'Not verified', NULL, NULL),
(1868, 684, 462, 55, 1, 54900, 54900, 0, 54900, 0, NULL, NULL, NULL, 'not added', 'not required', NULL, NULL, 'item', 54900, 'Not verified', NULL, NULL),
(1869, 684, 502, NULL, 1, 0, 0, 0, 0, 0, NULL, NULL, NULL, 'not required', 'not required', 1868, NULL, 'warranty', 0, 'Compatible', NULL, NULL),
(1870, 684, 470, 55, 1, 25000, 25000, 0, 25000, 0, NULL, NULL, NULL, 'not added', 'not required', 1868, NULL, 'addon', 25000, 'Not verified', NULL, NULL),
(1871, 684, 484, 55, 1, 35000, 35000, 0, 35000, 0, NULL, NULL, NULL, 'not added', 'not required', 1868, NULL, 'addon', 35000, 'Not verified', NULL, NULL),
(1872, 685, 461, 55, 1, 16500, 16500, 0, 16500, 0, NULL, NULL, NULL, 'not required', 'not coded', NULL, NULL, 'item', 16500, 'Compatible', NULL, NULL),
(1873, 685, 464, 55, 3, 54900, 164700, 0, 164700, 0, NULL, NULL, NULL, 'not added', 'not required', NULL, NULL, 'item', 54900, 'Not compatible', NULL, NULL),
(1874, 685, 502, NULL, 3, 0, 0, 0, 0, 0, NULL, NULL, NULL, 'not required', 'not required', 1873, NULL, 'warranty', 0, 'Compatible', NULL, NULL),
(1875, 685, 470, 55, 3, 25000, 75000, 0, 75000, 0, NULL, NULL, 'dd', 'completed', 'not required', 1873, NULL, 'addon', 25000, 'Not compatible', '2019-04-24 20:50:58', NULL),
(1876, 686, 462, 55, 3, 54900, 164700, 0, 164700, 0, NULL, NULL, 'fefefefef', 'completed', 'not required', NULL, NULL, 'item', 54900, 'Not compatible', '2019-04-24 20:36:56', NULL),
(1877, 686, 502, NULL, 3, 0, 0, 0, 0, 0, NULL, NULL, NULL, 'not required', 'not required', 1876, NULL, 'warranty', 0, 'Compatible', NULL, NULL),
(1878, 686, 484, 55, 3, 35000, 105000, 0, 105000, 0, NULL, NULL, NULL, 'not added', 'not required', 1876, NULL, 'addon', 35000, 'Not compatible', NULL, NULL),
(1879, 686, 461, 55, 1, 16500, 16500, 0, 16500, 0, NULL, NULL, NULL, 'not required', 'completed', NULL, NULL, 'item', 16500, 'Compatible', NULL, '2019-04-24 20:45:15'),
(1880, 687, 461, 55, 1, 16500, 16500, 0, 16500, 0, NULL, NULL, NULL, 'not required', 'not coded', NULL, NULL, 'item', 16500, 'Not verified', NULL, NULL),
(1881, 688, 461, 55, 1, 11500, 11500, 0, 11500, 0, NULL, NULL, NULL, 'not required', 'not coded', NULL, NULL, 'item', 11500, 'Not verified', NULL, NULL),
(1882, 689, 464, 55, 2, 54900, 109800, 0, 109800, 0, NULL, NULL, NULL, 'not added', 'not required', NULL, NULL, 'item', 54900, 'Not verified', NULL, NULL),
(1883, 689, 502, NULL, 2, 0, 0, 0, 0, 0, NULL, NULL, NULL, 'not required', 'not required', 1882, NULL, 'warranty', 0, 'Compatible', NULL, NULL),
(1884, 689, 470, 55, 2, 25000, 50000, 0, 50000, 0, NULL, NULL, NULL, 'not added', 'not required', 1882, NULL, 'addon', 25000, 'Not verified', NULL, NULL),
(1885, 689, 484, 55, 2, 35000, 70000, 0, 70000, 0, NULL, NULL, NULL, 'not added', 'not required', 1882, NULL, 'addon', 35000, 'Not verified', NULL, NULL),
(1886, 689, 462, 55, 1, 54900, 54900, 0, 54900, 0, NULL, NULL, NULL, 'not added', 'not required', NULL, NULL, 'item', 54900, 'Not verified', NULL, NULL),
(1887, 689, 502, NULL, 1, 0, 0, 0, 0, 0, NULL, NULL, NULL, 'not required', 'not required', 1886, NULL, 'warranty', 0, 'Compatible', NULL, NULL),
(1889, 690, 490, 55, 1, 25000, 25000, 0, 25000, 0, NULL, NULL, NULL, 'new', 'not coded', NULL, NULL, 'item', 25000, 'Compatible', NULL, '2019-05-02 12:32:19'),
(1890, 691, 496, NULL, 1, 100, 100, 0, 100, 0, NULL, NULL, NULL, 'not required', 'not required', NULL, NULL, 'item', 100, 'Compatible', NULL, NULL),
(1891, 691, 497, NULL, 1, 200, 200, 0, 200, 0, NULL, NULL, NULL, 'not required', 'not required', 1890, NULL, 'addon', 200, 'Compatible', NULL, NULL),
(1892, 691, 490, 55, 1, 25000, 25000, 0, 25000, 0, NULL, NULL, NULL, 'new', 'not coded', NULL, NULL, 'item', 25000, 'Compatible', NULL, NULL),
(1893, 690, 497, NULL, 1, 200, 200, 0, 200, 0, NULL, NULL, NULL, 'not required', 'not required', NULL, NULL, 'item', 200, 'Compatible', NULL, NULL),
(1894, 690, 497, NULL, 1, 200, 200, 0, 200, 0, NULL, NULL, NULL, 'not required', 'not required', NULL, NULL, 'item', 200, 'Compatible', NULL, NULL),
(1895, 690, 496, NULL, 1, 100, 100, 0, 100, 0, NULL, NULL, NULL, 'not required', 'not required', 1894, NULL, 'addon', 100, 'Compatible', NULL, NULL),
(1896, 690, 496, NULL, 1, 100, 100, 0, 100, 0, NULL, NULL, NULL, 'not required', 'not required', NULL, NULL, 'item', 100, 'Compatible', NULL, NULL),
(1897, 690, 497, NULL, 1, 200, 200, 0, 200, 0, NULL, NULL, NULL, 'not required', 'not required', 1896, NULL, 'addon', 200, 'Compatible', NULL, NULL),
(1898, 692, 574, 55, 1, 62400, 62400, 0, 62400, 0, NULL, NULL, 'Sent via email', 'completed', 'completed', NULL, NULL, 'item', 62400, 'Not compatible', '2019-05-02 12:42:02', '2019-05-02 12:42:36'),
(1899, 692, 501, NULL, 1, 0, 0, 0, 0, 0, NULL, NULL, NULL, 'not required', 'not required', 1898, NULL, 'warranty', 0, 'Compatible', NULL, NULL),
(1900, 692, 486, 55, 1, 20000, 20000, 0, 20000, 0, NULL, NULL, 'Sent via email', 'completed', 'not required', 1898, NULL, 'addon', 20000, 'Not compatible', '2019-05-02 12:42:02', NULL),
(1901, 692, 500, 55, 1, 30000, 30000, 0, 30000, 0, NULL, NULL, NULL, 'not added', 'not required', 1898, NULL, 'addon', 30000, 'Not compatible', NULL, NULL),
(1902, 693, 464, 55, 1, 54900, 54900, 0, 54900, 0, NULL, NULL, NULL, 'not added', 'not required', NULL, NULL, 'item', 54900, 'Not verified', NULL, NULL),
(1903, 693, 502, NULL, 1, 0, 0, 0, 0, 0, NULL, NULL, NULL, 'not required', 'not required', 1902, NULL, 'warranty', 0, 'Compatible', NULL, NULL),
(1904, 693, 484, 55, 1, 35000, 35000, 0, 35000, 0, NULL, NULL, NULL, 'not added', 'not required', 1902, NULL, 'addon', 35000, 'Not verified', NULL, NULL),
(1905, 693, 485, 55, 1, 27500, 27500, 0, 27500, 0, NULL, NULL, NULL, 'not added', 'not required', 1902, NULL, 'addon', 27500, 'Not verified', NULL, NULL),
(1906, 693, 462, 55, 2, 54900, 109800, 0, 109800, 0, NULL, NULL, NULL, 'not added', 'not required', NULL, NULL, 'item', 54900, 'Not verified', NULL, NULL),
(1907, 693, 502, NULL, 2, 0, 0, 0, 0, 0, NULL, NULL, NULL, 'not required', 'not required', 1906, NULL, 'warranty', 0, 'Compatible', NULL, NULL),
(1908, 693, 486, 55, 2, 20000, 40000, 0, 40000, 0, NULL, NULL, NULL, 'not added', 'not required', 1906, NULL, 'addon', 20000, 'Not verified', NULL, NULL),
(1909, 693, 500, 55, 2, 30000, 60000, 0, 60000, 0, NULL, NULL, NULL, 'not added', 'not required', 1906, NULL, 'addon', 30000, 'Not verified', NULL, NULL),
(1910, 694, 574, 55, 1, 62400, 62400, 0, 62400, 0, NULL, NULL, 'Sent via email', 'completed', 'completed', NULL, NULL, 'item', 62400, 'Compatible', '2019-05-07 07:14:37', '2019-05-07 07:20:26'),
(1911, 694, 501, NULL, 1, 0, 0, 0, 0, 0, NULL, NULL, NULL, 'not required', 'not required', 1910, NULL, 'warranty', 0, 'Compatible', NULL, NULL),
(1912, 694, 464, 55, 2, 54900, 109800, 0, 109800, 0, NULL, NULL, 'https://www.bimmer-tech.net/DealershipProgram/DealershipProgram.pdf', 'completed', 'not required', NULL, NULL, 'item', 54900, 'Not compatible', '2019-05-07 07:23:59', NULL),
(1913, 694, 502, NULL, 2, 0, 0, 0, 0, 0, NULL, NULL, NULL, 'not required', 'not required', 1912, NULL, 'warranty', 0, 'Compatible', NULL, NULL),
(1914, 694, 484, 55, 2, 35000, 70000, 0, 70000, 0, NULL, NULL, NULL, 'not added', 'not required', 1912, NULL, 'addon', 35000, 'Not compatible', NULL, NULL),
(1915, 694, 485, 55, 2, 27500, 55000, 0, 55000, 0, NULL, NULL, 'Sent via email', 'completed', 'not required', 1912, NULL, 'addon', 27500, 'Not compatible', '2019-05-07 07:14:37', NULL),
(1916, 694, 462, 55, 1, 54900, 54900, 0, 54900, 0, NULL, NULL, NULL, 'not added', 'not required', NULL, NULL, 'item', 54900, 'Compatible', NULL, NULL),
(1917, 694, 502, NULL, 1, 0, 0, 0, 0, 0, NULL, NULL, NULL, 'not required', 'not required', 1916, NULL, 'warranty', 0, 'Compatible', NULL, NULL),
(1918, 694, 470, 55, 1, 25000, 25000, 0, 25000, 0, NULL, NULL, NULL, 'not added', 'not required', 1916, NULL, 'addon', 25000, 'Compatible', NULL, NULL),
(1923, 696, 574, 55, 1, 27500, 27500, 0, 27500, 0, NULL, NULL, 'Sent via email', 'completed', 'completed', NULL, 187, 'item', 27500, 'Not verified', '2019-05-07 07:32:17', '2019-05-07 07:31:11'),
(1924, 696, 501, NULL, 1, 0, 0, 0, 0, 0, NULL, NULL, NULL, 'not required', 'not required', 1923, NULL, 'warranty', 0, 'Compatible', NULL, NULL),
(1925, 696, 486, 55, 1, 20000, 20000, 0, 20000, 0, NULL, NULL, 'test.pdf', 'completed', 'not required', 1923, NULL, 'addon', 20000, 'Not verified', '2019-05-07 07:32:07', NULL),
(1926, 696, 500, 55, 1, 30000, 30000, 0, 30000, 0, NULL, NULL, 'Sent via email', 'completed', 'not required', 1923, NULL, 'addon', 30000, 'Not verified', '2019-05-07 07:31:40', NULL),
(1927, 697, 575, 55, 1, 69900, 69900, 0, 69900, 0, NULL, NULL, NULL, 'not added', 'completed', NULL, NULL, 'item', 69900, 'Not verified', NULL, '2019-05-07 07:41:48'),
(1928, 697, 501, NULL, 1, 0, 0, 0, 0, 0, NULL, NULL, NULL, 'not required', 'not required', 1927, NULL, 'warranty', 0, 'Compatible', NULL, NULL),
(1929, 697, 507, 55, 1, 20000, 20000, 0, 20000, 0, NULL, NULL, NULL, 'not added', 'not required', 1927, NULL, 'addon', 20000, 'Not verified', NULL, NULL),
(1930, 698, 576, 55, 1, 59900, 59900, 0, 59900, 0, NULL, NULL, NULL, 'not added', 'not coded', NULL, NULL, 'item', 59900, 'Not verified', NULL, NULL),
(1931, 698, 501, NULL, 1, 0, 0, 0, 0, 0, NULL, NULL, NULL, 'not required', 'not required', 1930, NULL, 'warranty', 0, 'Compatible', NULL, NULL),
(1932, 698, 486, 55, 1, 20000, 20000, 0, 20000, 0, NULL, NULL, NULL, 'not added', 'not required', 1930, NULL, 'addon', 20000, 'Not verified', NULL, NULL),
(1935, 699, 576, 55, 2, 59900, 119800, 0, 119800, 0, NULL, NULL, 'Sent via email', 'completed', 'completed', NULL, NULL, 'item', 59900, 'Not verified', '2019-05-07 08:33:46', '2019-05-07 08:26:24'),
(1936, 699, 501, NULL, 2, 0, 0, 0, 0, 0, NULL, NULL, NULL, 'not required', 'not required', 1935, NULL, 'warranty', 0, 'Compatible', NULL, NULL),
(1937, 699, 486, 55, 2, 20000, 40000, 0, 40000, 0, NULL, NULL, 'Sent via email', 'completed', 'not required', 1935, NULL, 'addon', 20000, 'Not verified', '2019-05-07 08:33:46', NULL),
(1938, 699, 500, 55, 2, 30000, 60000, 0, 60000, 0, NULL, NULL, 'Sent via email', 'completed', 'not required', 1935, NULL, 'addon', 30000, 'Not verified', '2019-05-07 08:33:46', NULL),
(1939, 700, 574, 55, 1, 62400, 62400, 0, 62400, 0, NULL, NULL, 'Sent via email', 'completed', 'completed', NULL, NULL, 'item', 62400, 'Not verified', '2019-05-07 09:17:49', '2019-05-07 09:17:52'),
(1940, 700, 502, NULL, 1, 0, 0, 0, 0, 0, NULL, NULL, NULL, 'not required', 'not required', 1939, NULL, 'warranty', 0, 'Compatible', NULL, NULL),
(1941, 701, 574, 55, 1, 62400, 62400, 0, 62400, 0, NULL, NULL, NULL, 'not added', 'not coded', NULL, NULL, 'item', 62400, 'Not verified', NULL, NULL),
(1942, 701, 502, NULL, 1, 0, 0, 0, 0, 0, NULL, NULL, NULL, 'not required', 'not required', 1941, NULL, 'warranty', 0, 'Compatible', NULL, NULL),
(1943, 702, 575, 55, 1, 69900, 69900, 0, 69900, 0, NULL, NULL, NULL, 'new', 'not coded', NULL, NULL, 'item', 69900, 'Compatible', NULL, NULL),
(1944, 702, 501, NULL, 1, 0, 0, 0, 0, 0, NULL, NULL, NULL, 'not required', 'not required', 1943, NULL, 'warranty', 0, 'Compatible', NULL, NULL),
(1945, 701, 574, 55, 1, 62400, 62400, 0, 62400, 0, NULL, NULL, NULL, 'not added', 'not coded', NULL, NULL, 'item', 62400, 'Not verified', NULL, NULL),
(1946, 701, 502, NULL, 1, 0, 0, 0, 0, 0, NULL, NULL, NULL, 'not required', 'not required', 1945, NULL, 'warranty', 0, 'Compatible', NULL, NULL),
(1947, 701, 486, 55, 1, 20000, 20000, 0, 20000, 0, NULL, NULL, NULL, 'not added', 'not required', 1945, NULL, 'addon', 20000, 'Not verified', NULL, NULL),
(1948, 701, 500, 55, 1, 30000, 30000, 0, 30000, 0, NULL, NULL, NULL, 'not added', 'not required', 1945, NULL, 'addon', 30000, 'Not verified', NULL, NULL),
(1949, 701, 575, 55, 2, 69900, 139800, 0, 139800, 0, NULL, NULL, NULL, 'not added', 'not coded', NULL, NULL, 'item', 69900, 'Not verified', NULL, NULL),
(1950, 701, 502, NULL, 2, 0, 0, 0, 0, 0, NULL, NULL, NULL, 'not required', 'not required', 1949, NULL, 'warranty', 0, 'Compatible', NULL, NULL),
(1951, 701, 500, 55, 2, 30000, 60000, 0, 60000, 0, NULL, NULL, NULL, 'not added', 'not required', 1949, NULL, 'addon', 30000, 'Not verified', NULL, NULL),
(1952, 704, 582, 55, 1, 25000, 25000, 0, 25000, 0, NULL, NULL, NULL, 'new', 'completed', NULL, NULL, 'item', 25000, 'Not compatible', NULL, '2019-05-09 09:20:30'),
(1953, 704, 516, 55, 1, 4900, 4900, 0, 4900, 0, NULL, NULL, 'Sent via email', 'completed', 'not required', 1952, NULL, 'addon', 4900, 'Not compatible', '2019-05-09 09:18:09', NULL),
(1954, 705, 574, 55, 1, 62400, 62400, 0, 62400, 0, NULL, NULL, NULL, 'not added', 'not coded', NULL, NULL, 'item', 62400, 'Not verified', NULL, NULL),
(1955, 705, 501, NULL, 1, 0, 0, 0, 0, 0, NULL, NULL, NULL, 'not required', 'not required', 1954, NULL, 'warranty', 0, 'Compatible', NULL, NULL),
(1956, 705, 486, 55, 1, 20000, 20000, 0, 20000, 0, NULL, NULL, NULL, 'not added', 'not required', 1954, NULL, 'addon', 20000, 'Not verified', NULL, NULL),
(1957, 705, 500, 55, 1, 30000, 30000, 0, 30000, 0, NULL, NULL, NULL, 'not added', 'not required', 1954, NULL, 'addon', 30000, 'Not verified', NULL, NULL),
(1958, 705, 583, 55, 1, 89900, 89900, 0, 89900, 0, NULL, NULL, NULL, 'not added', 'not coded', NULL, NULL, 'item', 89900, 'Not verified', NULL, NULL),
(1959, 705, 502, NULL, 1, 0, 0, 0, 0, 0, NULL, NULL, NULL, 'not required', 'not required', 1958, NULL, 'warranty', 0, 'Compatible', NULL, NULL),
(1960, 706, 575, 55, 1, 69900, 69900, 0, 69900, 0, NULL, NULL, NULL, 'not added', 'not coded', NULL, NULL, 'item', 69900, 'Not verified', NULL, NULL),
(1961, 706, 501, NULL, 1, 0, 0, 0, 0, 0, NULL, NULL, NULL, 'not required', 'not required', 1960, NULL, 'warranty', 0, 'Compatible', NULL, NULL),
(1967, 708, 574, 55, 1, 62400, 62400, 0, 62400, 0, NULL, NULL, NULL, 'not added', 'not coded', NULL, NULL, 'item', 62400, 'Compatible', NULL, NULL),
(1968, 708, 502, NULL, 1, 0, 0, 0, 0, 0, NULL, NULL, NULL, 'not required', 'not required', 1967, NULL, 'warranty', 0, 'Compatible', NULL, NULL),
(1973, 711, 574, 55, 1, 27500, 27500, 0, 27500, 0, NULL, NULL, 'https://docs.google.com/spreadsheets/d/1nCJxk3N4a0p7LH6tZdRWBVcDMed979k5I6O5Te65bX4/edit#gid=0', 'completed', 'not required', NULL, 187, 'item', 27500, 'Compatible', '2019-05-10 11:30:07', NULL),
(1974, 711, 502, NULL, 1, 0, 0, 0, 0, 0, NULL, NULL, NULL, 'not required', 'not required', 1973, NULL, 'warranty', 0, 'Compatible', NULL, NULL),
(1975, 712, 464, 55, 1, 54900, 54900, 0, 54900, 0, NULL, NULL, NULL, 'not added', 'not required', NULL, NULL, 'item', 54900, 'Not compatible', NULL, NULL),
(1976, 712, 503, NULL, 1, 0, 0, 0, 0, 0, NULL, NULL, NULL, 'not required', 'not required', 1975, NULL, 'warranty', 0, 'Compatible', NULL, NULL),
(1977, 712, 468, 55, 1, 1499, 1499, 0, 1499, 0, NULL, NULL, NULL, 'not required', 'not required', 1975, NULL, 'addon', 1499, 'Not compatible', NULL, NULL),
(1978, 712, 486, 55, 1, 20000, 20000, 0, 20000, 0, NULL, NULL, NULL, 'not added', 'not required', 1975, NULL, 'addon', 20000, 'Not compatible', NULL, NULL),
(1979, 712, 500, 55, 1, 30000, 30000, 0, 30000, 0, NULL, NULL, NULL, 'not added', 'not required', 1975, NULL, 'addon', 30000, 'Not compatible', NULL, NULL),
(1980, 712, 540, 55, 1, 72500, 72500, 0, 72500, 0, NULL, NULL, NULL, 'not added', 'not required', NULL, NULL, 'item', 72500, 'Not verified', NULL, NULL),
(1981, 712, 501, NULL, 1, 0, 0, 0, 0, 0, NULL, NULL, NULL, 'not required', 'not required', 1980, NULL, 'warranty', 0, 'Compatible', NULL, NULL),
(1982, 712, 468, 55, 1, 1499, 1499, 0, 1499, 0, NULL, NULL, NULL, 'not required', 'not required', 1980, NULL, 'addon', 1499, 'Not verified', NULL, NULL),
(1983, 712, 544, 55, 1, 19800, 19800, 0, 19800, 0, NULL, NULL, NULL, 'not added', 'not required', 1980, NULL, 'addon', 19800, 'Not verified', NULL, NULL),
(1984, 712, 571, 55, 1, 82800, 82800, 0, 82800, 0, NULL, NULL, NULL, 'not added', 'not coded', NULL, NULL, 'item', 82800, 'Not compatible', NULL, NULL),
(1985, 712, 503, NULL, 1, 0, 0, 0, 0, 0, NULL, NULL, NULL, 'not required', 'not required', 1984, NULL, 'warranty', 0, 'Compatible', NULL, NULL),
(1986, 712, 468, 55, 1, 1499, 1499, 0, 1499, 0, NULL, NULL, NULL, 'not required', 'not required', 1984, NULL, 'addon', 1499, 'Not compatible', NULL, NULL),
(1987, 707, 574, 55, 1, 27500, 27500, 0, 27500, 0, NULL, NULL, NULL, 'not added', 'not required', NULL, 187, 'item', 27500, 'Compatible', NULL, NULL),
(1988, 707, 502, NULL, 1, 0, 0, 0, 0, 0, NULL, NULL, NULL, 'not required', 'not required', 1987, NULL, 'warranty', 0, 'Compatible', NULL, NULL),
(1993, 713, 574, 55, 2, 27500, 55000, 0, 55000, 0, NULL, NULL, NULL, 'not added', 'not required', NULL, 187, 'item', 27500, 'Compatible', NULL, NULL),
(1994, 713, 502, NULL, 2, 10000, 20000, 0, 20000, 0, NULL, NULL, NULL, 'not required', 'not required', 1993, NULL, 'warranty', 10000, 'Compatible', NULL, NULL),
(1995, 714, 574, 55, 1, 62400, 62400, 0, 62400, 0, NULL, NULL, NULL, 'not added', 'not required', NULL, NULL, 'item', 62400, 'Compatible', NULL, NULL),
(1996, 714, 501, NULL, 1, 0, 0, 0, 0, 0, NULL, NULL, NULL, 'not required', 'not required', 1995, NULL, 'warranty', 0, 'Compatible', NULL, NULL),
(1997, 715, 574, 55, 2, 27500, 55000, 0, 55000, 0, NULL, NULL, NULL, 'not added', 'not required', NULL, 187, 'item', 27500, 'Not verified', NULL, NULL),
(1998, 715, 502, NULL, 2, 10000, 20000, 0, 20000, 0, NULL, NULL, NULL, 'not required', 'not required', 1997, NULL, 'warranty', 10000, 'Compatible', NULL, NULL),
(1999, 715, 486, 55, 2, 20000, 40000, 0, 40000, 0, NULL, NULL, NULL, 'not added', 'not required', 1997, NULL, 'addon', 20000, 'Not verified', NULL, NULL),
(2000, 715, 582, 55, 1, 25000, 25000, 0, 25000, 0, NULL, NULL, NULL, 'new', 'not coded', NULL, NULL, 'item', 25000, 'Not verified', NULL, NULL),
(2001, 716, 582, 55, 1, 25000, 25000, 0, 25000, 0, NULL, NULL, NULL, 'new', 'not coded', NULL, NULL, 'item', 25000, 'Not verified', NULL, NULL),
(2002, 716, 643, 55, 1, 119900, 119900, 0, 119900, 0, NULL, NULL, NULL, 'not added', 'not coded', NULL, NULL, 'item', 119900, 'Not verified', NULL, NULL),
(2003, 716, 502, NULL, 1, 10000, 10000, 0, 10000, 0, NULL, NULL, NULL, 'not required', 'not required', 2002, NULL, 'warranty', 10000, 'Compatible', NULL, NULL),
(2004, 717, 540, 55, 1, 72500, 72500, 0, 72500, 0, NULL, NULL, 'https://www.bimmer-tech.net/DealershipProgram/DealershipProgram.pdf', 'completed', 'not required', NULL, NULL, 'item', 72500, 'Not compatible', '2019-05-14 12:42:05', NULL),
(2005, 717, 501, NULL, 1, 0, 0, 0, 0, 0, NULL, NULL, NULL, 'not required', 'not required', 2004, NULL, 'warranty', 0, 'Compatible', NULL, NULL),
(2006, 717, 589, 55, 1, 89900, 89900, 0, 89900, 0, NULL, NULL, 'Sent via email', 'completed', 'not coded', NULL, NULL, 'item', 89900, 'Not compatible', '2019-05-14 12:42:15', NULL),
(2007, 717, 502, NULL, 1, 10000, 10000, 0, 10000, 0, NULL, NULL, NULL, 'not required', 'not required', 2006, NULL, 'warranty', 10000, 'Compatible', NULL, NULL),
(2008, 718, 643, 55, 1, 119900, 119900, 0, 119900, 0, NULL, NULL, NULL, 'not added', 'not coded', NULL, NULL, 'item', 119900, 'Not compatible', NULL, NULL),
(2009, 718, 501, NULL, 1, 0, 0, 0, 0, 0, NULL, NULL, NULL, 'not required', 'not required', 2008, NULL, 'warranty', 0, 'Compatible', NULL, NULL),
(2010, 719, 462, 55, 1, 54900, 54900, 0, 54900, 0, NULL, NULL, NULL, 'not added', 'not required', NULL, NULL, 'item', 54900, 'Compatible', NULL, NULL),
(2011, 719, 501, NULL, 1, 0, 0, 0, 0, 0, NULL, NULL, NULL, 'not required', 'not required', 2010, NULL, 'warranty', 0, 'Compatible', NULL, NULL),
(2012, 720, 590, 55, 1, 59900, 59900, 0, 59900, 0, NULL, NULL, NULL, 'not added', 'not coded', NULL, NULL, 'item', 59900, 'Not verified', NULL, NULL),
(2013, 720, 502, NULL, 1, 10000, 10000, 0, 10000, 0, NULL, NULL, NULL, 'not required', 'not required', 2012, NULL, 'warranty', 10000, 'Compatible', NULL, NULL),
(2014, 721, 576, 55, 1, 59900, 59900, 0, 59900, 0, NULL, NULL, NULL, 'new', 'not coded', NULL, NULL, 'item', 59900, 'Compatible', NULL, NULL),
(2015, 721, 501, NULL, 1, 0, 0, 0, 0, 0, NULL, NULL, NULL, 'not required', 'not required', 2014, NULL, 'warranty', 0, 'Compatible', NULL, NULL),
(2016, 722, 582, 55, 1, 25000, 25000, 0, 25000, 0, NULL, NULL, NULL, 'new', 'completed', NULL, NULL, 'item', 25000, 'Not verified', NULL, '2019-05-16 08:16:51'),
(2017, 723, 574, 55, 1, 62400, 62400, 0, 62400, 0, NULL, NULL, 'Sent via email', 'completed', 'not required', NULL, NULL, 'item', 62400, 'Not compatible', '2019-05-16 08:25:22', NULL),
(2018, 723, 501, NULL, 1, 0, 0, 0, 0, 0, NULL, NULL, NULL, 'not required', 'not required', 2017, NULL, 'warranty', 0, 'Compatible', NULL, NULL),
(2019, 723, 486, 55, 1, 20000, 20000, 0, 20000, 0, NULL, NULL, 'https://www.bimmer-tech.net/DealershipProgram/DealershipProgram.pdf', 'completed', 'not required', 2017, NULL, 'addon', 20000, 'Not compatible', '2019-05-16 08:25:54', NULL),
(2020, 723, 500, 55, 1, 30000, 30000, 0, 30000, 0, NULL, NULL, NULL, 'not added', 'not required', 2017, NULL, 'addon', 30000, 'Not compatible', NULL, NULL),
(2021, 723, 587, 55, 1, 17500, 17500, 0, 17500, 0, NULL, NULL, NULL, 'not added', 'not coded', NULL, NULL, 'item', 17500, 'Not compatible', NULL, NULL),
(2022, 723, 501, NULL, 1, 0, 0, 0, 0, 0, NULL, NULL, NULL, 'not required', 'not required', 2021, NULL, 'warranty', 0, 'Compatible', NULL, NULL),
(2023, 724, 540, 55, 1, 72500, 72500, 0, 72500, 0, NULL, NULL, NULL, 'not added', 'not required', NULL, NULL, 'item', 72500, 'Not compatible', NULL, NULL),
(2024, 724, 501, NULL, 1, 0, 0, 0, 0, 0, NULL, NULL, NULL, 'not required', 'not required', 2023, NULL, 'warranty', 0, 'Compatible', NULL, NULL),
(2025, 724, 544, 55, 1, 19800, 19800, 0, 19800, 0, NULL, NULL, NULL, 'not added', 'not required', 2023, NULL, 'addon', 19800, 'Not compatible', NULL, NULL),
(2026, 725, 576, 55, 1, 59900, 59900, 0, 59900, 0, NULL, NULL, NULL, 'not added', 'not coded', NULL, NULL, 'item', 59900, 'Not verified', NULL, NULL),
(2027, 725, 501, NULL, 1, 0, 0, 0, 0, 0, NULL, NULL, NULL, 'not required', 'not required', 2026, NULL, 'warranty', 0, 'Compatible', NULL, NULL),
(2028, 725, 486, 55, 1, 20000, 20000, 0, 20000, 0, NULL, NULL, NULL, 'not added', 'not required', 2026, NULL, 'addon', 20000, 'Not verified', NULL, NULL),
(2029, 725, 500, 55, 1, 30000, 30000, 0, 30000, 0, NULL, NULL, NULL, 'not added', 'not required', 2026, NULL, 'addon', 30000, 'Not verified', NULL, NULL),
(2030, 725, 574, 55, 1, 62400, 62400, 0, 62400, 0, NULL, NULL, NULL, 'not added', 'not required', NULL, NULL, 'item', 62400, 'Not verified', NULL, NULL),
(2031, 725, 501, NULL, 1, 0, 0, 0, 0, 0, NULL, NULL, NULL, 'not required', 'not required', 2030, NULL, 'warranty', 0, 'Compatible', NULL, NULL),
(2032, 725, 500, 55, 1, 30000, 30000, 0, 30000, 0, NULL, NULL, NULL, 'not added', 'not required', 2030, NULL, 'addon', 30000, 'Not verified', NULL, NULL),
(2033, 726, 585, 55, 1, 109900, 109900, 0, 109900, 0, NULL, NULL, NULL, 'not added', 'not coded', NULL, NULL, 'item', 109900, 'Not compatible', NULL, NULL),
(2034, 726, 501, NULL, 1, 0, 0, 0, 0, 0, NULL, NULL, NULL, 'not required', 'not required', 2033, NULL, 'warranty', 0, 'Compatible', NULL, NULL),
(2035, 726, 468, 55, 1, 1499, 1499, 0, 1499, 0, NULL, NULL, NULL, 'not required', 'not required', 2033, NULL, 'addon', 1499, 'Not compatible', NULL, NULL),
(2036, 726, 586, 55, 1, 79900, 79900, 0, 79900, 0, NULL, NULL, NULL, 'not required', 'not required', 2033, NULL, 'addon', 79900, 'Not compatible', NULL, NULL),
(2037, 727, 644, 56, 1, 179900, 179900, 0, 179900, 0, NULL, NULL, NULL, 'not added', 'not coded', NULL, NULL, 'item', 179900, 'Compatible', NULL, NULL),
(2038, 727, 501, NULL, 1, 0, 0, 0, 0, 0, NULL, NULL, NULL, 'not required', 'not required', 2037, NULL, 'warranty', 0, 'Compatible', NULL, NULL),
(2039, 727, 462, 55, 1, 54900, 54900, 0, 54900, 0, NULL, NULL, NULL, 'not added', 'not required', NULL, NULL, 'item', 54900, 'Compatible', NULL, NULL),
(2040, 727, 501, NULL, 1, 0, 0, 0, 0, 0, NULL, NULL, NULL, 'not required', 'not required', 2039, NULL, 'warranty', 0, 'Compatible', NULL, NULL),
(2041, 728, 583, 55, 1, 89900, 89900, 0, 89900, 0, NULL, NULL, NULL, 'not added', 'not coded', NULL, NULL, 'item', 89900, 'Not compatible', NULL, NULL),
(2042, 728, 501, NULL, 1, 0, 0, 0, 0, 0, NULL, NULL, NULL, 'not required', 'not required', 2041, NULL, 'warranty', 0, 'Compatible', NULL, NULL),
(2043, 728, 584, 55, 1, 26500, 26500, 0, 26500, 0, NULL, NULL, NULL, 'not required', 'not required', 2041, NULL, 'addon', 26500, 'Not compatible', NULL, NULL),
(2044, 729, 575, 55, 1, 35000, 35000, 0, 35000, 0, NULL, NULL, NULL, 'not added', 'not coded', NULL, 188, 'item', 35000, 'Not verified', NULL, NULL),
(2045, 729, 503, NULL, 1, 20000, 20000, 0, 20000, 0, NULL, NULL, NULL, 'not required', 'not required', 2044, NULL, 'warranty', 20000, 'Compatible', NULL, NULL),
(2046, 729, 468, 55, 1, 1499, 1499, 0, 1499, 0, NULL, NULL, NULL, 'not required', 'not required', 2044, NULL, 'addon', 1499, 'Not verified', NULL, NULL),
(2047, 730, 583, 55, 1, 89900, 89900, 0, 89900, 0, NULL, NULL, NULL, 'new', 'not coded', NULL, NULL, 'item', 89900, 'Not verified', NULL, NULL),
(2048, 730, 502, NULL, 1, 10000, 10000, 0, 10000, 0, NULL, NULL, NULL, 'not required', 'not required', 2047, NULL, 'warranty', 10000, 'Compatible', NULL, NULL),
(2049, 730, 584, 55, 1, 26500, 26500, 0, 26500, 0, NULL, NULL, NULL, 'not required', 'not required', 2047, NULL, 'addon', 26500, 'Not verified', NULL, NULL),
(2050, 731, 540, 55, 1, 72500, 72500, 0, 72500, 0, NULL, NULL, NULL, 'not added', 'not required', NULL, NULL, 'item', 72500, 'Not compatible', NULL, NULL),
(2051, 731, 501, NULL, 1, 0, 0, 0, 0, 0, NULL, NULL, NULL, 'not required', 'not required', 2050, NULL, 'warranty', 0, 'Compatible', NULL, NULL),
(2052, 731, 544, 55, 1, 19800, 19800, 0, 19800, 0, NULL, NULL, NULL, 'not added', 'not required', 2050, NULL, 'addon', 19800, 'Not compatible', NULL, NULL),
(2053, 732, 645, 55, 1, 1499, 1499, 0, 1499, 0, NULL, NULL, NULL, 'not required', 'not required', NULL, NULL, 'item', 1499, 'Not compatible', NULL, NULL),
(2054, 732, 589, 55, 1, 89900, 89900, 0, 89900, 0, NULL, NULL, NULL, 'not added', 'not coded', NULL, NULL, 'item', 89900, 'Not compatible', NULL, NULL),
(2055, 732, 501, NULL, 1, 0, 0, 0, 0, 0, NULL, NULL, NULL, 'not required', 'not required', 2054, NULL, 'warranty', 0, 'Compatible', NULL, NULL),
(2056, 732, 542, 55, 1, 99900, 99900, 0, 99900, 0, NULL, NULL, NULL, 'not added', 'not required', NULL, NULL, 'item', 99900, 'Not compatible', NULL, NULL),
(2057, 732, 501, NULL, 1, 0, 0, 0, 0, 0, NULL, NULL, NULL, 'not required', 'not required', 2056, NULL, 'warranty', 0, 'Compatible', NULL, NULL),
(2058, 733, 582, 55, 1, 25000, 25000, 0, 25000, 0, NULL, NULL, NULL, 'new', 'not coded', NULL, NULL, 'item', 25000, 'Compatible', NULL, NULL),
(2059, 733, 516, 55, 1, 4900, 4900, 0, 4900, 0, NULL, NULL, NULL, 'not added', 'not required', 2058, NULL, 'addon', 4900, 'Compatible', NULL, NULL),
(2060, 733, 644, 56, 1, 179900, 179900, 0, 179900, 0, NULL, NULL, NULL, 'not added', 'not coded', NULL, NULL, 'item', 179900, 'Compatible', NULL, NULL),
(2061, 733, 501, NULL, 1, 0, 0, 0, 0, 0, NULL, NULL, NULL, 'not required', 'not required', 2060, NULL, 'warranty', 0, 'Compatible', NULL, NULL),
(2062, 733, 462, 55, 1, 54900, 54900, 0, 54900, 0, NULL, NULL, NULL, 'not added', 'not required', NULL, NULL, 'item', 54900, 'Compatible', NULL, NULL),
(2063, 733, 502, NULL, 1, 10000, 10000, 0, 10000, 0, NULL, NULL, NULL, 'not required', 'not required', 2062, NULL, 'warranty', 10000, 'Compatible', NULL, NULL),
(2064, 734, 588, 55, 1, 99900, 99900, 0, 99900, 0, NULL, NULL, NULL, 'not added', 'not coded', NULL, NULL, 'item', 99900, 'Not verified', NULL, NULL),
(2065, 734, 501, NULL, 1, 0, 0, 0, 0, 0, NULL, NULL, NULL, 'not required', 'not required', 2064, NULL, 'warranty', 0, 'Compatible', NULL, NULL),
(2066, 734, 586, 55, 1, 79900, 79900, 0, 79900, 0, NULL, NULL, NULL, 'not required', 'not required', 2064, NULL, 'addon', 79900, 'Not verified', NULL, NULL),
(2067, 734, 585, 55, 1, 109900, 109900, 0, 109900, 0, NULL, NULL, NULL, 'not added', 'not coded', NULL, NULL, 'item', 109900, 'Not verified', NULL, NULL),
(2068, 734, 501, NULL, 1, 0, 0, 0, 0, 0, NULL, NULL, NULL, 'not required', 'not required', 2067, NULL, 'warranty', 0, 'Compatible', NULL, NULL),
(2069, 734, 586, 55, 1, 79900, 79900, 0, 79900, 0, NULL, NULL, NULL, 'not required', 'not required', 2067, NULL, 'addon', 79900, 'Not verified', NULL, NULL),
(2070, 735, 462, 55, 1, 54900, 54900, 0, 54900, 0, NULL, NULL, NULL, 'new', 'not required', NULL, NULL, 'item', 54900, 'Compatible', NULL, NULL),
(2071, 735, 502, NULL, 1, 10000, 10000, 0, 10000, 0, NULL, NULL, NULL, 'not required', 'not required', 2070, NULL, 'warranty', 10000, 'Compatible', NULL, NULL),
(2072, 734, 585, 55, 1, 109900, 109900, 0, 109900, 0, NULL, NULL, NULL, 'not added', 'not coded', NULL, NULL, 'item', 109900, 'Not verified', NULL, NULL),
(2073, 734, 501, NULL, 1, 0, 0, 0, 0, 0, NULL, NULL, NULL, 'not required', 'not required', 2072, NULL, 'warranty', 0, 'Compatible', NULL, NULL),
(2074, 734, 586, 55, 1, 79900, 79900, 0, 79900, 0, NULL, NULL, NULL, 'not required', 'not required', 2072, NULL, 'addon', 79900, 'Not verified', NULL, NULL),
(2075, 736, 582, 55, 1, 25000, 25000, 0, 25000, 0, NULL, NULL, NULL, 'new', 'not coded', NULL, NULL, 'item', 25000, 'Compatible', NULL, NULL),
(2076, 737, 462, 55, 1, 54900, 54900, 0, 54900, 0, NULL, NULL, NULL, 'not added', 'not required', NULL, NULL, 'item', 54900, 'Not verified', NULL, NULL),
(2077, 737, 501, NULL, 1, 0, 0, 0, 0, 0, NULL, NULL, NULL, 'not required', 'not required', 2076, NULL, 'warranty', 0, 'Compatible', NULL, NULL),
(2078, 737, 485, 55, 1, 27500, 27500, 0, 27500, 0, NULL, NULL, NULL, 'not added', 'not required', 2076, NULL, 'addon', 27500, 'Not verified', NULL, NULL),
(2079, 737, 500, 55, 1, 30000, 30000, 0, 30000, 0, NULL, NULL, NULL, 'not added', 'not required', 2076, NULL, 'addon', 30000, 'Not verified', NULL, NULL),
(2080, 728, 462, 55, 1, 54900, 54900, 0, 54900, 0, NULL, NULL, NULL, 'not added', 'not required', NULL, NULL, 'item', 54900, 'Not verified', NULL, NULL),
(2081, 728, 503, NULL, 1, 20000, 20000, 0, 20000, 0, NULL, NULL, NULL, 'not required', 'not required', 2080, NULL, 'warranty', 20000, 'Compatible', NULL, NULL),
(2082, 739, 464, 55, 1, 54900, 54900, 0, 54900, 0, NULL, NULL, NULL, 'not added', 'not required', NULL, NULL, 'item', 54900, 'Not compatible', NULL, NULL),
(2083, 739, 503, NULL, 1, 20000, 20000, 0, 20000, 0, NULL, NULL, NULL, 'not required', 'not required', 2082, NULL, 'warranty', 20000, 'Compatible', NULL, NULL),
(2086, 741, 576, 55, 1, 59900, 59900, 0, 59900, 0, NULL, NULL, NULL, 'not added', 'not coded', NULL, NULL, 'item', 59900, 'Compatible', NULL, NULL),
(2087, 741, 502, NULL, 1, 10000, 10000, 0, 10000, 0, NULL, NULL, NULL, 'not required', 'not required', 2086, NULL, 'warranty', 10000, 'Compatible', NULL, NULL),
(2088, 741, 468, 55, 1, 1499, 1499, 0, 1499, 0, NULL, NULL, NULL, 'not required', 'not required', 2086, NULL, 'addon', 1499, 'Compatible', NULL, NULL),
(2092, 743, 591, 55, 1, 25000, 25000, 0, 25000, 0, NULL, NULL, 'Wysyłam instrukcje', 'completed', 'completed', NULL, NULL, 'item', 25000, 'Compatible', '2019-05-16 12:01:51', '2019-05-16 12:01:55'),
(2093, 744, 644, 56, 1, 179900, 179900, 0, 179900, 0, NULL, NULL, NULL, 'not added', 'not coded', NULL, NULL, 'item', 179900, 'Compatible', NULL, NULL),
(2094, 744, 501, NULL, 1, 0, 0, 0, 0, 0, NULL, NULL, NULL, 'not required', 'not required', 2093, NULL, 'warranty', 0, 'Compatible', NULL, NULL),
(2095, 745, 644, 56, 1, 179900, 179900, 0, 179900, 0, NULL, NULL, NULL, 'not added', 'not coded', NULL, NULL, 'item', 179900, 'Compatible', NULL, NULL),
(2096, 745, 501, NULL, 1, 0, 0, 0, 0, 0, NULL, NULL, NULL, 'not required', 'not required', 2095, NULL, 'warranty', 0, 'Compatible', NULL, NULL),
(2097, 746, 574, 55, 1, 62400, 62400, 0, 62400, 0, NULL, NULL, 'Sent via email', 'completed', 'not required', NULL, NULL, 'item', 62400, 'Compatible', '2019-05-16 13:07:56', NULL),
(2098, 746, 503, NULL, 1, 20000, 20000, 0, 20000, 0, NULL, NULL, NULL, 'not required', 'not required', 2097, NULL, 'warranty', 20000, 'Compatible', NULL, NULL),
(2099, 746, 468, 55, 1, 1499, 1499, 0, 1499, 0, NULL, NULL, NULL, 'not required', 'not required', 2097, NULL, 'addon', 1499, 'Compatible', NULL, NULL),
(2100, 747, 591, 55, 1, 25000, 25000, 0, 25000, 0, NULL, NULL, NULL, 'not added', 'not coded', NULL, NULL, 'item', 25000, 'Compatible', NULL, NULL),
(2101, 747, 516, 55, 1, 4900, 4900, 0, 4900, 0, NULL, NULL, NULL, 'not added', 'not required', 2100, NULL, 'addon', 4900, 'Compatible', NULL, NULL),
(2102, 748, 582, 55, 1, 25000, 25000, 0, 25000, 0, NULL, NULL, NULL, 'new', 'not coded', NULL, NULL, 'item', 25000, 'Compatible', NULL, NULL),
(2103, 748, 516, 55, 1, 4900, 4900, 0, 4900, 0, NULL, NULL, NULL, 'not added', 'not required', 2102, NULL, 'addon', 4900, 'Compatible', NULL, NULL),
(2104, 749, 575, 55, 1, 35000, 35000, 0, 35000, 0, NULL, NULL, NULL, 'not added', 'not coded', NULL, 188, 'item', 35000, 'Compatible', NULL, NULL),
(2105, 749, 503, NULL, 1, 20000, 20000, 0, 20000, 0, NULL, NULL, NULL, 'not required', 'not required', 2104, NULL, 'warranty', 20000, 'Compatible', NULL, NULL),
(2106, 749, 468, 55, 1, 1499, 1499, 0, 1499, 0, NULL, NULL, NULL, 'not required', 'not required', 2104, NULL, 'addon', 1499, 'Compatible', NULL, NULL),
(2107, 750, 576, 55, 1, 59900, 59900, 0, 59900, 0, NULL, NULL, NULL, 'not added', 'not coded', NULL, NULL, 'item', 59900, 'Not compatible', NULL, NULL),
(2108, 750, 501, NULL, 1, 0, 0, 0, 0, 0, NULL, NULL, NULL, 'not required', 'not required', 2107, NULL, 'warranty', 0, 'Compatible', NULL, NULL),
(2109, 750, 486, 55, 1, 20000, 20000, 0, 20000, 0, NULL, NULL, NULL, 'not added', 'not required', 2107, NULL, 'addon', 20000, 'Not compatible', NULL, NULL),
(2110, 750, 500, 55, 1, 30000, 30000, 0, 30000, 0, NULL, NULL, NULL, 'not added', 'not required', 2107, NULL, 'addon', 30000, 'Not compatible', NULL, NULL),
(2111, 750, 643, 55, 1, 119900, 119900, 0, 119900, 0, NULL, NULL, NULL, 'not added', 'not coded', NULL, NULL, 'item', 119900, 'Not compatible', NULL, NULL),
(2112, 750, 501, NULL, 1, 0, 0, 0, 0, 0, NULL, NULL, NULL, 'not required', 'not required', 2111, NULL, 'warranty', 0, 'Compatible', NULL, NULL),
(2113, 751, 575, 55, 1, 69900, 69900, 0, 69900, 0, NULL, NULL, NULL, 'not added', 'not coded', NULL, NULL, 'item', 69900, 'Not compatible', NULL, NULL),
(2114, 751, 501, NULL, 1, 0, 0, 0, 0, 0, NULL, NULL, NULL, 'not required', 'not required', 2113, NULL, 'warranty', 0, 'Compatible', NULL, NULL),
(2115, 752, 462, 55, 1, 54900, 54900, 0, 54900, 0, NULL, NULL, NULL, 'not added', 'not required', NULL, NULL, 'item', 54900, 'Compatible', NULL, NULL),
(2116, 752, 502, NULL, 1, 10000, 10000, 0, 10000, 0, NULL, NULL, NULL, 'not required', 'not required', 2115, NULL, 'warranty', 10000, 'Compatible', NULL, NULL),
(2117, 752, 468, 55, 1, 1499, 1499, 0, 1499, 0, NULL, NULL, NULL, 'not required', 'not required', 2115, NULL, 'addon', 1499, 'Compatible', NULL, NULL),
(2121, 754, 589, 55, 1, 89900, 89900, 0, 89900, 0, NULL, NULL, NULL, 'new', 'not coded', NULL, NULL, 'item', 89900, 'Not compatible', NULL, NULL),
(2122, 754, 503, NULL, 1, 20000, 20000, 0, 20000, 0, NULL, NULL, NULL, 'not required', 'not required', 2121, NULL, 'warranty', 20000, 'Compatible', NULL, NULL),
(2123, 754, 542, 55, 1, 99900, 99900, 0, 99900, 0, NULL, NULL, NULL, 'new', 'not required', NULL, NULL, 'item', 99900, 'Not compatible', NULL, NULL),
(2124, 754, 502, NULL, 1, 10000, 10000, 0, 10000, 0, NULL, NULL, NULL, 'not required', 'not required', 2123, NULL, 'warranty', 10000, 'Compatible', NULL, NULL),
(2125, 754, 468, 55, 1, 1499, 1499, 0, 1499, 0, NULL, NULL, NULL, 'not required', 'not required', 2123, NULL, 'addon', 1499, 'Not compatible', NULL, NULL);

-- --------------------------------------------------------

--
-- Table structure for table `sylius_order_item_unit`
--

CREATE TABLE `sylius_order_item_unit` (
  `id` int(11) NOT NULL,
  `order_item_id` int(11) NOT NULL,
  `shipment_id` int(11) DEFAULT NULL,
  `adjustments_total` int(11) NOT NULL,
  `created_at` datetime NOT NULL,
  `updated_at` datetime DEFAULT NULL,
  `warehouse_id` int(11) DEFAULT NULL
) ENGINE=InnoDB DEFAULT CHARSET=utf8 COLLATE=utf8_unicode_ci;

--
-- Dumping data for table `sylius_order_item_unit`
--

INSERT INTO `sylius_order_item_unit` (`id`, `order_item_id`, `shipment_id`, `adjustments_total`, `created_at`, `updated_at`, `warehouse_id`) VALUES
(43475, 1832, NULL, 0, '2019-04-17 13:19:55', '2019-04-17 13:19:55', 55),
(43477, 1833, 548, 0, '2019-04-23 11:26:57', '2019-04-24 10:46:37', 56),
(43478, 1834, NULL, 0, '2019-04-23 11:31:25', '2019-04-23 11:31:25', 55),
(43479, 1835, NULL, 0, '2019-04-23 12:03:08', '2019-04-23 12:03:08', 55),
(43480, 1836, NULL, 0, '2019-04-23 13:06:22', '2019-04-23 13:06:22', 55),
(43485, 1841, NULL, 0, '2019-04-23 15:38:10', '2019-04-23 15:38:10', 55),
(43486, 1842, NULL, 0, '2019-04-23 15:38:10', '2019-04-23 15:38:10', NULL),
(43487, 1843, NULL, 0, '2019-04-23 15:38:10', '2019-04-23 15:38:10', 55),
(43488, 1844, NULL, 0, '2019-04-23 15:38:10', '2019-04-23 15:38:10', 55),
(43489, 1841, NULL, 0, '2019-04-23 15:38:24', '2019-04-23 15:38:24', 55),
(43490, 1842, NULL, 0, '2019-04-23 15:38:24', '2019-04-23 15:38:24', NULL),
(43491, 1843, NULL, 0, '2019-04-23 15:38:24', '2019-04-23 15:38:24', NULL),
(43492, 1844, NULL, 0, '2019-04-23 15:38:24', '2019-04-23 15:38:24', NULL),
(43493, 1841, NULL, 0, '2019-04-23 15:38:24', '2019-04-23 15:38:24', 55),
(43494, 1842, NULL, 0, '2019-04-23 15:38:24', '2019-04-23 15:38:24', NULL),
(43495, 1843, NULL, 0, '2019-04-23 15:38:24', '2019-04-23 15:38:24', NULL),
(43496, 1844, NULL, 0, '2019-04-23 15:38:24', '2019-04-23 15:38:24', NULL),
(43498, 1846, 548, 0, '2019-04-24 10:29:44', '2019-04-24 10:46:37', 56),
(43499, 1847, NULL, 0, '2019-04-24 11:09:54', '2019-04-24 11:12:54', 56),
(43500, 1848, NULL, 0, '2019-04-24 11:59:43', '2019-04-24 11:59:43', 55),
(43501, 1849, NULL, 0, '2019-04-24 12:25:41', '2019-04-24 12:25:41', 55),
(43502, 1850, NULL, 0, '2019-04-24 12:30:19', '2019-04-24 12:30:19', 55),
(43503, 1851, NULL, 0, '2019-04-24 13:14:32', '2019-04-24 13:14:32', 55),
(43504, 1852, NULL, 0, '2019-04-24 13:14:32', '2019-04-24 13:14:32', NULL),
(43505, 1851, NULL, 0, '2019-04-24 13:15:23', '2019-04-24 13:15:23', 55),
(43506, 1852, NULL, 0, '2019-04-24 13:15:23', '2019-04-24 13:15:23', NULL),
(43507, 1853, NULL, 0, '2019-04-24 14:33:04', '2019-04-24 14:33:04', 55),
(43508, 1854, NULL, 0, '2019-04-24 14:33:29', '2019-04-24 14:33:29', 55),
(43509, 1855, NULL, 0, '2019-04-24 14:33:29', '2019-04-24 14:33:29', NULL),
(43510, 1856, NULL, 0, '2019-04-24 14:33:29', '2019-04-24 14:33:29', 55),
(43511, 1857, NULL, 0, '2019-04-24 14:33:29', '2019-04-24 14:33:29', 55),
(43512, 1854, NULL, 0, '2019-04-24 14:33:48', '2019-04-24 14:33:48', 55),
(43513, 1855, NULL, 0, '2019-04-24 14:33:48', '2019-04-24 14:33:48', NULL),
(43514, 1856, NULL, 0, '2019-04-24 14:33:48', '2019-04-24 14:33:48', 55),
(43515, 1857, NULL, 0, '2019-04-24 14:33:48', '2019-04-24 14:33:48', 55),
(43518, 1860, NULL, 0, '2019-04-24 14:51:38', '2019-04-24 14:51:38', 55),
(43519, 1861, NULL, 0, '2019-04-24 14:51:38', '2019-04-24 14:51:38', NULL),
(43520, 1862, NULL, 0, '2019-04-24 15:37:38', '2019-04-24 15:37:38', 55),
(43521, 1863, NULL, 0, '2019-04-24 15:37:54', '2019-04-24 15:37:54', 55),
(43522, 1864, NULL, 0, '2019-04-24 15:37:54', '2019-04-24 15:37:54', NULL),
(43523, 1865, NULL, 0, '2019-04-24 15:37:54', '2019-04-24 15:37:54', 55),
(43524, 1866, NULL, 0, '2019-04-24 15:37:54', '2019-04-24 15:37:54', 55),
(43525, 1867, NULL, 0, '2019-04-24 15:51:01', '2019-04-24 15:51:01', 55),
(43526, 1868, NULL, 0, '2019-04-24 15:51:09', '2019-04-24 15:51:09', 55),
(43527, 1869, NULL, 0, '2019-04-24 15:51:09', '2019-04-24 15:51:09', NULL),
(43528, 1870, NULL, 0, '2019-04-24 15:51:09', '2019-04-24 15:51:09', 55),
(43529, 1871, NULL, 0, '2019-04-24 15:51:09', '2019-04-24 15:51:09', 55),
(43530, 1872, 550, 0, '2019-04-24 15:55:45', '2019-05-02 13:00:15', 56),
(43531, 1873, 550, 0, '2019-04-24 15:55:57', '2019-05-02 13:00:15', 56),
(43532, 1874, NULL, 0, '2019-04-24 15:55:57', '2019-04-24 15:55:57', NULL),
(43533, 1875, 550, 0, '2019-04-24 15:55:57', '2019-05-02 13:00:15', 56),
(43534, 1873, 550, 0, '2019-04-24 15:56:02', '2019-05-02 13:00:15', 56),
(43535, 1874, NULL, 0, '2019-04-24 15:56:02', '2019-04-24 15:56:02', NULL),
(43536, 1875, 550, 0, '2019-04-24 15:56:02', '2019-05-02 13:00:15', 56),
(43537, 1873, 550, 0, '2019-04-24 15:56:06', '2019-05-02 13:00:15', 56),
(43538, 1874, NULL, 0, '2019-04-24 15:56:06', '2019-04-24 15:56:06', NULL),
(43539, 1875, 550, 0, '2019-04-24 15:56:06', '2019-05-02 13:00:15', 56),
(43540, 1876, NULL, 0, '2019-04-24 16:00:11', '2019-04-24 16:00:11', 55),
(43541, 1877, NULL, 0, '2019-04-24 16:00:11', '2019-04-24 16:00:11', NULL),
(43542, 1878, NULL, 0, '2019-04-24 16:00:11', '2019-04-24 16:00:11', 55),
(43543, 1879, NULL, 0, '2019-04-24 16:00:24', '2019-04-24 16:00:24', 55),
(43544, 1876, NULL, 0, '2019-04-24 16:00:32', '2019-04-24 16:00:32', 55),
(43545, 1877, NULL, 0, '2019-04-24 16:00:32', '2019-04-24 16:00:32', NULL),
(43546, 1878, NULL, 0, '2019-04-24 16:00:32', '2019-04-24 16:00:32', 55),
(43547, 1876, NULL, 0, '2019-04-24 16:00:32', '2019-04-24 16:00:33', 55),
(43548, 1877, NULL, 0, '2019-04-24 16:00:32', '2019-04-24 16:00:32', NULL),
(43549, 1878, NULL, 0, '2019-04-24 16:00:32', '2019-04-24 16:00:32', 55),
(43550, 1880, NULL, 0, '2019-04-25 10:36:58', '2019-04-25 10:36:58', 55),
(43551, 1881, NULL, 0, '2019-04-25 15:48:10', '2019-04-25 15:48:10', 55),
(43552, 1882, NULL, 0, '2019-04-26 16:15:09', '2019-04-26 16:15:09', 55),
(43553, 1883, NULL, 0, '2019-04-26 16:15:09', '2019-04-26 16:15:09', NULL),
(43554, 1884, 549, 0, '2019-04-26 16:15:09', '2019-04-26 16:17:55', 55),
(43555, 1885, 549, 0, '2019-04-26 16:15:09', '2019-04-26 16:17:55', 55),
(43556, 1886, NULL, 0, '2019-04-26 16:15:19', '2019-04-26 16:15:19', 55),
(43557, 1887, NULL, 0, '2019-04-26 16:15:19', '2019-04-26 16:15:19', NULL),
(43558, 1882, 549, 0, '2019-04-26 16:15:26', '2019-04-26 16:17:55', 55),
(43559, 1883, NULL, 0, '2019-04-26 16:15:26', '2019-04-26 16:15:26', NULL),
(43560, 1884, NULL, 0, '2019-04-26 16:15:26', '2019-04-26 16:15:26', 55),
(43561, 1885, NULL, 0, '2019-04-26 16:15:26', '2019-04-26 16:15:26', 55),
(43563, 1889, NULL, 0, '2019-04-30 09:46:59', '2019-04-30 09:46:59', 55),
(43564, 1890, NULL, 0, '2019-05-02 10:06:56', '2019-05-02 10:06:56', NULL),
(43565, 1891, NULL, 0, '2019-05-02 10:06:56', '2019-05-02 10:06:56', NULL),
(43566, 1892, NULL, 0, '2019-05-02 10:07:37', '2019-05-02 10:07:37', 55),
(43567, 1893, NULL, 0, '2019-05-02 10:40:35', '2019-05-02 10:40:35', NULL),
(43568, 1894, NULL, 0, '2019-05-02 10:42:32', '2019-05-02 10:42:32', NULL),
(43569, 1895, NULL, 0, '2019-05-02 10:42:32', '2019-05-02 10:42:32', NULL),
(43570, 1896, NULL, 0, '2019-05-02 10:46:21', '2019-05-02 10:46:21', NULL),
(43571, 1897, NULL, 0, '2019-05-02 10:46:21', '2019-05-02 10:46:21', NULL),
(43572, 1898, NULL, 0, '2019-05-02 11:59:49', '2019-05-02 12:55:17', 55),
(43573, 1899, NULL, 0, '2019-05-02 11:59:49', '2019-05-02 11:59:49', NULL),
(43574, 1900, NULL, 0, '2019-05-02 11:59:49', '2019-05-02 12:55:17', 55),
(43575, 1901, NULL, 0, '2019-05-02 11:59:49', '2019-05-02 12:55:17', 55),
(43576, 1902, NULL, 0, '2019-05-07 07:05:14', '2019-05-07 07:05:14', 55),
(43577, 1903, NULL, 0, '2019-05-07 07:05:14', '2019-05-07 07:05:14', NULL),
(43578, 1904, NULL, 0, '2019-05-07 07:05:14', '2019-05-07 07:05:14', 55),
(43579, 1905, NULL, 0, '2019-05-07 07:05:14', '2019-05-07 07:05:14', 55),
(43580, 1906, NULL, 0, '2019-05-07 07:05:44', '2019-05-07 07:05:44', 55),
(43581, 1907, NULL, 0, '2019-05-07 07:05:44', '2019-05-07 07:05:44', NULL),
(43582, 1908, NULL, 0, '2019-05-07 07:05:44', '2019-05-07 07:05:44', 55),
(43583, 1909, NULL, 0, '2019-05-07 07:05:44', '2019-05-07 07:05:44', 55),
(43584, 1906, NULL, 0, '2019-05-07 07:05:53', '2019-05-07 07:05:53', 55),
(43585, 1907, NULL, 0, '2019-05-07 07:05:53', '2019-05-07 07:05:53', NULL),
(43586, 1908, NULL, 0, '2019-05-07 07:05:53', '2019-05-07 07:05:53', 55),
(43587, 1909, NULL, 0, '2019-05-07 07:05:53', '2019-05-07 07:05:53', 55),
(43588, 1910, 552, 0, '2019-05-07 07:10:18', '2019-05-07 07:25:13', 56),
(43589, 1911, NULL, 0, '2019-05-07 07:10:18', '2019-05-07 07:10:18', NULL),
(43590, 1912, NULL, 0, '2019-05-07 07:10:35', '2019-05-07 07:20:53', 55),
(43591, 1913, NULL, 0, '2019-05-07 07:10:35', '2019-05-07 07:10:35', NULL),
(43592, 1914, NULL, 0, '2019-05-07 07:10:35', '2019-05-07 07:20:53', 55),
(43593, 1915, 552, 0, '2019-05-07 07:10:35', '2019-05-07 07:25:13', 56),
(43594, 1916, NULL, 0, '2019-05-07 07:10:48', '2019-05-07 07:10:48', 55),
(43595, 1917, NULL, 0, '2019-05-07 07:10:48', '2019-05-07 07:10:48', NULL),
(43596, 1918, NULL, 0, '2019-05-07 07:10:48', '2019-05-07 07:10:48', 55),
(43597, 1912, NULL, 0, '2019-05-07 07:10:55', '2019-05-07 07:10:55', 55),
(43598, 1913, NULL, 0, '2019-05-07 07:10:55', '2019-05-07 07:10:55', NULL),
(43599, 1914, NULL, 0, '2019-05-07 07:10:55', '2019-05-07 07:20:53', 55),
(43600, 1915, NULL, 0, '2019-05-07 07:10:55', '2019-05-07 07:10:55', 55),
(43609, 1923, 553, 0, '2019-05-07 07:16:31', '2019-05-07 07:28:17', 55),
(43610, 1924, NULL, 0, '2019-05-07 07:16:31', '2019-05-07 07:16:31', NULL),
(43611, 1925, 554, 0, '2019-05-07 07:16:31', '2019-05-07 07:28:49', 56),
(43612, 1926, 556, 0, '2019-05-07 07:16:31', '2019-05-07 07:30:38', 57),
(43613, 1927, NULL, 0, '2019-05-07 07:35:48', '2019-05-07 07:35:48', 55),
(43614, 1928, NULL, 0, '2019-05-07 07:35:48', '2019-05-07 07:35:48', NULL),
(43615, 1929, NULL, 0, '2019-05-07 07:35:48', '2019-05-07 07:35:48', 55),
(43616, 1930, NULL, 0, '2019-05-07 08:06:05', '2019-05-07 08:06:05', 55),
(43617, 1931, NULL, 0, '2019-05-07 08:06:05', '2019-05-07 08:06:05', NULL),
(43618, 1932, NULL, 0, '2019-05-07 08:06:05', '2019-05-07 08:06:05', 55),
(43623, 1935, 558, 0, '2019-05-07 08:18:27', '2019-05-07 08:23:43', 55),
(43624, 1936, NULL, 0, '2019-05-07 08:18:27', '2019-05-07 08:18:27', NULL),
(43625, 1937, 558, 0, '2019-05-07 08:18:27', '2019-05-07 08:23:43', 55),
(43626, 1938, 558, 0, '2019-05-07 08:18:27', '2019-05-07 08:23:43', 55),
(43627, 1935, 557, 0, '2019-05-07 08:18:37', '2019-05-07 08:22:18', 55),
(43628, 1936, NULL, 0, '2019-05-07 08:18:37', '2019-05-07 08:18:37', NULL),
(43629, 1937, 557, 0, '2019-05-07 08:18:37', '2019-05-07 08:22:18', 55),
(43630, 1938, 557, 0, '2019-05-07 08:18:37', '2019-05-07 08:22:18', 55),
(43631, 1939, 559, 0, '2019-05-07 09:04:23', '2019-05-07 09:18:11', 55),
(43632, 1940, NULL, 0, '2019-05-07 09:04:23', '2019-05-07 09:04:23', NULL),
(43633, 1941, NULL, 0, '2019-05-07 09:37:56', '2019-05-07 09:37:56', 55),
(43634, 1942, NULL, 0, '2019-05-07 09:37:56', '2019-05-07 09:37:56', NULL),
(43635, 1943, NULL, 0, '2019-05-08 07:45:56', '2019-05-08 07:45:56', 55),
(43636, 1944, NULL, 0, '2019-05-08 07:45:56', '2019-05-08 07:45:56', NULL),
(43637, 1945, NULL, 0, '2019-05-09 06:21:29', '2019-05-09 06:21:29', 55),
(43638, 1946, NULL, 0, '2019-05-09 06:21:29', '2019-05-09 06:21:29', NULL),
(43639, 1947, NULL, 0, '2019-05-09 06:21:29', '2019-05-09 06:21:29', 55),
(43640, 1948, NULL, 0, '2019-05-09 06:21:29', '2019-05-09 06:21:29', 55),
(43641, 1949, NULL, 0, '2019-05-09 06:21:41', '2019-05-09 06:21:41', 55),
(43642, 1950, NULL, 0, '2019-05-09 06:21:41', '2019-05-09 06:21:41', NULL),
(43643, 1951, NULL, 0, '2019-05-09 06:21:41', '2019-05-09 06:21:41', 55),
(43644, 1949, NULL, 0, '2019-05-09 06:22:04', '2019-05-09 06:22:04', 55),
(43645, 1950, NULL, 0, '2019-05-09 06:22:04', '2019-05-09 06:22:04', NULL),
(43646, 1951, NULL, 0, '2019-05-09 06:22:04', '2019-05-09 06:22:04', 55),
(43647, 1952, NULL, 0, '2019-05-09 06:26:20', '2019-05-09 06:26:20', 55),
(43648, 1953, 560, 0, '2019-05-09 06:26:20', '2019-05-09 09:19:46', 55),
(43649, 1954, NULL, 0, '2019-05-09 07:30:16', '2019-05-09 07:30:16', 55),
(43650, 1955, NULL, 0, '2019-05-09 07:30:16', '2019-05-09 07:30:16', NULL),
(43651, 1956, NULL, 0, '2019-05-09 07:30:16', '2019-05-09 07:30:16', 55),
(43652, 1957, NULL, 0, '2019-05-09 07:30:16', '2019-05-09 07:30:16', 55),
(43653, 1958, NULL, 0, '2019-05-09 07:30:31', '2019-05-09 07:30:31', 55),
(43654, 1959, NULL, 0, '2019-05-09 07:30:31', '2019-05-09 07:30:31', NULL),
(43655, 1960, NULL, 0, '2019-05-09 07:46:15', '2019-05-09 07:46:15', 55),
(43656, 1961, NULL, 0, '2019-05-09 07:46:15', '2019-05-09 07:46:15', NULL),
(43662, 1967, NULL, 0, '2019-05-10 10:48:58', '2019-05-10 10:48:58', 55),
(43663, 1968, NULL, 0, '2019-05-10 10:48:58', '2019-05-10 10:48:58', NULL),
(43668, 1973, 561, 0, '2019-05-10 10:56:35', '2019-05-10 11:29:10', 55),
(43669, 1974, NULL, 0, '2019-05-10 10:56:35', '2019-05-10 10:56:35', NULL),
(43670, 1975, NULL, 0, '2019-05-10 11:11:03', '2019-05-10 11:11:03', 55),
(43671, 1976, NULL, 0, '2019-05-10 11:11:03', '2019-05-10 11:11:03', NULL),
(43672, 1977, NULL, 0, '2019-05-10 11:11:03', '2019-05-10 11:11:03', 55),
(43673, 1978, NULL, 0, '2019-05-10 11:11:03', '2019-05-10 11:11:03', 55),
(43674, 1979, NULL, 0, '2019-05-10 11:11:03', '2019-05-10 11:11:03', 55),
(43675, 1980, NULL, 0, '2019-05-10 11:13:03', '2019-05-10 11:13:03', 55),
(43676, 1981, NULL, 0, '2019-05-10 11:13:03', '2019-05-10 11:13:03', NULL),
(43677, 1982, NULL, 0, '2019-05-10 11:13:03', '2019-05-10 11:13:03', 55),
(43678, 1983, NULL, 0, '2019-05-10 11:13:03', '2019-05-10 11:13:03', 55),
(43679, 1984, NULL, 0, '2019-05-10 11:15:05', '2019-05-10 11:15:05', 55),
(43680, 1985, NULL, 0, '2019-05-10 11:15:05', '2019-05-10 11:15:05', NULL),
(43681, 1986, NULL, 0, '2019-05-10 11:15:05', '2019-05-10 11:15:05', 55),
(43682, 1987, NULL, 0, '2019-05-10 13:06:56', '2019-05-10 13:06:56', 55),
(43683, 1988, NULL, 0, '2019-05-10 13:06:56', '2019-05-10 13:06:56', NULL),
(43690, 1993, NULL, 0, '2019-05-10 13:45:44', '2019-05-10 13:45:44', 55),
(43691, 1994, NULL, 0, '2019-05-10 13:45:44', '2019-05-10 13:45:44', NULL),
(43692, 1993, NULL, 0, '2019-05-10 13:46:25', '2019-05-10 13:46:25', 55),
(43693, 1994, NULL, 0, '2019-05-10 13:46:25', '2019-05-10 13:46:25', NULL),
(43694, 1995, NULL, 0, '2019-05-10 13:48:34', '2019-05-10 13:48:34', 55),
(43695, 1996, NULL, 0, '2019-05-10 13:48:34', '2019-05-10 13:48:34', NULL),
(43696, 1997, NULL, 0, '2019-05-14 12:17:45', '2019-05-14 12:17:46', 55),
(43697, 1998, NULL, 0, '2019-05-14 12:17:46', '2019-05-14 12:17:46', NULL),
(43698, 1999, NULL, 0, '2019-05-14 12:17:46', '2019-05-14 12:17:46', 55),
(43699, 2000, NULL, 0, '2019-05-14 12:17:54', '2019-05-14 12:17:54', 55),
(43700, 1997, NULL, 0, '2019-05-14 12:18:08', '2019-05-14 12:18:08', 55),
(43701, 1998, NULL, 0, '2019-05-14 12:18:08', '2019-05-14 12:18:08', NULL),
(43702, 1999, NULL, 0, '2019-05-14 12:18:08', '2019-05-14 12:18:08', 55),
(43703, 2001, NULL, 0, '2019-05-14 12:27:40', '2019-05-14 12:27:40', 55),
(43704, 2002, NULL, 0, '2019-05-14 12:27:54', '2019-05-14 12:27:54', 55),
(43705, 2003, NULL, 0, '2019-05-14 12:27:54', '2019-05-14 12:27:54', NULL),
(43706, 2004, 562, 0, '2019-05-14 12:30:36', '2019-05-14 12:41:41', 55),
(43707, 2005, NULL, 0, '2019-05-14 12:30:36', '2019-05-14 12:30:36', NULL),
(43708, 2006, 562, 0, '2019-05-14 12:30:48', '2019-05-14 12:41:41', 55),
(43709, 2007, NULL, 0, '2019-05-14 12:30:48', '2019-05-14 12:30:48', NULL),
(43710, 2008, NULL, 0, '2019-05-14 12:35:15', '2019-05-14 12:35:15', 55),
(43711, 2009, NULL, 0, '2019-05-14 12:35:15', '2019-05-14 12:35:15', NULL),
(43712, 2010, NULL, 0, '2019-05-14 17:59:31', '2019-05-14 17:59:31', 55),
(43713, 2011, NULL, 0, '2019-05-14 17:59:31', '2019-05-14 17:59:31', NULL),
(43714, 2012, NULL, 0, '2019-05-15 10:38:21', '2019-05-15 10:38:21', 55),
(43715, 2013, NULL, 0, '2019-05-15 10:38:21', '2019-05-15 10:38:21', NULL),
(43716, 2014, NULL, 0, '2019-05-15 12:26:34', '2019-05-15 12:26:34', 55),
(43717, 2015, NULL, 0, '2019-05-15 12:26:34', '2019-05-15 12:26:34', NULL),
(43718, 2016, NULL, 0, '2019-05-16 08:12:11', '2019-05-16 08:12:11', 55),
(43719, 2017, NULL, 0, '2019-05-16 08:18:06', '2019-05-16 08:24:06', 55),
(43720, 2018, NULL, 0, '2019-05-16 08:18:06', '2019-05-16 08:18:06', NULL),
(43721, 2019, NULL, 0, '2019-05-16 08:18:06', '2019-05-16 08:24:06', 55),
(43722, 2020, NULL, 0, '2019-05-16 08:18:06', '2019-05-16 08:18:06', 55),
(43723, 2021, NULL, 0, '2019-05-16 08:18:14', '2019-05-16 08:18:14', 55),
(43724, 2022, NULL, 0, '2019-05-16 08:18:14', '2019-05-16 08:18:14', NULL),
(43725, 2023, NULL, 0, '2019-05-16 08:19:13', '2019-05-16 08:19:13', 55),
(43726, 2024, NULL, 0, '2019-05-16 08:19:13', '2019-05-16 08:19:13', NULL),
(43727, 2025, NULL, 0, '2019-05-16 08:19:13', '2019-05-16 08:19:13', 55),
(43728, 2026, 564, 0, '2019-05-16 09:11:10', '2019-05-16 09:18:42', 55),
(43729, 2027, NULL, 0, '2019-05-16 09:11:10', '2019-05-16 09:11:10', NULL),
(43730, 2028, 564, 0, '2019-05-16 09:11:10', '2019-05-16 09:18:42', 55),
(43731, 2029, 565, 0, '2019-05-16 09:11:10', '2019-05-16 09:20:48', 55),
(43732, 2030, 565, 0, '2019-05-16 09:11:24', '2019-05-16 09:20:48', 55),
(43733, 2031, NULL, 0, '2019-05-16 09:11:24', '2019-05-16 09:11:24', NULL),
(43734, 2032, NULL, 0, '2019-05-16 09:11:24', '2019-05-16 09:11:24', 55),
(43735, 2033, 580, 0, '2019-05-16 09:44:46', '2019-05-18 11:18:14', 55),
(43736, 2034, NULL, 0, '2019-05-16 09:44:46', '2019-05-16 09:44:46', NULL),
(43737, 2035, 580, 0, '2019-05-16 09:44:46', '2019-05-18 11:18:14', 55),
(43738, 2036, 580, 0, '2019-05-16 09:44:46', '2019-05-18 11:18:14', 55),
(43739, 2037, NULL, 0, '2019-05-16 09:46:01', '2019-05-16 09:46:01', 56),
(43740, 2038, NULL, 0, '2019-05-16 09:46:01', '2019-05-16 09:46:01', NULL),
(43741, 2039, 566, 0, '2019-05-16 09:46:28', '2019-05-16 09:55:30', 55),
(43742, 2040, NULL, 0, '2019-05-16 09:46:28', '2019-05-16 09:46:28', NULL),
(43743, 2041, 568, 0, '2019-05-16 09:47:59', '2019-05-16 10:20:41', 55),
(43744, 2042, NULL, 0, '2019-05-16 09:47:59', '2019-05-16 09:47:59', NULL),
(43745, 2043, 568, 0, '2019-05-16 09:47:59', '2019-05-16 10:20:41', 55),
(43746, 2044, NULL, 0, '2019-05-16 09:48:20', '2019-05-16 09:48:20', 55),
(43747, 2045, NULL, 0, '2019-05-16 09:48:20', '2019-05-16 09:48:20', NULL),
(43748, 2046, 567, 0, '2019-05-16 09:48:20', '2019-05-16 10:07:24', 55),
(43749, 2047, NULL, 0, '2019-05-16 09:48:30', '2019-05-16 09:48:30', 55),
(43750, 2048, NULL, 0, '2019-05-16 09:48:30', '2019-05-16 09:48:30', NULL),
(43751, 2049, NULL, 0, '2019-05-16 09:48:30', '2019-05-16 09:48:30', 55),
(43752, 2050, NULL, 0, '2019-05-16 09:52:54', '2019-05-16 09:52:54', 55),
(43753, 2051, NULL, 0, '2019-05-16 09:52:54', '2019-05-16 09:52:54', NULL),
(43754, 2052, NULL, 0, '2019-05-16 09:52:54', '2019-05-16 09:52:54', 55),
(43755, 2053, NULL, 0, '2019-05-16 09:54:42', '2019-05-16 09:54:42', 55),
(43756, 2054, NULL, 0, '2019-05-16 09:54:56', '2019-05-16 09:54:56', 55),
(43757, 2055, NULL, 0, '2019-05-16 09:54:56', '2019-05-16 09:54:56', NULL),
(43758, 2056, NULL, 0, '2019-05-16 09:55:11', '2019-05-16 09:55:11', 55),
(43759, 2057, NULL, 0, '2019-05-16 09:55:11', '2019-05-16 09:55:11', NULL),
(43760, 2058, NULL, 0, '2019-05-16 09:55:58', '2019-05-16 09:55:58', 55),
(43761, 2059, NULL, 0, '2019-05-16 09:55:58', '2019-05-16 09:55:58', 55),
(43762, 2060, NULL, 0, '2019-05-16 09:56:08', '2019-05-16 09:56:08', 56),
(43763, 2061, NULL, 0, '2019-05-16 09:56:08', '2019-05-16 09:56:08', NULL),
(43764, 2062, NULL, 0, '2019-05-16 09:56:52', '2019-05-16 09:56:52', 55),
(43765, 2063, NULL, 0, '2019-05-16 09:56:52', '2019-05-16 09:56:52', NULL),
(43766, 2064, 570, 0, '2019-05-16 10:03:38', '2019-05-16 10:46:37', 55),
(43767, 2065, NULL, 0, '2019-05-16 10:03:38', '2019-05-16 10:03:38', NULL),
(43768, 2066, 570, 0, '2019-05-16 10:03:38', '2019-05-16 10:46:37', 55),
(43769, 2067, NULL, 0, '2019-05-16 10:03:54', '2019-05-16 10:03:54', 55),
(43770, 2068, NULL, 0, '2019-05-16 10:03:54', '2019-05-16 10:03:54', NULL),
(43771, 2069, NULL, 0, '2019-05-16 10:03:54', '2019-05-16 10:03:54', 55),
(43772, 2070, NULL, 0, '2019-05-16 10:08:07', '2019-05-16 10:08:07', 55),
(43773, 2071, NULL, 0, '2019-05-16 10:08:07', '2019-05-16 10:08:07', NULL),
(43774, 2072, NULL, 0, '2019-05-16 10:08:11', '2019-05-16 10:08:11', 55),
(43775, 2073, NULL, 0, '2019-05-16 10:08:11', '2019-05-16 10:08:11', NULL),
(43776, 2074, NULL, 0, '2019-05-16 10:08:11', '2019-05-16 10:08:11', 55),
(43777, 2075, NULL, 0, '2019-05-16 10:08:30', '2019-05-16 10:08:30', 55),
(43778, 2076, NULL, 0, '2019-05-16 10:12:48', '2019-05-16 10:12:48', 55),
(43779, 2077, NULL, 0, '2019-05-16 10:12:48', '2019-05-16 10:12:48', NULL),
(43780, 2078, NULL, 0, '2019-05-16 10:12:48', '2019-05-16 10:12:48', 55),
(43781, 2079, NULL, 0, '2019-05-16 10:12:48', '2019-05-16 10:12:48', 55),
(43782, 2080, 568, 0, '2019-05-16 10:15:50', '2019-05-16 10:20:41', 55),
(43783, 2081, NULL, 0, '2019-05-16 10:15:50', '2019-05-16 10:15:50', NULL),
(43784, 2082, 569, 0, '2019-05-16 10:20:57', '2019-05-16 10:35:44', 55),
(43785, 2083, NULL, 0, '2019-05-16 10:20:57', '2019-05-16 10:20:57', NULL),
(43788, 2086, NULL, 0, '2019-05-16 11:07:51', '2019-05-16 11:07:51', 55),
(43789, 2087, NULL, 0, '2019-05-16 11:07:51', '2019-05-16 11:07:51', NULL),
(43790, 2088, NULL, 0, '2019-05-16 11:07:51', '2019-05-16 11:07:51', 55),
(43794, 2092, 571, 0, '2019-05-16 11:53:03', '2019-05-16 12:01:23', 55),
(43795, 2093, NULL, 0, '2019-05-16 12:30:39', '2019-05-16 12:30:39', 56),
(43796, 2094, NULL, 0, '2019-05-16 12:30:39', '2019-05-16 12:30:39', NULL),
(43797, 2095, NULL, 0, '2019-05-16 12:38:59', '2019-05-16 12:38:59', 56),
(43798, 2096, NULL, 0, '2019-05-16 12:38:59', '2019-05-16 12:38:59', NULL),
(43799, 2097, 572, 0, '2019-05-16 12:54:44', '2019-05-16 15:04:42', 55),
(43800, 2098, NULL, 0, '2019-05-16 12:54:44', '2019-05-16 12:54:44', NULL),
(43801, 2099, 572, 0, '2019-05-16 12:54:44', '2019-05-16 15:04:42', 55),
(43802, 2100, 577, 0, '2019-05-16 13:08:41', '2019-05-17 07:34:42', 55),
(43803, 2101, NULL, 0, '2019-05-16 13:08:41', '2019-05-16 13:08:41', 55),
(43804, 2102, NULL, 0, '2019-05-16 13:10:59', '2019-05-16 13:10:59', 55),
(43805, 2103, NULL, 0, '2019-05-16 13:10:59', '2019-05-16 13:10:59', 55),
(43806, 2104, 575, 0, '2019-05-16 13:22:50', '2019-05-17 07:32:27', 55),
(43807, 2105, NULL, 0, '2019-05-16 13:22:50', '2019-05-16 13:22:50', NULL),
(43808, 2106, NULL, 0, '2019-05-16 13:22:50', '2019-05-16 13:22:50', 55),
(43809, 2107, 573, 0, '2019-05-16 13:35:30', '2019-05-17 07:23:50', 55),
(43810, 2108, NULL, 0, '2019-05-16 13:35:30', '2019-05-16 13:35:30', NULL),
(43811, 2109, 573, 0, '2019-05-16 13:35:30', '2019-05-17 07:23:50', 55),
(43812, 2110, 579, 0, '2019-05-16 13:35:30', '2019-05-17 12:01:48', 55),
(43813, 2111, NULL, 0, '2019-05-16 13:37:54', '2019-05-16 13:37:54', 55),
(43814, 2112, NULL, 0, '2019-05-16 13:37:54', '2019-05-16 13:37:54', NULL),
(43815, 2113, 574, 0, '2019-05-17 07:27:43', '2019-05-17 07:31:04', 55),
(43816, 2114, NULL, 0, '2019-05-17 07:27:43', '2019-05-17 07:27:43', NULL),
(43817, 2115, NULL, 0, '2019-05-17 09:34:46', '2019-05-17 09:34:46', 55),
(43818, 2116, NULL, 0, '2019-05-17 09:34:46', '2019-05-17 09:34:46', NULL),
(43819, 2117, NULL, 0, '2019-05-17 09:34:46', '2019-05-17 09:34:46', 55),
(43823, 2121, NULL, 0, '2019-05-17 09:41:37', '2019-05-17 09:41:37', 55),
(43824, 2122, NULL, 0, '2019-05-17 09:41:37', '2019-05-17 09:41:37', NULL),
(43825, 2123, NULL, 0, '2019-05-17 09:44:16', '2019-05-17 09:44:16', 55),
(43826, 2124, NULL, 0, '2019-05-17 09:44:16', '2019-05-17 09:44:16', NULL),
(43827, 2125, NULL, 0, '2019-05-17 09:44:16', '2019-05-17 09:44:16', 55);

-- --------------------------------------------------------

--
-- Table structure for table `sylius_order_sequence`
--

CREATE TABLE `sylius_order_sequence` (
  `id` int(11) NOT NULL,
  `idx` int(11) NOT NULL,
  `version` int(11) NOT NULL DEFAULT 1
) ENGINE=InnoDB DEFAULT CHARSET=utf8 COLLATE=utf8_unicode_ci;

--
-- Dumping data for table `sylius_order_sequence`
--

INSERT INTO `sylius_order_sequence` (`id`, `idx`, `version`) VALUES
(1, 66, 66);

-- --------------------------------------------------------

--
-- Table structure for table `sylius_payment`
--

CREATE TABLE `sylius_payment` (
  `id` int(11) NOT NULL,
  `method_id` int(11) DEFAULT NULL,
  `order_id` int(11) NOT NULL,
  `currency_code` varchar(3) COLLATE utf8_unicode_ci NOT NULL,
  `amount` int(11) NOT NULL,
  `state` varchar(255) COLLATE utf8_unicode_ci NOT NULL,
  `details` longtext COLLATE utf8_unicode_ci NOT NULL COMMENT '(DC2Type:json_array)',
  `created_at` datetime NOT NULL,
  `updated_at` datetime DEFAULT NULL
) ENGINE=InnoDB DEFAULT CHARSET=utf8 COLLATE=utf8_unicode_ci;

--
-- Dumping data for table `sylius_payment`
--

INSERT INTO `sylius_payment` (`id`, `method_id`, `order_id`, `currency_code`, `amount`, `state`, `details`, `created_at`, `updated_at`) VALUES
(2, 20, 669, 'USD', 16500, 'cart', '[]', '2019-04-23 11:34:17', '2019-04-23 11:34:17'),
(3, 20, 670, 'USD', 54900, 'new', '{\"PAYMENTREQUEST_0_INVNUM\":\"670-3\",\"PAYMENTREQUEST_0_CURRENCYCODE\":\"USD\",\"PAYMENTREQUEST_0_AMT\":\"549.00\",\"PAYMENTREQUEST_0_ITEMAMT\":\"549.00\",\"L_PAYMENTREQUEST_0_NAME0\":\"Front View Camera Retrofit\",\"L_PAYMENTREQUEST_0_AMT0\":\"549.00\",\"L_PAYMENTREQUEST_0_QTY0\":\"1\",\"PAYMENTREQUEST_0_PAYMENTACTION\":\"Sale\",\"AUTHORIZE_TOKEN_USERACTION\":\"commit\",\"RETURNURL\":\"http:\\/\\/testshop.bimmer-tech.net\\/payment\\/capture\\/XLNePQTBfbC-CD7CewlJXSvC_PXJ2NOL6JwY5oFaHzA\",\"CANCELURL\":\"http:\\/\\/testshop.bimmer-tech.net\\/payment\\/capture\\/XLNePQTBfbC-CD7CewlJXSvC_PXJ2NOL6JwY5oFaHzA?cancelled=1\",\"PAYMENTREQUEST_0_NOTIFYURL\":\"http:\\/\\/testshop.bimmer-tech.net\\/payment\\/notify\\/2TQsiUGZDdRisZFuhgTU-w1ANQ1tNlraQf30DSZsmPM\",\"TOKEN\":\"EC-6FR67216JG0395827\",\"TIMESTAMP\":\"2019-04-23T12:07:37Z\",\"CORRELATIONID\":\"dbc9174aad27e\",\"ACK\":\"Success\",\"VERSION\":\"65.1\",\"BUILD\":\"000000\",\"BILLINGAGREEMENTACCEPTEDSTATUS\":\"0\",\"CHECKOUTSTATUS\":\"PaymentActionNotInitiated\",\"CURRENCYCODE\":\"USD\",\"AMT\":\"549.00\",\"ITEMAMT\":\"549.00\",\"SHIPPINGAMT\":\"0.00\",\"HANDLINGAMT\":\"0.00\",\"TAXAMT\":\"0.00\",\"INVNUM\":\"670-3\",\"NOTIFYURL\":\"http:\\/\\/testshop.bimmer-tech.net\\/payment\\/notify\\/2TQsiUGZDdRisZFuhgTU-w1ANQ1tNlraQf30DSZsmPM\",\"INSURANCEAMT\":\"0.00\",\"SHIPDISCAMT\":\"0.00\",\"L_NAME0\":\"Front View Camera Retrofit\",\"L_QTY0\":\"1\",\"L_TAXAMT0\":\"0.00\",\"L_AMT0\":\"549.00\",\"L_ITEMWEIGHTVALUE0\":\"   0.00000\",\"L_ITEMLENGTHVALUE0\":\"   0.00000\",\"L_ITEMWIDTHVALUE0\":\"   0.00000\",\"L_ITEMHEIGHTVALUE0\":\"   0.00000\",\"PAYMENTREQUEST_0_SHIPPINGAMT\":\"0.00\",\"PAYMENTREQUEST_0_HANDLINGAMT\":\"0.00\",\"PAYMENTREQUEST_0_TAXAMT\":\"0.00\",\"PAYMENTREQUEST_0_INSURANCEAMT\":\"0.00\",\"PAYMENTREQUEST_0_SHIPDISCAMT\":\"0.00\",\"PAYMENTREQUEST_0_INSURANCEOPTIONOFFERED\":\"false\",\"L_PAYMENTREQUEST_0_TAXAMT0\":\"0.00\",\"L_PAYMENTREQUEST_0_ITEMWEIGHTVALUE0\":\"   0.00000\",\"L_PAYMENTREQUEST_0_ITEMLENGTHVALUE0\":\"   0.00000\",\"L_PAYMENTREQUEST_0_ITEMWIDTHVALUE0\":\"   0.00000\",\"L_PAYMENTREQUEST_0_ITEMHEIGHTVALUE0\":\"   0.00000\",\"PAYMENTREQUESTINFO_0_ERRORCODE\":\"0\"}', '2019-04-23 12:07:35', '2019-04-23 12:07:38'),
(4, 20, 669, 'USD', 16500, 'completed', '{\"PAYMENTREQUEST_0_INVNUM\":\"669-4\",\"PAYMENTREQUEST_0_CURRENCYCODE\":\"USD\",\"PAYMENTREQUEST_0_AMT\":\"165.00\",\"PAYMENTREQUEST_0_ITEMAMT\":\"165.00\",\"L_PAYMENTREQUEST_0_NAME0\":\"BMW Navigation Map Update 2018\\/2019\",\"L_PAYMENTREQUEST_0_AMT0\":\"165.00\",\"L_PAYMENTREQUEST_0_QTY0\":\"1\",\"PAYMENTREQUEST_0_PAYMENTACTION\":\"Sale\",\"AUTHORIZE_TOKEN_USERACTION\":\"commit\",\"RETURNURL\":\"http:\\/\\/testshop.bimmer-tech.net\\/payment\\/capture\\/fMES5zLI51dIUl0D_K4U7VAOagRkGOR9VN15o0O8pWc\",\"CANCELURL\":\"http:\\/\\/testshop.bimmer-tech.net\\/payment\\/capture\\/fMES5zLI51dIUl0D_K4U7VAOagRkGOR9VN15o0O8pWc?cancelled=1\",\"PAYMENTREQUEST_0_NOTIFYURL\":\"http:\\/\\/testshop.bimmer-tech.net\\/payment\\/notify\\/XdWXxgCygdTXTfA3Uu1OvtSJSFic8gc4hEfCA4TMM60\",\"TOKEN\":\"EC-21M08575MJ830710K\",\"TIMESTAMP\":\"2019-04-23T12:11:03Z\",\"CORRELATIONID\":\"955eac6e37538\",\"ACK\":\"Success\",\"VERSION\":\"65.1\",\"BUILD\":\"000000\",\"BILLINGAGREEMENTACCEPTEDSTATUS\":\"0\",\"CHECKOUTSTATUS\":\"PaymentActionCompleted\",\"CURRENCYCODE\":\"USD\",\"AMT\":\"165.00\",\"ITEMAMT\":\"165.00\",\"SHIPPINGAMT\":\"0.00\",\"HANDLINGAMT\":\"0.00\",\"TAXAMT\":\"0.00\",\"INVNUM\":\"669-4\",\"NOTIFYURL\":\"http:\\/\\/testshop.bimmer-tech.net\\/payment\\/notify\\/XdWXxgCygdTXTfA3Uu1OvtSJSFic8gc4hEfCA4TMM60\",\"INSURANCEAMT\":\"0.00\",\"SHIPDISCAMT\":\"0.00\",\"L_NAME0\":\"BMW Navigation Map Update 2018\\/2019\",\"L_QTY0\":\"1\",\"L_TAXAMT0\":\"0.00\",\"L_AMT0\":\"165.00\",\"L_ITEMWEIGHTVALUE0\":\"   0.00000\",\"L_ITEMLENGTHVALUE0\":\"   0.00000\",\"L_ITEMWIDTHVALUE0\":\"   0.00000\",\"L_ITEMHEIGHTVALUE0\":\"   0.00000\",\"PAYMENTREQUEST_0_SHIPPINGAMT\":\"0.00\",\"PAYMENTREQUEST_0_HANDLINGAMT\":\"0.00\",\"PAYMENTREQUEST_0_TAXAMT\":\"0.00\",\"PAYMENTREQUEST_0_INSURANCEAMT\":\"0.00\",\"PAYMENTREQUEST_0_SHIPDISCAMT\":\"0.00\",\"PAYMENTREQUEST_0_INSURANCEOPTIONOFFERED\":\"false\",\"L_PAYMENTREQUEST_0_TAXAMT0\":\"0.00\",\"L_PAYMENTREQUEST_0_ITEMWEIGHTVALUE0\":\"   0.00000\",\"L_PAYMENTREQUEST_0_ITEMLENGTHVALUE0\":\"   0.00000\",\"L_PAYMENTREQUEST_0_ITEMWIDTHVALUE0\":\"   0.00000\",\"L_PAYMENTREQUEST_0_ITEMHEIGHTVALUE0\":\"   0.00000\",\"PAYMENTREQUESTINFO_0_ERRORCODE\":\"0\",\"EMAIL\":\"taras.terletskij@bimmer-tech.net\",\"PAYERID\":\"8UPWNP6FPCTCJ\",\"PAYERSTATUS\":\"verified\",\"FIRSTNAME\":\"Taras\",\"LASTNAME\":\"Terletskij\",\"COUNTRYCODE\":\"US\",\"SHIPTONAME\":\"Taras Terletskij\",\"SHIPTOSTREET\":\"1 Main St\",\"SHIPTOCITY\":\"San Jose\",\"SHIPTOSTATE\":\"CA\",\"SHIPTOZIP\":\"95131\",\"SHIPTOCOUNTRYCODE\":\"US\",\"SHIPTOCOUNTRYNAME\":\"United States\",\"ADDRESSSTATUS\":\"Confirmed\",\"INSURANCEOPTIONOFFERED\":\"false\",\"PAYMENTREQUEST_0_SELLERPAYPALACCOUNTID\":\"taras.terletskij-facilitator@bimmer-tech.net\",\"PAYMENTREQUEST_0_SHIPTONAME\":\"Taras Terletskij\",\"PAYMENTREQUEST_0_SHIPTOSTREET\":\"1 Main St\",\"PAYMENTREQUEST_0_SHIPTOCITY\":\"San Jose\",\"PAYMENTREQUEST_0_SHIPTOSTATE\":\"CA\",\"PAYMENTREQUEST_0_SHIPTOZIP\":\"95131\",\"PAYMENTREQUEST_0_SHIPTOCOUNTRYCODE\":\"US\",\"PAYMENTREQUEST_0_SHIPTOCOUNTRYNAME\":\"United States\",\"PAYMENTREQUEST_0_ADDRESSSTATUS\":\"Confirmed\",\"SUCCESSPAGEREDIRECTREQUESTED\":\"false\",\"INSURANCEOPTIONSELECTED\":\"false\",\"SHIPPINGOPTIONISDEFAULT\":\"false\",\"PAYMENTINFO_0_TRANSACTIONID\":\"34M42515F7429471R\",\"PAYMENTINFO_0_TRANSACTIONTYPE\":\"cart\",\"PAYMENTINFO_0_PAYMENTTYPE\":\"instant\",\"PAYMENTINFO_0_ORDERTIME\":\"2019-04-23T12:10:54Z\",\"PAYMENTINFO_0_AMT\":\"165.00\",\"PAYMENTINFO_0_FEEAMT\":\"5.09\",\"PAYMENTINFO_0_TAXAMT\":\"0.00\",\"PAYMENTINFO_0_CURRENCYCODE\":\"USD\",\"PAYMENTINFO_0_PAYMENTSTATUS\":\"Completed\",\"PAYMENTINFO_0_PENDINGREASON\":\"None\",\"PAYMENTINFO_0_REASONCODE\":\"None\",\"PAYMENTINFO_0_PROTECTIONELIGIBILITY\":\"Eligible\",\"PAYMENTINFO_0_PROTECTIONELIGIBILITYTYPE\":\"ItemNotReceivedEligible,UnauthorizedPaymentEligible\",\"PAYMENTINFO_0_SELLERPAYPALACCOUNTID\":\"taras.terletskij-facilitator@bimmer-tech.net\",\"PAYMENTINFO_0_ERRORCODE\":\"0\",\"PAYMENTINFO_0_ACK\":\"Success\",\"TRANSACTIONID\":\"34M42515F7429471R\",\"PAYMENTREQUEST_0_TRANSACTIONID\":\"34M42515F7429471R\",\"PAYMENTREQUESTINFO_0_TRANSACTIONID\":\"34M42515F7429471R\",\"PAYMENTREQUEST_0_TRANSACTIONTYPE\":\"cart\",\"PAYMENTREQUEST_0_PAYMENTTYPE\":\"instant\",\"PAYMENTREQUEST_0_ORDERTIME\":\"2019-04-23T12:10:54Z\",\"PAYMENTREQUEST_0_FEEAMT\":\"5.09\",\"PAYMENTREQUEST_0_PAYMENTSTATUS\":\"Completed\",\"PAYMENTREQUEST_0_PENDINGREASON\":\"None\",\"PAYMENTREQUEST_0_REASONCODE\":\"None\"}', '2019-04-23 12:09:54', '2019-04-23 12:11:05'),
(5, 20, 672, 'USD', 344700, 'cart', '[]', '2019-04-23 15:38:49', '2019-04-23 15:38:49'),
(6, 20, 672, 'USD', 344700, 'new', '{\"PAYMENTREQUEST_0_INVNUM\":\"672-6\",\"PAYMENTREQUEST_0_CURRENCYCODE\":\"USD\",\"PAYMENTREQUEST_0_AMT\":\"3447.00\",\"PAYMENTREQUEST_0_ITEMAMT\":\"3447.00\",\"L_PAYMENTREQUEST_0_NAME0\":\"Grill-Friendly Front View Camera for F30\",\"L_PAYMENTREQUEST_0_AMT0\":\"549.00\",\"L_PAYMENTREQUEST_0_QTY0\":\"3\",\"L_PAYMENTREQUEST_0_NAME1\":\"2 Year Extended Warranty\",\"L_PAYMENTREQUEST_0_AMT1\":\"0.00\",\"L_PAYMENTREQUEST_0_QTY1\":\"3\",\"L_PAYMENTREQUEST_0_NAME2\":\"SmartView HD Flex\",\"L_PAYMENTREQUEST_0_AMT2\":\"250.00\",\"L_PAYMENTREQUEST_0_QTY2\":\"3\",\"L_PAYMENTREQUEST_0_NAME3\":\"SmartView HD ATV4\",\"L_PAYMENTREQUEST_0_AMT3\":\"350.00\",\"L_PAYMENTREQUEST_0_QTY3\":\"3\",\"PAYMENTREQUEST_0_PAYMENTACTION\":\"Sale\",\"AUTHORIZE_TOKEN_USERACTION\":\"commit\",\"RETURNURL\":\"http:\\/\\/testshop.bimmer-tech.net\\/payment\\/capture\\/iiSKTw3o4xCacJxkw51Zg8lUzi0MRzkGPeamTqkmWwU\",\"CANCELURL\":\"http:\\/\\/testshop.bimmer-tech.net\\/payment\\/capture\\/iiSKTw3o4xCacJxkw51Zg8lUzi0MRzkGPeamTqkmWwU?cancelled=1\",\"PAYMENTREQUEST_0_NOTIFYURL\":\"http:\\/\\/testshop.bimmer-tech.net\\/payment\\/notify\\/_2N2XGsyVbfW4qlvrGB1tp9C6Uofla8DdHw1EG2tu0c\",\"TOKEN\":\"EC-8AT290249R263400T\",\"TIMESTAMP\":\"2019-04-23T15:39:00Z\",\"CORRELATIONID\":\"74a2634fac73f\",\"ACK\":\"Success\",\"VERSION\":\"65.1\",\"BUILD\":\"000000\",\"BILLINGAGREEMENTACCEPTEDSTATUS\":\"0\",\"CHECKOUTSTATUS\":\"PaymentActionNotInitiated\",\"CURRENCYCODE\":\"USD\",\"AMT\":\"3447.00\",\"ITEMAMT\":\"3447.00\",\"SHIPPINGAMT\":\"0.00\",\"HANDLINGAMT\":\"0.00\",\"TAXAMT\":\"0.00\",\"INVNUM\":\"672-6\",\"NOTIFYURL\":\"http:\\/\\/testshop.bimmer-tech.net\\/payment\\/notify\\/_2N2XGsyVbfW4qlvrGB1tp9C6Uofla8DdHw1EG2tu0c\",\"INSURANCEAMT\":\"0.00\",\"SHIPDISCAMT\":\"0.00\",\"L_NAME0\":\"Grill-Friendly Front View Camera for F30\",\"L_NAME1\":\"2 Year Extended Warranty\",\"L_NAME2\":\"SmartView HD Flex\",\"L_NAME3\":\"SmartView HD ATV4\",\"L_QTY0\":\"3\",\"L_QTY1\":\"3\",\"L_QTY2\":\"3\",\"L_QTY3\":\"3\",\"L_TAXAMT0\":\"0.00\",\"L_TAXAMT1\":\"0.00\",\"L_TAXAMT2\":\"0.00\",\"L_TAXAMT3\":\"0.00\",\"L_AMT0\":\"549.00\",\"L_AMT1\":\"0.00\",\"L_AMT2\":\"250.00\",\"L_AMT3\":\"350.00\",\"L_ITEMWEIGHTVALUE0\":\"   0.00000\",\"L_ITEMWEIGHTVALUE1\":\"   0.00000\",\"L_ITEMWEIGHTVALUE2\":\"   0.00000\",\"L_ITEMWEIGHTVALUE3\":\"   0.00000\",\"L_ITEMLENGTHVALUE0\":\"   0.00000\",\"L_ITEMLENGTHVALUE1\":\"   0.00000\",\"L_ITEMLENGTHVALUE2\":\"   0.00000\",\"L_ITEMLENGTHVALUE3\":\"   0.00000\",\"L_ITEMWIDTHVALUE0\":\"   0.00000\",\"L_ITEMWIDTHVALUE1\":\"   0.00000\",\"L_ITEMWIDTHVALUE2\":\"   0.00000\",\"L_ITEMWIDTHVALUE3\":\"   0.00000\",\"L_ITEMHEIGHTVALUE0\":\"   0.00000\",\"L_ITEMHEIGHTVALUE1\":\"   0.00000\",\"L_ITEMHEIGHTVALUE2\":\"   0.00000\",\"L_ITEMHEIGHTVALUE3\":\"   0.00000\",\"PAYMENTREQUEST_0_SHIPPINGAMT\":\"0.00\",\"PAYMENTREQUEST_0_HANDLINGAMT\":\"0.00\",\"PAYMENTREQUEST_0_TAXAMT\":\"0.00\",\"PAYMENTREQUEST_0_INSURANCEAMT\":\"0.00\",\"PAYMENTREQUEST_0_SHIPDISCAMT\":\"0.00\",\"PAYMENTREQUEST_0_INSURANCEOPTIONOFFERED\":\"false\",\"L_PAYMENTREQUEST_0_TAXAMT0\":\"0.00\",\"L_PAYMENTREQUEST_0_TAXAMT1\":\"0.00\",\"L_PAYMENTREQUEST_0_TAXAMT2\":\"0.00\",\"L_PAYMENTREQUEST_0_TAXAMT3\":\"0.00\",\"L_PAYMENTREQUEST_0_ITEMWEIGHTVALUE0\":\"   0.00000\",\"L_PAYMENTREQUEST_0_ITEMWEIGHTVALUE1\":\"   0.00000\",\"L_PAYMENTREQUEST_0_ITEMWEIGHTVALUE2\":\"   0.00000\",\"L_PAYMENTREQUEST_0_ITEMWEIGHTVALUE3\":\"   0.00000\",\"L_PAYMENTREQUEST_0_ITEMLENGTHVALUE0\":\"   0.00000\",\"L_PAYMENTREQUEST_0_ITEMLENGTHVALUE1\":\"   0.00000\",\"L_PAYMENTREQUEST_0_ITEMLENGTHVALUE2\":\"   0.00000\",\"L_PAYMENTREQUEST_0_ITEMLENGTHVALUE3\":\"   0.00000\",\"L_PAYMENTREQUEST_0_ITEMWIDTHVALUE0\":\"   0.00000\",\"L_PAYMENTREQUEST_0_ITEMWIDTHVALUE1\":\"   0.00000\",\"L_PAYMENTREQUEST_0_ITEMWIDTHVALUE2\":\"   0.00000\",\"L_PAYMENTREQUEST_0_ITEMWIDTHVALUE3\":\"   0.00000\",\"L_PAYMENTREQUEST_0_ITEMHEIGHTVALUE0\":\"   0.00000\",\"L_PAYMENTREQUEST_0_ITEMHEIGHTVALUE1\":\"   0.00000\",\"L_PAYMENTREQUEST_0_ITEMHEIGHTVALUE2\":\"   0.00000\",\"L_PAYMENTREQUEST_0_ITEMHEIGHTVALUE3\":\"   0.00000\",\"PAYMENTREQUESTINFO_0_ERRORCODE\":\"0\"}', '2019-04-23 15:38:58', '2019-04-23 15:39:01'),
(8, 20, 668, 'USD', 20000, 'cart', '[]', '2019-04-24 10:33:53', '2019-04-24 10:33:53'),
(9, 20, 668, 'USD', 36500, 'completed', '{\"PAYMENTREQUEST_0_INVNUM\":\"668-9\",\"PAYMENTREQUEST_0_CURRENCYCODE\":\"USD\",\"PAYMENTREQUEST_0_AMT\":\"365.00\",\"PAYMENTREQUEST_0_ITEMAMT\":\"365.00\",\"L_PAYMENTREQUEST_0_NAME0\":\"BMW Navigation Map Update 2018\\/2019\",\"L_PAYMENTREQUEST_0_AMT0\":\"200.00\",\"L_PAYMENTREQUEST_0_QTY0\":\"1\",\"L_PAYMENTREQUEST_0_NAME1\":\"BMW Navigation Map Update 2018\\/2019\",\"L_PAYMENTREQUEST_0_AMT1\":\"165.00\",\"L_PAYMENTREQUEST_0_QTY1\":\"1\",\"PAYMENTREQUEST_0_PAYMENTACTION\":\"Sale\",\"AUTHORIZE_TOKEN_USERACTION\":\"commit\",\"RETURNURL\":\"http:\\/\\/testshop.bimmer-tech.net\\/payment\\/capture\\/ZfMogKU-DFPayzyYC5UvxePavwpyeUCKurTgUBtEDxg\",\"CANCELURL\":\"http:\\/\\/testshop.bimmer-tech.net\\/payment\\/capture\\/ZfMogKU-DFPayzyYC5UvxePavwpyeUCKurTgUBtEDxg?cancelled=1\",\"PAYMENTREQUEST_0_NOTIFYURL\":\"http:\\/\\/testshop.bimmer-tech.net\\/payment\\/notify\\/-alK60bYLJziFmxzHvJ39qmszKwiq3Pyjx7-QHd0e1A\",\"TOKEN\":\"EC-850800584L701280E\",\"TIMESTAMP\":\"2019-04-24T10:36:27Z\",\"CORRELATIONID\":\"c6da546db6108\",\"ACK\":\"Success\",\"VERSION\":\"65.1\",\"BUILD\":\"000000\",\"BILLINGAGREEMENTACCEPTEDSTATUS\":\"0\",\"CHECKOUTSTATUS\":\"PaymentActionCompleted\",\"CURRENCYCODE\":\"USD\",\"AMT\":\"365.00\",\"ITEMAMT\":\"365.00\",\"SHIPPINGAMT\":\"0.00\",\"HANDLINGAMT\":\"0.00\",\"TAXAMT\":\"0.00\",\"INVNUM\":\"668-9\",\"NOTIFYURL\":\"http:\\/\\/testshop.bimmer-tech.net\\/payment\\/notify\\/-alK60bYLJziFmxzHvJ39qmszKwiq3Pyjx7-QHd0e1A\",\"INSURANCEAMT\":\"0.00\",\"SHIPDISCAMT\":\"0.00\",\"L_NAME0\":\"BMW Navigation Map Update 2018\\/2019\",\"L_NAME1\":\"BMW Navigation Map Update 2018\\/2019\",\"L_QTY0\":\"1\",\"L_QTY1\":\"1\",\"L_TAXAMT0\":\"0.00\",\"L_TAXAMT1\":\"0.00\",\"L_AMT0\":\"200.00\",\"L_AMT1\":\"165.00\",\"L_ITEMWEIGHTVALUE0\":\"   0.00000\",\"L_ITEMWEIGHTVALUE1\":\"   0.00000\",\"L_ITEMLENGTHVALUE0\":\"   0.00000\",\"L_ITEMLENGTHVALUE1\":\"   0.00000\",\"L_ITEMWIDTHVALUE0\":\"   0.00000\",\"L_ITEMWIDTHVALUE1\":\"   0.00000\",\"L_ITEMHEIGHTVALUE0\":\"   0.00000\",\"L_ITEMHEIGHTVALUE1\":\"   0.00000\",\"PAYMENTREQUEST_0_SHIPPINGAMT\":\"0.00\",\"PAYMENTREQUEST_0_HANDLINGAMT\":\"0.00\",\"PAYMENTREQUEST_0_TAXAMT\":\"0.00\",\"PAYMENTREQUEST_0_INSURANCEAMT\":\"0.00\",\"PAYMENTREQUEST_0_SHIPDISCAMT\":\"0.00\",\"PAYMENTREQUEST_0_INSURANCEOPTIONOFFERED\":\"false\",\"L_PAYMENTREQUEST_0_TAXAMT0\":\"0.00\",\"L_PAYMENTREQUEST_0_TAXAMT1\":\"0.00\",\"L_PAYMENTREQUEST_0_ITEMWEIGHTVALUE0\":\"   0.00000\",\"L_PAYMENTREQUEST_0_ITEMWEIGHTVALUE1\":\"   0.00000\",\"L_PAYMENTREQUEST_0_ITEMLENGTHVALUE0\":\"   0.00000\",\"L_PAYMENTREQUEST_0_ITEMLENGTHVALUE1\":\"   0.00000\",\"L_PAYMENTREQUEST_0_ITEMWIDTHVALUE0\":\"   0.00000\",\"L_PAYMENTREQUEST_0_ITEMWIDTHVALUE1\":\"   0.00000\",\"L_PAYMENTREQUEST_0_ITEMHEIGHTVALUE0\":\"   0.00000\",\"L_PAYMENTREQUEST_0_ITEMHEIGHTVALUE1\":\"   0.00000\",\"PAYMENTREQUESTINFO_0_ERRORCODE\":\"0\",\"EMAIL\":\"taras.terletskij@bimmer-tech.net\",\"PAYERID\":\"8UPWNP6FPCTCJ\",\"PAYERSTATUS\":\"verified\",\"FIRSTNAME\":\"Taras\",\"LASTNAME\":\"Terletskij\",\"COUNTRYCODE\":\"US\",\"SHIPTONAME\":\"Taras Terletskij\",\"SHIPTOSTREET\":\"1 Main St\",\"SHIPTOCITY\":\"San Jose\",\"SHIPTOSTATE\":\"CA\",\"SHIPTOZIP\":\"95131\",\"SHIPTOCOUNTRYCODE\":\"US\",\"SHIPTOCOUNTRYNAME\":\"United States\",\"ADDRESSSTATUS\":\"Confirmed\",\"INSURANCEOPTIONOFFERED\":\"false\",\"PAYMENTREQUEST_0_SELLERPAYPALACCOUNTID\":\"taras.terletskij-facilitator@bimmer-tech.net\",\"PAYMENTREQUEST_0_SHIPTONAME\":\"Taras Terletskij\",\"PAYMENTREQUEST_0_SHIPTOSTREET\":\"1 Main St\",\"PAYMENTREQUEST_0_SHIPTOCITY\":\"San Jose\",\"PAYMENTREQUEST_0_SHIPTOSTATE\":\"CA\",\"PAYMENTREQUEST_0_SHIPTOZIP\":\"95131\",\"PAYMENTREQUEST_0_SHIPTOCOUNTRYCODE\":\"US\",\"PAYMENTREQUEST_0_SHIPTOCOUNTRYNAME\":\"United States\",\"PAYMENTREQUEST_0_ADDRESSSTATUS\":\"Confirmed\",\"SUCCESSPAGEREDIRECTREQUESTED\":\"false\",\"INSURANCEOPTIONSELECTED\":\"false\",\"SHIPPINGOPTIONISDEFAULT\":\"false\",\"PAYMENTINFO_0_TRANSACTIONID\":\"4E851673AV356873R\",\"PAYMENTINFO_0_TRANSACTIONTYPE\":\"cart\",\"PAYMENTINFO_0_PAYMENTTYPE\":\"instant\",\"PAYMENTINFO_0_ORDERTIME\":\"2019-04-24T10:36:14Z\",\"PAYMENTINFO_0_AMT\":\"365.00\",\"PAYMENTINFO_0_FEEAMT\":\"10.89\",\"PAYMENTINFO_0_TAXAMT\":\"0.00\",\"PAYMENTINFO_0_CURRENCYCODE\":\"USD\",\"PAYMENTINFO_0_PAYMENTSTATUS\":\"Completed\",\"PAYMENTINFO_0_PENDINGREASON\":\"None\",\"PAYMENTINFO_0_REASONCODE\":\"None\",\"PAYMENTINFO_0_PROTECTIONELIGIBILITY\":\"Eligible\",\"PAYMENTINFO_0_PROTECTIONELIGIBILITYTYPE\":\"ItemNotReceivedEligible,UnauthorizedPaymentEligible\",\"PAYMENTINFO_0_SELLERPAYPALACCOUNTID\":\"taras.terletskij-facilitator@bimmer-tech.net\",\"PAYMENTINFO_0_ERRORCODE\":\"0\",\"PAYMENTINFO_0_ACK\":\"Success\",\"TRANSACTIONID\":\"4E851673AV356873R\",\"PAYMENTREQUEST_0_TRANSACTIONID\":\"4E851673AV356873R\",\"PAYMENTREQUESTINFO_0_TRANSACTIONID\":\"4E851673AV356873R\",\"PAYMENTREQUEST_0_TRANSACTIONTYPE\":\"cart\",\"PAYMENTREQUEST_0_PAYMENTTYPE\":\"instant\",\"PAYMENTREQUEST_0_ORDERTIME\":\"2019-04-24T10:36:14Z\",\"PAYMENTREQUEST_0_FEEAMT\":\"10.89\",\"PAYMENTREQUEST_0_PAYMENTSTATUS\":\"Completed\",\"PAYMENTREQUEST_0_PENDINGREASON\":\"None\",\"PAYMENTREQUEST_0_REASONCODE\":\"None\"}', '2019-04-24 10:35:02', '2019-04-24 10:36:28'),
(10, 20, 675, 'USD', 16500, 'cart', '[]', '2019-04-24 11:10:08', '2019-04-24 11:10:08'),
(11, 20, 675, 'USD', 16500, 'completed', '{\"PAYMENTREQUEST_0_INVNUM\":\"675-11\",\"PAYMENTREQUEST_0_CURRENCYCODE\":\"USD\",\"PAYMENTREQUEST_0_AMT\":\"165.00\",\"PAYMENTREQUEST_0_ITEMAMT\":\"165.00\",\"L_PAYMENTREQUEST_0_NAME0\":\"BMW Navigation Map Update 2018\\/2019\",\"L_PAYMENTREQUEST_0_AMT0\":\"165.00\",\"L_PAYMENTREQUEST_0_QTY0\":\"1\",\"PAYMENTREQUEST_0_PAYMENTACTION\":\"Sale\",\"AUTHORIZE_TOKEN_USERACTION\":\"commit\",\"RETURNURL\":\"http:\\/\\/testshop.bimmer-tech.net\\/payment\\/capture\\/HabIdjp5pu3rxJmhUf9rzIuUl60Z5_kQkYe3f-P-4nk\",\"CANCELURL\":\"http:\\/\\/testshop.bimmer-tech.net\\/payment\\/capture\\/HabIdjp5pu3rxJmhUf9rzIuUl60Z5_kQkYe3f-P-4nk?cancelled=1\",\"PAYMENTREQUEST_0_NOTIFYURL\":\"http:\\/\\/testshop.bimmer-tech.net\\/payment\\/notify\\/yfhcx2JbDZDW_9g960RG--XF_QIIPJxi1fFLEeK_wcg\",\"TOKEN\":\"EC-39S55905TC557384D\",\"TIMESTAMP\":\"2019-04-24T11:11:23Z\",\"CORRELATIONID\":\"36d580025e54a\",\"ACK\":\"Success\",\"VERSION\":\"65.1\",\"BUILD\":\"000000\",\"BILLINGAGREEMENTACCEPTEDSTATUS\":\"0\",\"CHECKOUTSTATUS\":\"PaymentActionCompleted\",\"CURRENCYCODE\":\"USD\",\"AMT\":\"165.00\",\"ITEMAMT\":\"165.00\",\"SHIPPINGAMT\":\"0.00\",\"HANDLINGAMT\":\"0.00\",\"TAXAMT\":\"0.00\",\"INVNUM\":\"675-11\",\"NOTIFYURL\":\"http:\\/\\/testshop.bimmer-tech.net\\/payment\\/notify\\/yfhcx2JbDZDW_9g960RG--XF_QIIPJxi1fFLEeK_wcg\",\"INSURANCEAMT\":\"0.00\",\"SHIPDISCAMT\":\"0.00\",\"L_NAME0\":\"BMW Navigation Map Update 2018\\/2019\",\"L_QTY0\":\"1\",\"L_TAXAMT0\":\"0.00\",\"L_AMT0\":\"165.00\",\"L_ITEMWEIGHTVALUE0\":\"   0.00000\",\"L_ITEMLENGTHVALUE0\":\"   0.00000\",\"L_ITEMWIDTHVALUE0\":\"   0.00000\",\"L_ITEMHEIGHTVALUE0\":\"   0.00000\",\"PAYMENTREQUEST_0_SHIPPINGAMT\":\"0.00\",\"PAYMENTREQUEST_0_HANDLINGAMT\":\"0.00\",\"PAYMENTREQUEST_0_TAXAMT\":\"0.00\",\"PAYMENTREQUEST_0_INSURANCEAMT\":\"0.00\",\"PAYMENTREQUEST_0_SHIPDISCAMT\":\"0.00\",\"PAYMENTREQUEST_0_INSURANCEOPTIONOFFERED\":\"false\",\"L_PAYMENTREQUEST_0_TAXAMT0\":\"0.00\",\"L_PAYMENTREQUEST_0_ITEMWEIGHTVALUE0\":\"   0.00000\",\"L_PAYMENTREQUEST_0_ITEMLENGTHVALUE0\":\"   0.00000\",\"L_PAYMENTREQUEST_0_ITEMWIDTHVALUE0\":\"   0.00000\",\"L_PAYMENTREQUEST_0_ITEMHEIGHTVALUE0\":\"   0.00000\",\"PAYMENTREQUESTINFO_0_ERRORCODE\":\"0\",\"EMAIL\":\"taras.terletskij@bimmer-tech.net\",\"PAYERID\":\"8UPWNP6FPCTCJ\",\"PAYERSTATUS\":\"verified\",\"FIRSTNAME\":\"Taras\",\"LASTNAME\":\"Terletskij\",\"COUNTRYCODE\":\"US\",\"SHIPTONAME\":\"Taras Terletskij\",\"SHIPTOSTREET\":\"1 Main St\",\"SHIPTOCITY\":\"San Jose\",\"SHIPTOSTATE\":\"CA\",\"SHIPTOZIP\":\"95131\",\"SHIPTOCOUNTRYCODE\":\"US\",\"SHIPTOCOUNTRYNAME\":\"United States\",\"ADDRESSSTATUS\":\"Confirmed\",\"INSURANCEOPTIONOFFERED\":\"false\",\"PAYMENTREQUEST_0_SELLERPAYPALACCOUNTID\":\"taras.terletskij-facilitator@bimmer-tech.net\",\"PAYMENTREQUEST_0_SHIPTONAME\":\"Taras Terletskij\",\"PAYMENTREQUEST_0_SHIPTOSTREET\":\"1 Main St\",\"PAYMENTREQUEST_0_SHIPTOCITY\":\"San Jose\",\"PAYMENTREQUEST_0_SHIPTOSTATE\":\"CA\",\"PAYMENTREQUEST_0_SHIPTOZIP\":\"95131\",\"PAYMENTREQUEST_0_SHIPTOCOUNTRYCODE\":\"US\",\"PAYMENTREQUEST_0_SHIPTOCOUNTRYNAME\":\"United States\",\"PAYMENTREQUEST_0_ADDRESSSTATUS\":\"Confirmed\",\"SUCCESSPAGEREDIRECTREQUESTED\":\"false\",\"INSURANCEOPTIONSELECTED\":\"false\",\"SHIPPINGOPTIONISDEFAULT\":\"false\",\"PAYMENTINFO_0_TRANSACTIONID\":\"94H3158898924683T\",\"PAYMENTINFO_0_TRANSACTIONTYPE\":\"cart\",\"PAYMENTINFO_0_PAYMENTTYPE\":\"instant\",\"PAYMENTINFO_0_ORDERTIME\":\"2019-04-24T11:11:16Z\",\"PAYMENTINFO_0_AMT\":\"165.00\",\"PAYMENTINFO_0_FEEAMT\":\"5.09\",\"PAYMENTINFO_0_TAXAMT\":\"0.00\",\"PAYMENTINFO_0_CURRENCYCODE\":\"USD\",\"PAYMENTINFO_0_PAYMENTSTATUS\":\"Completed\",\"PAYMENTINFO_0_PENDINGREASON\":\"None\",\"PAYMENTINFO_0_REASONCODE\":\"None\",\"PAYMENTINFO_0_PROTECTIONELIGIBILITY\":\"Eligible\",\"PAYMENTINFO_0_PROTECTIONELIGIBILITYTYPE\":\"ItemNotReceivedEligible,UnauthorizedPaymentEligible\",\"PAYMENTINFO_0_SELLERPAYPALACCOUNTID\":\"taras.terletskij-facilitator@bimmer-tech.net\",\"PAYMENTINFO_0_ERRORCODE\":\"0\",\"PAYMENTINFO_0_ACK\":\"Success\",\"TRANSACTIONID\":\"94H3158898924683T\",\"PAYMENTREQUEST_0_TRANSACTIONID\":\"94H3158898924683T\",\"PAYMENTREQUESTINFO_0_TRANSACTIONID\":\"94H3158898924683T\",\"PAYMENTREQUEST_0_TRANSACTIONTYPE\":\"cart\",\"PAYMENTREQUEST_0_PAYMENTTYPE\":\"instant\",\"PAYMENTREQUEST_0_ORDERTIME\":\"2019-04-24T11:11:16Z\",\"PAYMENTREQUEST_0_FEEAMT\":\"5.09\",\"PAYMENTREQUEST_0_PAYMENTSTATUS\":\"Completed\",\"PAYMENTREQUEST_0_PENDINGREASON\":\"None\",\"PAYMENTREQUEST_0_REASONCODE\":\"None\"}', '2019-04-24 11:10:31', '2019-04-24 11:11:25'),
(12, 20, 676, 'USD', 20000, 'cart', '[]', '2019-04-24 12:00:07', '2019-04-24 12:00:07'),
(13, 20, 676, 'USD', 20000, 'completed', '{\"PAYMENTREQUEST_0_INVNUM\":\"676-13\",\"PAYMENTREQUEST_0_CURRENCYCODE\":\"USD\",\"PAYMENTREQUEST_0_AMT\":\"200.00\",\"PAYMENTREQUEST_0_ITEMAMT\":\"200.00\",\"L_PAYMENTREQUEST_0_NAME0\":\"BMW Navigation Map Update 2018\\/2019\",\"L_PAYMENTREQUEST_0_AMT0\":\"200.00\",\"L_PAYMENTREQUEST_0_QTY0\":\"1\",\"PAYMENTREQUEST_0_PAYMENTACTION\":\"Sale\",\"AUTHORIZE_TOKEN_USERACTION\":\"commit\",\"RETURNURL\":\"http:\\/\\/testshop.bimmer-tech.net\\/payment\\/capture\\/rInuf_g7H1VFIDgmMi7eUWTIEcoFdwonr9YT_R8LViw\",\"CANCELURL\":\"http:\\/\\/testshop.bimmer-tech.net\\/payment\\/capture\\/rInuf_g7H1VFIDgmMi7eUWTIEcoFdwonr9YT_R8LViw?cancelled=1\",\"PAYMENTREQUEST_0_NOTIFYURL\":\"http:\\/\\/testshop.bimmer-tech.net\\/payment\\/notify\\/ZmnDGPo-Pj6jgFF-9Yvlx5qY61KxrPQMOucG3damGYE\",\"TOKEN\":\"EC-9DF93409L55745703\",\"TIMESTAMP\":\"2019-04-24T12:01:12Z\",\"CORRELATIONID\":\"899b36ef65d6e\",\"ACK\":\"Success\",\"VERSION\":\"65.1\",\"BUILD\":\"000000\",\"BILLINGAGREEMENTACCEPTEDSTATUS\":\"0\",\"CHECKOUTSTATUS\":\"PaymentActionCompleted\",\"CURRENCYCODE\":\"USD\",\"AMT\":\"200.00\",\"ITEMAMT\":\"200.00\",\"SHIPPINGAMT\":\"0.00\",\"HANDLINGAMT\":\"0.00\",\"TAXAMT\":\"0.00\",\"INVNUM\":\"676-13\",\"NOTIFYURL\":\"http:\\/\\/testshop.bimmer-tech.net\\/payment\\/notify\\/ZmnDGPo-Pj6jgFF-9Yvlx5qY61KxrPQMOucG3damGYE\",\"INSURANCEAMT\":\"0.00\",\"SHIPDISCAMT\":\"0.00\",\"L_NAME0\":\"BMW Navigation Map Update 2018\\/2019\",\"L_QTY0\":\"1\",\"L_TAXAMT0\":\"0.00\",\"L_AMT0\":\"200.00\",\"L_ITEMWEIGHTVALUE0\":\"   0.00000\",\"L_ITEMLENGTHVALUE0\":\"   0.00000\",\"L_ITEMWIDTHVALUE0\":\"   0.00000\",\"L_ITEMHEIGHTVALUE0\":\"   0.00000\",\"PAYMENTREQUEST_0_SHIPPINGAMT\":\"0.00\",\"PAYMENTREQUEST_0_HANDLINGAMT\":\"0.00\",\"PAYMENTREQUEST_0_TAXAMT\":\"0.00\",\"PAYMENTREQUEST_0_INSURANCEAMT\":\"0.00\",\"PAYMENTREQUEST_0_SHIPDISCAMT\":\"0.00\",\"PAYMENTREQUEST_0_INSURANCEOPTIONOFFERED\":\"false\",\"L_PAYMENTREQUEST_0_TAXAMT0\":\"0.00\",\"L_PAYMENTREQUEST_0_ITEMWEIGHTVALUE0\":\"   0.00000\",\"L_PAYMENTREQUEST_0_ITEMLENGTHVALUE0\":\"   0.00000\",\"L_PAYMENTREQUEST_0_ITEMWIDTHVALUE0\":\"   0.00000\",\"L_PAYMENTREQUEST_0_ITEMHEIGHTVALUE0\":\"   0.00000\",\"PAYMENTREQUESTINFO_0_ERRORCODE\":\"0\",\"EMAIL\":\"taras.terletskij@bimmer-tech.net\",\"PAYERID\":\"8UPWNP6FPCTCJ\",\"PAYERSTATUS\":\"verified\",\"FIRSTNAME\":\"Taras\",\"LASTNAME\":\"Terletskij\",\"COUNTRYCODE\":\"US\",\"SHIPTONAME\":\"Taras Terletskij\",\"SHIPTOSTREET\":\"1 Main St\",\"SHIPTOCITY\":\"San Jose\",\"SHIPTOSTATE\":\"CA\",\"SHIPTOZIP\":\"95131\",\"SHIPTOCOUNTRYCODE\":\"US\",\"SHIPTOCOUNTRYNAME\":\"United States\",\"ADDRESSSTATUS\":\"Confirmed\",\"INSURANCEOPTIONOFFERED\":\"false\",\"PAYMENTREQUEST_0_SELLERPAYPALACCOUNTID\":\"taras.terletskij-facilitator@bimmer-tech.net\",\"PAYMENTREQUEST_0_SHIPTONAME\":\"Taras Terletskij\",\"PAYMENTREQUEST_0_SHIPTOSTREET\":\"1 Main St\",\"PAYMENTREQUEST_0_SHIPTOCITY\":\"San Jose\",\"PAYMENTREQUEST_0_SHIPTOSTATE\":\"CA\",\"PAYMENTREQUEST_0_SHIPTOZIP\":\"95131\",\"PAYMENTREQUEST_0_SHIPTOCOUNTRYCODE\":\"US\",\"PAYMENTREQUEST_0_SHIPTOCOUNTRYNAME\":\"United States\",\"PAYMENTREQUEST_0_ADDRESSSTATUS\":\"Confirmed\",\"SUCCESSPAGEREDIRECTREQUESTED\":\"false\",\"INSURANCEOPTIONSELECTED\":\"false\",\"SHIPPINGOPTIONISDEFAULT\":\"false\",\"PAYMENTINFO_0_TRANSACTIONID\":\"49B527204D149740E\",\"PAYMENTINFO_0_TRANSACTIONTYPE\":\"cart\",\"PAYMENTINFO_0_PAYMENTTYPE\":\"instant\",\"PAYMENTINFO_0_ORDERTIME\":\"2019-04-24T12:01:05Z\",\"PAYMENTINFO_0_AMT\":\"200.00\",\"PAYMENTINFO_0_FEEAMT\":\"6.10\",\"PAYMENTINFO_0_TAXAMT\":\"0.00\",\"PAYMENTINFO_0_CURRENCYCODE\":\"USD\",\"PAYMENTINFO_0_PAYMENTSTATUS\":\"Completed\",\"PAYMENTINFO_0_PENDINGREASON\":\"None\",\"PAYMENTINFO_0_REASONCODE\":\"None\",\"PAYMENTINFO_0_PROTECTIONELIGIBILITY\":\"Eligible\",\"PAYMENTINFO_0_PROTECTIONELIGIBILITYTYPE\":\"ItemNotReceivedEligible,UnauthorizedPaymentEligible\",\"PAYMENTINFO_0_SELLERPAYPALACCOUNTID\":\"taras.terletskij-facilitator@bimmer-tech.net\",\"PAYMENTINFO_0_ERRORCODE\":\"0\",\"PAYMENTINFO_0_ACK\":\"Success\",\"TRANSACTIONID\":\"49B527204D149740E\",\"PAYMENTREQUEST_0_TRANSACTIONID\":\"49B527204D149740E\",\"PAYMENTREQUESTINFO_0_TRANSACTIONID\":\"49B527204D149740E\",\"PAYMENTREQUEST_0_TRANSACTIONTYPE\":\"cart\",\"PAYMENTREQUEST_0_PAYMENTTYPE\":\"instant\",\"PAYMENTREQUEST_0_ORDERTIME\":\"2019-04-24T12:01:05Z\",\"PAYMENTREQUEST_0_FEEAMT\":\"6.10\",\"PAYMENTREQUEST_0_PAYMENTSTATUS\":\"Completed\",\"PAYMENTREQUEST_0_PENDINGREASON\":\"None\",\"PAYMENTREQUEST_0_REASONCODE\":\"None\"}', '2019-04-24 12:00:22', '2019-04-24 12:01:14'),
(14, 20, 677, 'USD', 16500, 'cart', '[]', '2019-04-24 12:26:52', '2019-04-24 12:26:52'),
(15, 20, 677, 'USD', 16500, 'completed', '{\"PAYMENTREQUEST_0_INVNUM\":\"677-15\",\"PAYMENTREQUEST_0_CURRENCYCODE\":\"USD\",\"PAYMENTREQUEST_0_AMT\":\"165.00\",\"PAYMENTREQUEST_0_ITEMAMT\":\"165.00\",\"L_PAYMENTREQUEST_0_NAME0\":\"BMW Navigation Map Update 2018\\/2019\",\"L_PAYMENTREQUEST_0_AMT0\":\"165.00\",\"L_PAYMENTREQUEST_0_QTY0\":\"1\",\"PAYMENTREQUEST_0_PAYMENTACTION\":\"Sale\",\"AUTHORIZE_TOKEN_USERACTION\":\"commit\",\"RETURNURL\":\"http:\\/\\/testshop.bimmer-tech.net\\/payment\\/capture\\/_7GETHBHozE_DsF2Whv7vN9WU8gMt6uld_keo6dLZIU\",\"CANCELURL\":\"http:\\/\\/testshop.bimmer-tech.net\\/payment\\/capture\\/_7GETHBHozE_DsF2Whv7vN9WU8gMt6uld_keo6dLZIU?cancelled=1\",\"PAYMENTREQUEST_0_NOTIFYURL\":\"http:\\/\\/testshop.bimmer-tech.net\\/payment\\/notify\\/5PW6A2LcBtA6ZvjsECPs223cRwSJf57u32Hwutk_wgk\",\"TOKEN\":\"EC-0A349292F1187753H\",\"TIMESTAMP\":\"2019-04-24T12:30:08Z\",\"CORRELATIONID\":\"465c4fbcce1e7\",\"ACK\":\"Success\",\"VERSION\":\"65.1\",\"BUILD\":\"000000\",\"BILLINGAGREEMENTACCEPTEDSTATUS\":\"0\",\"CHECKOUTSTATUS\":\"PaymentActionCompleted\",\"CURRENCYCODE\":\"USD\",\"AMT\":\"165.00\",\"ITEMAMT\":\"165.00\",\"SHIPPINGAMT\":\"0.00\",\"HANDLINGAMT\":\"0.00\",\"TAXAMT\":\"0.00\",\"INVNUM\":\"677-15\",\"NOTIFYURL\":\"http:\\/\\/testshop.bimmer-tech.net\\/payment\\/notify\\/5PW6A2LcBtA6ZvjsECPs223cRwSJf57u32Hwutk_wgk\",\"INSURANCEAMT\":\"0.00\",\"SHIPDISCAMT\":\"0.00\",\"L_NAME0\":\"BMW Navigation Map Update 2018\\/2019\",\"L_QTY0\":\"1\",\"L_TAXAMT0\":\"0.00\",\"L_AMT0\":\"165.00\",\"L_ITEMWEIGHTVALUE0\":\"   0.00000\",\"L_ITEMLENGTHVALUE0\":\"   0.00000\",\"L_ITEMWIDTHVALUE0\":\"   0.00000\",\"L_ITEMHEIGHTVALUE0\":\"   0.00000\",\"PAYMENTREQUEST_0_SHIPPINGAMT\":\"0.00\",\"PAYMENTREQUEST_0_HANDLINGAMT\":\"0.00\",\"PAYMENTREQUEST_0_TAXAMT\":\"0.00\",\"PAYMENTREQUEST_0_INSURANCEAMT\":\"0.00\",\"PAYMENTREQUEST_0_SHIPDISCAMT\":\"0.00\",\"PAYMENTREQUEST_0_INSURANCEOPTIONOFFERED\":\"false\",\"L_PAYMENTREQUEST_0_TAXAMT0\":\"0.00\",\"L_PAYMENTREQUEST_0_ITEMWEIGHTVALUE0\":\"   0.00000\",\"L_PAYMENTREQUEST_0_ITEMLENGTHVALUE0\":\"   0.00000\",\"L_PAYMENTREQUEST_0_ITEMWIDTHVALUE0\":\"   0.00000\",\"L_PAYMENTREQUEST_0_ITEMHEIGHTVALUE0\":\"   0.00000\",\"PAYMENTREQUESTINFO_0_ERRORCODE\":\"0\",\"EMAIL\":\"taras.terletskij@bimmer-tech.net\",\"PAYERID\":\"8UPWNP6FPCTCJ\",\"PAYERSTATUS\":\"verified\",\"FIRSTNAME\":\"Taras\",\"LASTNAME\":\"Terletskij\",\"COUNTRYCODE\":\"US\",\"SHIPTONAME\":\"Taras Terletskij\",\"SHIPTOSTREET\":\"1 Main St\",\"SHIPTOCITY\":\"San Jose\",\"SHIPTOSTATE\":\"CA\",\"SHIPTOZIP\":\"95131\",\"SHIPTOCOUNTRYCODE\":\"US\",\"SHIPTOCOUNTRYNAME\":\"United States\",\"ADDRESSSTATUS\":\"Confirmed\",\"INSURANCEOPTIONOFFERED\":\"false\",\"PAYMENTREQUEST_0_SELLERPAYPALACCOUNTID\":\"taras.terletskij-facilitator@bimmer-tech.net\",\"PAYMENTREQUEST_0_SHIPTONAME\":\"Taras Terletskij\",\"PAYMENTREQUEST_0_SHIPTOSTREET\":\"1 Main St\",\"PAYMENTREQUEST_0_SHIPTOCITY\":\"San Jose\",\"PAYMENTREQUEST_0_SHIPTOSTATE\":\"CA\",\"PAYMENTREQUEST_0_SHIPTOZIP\":\"95131\",\"PAYMENTREQUEST_0_SHIPTOCOUNTRYCODE\":\"US\",\"PAYMENTREQUEST_0_SHIPTOCOUNTRYNAME\":\"United States\",\"PAYMENTREQUEST_0_ADDRESSSTATUS\":\"Confirmed\",\"SUCCESSPAGEREDIRECTREQUESTED\":\"false\",\"INSURANCEOPTIONSELECTED\":\"false\",\"SHIPPINGOPTIONISDEFAULT\":\"false\",\"PAYMENTINFO_0_TRANSACTIONID\":\"1AU832650G657015S\",\"PAYMENTINFO_0_TRANSACTIONTYPE\":\"cart\",\"PAYMENTINFO_0_PAYMENTTYPE\":\"instant\",\"PAYMENTINFO_0_ORDERTIME\":\"2019-04-24T12:29:59Z\",\"PAYMENTINFO_0_AMT\":\"165.00\",\"PAYMENTINFO_0_FEEAMT\":\"5.09\",\"PAYMENTINFO_0_TAXAMT\":\"0.00\",\"PAYMENTINFO_0_CURRENCYCODE\":\"USD\",\"PAYMENTINFO_0_PAYMENTSTATUS\":\"Completed\",\"PAYMENTINFO_0_PENDINGREASON\":\"None\",\"PAYMENTINFO_0_REASONCODE\":\"None\",\"PAYMENTINFO_0_PROTECTIONELIGIBILITY\":\"Eligible\",\"PAYMENTINFO_0_PROTECTIONELIGIBILITYTYPE\":\"ItemNotReceivedEligible,UnauthorizedPaymentEligible\",\"PAYMENTINFO_0_SELLERPAYPALACCOUNTID\":\"taras.terletskij-facilitator@bimmer-tech.net\",\"PAYMENTINFO_0_ERRORCODE\":\"0\",\"PAYMENTINFO_0_ACK\":\"Success\",\"TRANSACTIONID\":\"1AU832650G657015S\",\"PAYMENTREQUEST_0_TRANSACTIONID\":\"1AU832650G657015S\",\"PAYMENTREQUESTINFO_0_TRANSACTIONID\":\"1AU832650G657015S\",\"PAYMENTREQUEST_0_TRANSACTIONTYPE\":\"cart\",\"PAYMENTREQUEST_0_PAYMENTTYPE\":\"instant\",\"PAYMENTREQUEST_0_ORDERTIME\":\"2019-04-24T12:29:59Z\",\"PAYMENTREQUEST_0_FEEAMT\":\"5.09\",\"PAYMENTREQUEST_0_PAYMENTSTATUS\":\"Completed\",\"PAYMENTREQUEST_0_PENDINGREASON\":\"None\",\"PAYMENTREQUEST_0_REASONCODE\":\"None\"}', '2019-04-24 12:27:19', '2019-04-24 12:30:09'),
(16, 20, 678, 'USD', 16500, 'new', '{\"PAYMENTREQUEST_0_INVNUM\":\"678-16\",\"PAYMENTREQUEST_0_CURRENCYCODE\":\"USD\",\"PAYMENTREQUEST_0_AMT\":\"165.00\",\"PAYMENTREQUEST_0_ITEMAMT\":\"165.00\",\"L_PAYMENTREQUEST_0_NAME0\":\"BMW Navigation Map Update 2018\\/2019\",\"L_PAYMENTREQUEST_0_AMT0\":\"165.00\",\"L_PAYMENTREQUEST_0_QTY0\":\"1\",\"PAYMENTREQUEST_0_PAYMENTACTION\":\"Sale\",\"AUTHORIZE_TOKEN_USERACTION\":\"commit\",\"RETURNURL\":\"http:\\/\\/testshop.bimmer-tech.net\\/payment\\/capture\\/1wlGkLdaT2DAWD_B0JIck9afQqhs5wpt8yHJgfs-fh4\",\"CANCELURL\":\"http:\\/\\/testshop.bimmer-tech.net\\/payment\\/capture\\/1wlGkLdaT2DAWD_B0JIck9afQqhs5wpt8yHJgfs-fh4?cancelled=1\",\"PAYMENTREQUEST_0_NOTIFYURL\":\"http:\\/\\/testshop.bimmer-tech.net\\/payment\\/notify\\/VRwK-uXLVrOEC_yuKfTgtD_AffYLaI5ujE_g-5-mdDc\",\"TOKEN\":\"EC-1UF81412YC465923G\",\"TIMESTAMP\":\"2019-04-24T12:31:10Z\",\"CORRELATIONID\":\"72c0742c6c649\",\"ACK\":\"Success\",\"VERSION\":\"65.1\",\"BUILD\":\"000000\",\"BILLINGAGREEMENTACCEPTEDSTATUS\":\"0\",\"CHECKOUTSTATUS\":\"PaymentActionNotInitiated\",\"CURRENCYCODE\":\"USD\",\"AMT\":\"165.00\",\"ITEMAMT\":\"165.00\",\"SHIPPINGAMT\":\"0.00\",\"HANDLINGAMT\":\"0.00\",\"TAXAMT\":\"0.00\",\"INVNUM\":\"678-16\",\"NOTIFYURL\":\"http:\\/\\/testshop.bimmer-tech.net\\/payment\\/notify\\/VRwK-uXLVrOEC_yuKfTgtD_AffYLaI5ujE_g-5-mdDc\",\"INSURANCEAMT\":\"0.00\",\"SHIPDISCAMT\":\"0.00\",\"L_NAME0\":\"BMW Navigation Map Update 2018\\/2019\",\"L_QTY0\":\"1\",\"L_TAXAMT0\":\"0.00\",\"L_AMT0\":\"165.00\",\"L_ITEMWEIGHTVALUE0\":\"   0.00000\",\"L_ITEMLENGTHVALUE0\":\"   0.00000\",\"L_ITEMWIDTHVALUE0\":\"   0.00000\",\"L_ITEMHEIGHTVALUE0\":\"   0.00000\",\"PAYMENTREQUEST_0_SHIPPINGAMT\":\"0.00\",\"PAYMENTREQUEST_0_HANDLINGAMT\":\"0.00\",\"PAYMENTREQUEST_0_TAXAMT\":\"0.00\",\"PAYMENTREQUEST_0_INSURANCEAMT\":\"0.00\",\"PAYMENTREQUEST_0_SHIPDISCAMT\":\"0.00\",\"PAYMENTREQUEST_0_INSURANCEOPTIONOFFERED\":\"false\",\"L_PAYMENTREQUEST_0_TAXAMT0\":\"0.00\",\"L_PAYMENTREQUEST_0_ITEMWEIGHTVALUE0\":\"   0.00000\",\"L_PAYMENTREQUEST_0_ITEMLENGTHVALUE0\":\"   0.00000\",\"L_PAYMENTREQUEST_0_ITEMWIDTHVALUE0\":\"   0.00000\",\"L_PAYMENTREQUEST_0_ITEMHEIGHTVALUE0\":\"   0.00000\",\"PAYMENTREQUESTINFO_0_ERRORCODE\":\"0\",\"INSURANCEOPTIONOFFERED\":\"false\",\"PAYMENTREQUEST_0_SELLERPAYPALACCOUNTID\":\"taras.terletskij-facilitator@bimmer-tech.net\"}', '2019-04-24 12:30:31', '2019-04-24 12:31:10'),
(17, 20, 680, 'USD', 249800, 'cart', '[]', '2019-04-24 14:34:42', '2019-04-24 14:34:42'),
(18, 20, 680, 'USD', 249800, 'completed', '{\"PAYMENTREQUEST_0_INVNUM\":\"680-18\",\"PAYMENTREQUEST_0_CURRENCYCODE\":\"USD\",\"PAYMENTREQUEST_0_AMT\":\"2498.00\",\"PAYMENTREQUEST_0_ITEMAMT\":\"2498.00\",\"L_PAYMENTREQUEST_0_NAME0\":\"BMW Navigation Map Update 2018\\/2019\",\"L_PAYMENTREQUEST_0_AMT0\":\"200.00\",\"L_PAYMENTREQUEST_0_QTY0\":\"1\",\"L_PAYMENTREQUEST_0_NAME1\":\"Grill-Friendly Front View Camera for F30\",\"L_PAYMENTREQUEST_0_AMT1\":\"549.00\",\"L_PAYMENTREQUEST_0_QTY1\":\"2\",\"L_PAYMENTREQUEST_0_NAME2\":\"2 Year Extended Warranty\",\"L_PAYMENTREQUEST_0_AMT2\":\"0.00\",\"L_PAYMENTREQUEST_0_QTY2\":\"2\",\"L_PAYMENTREQUEST_0_NAME3\":\"SmartView HD Flex\",\"L_PAYMENTREQUEST_0_AMT3\":\"250.00\",\"L_PAYMENTREQUEST_0_QTY3\":\"2\",\"L_PAYMENTREQUEST_0_NAME4\":\"SmartView HD ATV4\",\"L_PAYMENTREQUEST_0_AMT4\":\"350.00\",\"L_PAYMENTREQUEST_0_QTY4\":\"2\",\"PAYMENTREQUEST_0_PAYMENTACTION\":\"Sale\",\"AUTHORIZE_TOKEN_USERACTION\":\"commit\",\"RETURNURL\":\"http:\\/\\/testshop.bimmer-tech.net\\/payment\\/capture\\/JdgK7g8n9OkXF1y8vM6A11CdHA_4TztOa9hCRM5oNwQ\",\"CANCELURL\":\"http:\\/\\/testshop.bimmer-tech.net\\/payment\\/capture\\/JdgK7g8n9OkXF1y8vM6A11CdHA_4TztOa9hCRM5oNwQ?cancelled=1\",\"PAYMENTREQUEST_0_NOTIFYURL\":\"http:\\/\\/testshop.bimmer-tech.net\\/payment\\/notify\\/nDcKk6YCZ8rN8_EYjP4S7HsumDEFw7vqpOYhjLLIZQs\",\"TOKEN\":\"EC-01228486RA482892E\",\"TIMESTAMP\":\"2019-04-24T14:35:51Z\",\"CORRELATIONID\":\"dbb042902e385\",\"ACK\":\"Success\",\"VERSION\":\"65.1\",\"BUILD\":\"000000\",\"BILLINGAGREEMENTACCEPTEDSTATUS\":\"0\",\"CHECKOUTSTATUS\":\"PaymentActionCompleted\",\"CURRENCYCODE\":\"USD\",\"AMT\":\"2498.00\",\"ITEMAMT\":\"2498.00\",\"SHIPPINGAMT\":\"0.00\",\"HANDLINGAMT\":\"0.00\",\"TAXAMT\":\"0.00\",\"INVNUM\":\"680-18\",\"NOTIFYURL\":\"http:\\/\\/testshop.bimmer-tech.net\\/payment\\/notify\\/nDcKk6YCZ8rN8_EYjP4S7HsumDEFw7vqpOYhjLLIZQs\",\"INSURANCEAMT\":\"0.00\",\"SHIPDISCAMT\":\"0.00\",\"L_NAME0\":\"BMW Navigation Map Update 2018\\/2019\",\"L_NAME1\":\"Grill-Friendly Front View Camera for F30\",\"L_NAME2\":\"2 Year Extended Warranty\",\"L_NAME3\":\"SmartView HD Flex\",\"L_NAME4\":\"SmartView HD ATV4\",\"L_QTY0\":\"1\",\"L_QTY1\":\"2\",\"L_QTY2\":\"2\",\"L_QTY3\":\"2\",\"L_QTY4\":\"2\",\"L_TAXAMT0\":\"0.00\",\"L_TAXAMT1\":\"0.00\",\"L_TAXAMT2\":\"0.00\",\"L_TAXAMT3\":\"0.00\",\"L_TAXAMT4\":\"0.00\",\"L_AMT0\":\"200.00\",\"L_AMT1\":\"549.00\",\"L_AMT2\":\"0.00\",\"L_AMT3\":\"250.00\",\"L_AMT4\":\"350.00\",\"L_ITEMWEIGHTVALUE0\":\"   0.00000\",\"L_ITEMWEIGHTVALUE1\":\"   0.00000\",\"L_ITEMWEIGHTVALUE2\":\"   0.00000\",\"L_ITEMWEIGHTVALUE3\":\"   0.00000\",\"L_ITEMWEIGHTVALUE4\":\"   0.00000\",\"L_ITEMLENGTHVALUE0\":\"   0.00000\",\"L_ITEMLENGTHVALUE1\":\"   0.00000\",\"L_ITEMLENGTHVALUE2\":\"   0.00000\",\"L_ITEMLENGTHVALUE3\":\"   0.00000\",\"L_ITEMLENGTHVALUE4\":\"   0.00000\",\"L_ITEMWIDTHVALUE0\":\"   0.00000\",\"L_ITEMWIDTHVALUE1\":\"   0.00000\",\"L_ITEMWIDTHVALUE2\":\"   0.00000\",\"L_ITEMWIDTHVALUE3\":\"   0.00000\",\"L_ITEMWIDTHVALUE4\":\"   0.00000\",\"L_ITEMHEIGHTVALUE0\":\"   0.00000\",\"L_ITEMHEIGHTVALUE1\":\"   0.00000\",\"L_ITEMHEIGHTVALUE2\":\"   0.00000\",\"L_ITEMHEIGHTVALUE3\":\"   0.00000\",\"L_ITEMHEIGHTVALUE4\":\"   0.00000\",\"PAYMENTREQUEST_0_SHIPPINGAMT\":\"0.00\",\"PAYMENTREQUEST_0_HANDLINGAMT\":\"0.00\",\"PAYMENTREQUEST_0_TAXAMT\":\"0.00\",\"PAYMENTREQUEST_0_INSURANCEAMT\":\"0.00\",\"PAYMENTREQUEST_0_SHIPDISCAMT\":\"0.00\",\"PAYMENTREQUEST_0_INSURANCEOPTIONOFFERED\":\"false\",\"L_PAYMENTREQUEST_0_TAXAMT0\":\"0.00\",\"L_PAYMENTREQUEST_0_TAXAMT1\":\"0.00\",\"L_PAYMENTREQUEST_0_TAXAMT2\":\"0.00\",\"L_PAYMENTREQUEST_0_TAXAMT3\":\"0.00\",\"L_PAYMENTREQUEST_0_TAXAMT4\":\"0.00\",\"L_PAYMENTREQUEST_0_ITEMWEIGHTVALUE0\":\"   0.00000\",\"L_PAYMENTREQUEST_0_ITEMWEIGHTVALUE1\":\"   0.00000\",\"L_PAYMENTREQUEST_0_ITEMWEIGHTVALUE2\":\"   0.00000\",\"L_PAYMENTREQUEST_0_ITEMWEIGHTVALUE3\":\"   0.00000\",\"L_PAYMENTREQUEST_0_ITEMWEIGHTVALUE4\":\"   0.00000\",\"L_PAYMENTREQUEST_0_ITEMLENGTHVALUE0\":\"   0.00000\",\"L_PAYMENTREQUEST_0_ITEMLENGTHVALUE1\":\"   0.00000\",\"L_PAYMENTREQUEST_0_ITEMLENGTHVALUE2\":\"   0.00000\",\"L_PAYMENTREQUEST_0_ITEMLENGTHVALUE3\":\"   0.00000\",\"L_PAYMENTREQUEST_0_ITEMLENGTHVALUE4\":\"   0.00000\",\"L_PAYMENTREQUEST_0_ITEMWIDTHVALUE0\":\"   0.00000\",\"L_PAYMENTREQUEST_0_ITEMWIDTHVALUE1\":\"   0.00000\",\"L_PAYMENTREQUEST_0_ITEMWIDTHVALUE2\":\"   0.00000\",\"L_PAYMENTREQUEST_0_ITEMWIDTHVALUE3\":\"   0.00000\",\"L_PAYMENTREQUEST_0_ITEMWIDTHVALUE4\":\"   0.00000\",\"L_PAYMENTREQUEST_0_ITEMHEIGHTVALUE0\":\"   0.00000\",\"L_PAYMENTREQUEST_0_ITEMHEIGHTVALUE1\":\"   0.00000\",\"L_PAYMENTREQUEST_0_ITEMHEIGHTVALUE2\":\"   0.00000\",\"L_PAYMENTREQUEST_0_ITEMHEIGHTVALUE3\":\"   0.00000\",\"L_PAYMENTREQUEST_0_ITEMHEIGHTVALUE4\":\"   0.00000\",\"PAYMENTREQUESTINFO_0_ERRORCODE\":\"0\",\"EMAIL\":\"taras.terletskij@bimmer-tech.net\",\"PAYERID\":\"8UPWNP6FPCTCJ\",\"PAYERSTATUS\":\"verified\",\"FIRSTNAME\":\"Taras\",\"LASTNAME\":\"Terletskij\",\"COUNTRYCODE\":\"US\",\"SHIPTONAME\":\"Taras Terletskij\",\"SHIPTOSTREET\":\"1 Main St\",\"SHIPTOCITY\":\"San Jose\",\"SHIPTOSTATE\":\"CA\",\"SHIPTOZIP\":\"95131\",\"SHIPTOCOUNTRYCODE\":\"US\",\"SHIPTOCOUNTRYNAME\":\"United States\",\"ADDRESSSTATUS\":\"Confirmed\",\"INSURANCEOPTIONOFFERED\":\"false\",\"PAYMENTREQUEST_0_SELLERPAYPALACCOUNTID\":\"taras.terletskij-facilitator@bimmer-tech.net\",\"PAYMENTREQUEST_0_SHIPTONAME\":\"Taras Terletskij\",\"PAYMENTREQUEST_0_SHIPTOSTREET\":\"1 Main St\",\"PAYMENTREQUEST_0_SHIPTOCITY\":\"San Jose\",\"PAYMENTREQUEST_0_SHIPTOSTATE\":\"CA\",\"PAYMENTREQUEST_0_SHIPTOZIP\":\"95131\",\"PAYMENTREQUEST_0_SHIPTOCOUNTRYCODE\":\"US\",\"PAYMENTREQUEST_0_SHIPTOCOUNTRYNAME\":\"United States\",\"PAYMENTREQUEST_0_ADDRESSSTATUS\":\"Confirmed\",\"SUCCESSPAGEREDIRECTREQUESTED\":\"false\",\"INSURANCEOPTIONSELECTED\":\"false\",\"SHIPPINGOPTIONISDEFAULT\":\"false\",\"PAYMENTINFO_0_TRANSACTIONID\":\"7DN99458PM728192U\",\"PAYMENTINFO_0_TRANSACTIONTYPE\":\"cart\",\"PAYMENTINFO_0_PAYMENTTYPE\":\"instant\",\"PAYMENTINFO_0_ORDERTIME\":\"2019-04-24T14:35:44Z\",\"PAYMENTINFO_0_AMT\":\"2498.00\",\"PAYMENTINFO_0_FEEAMT\":\"72.74\",\"PAYMENTINFO_0_TAXAMT\":\"0.00\",\"PAYMENTINFO_0_CURRENCYCODE\":\"USD\",\"PAYMENTINFO_0_PAYMENTSTATUS\":\"Completed\",\"PAYMENTINFO_0_PENDINGREASON\":\"None\",\"PAYMENTINFO_0_REASONCODE\":\"None\",\"PAYMENTINFO_0_PROTECTIONELIGIBILITY\":\"Eligible\",\"PAYMENTINFO_0_PROTECTIONELIGIBILITYTYPE\":\"ItemNotReceivedEligible,UnauthorizedPaymentEligible\",\"PAYMENTINFO_0_SELLERPAYPALACCOUNTID\":\"taras.terletskij-facilitator@bimmer-tech.net\",\"PAYMENTINFO_0_ERRORCODE\":\"0\",\"PAYMENTINFO_0_ACK\":\"Success\",\"TRANSACTIONID\":\"7DN99458PM728192U\",\"PAYMENTREQUEST_0_TRANSACTIONID\":\"7DN99458PM728192U\",\"PAYMENTREQUESTINFO_0_TRANSACTIONID\":\"7DN99458PM728192U\",\"PAYMENTREQUEST_0_TRANSACTIONTYPE\":\"cart\",\"PAYMENTREQUEST_0_PAYMENTTYPE\":\"instant\",\"PAYMENTREQUEST_0_ORDERTIME\":\"2019-04-24T14:35:44Z\",\"PAYMENTREQUEST_0_FEEAMT\":\"72.74\",\"PAYMENTREQUEST_0_PAYMENTSTATUS\":\"Completed\",\"PAYMENTREQUEST_0_PENDINGREASON\":\"None\",\"PAYMENTREQUEST_0_REASONCODE\":\"None\"}', '2019-04-24 14:35:05', '2019-04-24 14:35:53'),
(19, 20, 682, 'USD', 54900, 'new', '{\"PAYMENTREQUEST_0_INVNUM\":\"682-19\",\"PAYMENTREQUEST_0_CURRENCYCODE\":\"USD\",\"PAYMENTREQUEST_0_AMT\":\"549.00\",\"PAYMENTREQUEST_0_ITEMAMT\":\"549.00\",\"L_PAYMENTREQUEST_0_NAME0\":\"Grill-Friendly Front View Camera for F30\",\"L_PAYMENTREQUEST_0_AMT0\":\"549.00\",\"L_PAYMENTREQUEST_0_QTY0\":\"1\",\"L_PAYMENTREQUEST_0_NAME1\":\"1 Year Standard Warranty\",\"L_PAYMENTREQUEST_0_AMT1\":\"0.00\",\"L_PAYMENTREQUEST_0_QTY1\":\"1\",\"PAYMENTREQUEST_0_PAYMENTACTION\":\"Sale\",\"AUTHORIZE_TOKEN_USERACTION\":\"commit\",\"RETURNURL\":\"http:\\/\\/testshop.bimmer-tech.net\\/payment\\/capture\\/sWnrH_zOttqxZMxEahV1FusvAZHiL9MBfMDGPIvQQE8\",\"CANCELURL\":\"http:\\/\\/testshop.bimmer-tech.net\\/payment\\/capture\\/sWnrH_zOttqxZMxEahV1FusvAZHiL9MBfMDGPIvQQE8?cancelled=1\",\"PAYMENTREQUEST_0_NOTIFYURL\":\"http:\\/\\/testshop.bimmer-tech.net\\/payment\\/notify\\/7_Bukhhz5At-y4oe_DuG4fRuHKYyYD2Xd5ia3EXH9Ds\",\"TOKEN\":\"EC-1VW14948BR9284157\",\"TIMESTAMP\":\"2019-04-24T14:52:44Z\",\"CORRELATIONID\":\"eb95670ae80be\",\"ACK\":\"Success\",\"VERSION\":\"65.1\",\"BUILD\":\"000000\",\"BILLINGAGREEMENTACCEPTEDSTATUS\":\"0\",\"CHECKOUTSTATUS\":\"PaymentActionNotInitiated\",\"CURRENCYCODE\":\"USD\",\"AMT\":\"549.00\",\"ITEMAMT\":\"549.00\",\"SHIPPINGAMT\":\"0.00\",\"HANDLINGAMT\":\"0.00\",\"TAXAMT\":\"0.00\",\"INVNUM\":\"682-19\",\"NOTIFYURL\":\"http:\\/\\/testshop.bimmer-tech.net\\/payment\\/notify\\/7_Bukhhz5At-y4oe_DuG4fRuHKYyYD2Xd5ia3EXH9Ds\",\"INSURANCEAMT\":\"0.00\",\"SHIPDISCAMT\":\"0.00\",\"L_NAME0\":\"Grill-Friendly Front View Camera for F30\",\"L_NAME1\":\"1 Year Standard Warranty\",\"L_QTY0\":\"1\",\"L_QTY1\":\"1\",\"L_TAXAMT0\":\"0.00\",\"L_TAXAMT1\":\"0.00\",\"L_AMT0\":\"549.00\",\"L_AMT1\":\"0.00\",\"L_ITEMWEIGHTVALUE0\":\"   0.00000\",\"L_ITEMWEIGHTVALUE1\":\"   0.00000\",\"L_ITEMLENGTHVALUE0\":\"   0.00000\",\"L_ITEMLENGTHVALUE1\":\"   0.00000\",\"L_ITEMWIDTHVALUE0\":\"   0.00000\",\"L_ITEMWIDTHVALUE1\":\"   0.00000\",\"L_ITEMHEIGHTVALUE0\":\"   0.00000\",\"L_ITEMHEIGHTVALUE1\":\"   0.00000\",\"PAYMENTREQUEST_0_SHIPPINGAMT\":\"0.00\",\"PAYMENTREQUEST_0_HANDLINGAMT\":\"0.00\",\"PAYMENTREQUEST_0_TAXAMT\":\"0.00\",\"PAYMENTREQUEST_0_INSURANCEAMT\":\"0.00\",\"PAYMENTREQUEST_0_SHIPDISCAMT\":\"0.00\",\"PAYMENTREQUEST_0_INSURANCEOPTIONOFFERED\":\"false\",\"L_PAYMENTREQUEST_0_TAXAMT0\":\"0.00\",\"L_PAYMENTREQUEST_0_TAXAMT1\":\"0.00\",\"L_PAYMENTREQUEST_0_ITEMWEIGHTVALUE0\":\"   0.00000\",\"L_PAYMENTREQUEST_0_ITEMWEIGHTVALUE1\":\"   0.00000\",\"L_PAYMENTREQUEST_0_ITEMLENGTHVALUE0\":\"   0.00000\",\"L_PAYMENTREQUEST_0_ITEMLENGTHVALUE1\":\"   0.00000\",\"L_PAYMENTREQUEST_0_ITEMWIDTHVALUE0\":\"   0.00000\",\"L_PAYMENTREQUEST_0_ITEMWIDTHVALUE1\":\"   0.00000\",\"L_PAYMENTREQUEST_0_ITEMHEIGHTVALUE0\":\"   0.00000\",\"L_PAYMENTREQUEST_0_ITEMHEIGHTVALUE1\":\"   0.00000\",\"PAYMENTREQUESTINFO_0_ERRORCODE\":\"0\"}', '2019-04-24 14:52:37', '2019-04-24 14:52:44'),
(20, 20, 683, 'USD', 131400, 'cart', '[]', '2019-04-24 15:38:39', '2019-04-24 15:38:39');
INSERT INTO `sylius_payment` (`id`, `method_id`, `order_id`, `currency_code`, `amount`, `state`, `details`, `created_at`, `updated_at`) VALUES
(21, 20, 683, 'USD', 131400, 'completed', '{\"PAYMENTREQUEST_0_INVNUM\":\"683-21\",\"PAYMENTREQUEST_0_CURRENCYCODE\":\"USD\",\"PAYMENTREQUEST_0_AMT\":\"1314.00\",\"PAYMENTREQUEST_0_ITEMAMT\":\"1314.00\",\"L_PAYMENTREQUEST_0_NAME0\":\"BMW Navigation Map Update 2018\\/2019\",\"L_PAYMENTREQUEST_0_AMT0\":\"165.00\",\"L_PAYMENTREQUEST_0_QTY0\":\"1\",\"L_PAYMENTREQUEST_0_NAME1\":\"Front View Camera Retrofit\",\"L_PAYMENTREQUEST_0_AMT1\":\"549.00\",\"L_PAYMENTREQUEST_0_QTY1\":\"1\",\"L_PAYMENTREQUEST_0_NAME2\":\"1 Year Standard Warranty\",\"L_PAYMENTREQUEST_0_AMT2\":\"0.00\",\"L_PAYMENTREQUEST_0_QTY2\":\"1\",\"L_PAYMENTREQUEST_0_NAME3\":\"SmartView HD Flex\",\"L_PAYMENTREQUEST_0_AMT3\":\"250.00\",\"L_PAYMENTREQUEST_0_QTY3\":\"1\",\"L_PAYMENTREQUEST_0_NAME4\":\"SmartView HD ATV4\",\"L_PAYMENTREQUEST_0_AMT4\":\"350.00\",\"L_PAYMENTREQUEST_0_QTY4\":\"1\",\"PAYMENTREQUEST_0_PAYMENTACTION\":\"Sale\",\"AUTHORIZE_TOKEN_USERACTION\":\"commit\",\"RETURNURL\":\"http:\\/\\/testshop.bimmer-tech.net\\/payment\\/capture\\/xp_cZInsq7RiXnvOgAD-yZCheH8g0yMnFdJqB0vUK4E\",\"CANCELURL\":\"http:\\/\\/testshop.bimmer-tech.net\\/payment\\/capture\\/xp_cZInsq7RiXnvOgAD-yZCheH8g0yMnFdJqB0vUK4E?cancelled=1\",\"PAYMENTREQUEST_0_NOTIFYURL\":\"http:\\/\\/testshop.bimmer-tech.net\\/payment\\/notify\\/VmiadNQE5Y-Tck05ju5qvucFZ_u9AT_KlqSIiUKQEos\",\"TOKEN\":\"EC-0HH257242H378553G\",\"TIMESTAMP\":\"2019-04-24T15:42:49Z\",\"CORRELATIONID\":\"8bade0b06602e\",\"ACK\":\"Success\",\"VERSION\":\"65.1\",\"BUILD\":\"000000\",\"BILLINGAGREEMENTACCEPTEDSTATUS\":\"0\",\"CHECKOUTSTATUS\":\"PaymentActionCompleted\",\"CURRENCYCODE\":\"USD\",\"AMT\":\"1314.00\",\"ITEMAMT\":\"1314.00\",\"SHIPPINGAMT\":\"0.00\",\"HANDLINGAMT\":\"0.00\",\"TAXAMT\":\"0.00\",\"INVNUM\":\"683-21\",\"NOTIFYURL\":\"http:\\/\\/testshop.bimmer-tech.net\\/payment\\/notify\\/VmiadNQE5Y-Tck05ju5qvucFZ_u9AT_KlqSIiUKQEos\",\"INSURANCEAMT\":\"0.00\",\"SHIPDISCAMT\":\"0.00\",\"L_NAME0\":\"BMW Navigation Map Update 2018\\/2019\",\"L_NAME1\":\"Front View Camera Retrofit\",\"L_NAME2\":\"1 Year Standard Warranty\",\"L_NAME3\":\"SmartView HD Flex\",\"L_NAME4\":\"SmartView HD ATV4\",\"L_QTY0\":\"1\",\"L_QTY1\":\"1\",\"L_QTY2\":\"1\",\"L_QTY3\":\"1\",\"L_QTY4\":\"1\",\"L_TAXAMT0\":\"0.00\",\"L_TAXAMT1\":\"0.00\",\"L_TAXAMT2\":\"0.00\",\"L_TAXAMT3\":\"0.00\",\"L_TAXAMT4\":\"0.00\",\"L_AMT0\":\"165.00\",\"L_AMT1\":\"549.00\",\"L_AMT2\":\"0.00\",\"L_AMT3\":\"250.00\",\"L_AMT4\":\"350.00\",\"L_ITEMWEIGHTVALUE0\":\"   0.00000\",\"L_ITEMWEIGHTVALUE1\":\"   0.00000\",\"L_ITEMWEIGHTVALUE2\":\"   0.00000\",\"L_ITEMWEIGHTVALUE3\":\"   0.00000\",\"L_ITEMWEIGHTVALUE4\":\"   0.00000\",\"L_ITEMLENGTHVALUE0\":\"   0.00000\",\"L_ITEMLENGTHVALUE1\":\"   0.00000\",\"L_ITEMLENGTHVALUE2\":\"   0.00000\",\"L_ITEMLENGTHVALUE3\":\"   0.00000\",\"L_ITEMLENGTHVALUE4\":\"   0.00000\",\"L_ITEMWIDTHVALUE0\":\"   0.00000\",\"L_ITEMWIDTHVALUE1\":\"   0.00000\",\"L_ITEMWIDTHVALUE2\":\"   0.00000\",\"L_ITEMWIDTHVALUE3\":\"   0.00000\",\"L_ITEMWIDTHVALUE4\":\"   0.00000\",\"L_ITEMHEIGHTVALUE0\":\"   0.00000\",\"L_ITEMHEIGHTVALUE1\":\"   0.00000\",\"L_ITEMHEIGHTVALUE2\":\"   0.00000\",\"L_ITEMHEIGHTVALUE3\":\"   0.00000\",\"L_ITEMHEIGHTVALUE4\":\"   0.00000\",\"PAYMENTREQUEST_0_SHIPPINGAMT\":\"0.00\",\"PAYMENTREQUEST_0_HANDLINGAMT\":\"0.00\",\"PAYMENTREQUEST_0_TAXAMT\":\"0.00\",\"PAYMENTREQUEST_0_INSURANCEAMT\":\"0.00\",\"PAYMENTREQUEST_0_SHIPDISCAMT\":\"0.00\",\"PAYMENTREQUEST_0_INSURANCEOPTIONOFFERED\":\"false\",\"L_PAYMENTREQUEST_0_TAXAMT0\":\"0.00\",\"L_PAYMENTREQUEST_0_TAXAMT1\":\"0.00\",\"L_PAYMENTREQUEST_0_TAXAMT2\":\"0.00\",\"L_PAYMENTREQUEST_0_TAXAMT3\":\"0.00\",\"L_PAYMENTREQUEST_0_TAXAMT4\":\"0.00\",\"L_PAYMENTREQUEST_0_ITEMWEIGHTVALUE0\":\"   0.00000\",\"L_PAYMENTREQUEST_0_ITEMWEIGHTVALUE1\":\"   0.00000\",\"L_PAYMENTREQUEST_0_ITEMWEIGHTVALUE2\":\"   0.00000\",\"L_PAYMENTREQUEST_0_ITEMWEIGHTVALUE3\":\"   0.00000\",\"L_PAYMENTREQUEST_0_ITEMWEIGHTVALUE4\":\"   0.00000\",\"L_PAYMENTREQUEST_0_ITEMLENGTHVALUE0\":\"   0.00000\",\"L_PAYMENTREQUEST_0_ITEMLENGTHVALUE1\":\"   0.00000\",\"L_PAYMENTREQUEST_0_ITEMLENGTHVALUE2\":\"   0.00000\",\"L_PAYMENTREQUEST_0_ITEMLENGTHVALUE3\":\"   0.00000\",\"L_PAYMENTREQUEST_0_ITEMLENGTHVALUE4\":\"   0.00000\",\"L_PAYMENTREQUEST_0_ITEMWIDTHVALUE0\":\"   0.00000\",\"L_PAYMENTREQUEST_0_ITEMWIDTHVALUE1\":\"   0.00000\",\"L_PAYMENTREQUEST_0_ITEMWIDTHVALUE2\":\"   0.00000\",\"L_PAYMENTREQUEST_0_ITEMWIDTHVALUE3\":\"   0.00000\",\"L_PAYMENTREQUEST_0_ITEMWIDTHVALUE4\":\"   0.00000\",\"L_PAYMENTREQUEST_0_ITEMHEIGHTVALUE0\":\"   0.00000\",\"L_PAYMENTREQUEST_0_ITEMHEIGHTVALUE1\":\"   0.00000\",\"L_PAYMENTREQUEST_0_ITEMHEIGHTVALUE2\":\"   0.00000\",\"L_PAYMENTREQUEST_0_ITEMHEIGHTVALUE3\":\"   0.00000\",\"L_PAYMENTREQUEST_0_ITEMHEIGHTVALUE4\":\"   0.00000\",\"PAYMENTREQUESTINFO_0_ERRORCODE\":\"0\",\"EMAIL\":\"taras.terletskij@bimmer-tech.net\",\"PAYERID\":\"8UPWNP6FPCTCJ\",\"PAYERSTATUS\":\"verified\",\"FIRSTNAME\":\"Taras\",\"LASTNAME\":\"Terletskij\",\"COUNTRYCODE\":\"US\",\"SHIPTONAME\":\"Taras Terletskij\",\"SHIPTOSTREET\":\"1 Main St\",\"SHIPTOCITY\":\"San Jose\",\"SHIPTOSTATE\":\"CA\",\"SHIPTOZIP\":\"95131\",\"SHIPTOCOUNTRYCODE\":\"US\",\"SHIPTOCOUNTRYNAME\":\"United States\",\"ADDRESSSTATUS\":\"Confirmed\",\"INSURANCEOPTIONOFFERED\":\"false\",\"PAYMENTREQUEST_0_SELLERPAYPALACCOUNTID\":\"taras.terletskij-facilitator@bimmer-tech.net\",\"PAYMENTREQUEST_0_SHIPTONAME\":\"Taras Terletskij\",\"PAYMENTREQUEST_0_SHIPTOSTREET\":\"1 Main St\",\"PAYMENTREQUEST_0_SHIPTOCITY\":\"San Jose\",\"PAYMENTREQUEST_0_SHIPTOSTATE\":\"CA\",\"PAYMENTREQUEST_0_SHIPTOZIP\":\"95131\",\"PAYMENTREQUEST_0_SHIPTOCOUNTRYCODE\":\"US\",\"PAYMENTREQUEST_0_SHIPTOCOUNTRYNAME\":\"United States\",\"PAYMENTREQUEST_0_ADDRESSSTATUS\":\"Confirmed\",\"SUCCESSPAGEREDIRECTREQUESTED\":\"false\",\"INSURANCEOPTIONSELECTED\":\"false\",\"SHIPPINGOPTIONISDEFAULT\":\"false\",\"PAYMENTINFO_0_TRANSACTIONID\":\"3V547980D6065515R\",\"PAYMENTINFO_0_TRANSACTIONTYPE\":\"cart\",\"PAYMENTINFO_0_PAYMENTTYPE\":\"instant\",\"PAYMENTINFO_0_ORDERTIME\":\"2019-04-24T15:42:38Z\",\"PAYMENTINFO_0_AMT\":\"1314.00\",\"PAYMENTINFO_0_FEEAMT\":\"38.41\",\"PAYMENTINFO_0_TAXAMT\":\"0.00\",\"PAYMENTINFO_0_CURRENCYCODE\":\"USD\",\"PAYMENTINFO_0_PAYMENTSTATUS\":\"Completed\",\"PAYMENTINFO_0_PENDINGREASON\":\"None\",\"PAYMENTINFO_0_REASONCODE\":\"None\",\"PAYMENTINFO_0_PROTECTIONELIGIBILITY\":\"Eligible\",\"PAYMENTINFO_0_PROTECTIONELIGIBILITYTYPE\":\"ItemNotReceivedEligible,UnauthorizedPaymentEligible\",\"PAYMENTINFO_0_SELLERPAYPALACCOUNTID\":\"taras.terletskij-facilitator@bimmer-tech.net\",\"PAYMENTINFO_0_ERRORCODE\":\"0\",\"PAYMENTINFO_0_ACK\":\"Success\",\"TRANSACTIONID\":\"3V547980D6065515R\",\"PAYMENTREQUEST_0_TRANSACTIONID\":\"3V547980D6065515R\",\"PAYMENTREQUESTINFO_0_TRANSACTIONID\":\"3V547980D6065515R\",\"PAYMENTREQUEST_0_TRANSACTIONTYPE\":\"cart\",\"PAYMENTREQUEST_0_PAYMENTTYPE\":\"instant\",\"PAYMENTREQUEST_0_ORDERTIME\":\"2019-04-24T15:42:38Z\",\"PAYMENTREQUEST_0_FEEAMT\":\"38.41\",\"PAYMENTREQUEST_0_PAYMENTSTATUS\":\"Completed\",\"PAYMENTREQUEST_0_PENDINGREASON\":\"None\",\"PAYMENTREQUEST_0_REASONCODE\":\"None\"}', '2019-04-24 15:38:45', '2019-04-24 15:42:53'),
(22, 20, 684, 'USD', 131400, 'cart', '[]', '2019-04-24 15:51:27', '2019-04-24 15:51:27'),
(23, 20, 684, 'USD', 131400, 'completed', '{\"PAYMENTREQUEST_0_INVNUM\":\"684-23\",\"PAYMENTREQUEST_0_CURRENCYCODE\":\"USD\",\"PAYMENTREQUEST_0_AMT\":\"1314.00\",\"PAYMENTREQUEST_0_ITEMAMT\":\"1314.00\",\"L_PAYMENTREQUEST_0_NAME0\":\"BMW Navigation Map Update 2018\\/2019\",\"L_PAYMENTREQUEST_0_AMT0\":\"165.00\",\"L_PAYMENTREQUEST_0_QTY0\":\"1\",\"L_PAYMENTREQUEST_0_NAME1\":\"Front View Camera Retrofit\",\"L_PAYMENTREQUEST_0_AMT1\":\"549.00\",\"L_PAYMENTREQUEST_0_QTY1\":\"1\",\"L_PAYMENTREQUEST_0_NAME2\":\"2 Year Extended Warranty\",\"L_PAYMENTREQUEST_0_AMT2\":\"0.00\",\"L_PAYMENTREQUEST_0_QTY2\":\"1\",\"L_PAYMENTREQUEST_0_NAME3\":\"SmartView HD Flex\",\"L_PAYMENTREQUEST_0_AMT3\":\"250.00\",\"L_PAYMENTREQUEST_0_QTY3\":\"1\",\"L_PAYMENTREQUEST_0_NAME4\":\"SmartView HD ATV4\",\"L_PAYMENTREQUEST_0_AMT4\":\"350.00\",\"L_PAYMENTREQUEST_0_QTY4\":\"1\",\"PAYMENTREQUEST_0_PAYMENTACTION\":\"Sale\",\"AUTHORIZE_TOKEN_USERACTION\":\"commit\",\"RETURNURL\":\"http:\\/\\/testshop.bimmer-tech.net\\/payment\\/capture\\/08bvigtxwtzKPr3sGZN0Y2z5WtNueTTQGgp6e4YL7Uo\",\"CANCELURL\":\"http:\\/\\/testshop.bimmer-tech.net\\/payment\\/capture\\/08bvigtxwtzKPr3sGZN0Y2z5WtNueTTQGgp6e4YL7Uo?cancelled=1\",\"PAYMENTREQUEST_0_NOTIFYURL\":\"http:\\/\\/testshop.bimmer-tech.net\\/payment\\/notify\\/fe-hLx57J0Rpv4Bv5W3Jq5rIkXKtsYGWADT8HMAOT40\",\"TOKEN\":\"EC-10K439442J7955804\",\"TIMESTAMP\":\"2019-04-24T15:55:09Z\",\"CORRELATIONID\":\"c75473270c2d\",\"ACK\":\"Success\",\"VERSION\":\"65.1\",\"BUILD\":\"000000\",\"BILLINGAGREEMENTACCEPTEDSTATUS\":\"0\",\"CHECKOUTSTATUS\":\"PaymentActionCompleted\",\"CURRENCYCODE\":\"USD\",\"AMT\":\"1314.00\",\"ITEMAMT\":\"1314.00\",\"SHIPPINGAMT\":\"0.00\",\"HANDLINGAMT\":\"0.00\",\"TAXAMT\":\"0.00\",\"INVNUM\":\"684-23\",\"NOTIFYURL\":\"http:\\/\\/testshop.bimmer-tech.net\\/payment\\/notify\\/fe-hLx57J0Rpv4Bv5W3Jq5rIkXKtsYGWADT8HMAOT40\",\"INSURANCEAMT\":\"0.00\",\"SHIPDISCAMT\":\"0.00\",\"L_NAME0\":\"BMW Navigation Map Update 2018\\/2019\",\"L_NAME1\":\"Front View Camera Retrofit\",\"L_NAME2\":\"2 Year Extended Warranty\",\"L_NAME3\":\"SmartView HD Flex\",\"L_NAME4\":\"SmartView HD ATV4\",\"L_QTY0\":\"1\",\"L_QTY1\":\"1\",\"L_QTY2\":\"1\",\"L_QTY3\":\"1\",\"L_QTY4\":\"1\",\"L_TAXAMT0\":\"0.00\",\"L_TAXAMT1\":\"0.00\",\"L_TAXAMT2\":\"0.00\",\"L_TAXAMT3\":\"0.00\",\"L_TAXAMT4\":\"0.00\",\"L_AMT0\":\"165.00\",\"L_AMT1\":\"549.00\",\"L_AMT2\":\"0.00\",\"L_AMT3\":\"250.00\",\"L_AMT4\":\"350.00\",\"L_ITEMWEIGHTVALUE0\":\"   0.00000\",\"L_ITEMWEIGHTVALUE1\":\"   0.00000\",\"L_ITEMWEIGHTVALUE2\":\"   0.00000\",\"L_ITEMWEIGHTVALUE3\":\"   0.00000\",\"L_ITEMWEIGHTVALUE4\":\"   0.00000\",\"L_ITEMLENGTHVALUE0\":\"   0.00000\",\"L_ITEMLENGTHVALUE1\":\"   0.00000\",\"L_ITEMLENGTHVALUE2\":\"   0.00000\",\"L_ITEMLENGTHVALUE3\":\"   0.00000\",\"L_ITEMLENGTHVALUE4\":\"   0.00000\",\"L_ITEMWIDTHVALUE0\":\"   0.00000\",\"L_ITEMWIDTHVALUE1\":\"   0.00000\",\"L_ITEMWIDTHVALUE2\":\"   0.00000\",\"L_ITEMWIDTHVALUE3\":\"   0.00000\",\"L_ITEMWIDTHVALUE4\":\"   0.00000\",\"L_ITEMHEIGHTVALUE0\":\"   0.00000\",\"L_ITEMHEIGHTVALUE1\":\"   0.00000\",\"L_ITEMHEIGHTVALUE2\":\"   0.00000\",\"L_ITEMHEIGHTVALUE3\":\"   0.00000\",\"L_ITEMHEIGHTVALUE4\":\"   0.00000\",\"PAYMENTREQUEST_0_SHIPPINGAMT\":\"0.00\",\"PAYMENTREQUEST_0_HANDLINGAMT\":\"0.00\",\"PAYMENTREQUEST_0_TAXAMT\":\"0.00\",\"PAYMENTREQUEST_0_INSURANCEAMT\":\"0.00\",\"PAYMENTREQUEST_0_SHIPDISCAMT\":\"0.00\",\"PAYMENTREQUEST_0_INSURANCEOPTIONOFFERED\":\"false\",\"L_PAYMENTREQUEST_0_TAXAMT0\":\"0.00\",\"L_PAYMENTREQUEST_0_TAXAMT1\":\"0.00\",\"L_PAYMENTREQUEST_0_TAXAMT2\":\"0.00\",\"L_PAYMENTREQUEST_0_TAXAMT3\":\"0.00\",\"L_PAYMENTREQUEST_0_TAXAMT4\":\"0.00\",\"L_PAYMENTREQUEST_0_ITEMWEIGHTVALUE0\":\"   0.00000\",\"L_PAYMENTREQUEST_0_ITEMWEIGHTVALUE1\":\"   0.00000\",\"L_PAYMENTREQUEST_0_ITEMWEIGHTVALUE2\":\"   0.00000\",\"L_PAYMENTREQUEST_0_ITEMWEIGHTVALUE3\":\"   0.00000\",\"L_PAYMENTREQUEST_0_ITEMWEIGHTVALUE4\":\"   0.00000\",\"L_PAYMENTREQUEST_0_ITEMLENGTHVALUE0\":\"   0.00000\",\"L_PAYMENTREQUEST_0_ITEMLENGTHVALUE1\":\"   0.00000\",\"L_PAYMENTREQUEST_0_ITEMLENGTHVALUE2\":\"   0.00000\",\"L_PAYMENTREQUEST_0_ITEMLENGTHVALUE3\":\"   0.00000\",\"L_PAYMENTREQUEST_0_ITEMLENGTHVALUE4\":\"   0.00000\",\"L_PAYMENTREQUEST_0_ITEMWIDTHVALUE0\":\"   0.00000\",\"L_PAYMENTREQUEST_0_ITEMWIDTHVALUE1\":\"   0.00000\",\"L_PAYMENTREQUEST_0_ITEMWIDTHVALUE2\":\"   0.00000\",\"L_PAYMENTREQUEST_0_ITEMWIDTHVALUE3\":\"   0.00000\",\"L_PAYMENTREQUEST_0_ITEMWIDTHVALUE4\":\"   0.00000\",\"L_PAYMENTREQUEST_0_ITEMHEIGHTVALUE0\":\"   0.00000\",\"L_PAYMENTREQUEST_0_ITEMHEIGHTVALUE1\":\"   0.00000\",\"L_PAYMENTREQUEST_0_ITEMHEIGHTVALUE2\":\"   0.00000\",\"L_PAYMENTREQUEST_0_ITEMHEIGHTVALUE3\":\"   0.00000\",\"L_PAYMENTREQUEST_0_ITEMHEIGHTVALUE4\":\"   0.00000\",\"PAYMENTREQUESTINFO_0_ERRORCODE\":\"0\",\"EMAIL\":\"taras.terletskij@bimmer-tech.net\",\"PAYERID\":\"8UPWNP6FPCTCJ\",\"PAYERSTATUS\":\"verified\",\"FIRSTNAME\":\"Taras\",\"LASTNAME\":\"Terletskij\",\"COUNTRYCODE\":\"US\",\"SHIPTONAME\":\"Taras Terletskij\",\"SHIPTOSTREET\":\"1 Main St\",\"SHIPTOCITY\":\"San Jose\",\"SHIPTOSTATE\":\"CA\",\"SHIPTOZIP\":\"95131\",\"SHIPTOCOUNTRYCODE\":\"US\",\"SHIPTOCOUNTRYNAME\":\"United States\",\"ADDRESSSTATUS\":\"Confirmed\",\"INSURANCEOPTIONOFFERED\":\"false\",\"PAYMENTREQUEST_0_SELLERPAYPALACCOUNTID\":\"paypal.bimmertech-facilitator@gmail.com\",\"PAYMENTREQUEST_0_SHIPTONAME\":\"Taras Terletskij\",\"PAYMENTREQUEST_0_SHIPTOSTREET\":\"1 Main St\",\"PAYMENTREQUEST_0_SHIPTOCITY\":\"San Jose\",\"PAYMENTREQUEST_0_SHIPTOSTATE\":\"CA\",\"PAYMENTREQUEST_0_SHIPTOZIP\":\"95131\",\"PAYMENTREQUEST_0_SHIPTOCOUNTRYCODE\":\"US\",\"PAYMENTREQUEST_0_SHIPTOCOUNTRYNAME\":\"United States\",\"PAYMENTREQUEST_0_ADDRESSSTATUS\":\"Confirmed\",\"SUCCESSPAGEREDIRECTREQUESTED\":\"false\",\"INSURANCEOPTIONSELECTED\":\"false\",\"SHIPPINGOPTIONISDEFAULT\":\"false\",\"PAYMENTINFO_0_TRANSACTIONID\":\"8PH30395T2729561J\",\"PAYMENTINFO_0_TRANSACTIONTYPE\":\"cart\",\"PAYMENTINFO_0_PAYMENTTYPE\":\"instant\",\"PAYMENTINFO_0_ORDERTIME\":\"2019-04-24T15:52:25Z\",\"PAYMENTINFO_0_AMT\":\"1314.00\",\"PAYMENTINFO_0_FEEAMT\":\"38.41\",\"PAYMENTINFO_0_TAXAMT\":\"0.00\",\"PAYMENTINFO_0_CURRENCYCODE\":\"USD\",\"PAYMENTINFO_0_PAYMENTSTATUS\":\"Completed\",\"PAYMENTINFO_0_PENDINGREASON\":\"None\",\"PAYMENTINFO_0_REASONCODE\":\"None\",\"PAYMENTINFO_0_PROTECTIONELIGIBILITY\":\"Eligible\",\"PAYMENTINFO_0_PROTECTIONELIGIBILITYTYPE\":\"ItemNotReceivedEligible,UnauthorizedPaymentEligible\",\"PAYMENTINFO_0_SELLERPAYPALACCOUNTID\":\"paypal.bimmertech-facilitator@gmail.com\",\"PAYMENTINFO_0_ERRORCODE\":\"0\",\"PAYMENTINFO_0_ACK\":\"Success\",\"TRANSACTIONID\":\"8PH30395T2729561J\",\"PAYMENTREQUEST_0_TRANSACTIONID\":\"8PH30395T2729561J\",\"PAYMENTREQUESTINFO_0_TRANSACTIONID\":\"8PH30395T2729561J\",\"PAYMENTREQUEST_0_TRANSACTIONTYPE\":\"cart\",\"PAYMENTREQUEST_0_PAYMENTTYPE\":\"instant\",\"PAYMENTREQUEST_0_ORDERTIME\":\"2019-04-24T15:52:25Z\",\"PAYMENTREQUEST_0_FEEAMT\":\"38.41\",\"PAYMENTREQUEST_0_PAYMENTSTATUS\":\"PartiallyRefunded\",\"PAYMENTREQUEST_0_PENDINGREASON\":\"None\",\"PAYMENTREQUEST_0_REASONCODE\":\"None\"}', '2019-04-24 15:51:33', '2019-04-24 15:55:11'),
(24, 20, 685, 'USD', 256200, 'completed', '{\"PAYMENTREQUEST_0_INVNUM\":\"685-24\",\"PAYMENTREQUEST_0_CURRENCYCODE\":\"USD\",\"PAYMENTREQUEST_0_AMT\":\"2562.00\",\"PAYMENTREQUEST_0_ITEMAMT\":\"2562.00\",\"L_PAYMENTREQUEST_0_NAME0\":\"BMW Navigation Map Update 2018\\/2019\",\"L_PAYMENTREQUEST_0_AMT0\":\"165.00\",\"L_PAYMENTREQUEST_0_QTY0\":\"1\",\"L_PAYMENTREQUEST_0_NAME1\":\"Grill-Friendly Front View Camera for F30\",\"L_PAYMENTREQUEST_0_AMT1\":\"549.00\",\"L_PAYMENTREQUEST_0_QTY1\":\"3\",\"L_PAYMENTREQUEST_0_NAME2\":\"2 Year Extended Warranty\",\"L_PAYMENTREQUEST_0_AMT2\":\"0.00\",\"L_PAYMENTREQUEST_0_QTY2\":\"3\",\"L_PAYMENTREQUEST_0_NAME3\":\"SmartView HD Flex\",\"L_PAYMENTREQUEST_0_AMT3\":\"250.00\",\"L_PAYMENTREQUEST_0_QTY3\":\"3\",\"PAYMENTREQUEST_0_PAYMENTACTION\":\"Sale\",\"AUTHORIZE_TOKEN_USERACTION\":\"commit\",\"RETURNURL\":\"http:\\/\\/testshop.bimmer-tech.net\\/payment\\/capture\\/m62n3x-KLANpCOigMNvM0nCmSTecdD5f3f5r06-YgC0\",\"CANCELURL\":\"http:\\/\\/testshop.bimmer-tech.net\\/payment\\/capture\\/m62n3x-KLANpCOigMNvM0nCmSTecdD5f3f5r06-YgC0?cancelled=1\",\"PAYMENTREQUEST_0_NOTIFYURL\":\"http:\\/\\/testshop.bimmer-tech.net\\/payment\\/notify\\/hJBcm6NeAbaZBKu4PukKcfB-X1Rcr6A2OAVkmqodzU8\",\"TOKEN\":\"EC-0AJ93923MY693184U\",\"TIMESTAMP\":\"2019-04-24T15:57:47Z\",\"CORRELATIONID\":\"5035b4a45d52d\",\"ACK\":\"Success\",\"VERSION\":\"65.1\",\"BUILD\":\"000000\",\"BILLINGAGREEMENTACCEPTEDSTATUS\":\"0\",\"CHECKOUTSTATUS\":\"PaymentActionCompleted\",\"CURRENCYCODE\":\"USD\",\"AMT\":\"2562.00\",\"ITEMAMT\":\"2562.00\",\"SHIPPINGAMT\":\"0.00\",\"HANDLINGAMT\":\"0.00\",\"TAXAMT\":\"0.00\",\"INVNUM\":\"685-24\",\"NOTIFYURL\":\"http:\\/\\/testshop.bimmer-tech.net\\/payment\\/notify\\/hJBcm6NeAbaZBKu4PukKcfB-X1Rcr6A2OAVkmqodzU8\",\"INSURANCEAMT\":\"0.00\",\"SHIPDISCAMT\":\"0.00\",\"L_NAME0\":\"BMW Navigation Map Update 2018\\/2019\",\"L_NAME1\":\"Grill-Friendly Front View Camera for F30\",\"L_NAME2\":\"2 Year Extended Warranty\",\"L_NAME3\":\"SmartView HD Flex\",\"L_QTY0\":\"1\",\"L_QTY1\":\"3\",\"L_QTY2\":\"3\",\"L_QTY3\":\"3\",\"L_TAXAMT0\":\"0.00\",\"L_TAXAMT1\":\"0.00\",\"L_TAXAMT2\":\"0.00\",\"L_TAXAMT3\":\"0.00\",\"L_AMT0\":\"165.00\",\"L_AMT1\":\"549.00\",\"L_AMT2\":\"0.00\",\"L_AMT3\":\"250.00\",\"L_ITEMWEIGHTVALUE0\":\"   0.00000\",\"L_ITEMWEIGHTVALUE1\":\"   0.00000\",\"L_ITEMWEIGHTVALUE2\":\"   0.00000\",\"L_ITEMWEIGHTVALUE3\":\"   0.00000\",\"L_ITEMLENGTHVALUE0\":\"   0.00000\",\"L_ITEMLENGTHVALUE1\":\"   0.00000\",\"L_ITEMLENGTHVALUE2\":\"   0.00000\",\"L_ITEMLENGTHVALUE3\":\"   0.00000\",\"L_ITEMWIDTHVALUE0\":\"   0.00000\",\"L_ITEMWIDTHVALUE1\":\"   0.00000\",\"L_ITEMWIDTHVALUE2\":\"   0.00000\",\"L_ITEMWIDTHVALUE3\":\"   0.00000\",\"L_ITEMHEIGHTVALUE0\":\"   0.00000\",\"L_ITEMHEIGHTVALUE1\":\"   0.00000\",\"L_ITEMHEIGHTVALUE2\":\"   0.00000\",\"L_ITEMHEIGHTVALUE3\":\"   0.00000\",\"PAYMENTREQUEST_0_SHIPPINGAMT\":\"0.00\",\"PAYMENTREQUEST_0_HANDLINGAMT\":\"0.00\",\"PAYMENTREQUEST_0_TAXAMT\":\"0.00\",\"PAYMENTREQUEST_0_INSURANCEAMT\":\"0.00\",\"PAYMENTREQUEST_0_SHIPDISCAMT\":\"0.00\",\"PAYMENTREQUEST_0_INSURANCEOPTIONOFFERED\":\"false\",\"L_PAYMENTREQUEST_0_TAXAMT0\":\"0.00\",\"L_PAYMENTREQUEST_0_TAXAMT1\":\"0.00\",\"L_PAYMENTREQUEST_0_TAXAMT2\":\"0.00\",\"L_PAYMENTREQUEST_0_TAXAMT3\":\"0.00\",\"L_PAYMENTREQUEST_0_ITEMWEIGHTVALUE0\":\"   0.00000\",\"L_PAYMENTREQUEST_0_ITEMWEIGHTVALUE1\":\"   0.00000\",\"L_PAYMENTREQUEST_0_ITEMWEIGHTVALUE2\":\"   0.00000\",\"L_PAYMENTREQUEST_0_ITEMWEIGHTVALUE3\":\"   0.00000\",\"L_PAYMENTREQUEST_0_ITEMLENGTHVALUE0\":\"   0.00000\",\"L_PAYMENTREQUEST_0_ITEMLENGTHVALUE1\":\"   0.00000\",\"L_PAYMENTREQUEST_0_ITEMLENGTHVALUE2\":\"   0.00000\",\"L_PAYMENTREQUEST_0_ITEMLENGTHVALUE3\":\"   0.00000\",\"L_PAYMENTREQUEST_0_ITEMWIDTHVALUE0\":\"   0.00000\",\"L_PAYMENTREQUEST_0_ITEMWIDTHVALUE1\":\"   0.00000\",\"L_PAYMENTREQUEST_0_ITEMWIDTHVALUE2\":\"   0.00000\",\"L_PAYMENTREQUEST_0_ITEMWIDTHVALUE3\":\"   0.00000\",\"L_PAYMENTREQUEST_0_ITEMHEIGHTVALUE0\":\"   0.00000\",\"L_PAYMENTREQUEST_0_ITEMHEIGHTVALUE1\":\"   0.00000\",\"L_PAYMENTREQUEST_0_ITEMHEIGHTVALUE2\":\"   0.00000\",\"L_PAYMENTREQUEST_0_ITEMHEIGHTVALUE3\":\"   0.00000\",\"PAYMENTREQUESTINFO_0_ERRORCODE\":\"0\",\"EMAIL\":\"taras.terletskij@bimmer-tech.net\",\"PAYERID\":\"8UPWNP6FPCTCJ\",\"PAYERSTATUS\":\"verified\",\"FIRSTNAME\":\"Taras\",\"LASTNAME\":\"Terletskij\",\"COUNTRYCODE\":\"US\",\"SHIPTONAME\":\"Taras Terletskij\",\"SHIPTOSTREET\":\"1 Main St\",\"SHIPTOCITY\":\"San Jose\",\"SHIPTOSTATE\":\"CA\",\"SHIPTOZIP\":\"95131\",\"SHIPTOCOUNTRYCODE\":\"US\",\"SHIPTOCOUNTRYNAME\":\"United States\",\"ADDRESSSTATUS\":\"Confirmed\",\"INSURANCEOPTIONOFFERED\":\"false\",\"PAYMENTREQUEST_0_SELLERPAYPALACCOUNTID\":\"paypal.bimmertech-facilitator@gmail.com\",\"PAYMENTREQUEST_0_SHIPTONAME\":\"Taras Terletskij\",\"PAYMENTREQUEST_0_SHIPTOSTREET\":\"1 Main St\",\"PAYMENTREQUEST_0_SHIPTOCITY\":\"San Jose\",\"PAYMENTREQUEST_0_SHIPTOSTATE\":\"CA\",\"PAYMENTREQUEST_0_SHIPTOZIP\":\"95131\",\"PAYMENTREQUEST_0_SHIPTOCOUNTRYCODE\":\"US\",\"PAYMENTREQUEST_0_SHIPTOCOUNTRYNAME\":\"United States\",\"PAYMENTREQUEST_0_ADDRESSSTATUS\":\"Confirmed\",\"SUCCESSPAGEREDIRECTREQUESTED\":\"false\",\"INSURANCEOPTIONSELECTED\":\"false\",\"SHIPPINGOPTIONISDEFAULT\":\"false\",\"PAYMENTINFO_0_TRANSACTIONID\":\"4EC433618T413321A\",\"PAYMENTINFO_0_TRANSACTIONTYPE\":\"cart\",\"PAYMENTINFO_0_PAYMENTTYPE\":\"instant\",\"PAYMENTINFO_0_ORDERTIME\":\"2019-04-24T15:56:41Z\",\"PAYMENTINFO_0_AMT\":\"2562.00\",\"PAYMENTINFO_0_FEEAMT\":\"74.60\",\"PAYMENTINFO_0_TAXAMT\":\"0.00\",\"PAYMENTINFO_0_CURRENCYCODE\":\"USD\",\"PAYMENTINFO_0_PAYMENTSTATUS\":\"Completed\",\"PAYMENTINFO_0_PENDINGREASON\":\"None\",\"PAYMENTINFO_0_REASONCODE\":\"None\",\"PAYMENTINFO_0_PROTECTIONELIGIBILITY\":\"Eligible\",\"PAYMENTINFO_0_PROTECTIONELIGIBILITYTYPE\":\"ItemNotReceivedEligible,UnauthorizedPaymentEligible\",\"PAYMENTINFO_0_SELLERPAYPALACCOUNTID\":\"paypal.bimmertech-facilitator@gmail.com\",\"PAYMENTINFO_0_ERRORCODE\":\"0\",\"PAYMENTINFO_0_ACK\":\"Success\",\"TRANSACTIONID\":\"4EC433618T413321A\",\"PAYMENTREQUEST_0_TRANSACTIONID\":\"4EC433618T413321A\",\"PAYMENTREQUESTINFO_0_TRANSACTIONID\":\"4EC433618T413321A\",\"PAYMENTREQUEST_0_TRANSACTIONTYPE\":\"cart\",\"PAYMENTREQUEST_0_PAYMENTTYPE\":\"instant\",\"PAYMENTREQUEST_0_ORDERTIME\":\"2019-04-24T15:56:41Z\",\"PAYMENTREQUEST_0_FEEAMT\":\"74.60\",\"PAYMENTREQUEST_0_PAYMENTSTATUS\":\"Completed\",\"PAYMENTREQUEST_0_PENDINGREASON\":\"None\",\"PAYMENTREQUEST_0_REASONCODE\":\"None\"}', '2019-04-24 15:56:16', '2019-04-24 15:57:49'),
(25, 20, 686, 'USD', 286200, 'completed', '{\"PAYMENTREQUEST_0_INVNUM\":\"686-25\",\"PAYMENTREQUEST_0_CURRENCYCODE\":\"USD\",\"PAYMENTREQUEST_0_AMT\":\"2862.00\",\"PAYMENTREQUEST_0_ITEMAMT\":\"2862.00\",\"L_PAYMENTREQUEST_0_NAME0\":\"Front View Camera Retrofit\",\"L_PAYMENTREQUEST_0_AMT0\":\"549.00\",\"L_PAYMENTREQUEST_0_QTY0\":\"3\",\"L_PAYMENTREQUEST_0_NAME1\":\"2 Year Extended Warranty\",\"L_PAYMENTREQUEST_0_AMT1\":\"0.00\",\"L_PAYMENTREQUEST_0_QTY1\":\"3\",\"L_PAYMENTREQUEST_0_NAME2\":\"SmartView HD ATV4\",\"L_PAYMENTREQUEST_0_AMT2\":\"350.00\",\"L_PAYMENTREQUEST_0_QTY2\":\"3\",\"L_PAYMENTREQUEST_0_NAME3\":\"BMW Navigation Map Update 2018\\/2019\",\"L_PAYMENTREQUEST_0_AMT3\":\"165.00\",\"L_PAYMENTREQUEST_0_QTY3\":\"1\",\"PAYMENTREQUEST_0_PAYMENTACTION\":\"Sale\",\"AUTHORIZE_TOKEN_USERACTION\":\"commit\",\"RETURNURL\":\"http:\\/\\/testshop.bimmer-tech.net\\/payment\\/capture\\/pX9_LQ_pJiNBuZIXJ5yBXKzLi5PgDTuOcGA3JGjvvA8\",\"CANCELURL\":\"http:\\/\\/testshop.bimmer-tech.net\\/payment\\/capture\\/pX9_LQ_pJiNBuZIXJ5yBXKzLi5PgDTuOcGA3JGjvvA8?cancelled=1\",\"PAYMENTREQUEST_0_NOTIFYURL\":\"http:\\/\\/testshop.bimmer-tech.net\\/payment\\/notify\\/1r_320mdQKFi-rBLFsvx5BbwQoXqlrcYZeITDxIKPpQ\",\"TOKEN\":\"EC-8UA01305RT159591J\",\"TIMESTAMP\":\"2019-04-24T20:32:06Z\",\"CORRELATIONID\":\"3f6fa1ef2d4d0\",\"ACK\":\"Success\",\"VERSION\":\"65.1\",\"BUILD\":\"000000\",\"BILLINGAGREEMENTACCEPTEDSTATUS\":\"0\",\"CHECKOUTSTATUS\":\"PaymentActionCompleted\",\"CURRENCYCODE\":\"USD\",\"AMT\":\"2862.00\",\"ITEMAMT\":\"2862.00\",\"SHIPPINGAMT\":\"0.00\",\"HANDLINGAMT\":\"0.00\",\"TAXAMT\":\"0.00\",\"INVNUM\":\"686-25\",\"NOTIFYURL\":\"http:\\/\\/testshop.bimmer-tech.net\\/payment\\/notify\\/1r_320mdQKFi-rBLFsvx5BbwQoXqlrcYZeITDxIKPpQ\",\"INSURANCEAMT\":\"0.00\",\"SHIPDISCAMT\":\"0.00\",\"L_NAME0\":\"Front View Camera Retrofit\",\"L_NAME1\":\"2 Year Extended Warranty\",\"L_NAME2\":\"SmartView HD ATV4\",\"L_NAME3\":\"BMW Navigation Map Update 2018\\/2019\",\"L_QTY0\":\"3\",\"L_QTY1\":\"3\",\"L_QTY2\":\"3\",\"L_QTY3\":\"1\",\"L_TAXAMT0\":\"0.00\",\"L_TAXAMT1\":\"0.00\",\"L_TAXAMT2\":\"0.00\",\"L_TAXAMT3\":\"0.00\",\"L_AMT0\":\"549.00\",\"L_AMT1\":\"0.00\",\"L_AMT2\":\"350.00\",\"L_AMT3\":\"165.00\",\"L_ITEMWEIGHTVALUE0\":\"   0.00000\",\"L_ITEMWEIGHTVALUE1\":\"   0.00000\",\"L_ITEMWEIGHTVALUE2\":\"   0.00000\",\"L_ITEMWEIGHTVALUE3\":\"   0.00000\",\"L_ITEMLENGTHVALUE0\":\"   0.00000\",\"L_ITEMLENGTHVALUE1\":\"   0.00000\",\"L_ITEMLENGTHVALUE2\":\"   0.00000\",\"L_ITEMLENGTHVALUE3\":\"   0.00000\",\"L_ITEMWIDTHVALUE0\":\"   0.00000\",\"L_ITEMWIDTHVALUE1\":\"   0.00000\",\"L_ITEMWIDTHVALUE2\":\"   0.00000\",\"L_ITEMWIDTHVALUE3\":\"   0.00000\",\"L_ITEMHEIGHTVALUE0\":\"   0.00000\",\"L_ITEMHEIGHTVALUE1\":\"   0.00000\",\"L_ITEMHEIGHTVALUE2\":\"   0.00000\",\"L_ITEMHEIGHTVALUE3\":\"   0.00000\",\"PAYMENTREQUEST_0_SHIPPINGAMT\":\"0.00\",\"PAYMENTREQUEST_0_HANDLINGAMT\":\"0.00\",\"PAYMENTREQUEST_0_TAXAMT\":\"0.00\",\"PAYMENTREQUEST_0_INSURANCEAMT\":\"0.00\",\"PAYMENTREQUEST_0_SHIPDISCAMT\":\"0.00\",\"PAYMENTREQUEST_0_INSURANCEOPTIONOFFERED\":\"false\",\"L_PAYMENTREQUEST_0_TAXAMT0\":\"0.00\",\"L_PAYMENTREQUEST_0_TAXAMT1\":\"0.00\",\"L_PAYMENTREQUEST_0_TAXAMT2\":\"0.00\",\"L_PAYMENTREQUEST_0_TAXAMT3\":\"0.00\",\"L_PAYMENTREQUEST_0_ITEMWEIGHTVALUE0\":\"   0.00000\",\"L_PAYMENTREQUEST_0_ITEMWEIGHTVALUE1\":\"   0.00000\",\"L_PAYMENTREQUEST_0_ITEMWEIGHTVALUE2\":\"   0.00000\",\"L_PAYMENTREQUEST_0_ITEMWEIGHTVALUE3\":\"   0.00000\",\"L_PAYMENTREQUEST_0_ITEMLENGTHVALUE0\":\"   0.00000\",\"L_PAYMENTREQUEST_0_ITEMLENGTHVALUE1\":\"   0.00000\",\"L_PAYMENTREQUEST_0_ITEMLENGTHVALUE2\":\"   0.00000\",\"L_PAYMENTREQUEST_0_ITEMLENGTHVALUE3\":\"   0.00000\",\"L_PAYMENTREQUEST_0_ITEMWIDTHVALUE0\":\"   0.00000\",\"L_PAYMENTREQUEST_0_ITEMWIDTHVALUE1\":\"   0.00000\",\"L_PAYMENTREQUEST_0_ITEMWIDTHVALUE2\":\"   0.00000\",\"L_PAYMENTREQUEST_0_ITEMWIDTHVALUE3\":\"   0.00000\",\"L_PAYMENTREQUEST_0_ITEMHEIGHTVALUE0\":\"   0.00000\",\"L_PAYMENTREQUEST_0_ITEMHEIGHTVALUE1\":\"   0.00000\",\"L_PAYMENTREQUEST_0_ITEMHEIGHTVALUE2\":\"   0.00000\",\"L_PAYMENTREQUEST_0_ITEMHEIGHTVALUE3\":\"   0.00000\",\"PAYMENTREQUESTINFO_0_ERRORCODE\":\"0\",\"EMAIL\":\"taras.terletskij@bimmer-tech.net\",\"PAYERID\":\"8UPWNP6FPCTCJ\",\"PAYERSTATUS\":\"verified\",\"FIRSTNAME\":\"Taras\",\"LASTNAME\":\"Terletskij\",\"COUNTRYCODE\":\"US\",\"SHIPTONAME\":\"Taras Terletskij\",\"SHIPTOSTREET\":\"1 Main St\",\"SHIPTOCITY\":\"San Jose\",\"SHIPTOSTATE\":\"CA\",\"SHIPTOZIP\":\"95131\",\"SHIPTOCOUNTRYCODE\":\"US\",\"SHIPTOCOUNTRYNAME\":\"United States\",\"ADDRESSSTATUS\":\"Confirmed\",\"INSURANCEOPTIONOFFERED\":\"false\",\"PAYMENTREQUEST_0_SELLERPAYPALACCOUNTID\":\"paypal.bimmertech-facilitator@gmail.com\",\"PAYMENTREQUEST_0_SHIPTONAME\":\"Taras Terletskij\",\"PAYMENTREQUEST_0_SHIPTOSTREET\":\"1 Main St\",\"PAYMENTREQUEST_0_SHIPTOCITY\":\"San Jose\",\"PAYMENTREQUEST_0_SHIPTOSTATE\":\"CA\",\"PAYMENTREQUEST_0_SHIPTOZIP\":\"95131\",\"PAYMENTREQUEST_0_SHIPTOCOUNTRYCODE\":\"US\",\"PAYMENTREQUEST_0_SHIPTOCOUNTRYNAME\":\"United States\",\"PAYMENTREQUEST_0_ADDRESSSTATUS\":\"Confirmed\",\"SUCCESSPAGEREDIRECTREQUESTED\":\"false\",\"INSURANCEOPTIONSELECTED\":\"false\",\"SHIPPINGOPTIONISDEFAULT\":\"false\",\"PAYMENTINFO_0_TRANSACTIONID\":\"7DB28202CJ832203P\",\"PAYMENTINFO_0_TRANSACTIONTYPE\":\"cart\",\"PAYMENTINFO_0_PAYMENTTYPE\":\"instant\",\"PAYMENTINFO_0_ORDERTIME\":\"2019-04-24T16:02:49Z\",\"PAYMENTINFO_0_AMT\":\"2862.00\",\"PAYMENTINFO_0_FEEAMT\":\"83.30\",\"PAYMENTINFO_0_TAXAMT\":\"0.00\",\"PAYMENTINFO_0_CURRENCYCODE\":\"USD\",\"PAYMENTINFO_0_PAYMENTSTATUS\":\"Completed\",\"PAYMENTINFO_0_PENDINGREASON\":\"None\",\"PAYMENTINFO_0_REASONCODE\":\"None\",\"PAYMENTINFO_0_PROTECTIONELIGIBILITY\":\"Eligible\",\"PAYMENTINFO_0_PROTECTIONELIGIBILITYTYPE\":\"ItemNotReceivedEligible,UnauthorizedPaymentEligible\",\"PAYMENTINFO_0_SELLERPAYPALACCOUNTID\":\"paypal.bimmertech-facilitator@gmail.com\",\"PAYMENTINFO_0_ERRORCODE\":\"0\",\"PAYMENTINFO_0_ACK\":\"Success\",\"TRANSACTIONID\":\"7DB28202CJ832203P\",\"PAYMENTREQUEST_0_TRANSACTIONID\":\"7DB28202CJ832203P\",\"PAYMENTREQUESTINFO_0_TRANSACTIONID\":\"7DB28202CJ832203P\",\"PAYMENTREQUEST_0_TRANSACTIONTYPE\":\"cart\",\"PAYMENTREQUEST_0_PAYMENTTYPE\":\"instant\",\"PAYMENTREQUEST_0_ORDERTIME\":\"2019-04-24T16:02:49Z\",\"PAYMENTREQUEST_0_FEEAMT\":\"83.30\",\"PAYMENTREQUEST_0_PAYMENTSTATUS\":\"PartiallyRefunded\",\"PAYMENTREQUEST_0_PENDINGREASON\":\"None\",\"PAYMENTREQUEST_0_REASONCODE\":\"None\"}', '2019-04-24 16:00:47', '2019-04-24 20:32:08'),
(26, 20, 689, 'USD', 284700, 'cart', '[]', '2019-04-26 16:15:43', '2019-04-26 16:15:43'),
(27, 20, 689, 'USD', 284700, 'completed', '{\"PAYMENTREQUEST_0_INVNUM\":\"689-27\",\"PAYMENTREQUEST_0_CURRENCYCODE\":\"USD\",\"PAYMENTREQUEST_0_AMT\":\"2847.00\",\"PAYMENTREQUEST_0_ITEMAMT\":\"2847.00\",\"L_PAYMENTREQUEST_0_NAME0\":\"Grill-Friendly Front View Camera for F30\",\"L_PAYMENTREQUEST_0_AMT0\":\"549.00\",\"L_PAYMENTREQUEST_0_QTY0\":\"2\",\"L_PAYMENTREQUEST_0_NAME1\":\"2 Year Extended Warranty\",\"L_PAYMENTREQUEST_0_AMT1\":\"0.00\",\"L_PAYMENTREQUEST_0_QTY1\":\"2\",\"L_PAYMENTREQUEST_0_NAME2\":\"SmartView HD Flex\",\"L_PAYMENTREQUEST_0_AMT2\":\"250.00\",\"L_PAYMENTREQUEST_0_QTY2\":\"2\",\"L_PAYMENTREQUEST_0_NAME3\":\"SmartView HD ATV4\",\"L_PAYMENTREQUEST_0_AMT3\":\"350.00\",\"L_PAYMENTREQUEST_0_QTY3\":\"2\",\"L_PAYMENTREQUEST_0_NAME4\":\"Front View Camera Retrofit\",\"L_PAYMENTREQUEST_0_AMT4\":\"549.00\",\"L_PAYMENTREQUEST_0_QTY4\":\"1\",\"L_PAYMENTREQUEST_0_NAME5\":\"2 Year Extended Warranty\",\"L_PAYMENTREQUEST_0_AMT5\":\"0.00\",\"L_PAYMENTREQUEST_0_QTY5\":\"1\",\"PAYMENTREQUEST_0_PAYMENTACTION\":\"Sale\",\"AUTHORIZE_TOKEN_USERACTION\":\"commit\",\"RETURNURL\":\"http:\\/\\/testshop.bimmer-tech.net\\/payment\\/capture\\/NpjT8rbg-Cmn18YEROdW6O2CbdIIVoSUgksVHriPHxU\",\"CANCELURL\":\"http:\\/\\/testshop.bimmer-tech.net\\/payment\\/capture\\/NpjT8rbg-Cmn18YEROdW6O2CbdIIVoSUgksVHriPHxU?cancelled=1\",\"PAYMENTREQUEST_0_NOTIFYURL\":\"http:\\/\\/testshop.bimmer-tech.net\\/payment\\/notify\\/hIhV95QwjDtq07K3uQGf8hQpJNah7qsQ5qdbRXI_sg4\",\"TOKEN\":\"EC-07L96205S3961172W\",\"TIMESTAMP\":\"2019-04-26T16:20:21Z\",\"CORRELATIONID\":\"ae2a5e9a1f615\",\"ACK\":\"Success\",\"VERSION\":\"65.1\",\"BUILD\":\"000000\",\"BILLINGAGREEMENTACCEPTEDSTATUS\":\"0\",\"CHECKOUTSTATUS\":\"PaymentActionCompleted\",\"CURRENCYCODE\":\"USD\",\"AMT\":\"2847.00\",\"ITEMAMT\":\"2847.00\",\"SHIPPINGAMT\":\"0.00\",\"HANDLINGAMT\":\"0.00\",\"TAXAMT\":\"0.00\",\"INVNUM\":\"689-27\",\"NOTIFYURL\":\"http:\\/\\/testshop.bimmer-tech.net\\/payment\\/notify\\/hIhV95QwjDtq07K3uQGf8hQpJNah7qsQ5qdbRXI_sg4\",\"INSURANCEAMT\":\"0.00\",\"SHIPDISCAMT\":\"0.00\",\"L_NAME0\":\"Grill-Friendly Front View Camera for F30\",\"L_NAME1\":\"2 Year Extended Warranty\",\"L_NAME2\":\"SmartView HD Flex\",\"L_NAME3\":\"SmartView HD ATV4\",\"L_NAME4\":\"Front View Camera Retrofit\",\"L_NAME5\":\"2 Year Extended Warranty\",\"L_QTY0\":\"2\",\"L_QTY1\":\"2\",\"L_QTY2\":\"2\",\"L_QTY3\":\"2\",\"L_QTY4\":\"1\",\"L_QTY5\":\"1\",\"L_TAXAMT0\":\"0.00\",\"L_TAXAMT1\":\"0.00\",\"L_TAXAMT2\":\"0.00\",\"L_TAXAMT3\":\"0.00\",\"L_TAXAMT4\":\"0.00\",\"L_TAXAMT5\":\"0.00\",\"L_AMT0\":\"549.00\",\"L_AMT1\":\"0.00\",\"L_AMT2\":\"250.00\",\"L_AMT3\":\"350.00\",\"L_AMT4\":\"549.00\",\"L_AMT5\":\"0.00\",\"L_ITEMWEIGHTVALUE0\":\"   0.00000\",\"L_ITEMWEIGHTVALUE1\":\"   0.00000\",\"L_ITEMWEIGHTVALUE2\":\"   0.00000\",\"L_ITEMWEIGHTVALUE3\":\"   0.00000\",\"L_ITEMWEIGHTVALUE4\":\"   0.00000\",\"L_ITEMWEIGHTVALUE5\":\"   0.00000\",\"L_ITEMLENGTHVALUE0\":\"   0.00000\",\"L_ITEMLENGTHVALUE1\":\"   0.00000\",\"L_ITEMLENGTHVALUE2\":\"   0.00000\",\"L_ITEMLENGTHVALUE3\":\"   0.00000\",\"L_ITEMLENGTHVALUE4\":\"   0.00000\",\"L_ITEMLENGTHVALUE5\":\"   0.00000\",\"L_ITEMWIDTHVALUE0\":\"   0.00000\",\"L_ITEMWIDTHVALUE1\":\"   0.00000\",\"L_ITEMWIDTHVALUE2\":\"   0.00000\",\"L_ITEMWIDTHVALUE3\":\"   0.00000\",\"L_ITEMWIDTHVALUE4\":\"   0.00000\",\"L_ITEMWIDTHVALUE5\":\"   0.00000\",\"L_ITEMHEIGHTVALUE0\":\"   0.00000\",\"L_ITEMHEIGHTVALUE1\":\"   0.00000\",\"L_ITEMHEIGHTVALUE2\":\"   0.00000\",\"L_ITEMHEIGHTVALUE3\":\"   0.00000\",\"L_ITEMHEIGHTVALUE4\":\"   0.00000\",\"L_ITEMHEIGHTVALUE5\":\"   0.00000\",\"PAYMENTREQUEST_0_SHIPPINGAMT\":\"0.00\",\"PAYMENTREQUEST_0_HANDLINGAMT\":\"0.00\",\"PAYMENTREQUEST_0_TAXAMT\":\"0.00\",\"PAYMENTREQUEST_0_INSURANCEAMT\":\"0.00\",\"PAYMENTREQUEST_0_SHIPDISCAMT\":\"0.00\",\"PAYMENTREQUEST_0_INSURANCEOPTIONOFFERED\":\"false\",\"L_PAYMENTREQUEST_0_TAXAMT0\":\"0.00\",\"L_PAYMENTREQUEST_0_TAXAMT1\":\"0.00\",\"L_PAYMENTREQUEST_0_TAXAMT2\":\"0.00\",\"L_PAYMENTREQUEST_0_TAXAMT3\":\"0.00\",\"L_PAYMENTREQUEST_0_TAXAMT4\":\"0.00\",\"L_PAYMENTREQUEST_0_TAXAMT5\":\"0.00\",\"L_PAYMENTREQUEST_0_ITEMWEIGHTVALUE0\":\"   0.00000\",\"L_PAYMENTREQUEST_0_ITEMWEIGHTVALUE1\":\"   0.00000\",\"L_PAYMENTREQUEST_0_ITEMWEIGHTVALUE2\":\"   0.00000\",\"L_PAYMENTREQUEST_0_ITEMWEIGHTVALUE3\":\"   0.00000\",\"L_PAYMENTREQUEST_0_ITEMWEIGHTVALUE4\":\"   0.00000\",\"L_PAYMENTREQUEST_0_ITEMWEIGHTVALUE5\":\"   0.00000\",\"L_PAYMENTREQUEST_0_ITEMLENGTHVALUE0\":\"   0.00000\",\"L_PAYMENTREQUEST_0_ITEMLENGTHVALUE1\":\"   0.00000\",\"L_PAYMENTREQUEST_0_ITEMLENGTHVALUE2\":\"   0.00000\",\"L_PAYMENTREQUEST_0_ITEMLENGTHVALUE3\":\"   0.00000\",\"L_PAYMENTREQUEST_0_ITEMLENGTHVALUE4\":\"   0.00000\",\"L_PAYMENTREQUEST_0_ITEMLENGTHVALUE5\":\"   0.00000\",\"L_PAYMENTREQUEST_0_ITEMWIDTHVALUE0\":\"   0.00000\",\"L_PAYMENTREQUEST_0_ITEMWIDTHVALUE1\":\"   0.00000\",\"L_PAYMENTREQUEST_0_ITEMWIDTHVALUE2\":\"   0.00000\",\"L_PAYMENTREQUEST_0_ITEMWIDTHVALUE3\":\"   0.00000\",\"L_PAYMENTREQUEST_0_ITEMWIDTHVALUE4\":\"   0.00000\",\"L_PAYMENTREQUEST_0_ITEMWIDTHVALUE5\":\"   0.00000\",\"L_PAYMENTREQUEST_0_ITEMHEIGHTVALUE0\":\"   0.00000\",\"L_PAYMENTREQUEST_0_ITEMHEIGHTVALUE1\":\"   0.00000\",\"L_PAYMENTREQUEST_0_ITEMHEIGHTVALUE2\":\"   0.00000\",\"L_PAYMENTREQUEST_0_ITEMHEIGHTVALUE3\":\"   0.00000\",\"L_PAYMENTREQUEST_0_ITEMHEIGHTVALUE4\":\"   0.00000\",\"L_PAYMENTREQUEST_0_ITEMHEIGHTVALUE5\":\"   0.00000\",\"PAYMENTREQUESTINFO_0_ERRORCODE\":\"0\",\"EMAIL\":\"taras.terletskij@bimmer-tech.net\",\"PAYERID\":\"8UPWNP6FPCTCJ\",\"PAYERSTATUS\":\"verified\",\"FIRSTNAME\":\"Taras\",\"LASTNAME\":\"Terletskij\",\"COUNTRYCODE\":\"US\",\"SHIPTONAME\":\"Taras Terletskij\",\"SHIPTOSTREET\":\"1 Main St\",\"SHIPTOCITY\":\"San Jose\",\"SHIPTOSTATE\":\"CA\",\"SHIPTOZIP\":\"95131\",\"SHIPTOCOUNTRYCODE\":\"US\",\"SHIPTOCOUNTRYNAME\":\"United States\",\"ADDRESSSTATUS\":\"Confirmed\",\"INSURANCEOPTIONOFFERED\":\"false\",\"PAYMENTREQUEST_0_SELLERPAYPALACCOUNTID\":\"paypal.bimmertech-facilitator@gmail.com\",\"PAYMENTREQUEST_0_SHIPTONAME\":\"Taras Terletskij\",\"PAYMENTREQUEST_0_SHIPTOSTREET\":\"1 Main St\",\"PAYMENTREQUEST_0_SHIPTOCITY\":\"San Jose\",\"PAYMENTREQUEST_0_SHIPTOSTATE\":\"CA\",\"PAYMENTREQUEST_0_SHIPTOZIP\":\"95131\",\"PAYMENTREQUEST_0_SHIPTOCOUNTRYCODE\":\"US\",\"PAYMENTREQUEST_0_SHIPTOCOUNTRYNAME\":\"United States\",\"PAYMENTREQUEST_0_ADDRESSSTATUS\":\"Confirmed\",\"SUCCESSPAGEREDIRECTREQUESTED\":\"false\",\"INSURANCEOPTIONSELECTED\":\"false\",\"SHIPPINGOPTIONISDEFAULT\":\"false\",\"PAYMENTINFO_0_TRANSACTIONID\":\"2BY24749D03599110\",\"PAYMENTINFO_0_TRANSACTIONTYPE\":\"cart\",\"PAYMENTINFO_0_PAYMENTTYPE\":\"instant\",\"PAYMENTINFO_0_ORDERTIME\":\"2019-04-26T16:16:41Z\",\"PAYMENTINFO_0_AMT\":\"2847.00\",\"PAYMENTINFO_0_FEEAMT\":\"82.86\",\"PAYMENTINFO_0_TAXAMT\":\"0.00\",\"PAYMENTINFO_0_CURRENCYCODE\":\"USD\",\"PAYMENTINFO_0_PAYMENTSTATUS\":\"Completed\",\"PAYMENTINFO_0_PENDINGREASON\":\"None\",\"PAYMENTINFO_0_REASONCODE\":\"None\",\"PAYMENTINFO_0_PROTECTIONELIGIBILITY\":\"Eligible\",\"PAYMENTINFO_0_PROTECTIONELIGIBILITYTYPE\":\"ItemNotReceivedEligible,UnauthorizedPaymentEligible\",\"PAYMENTINFO_0_SELLERPAYPALACCOUNTID\":\"paypal.bimmertech-facilitator@gmail.com\",\"PAYMENTINFO_0_ERRORCODE\":\"0\",\"PAYMENTINFO_0_ACK\":\"Success\",\"TRANSACTIONID\":\"2BY24749D03599110\",\"PAYMENTREQUEST_0_TRANSACTIONID\":\"2BY24749D03599110\",\"PAYMENTREQUESTINFO_0_TRANSACTIONID\":\"2BY24749D03599110\",\"PAYMENTREQUEST_0_TRANSACTIONTYPE\":\"cart\",\"PAYMENTREQUEST_0_PAYMENTTYPE\":\"instant\",\"PAYMENTREQUEST_0_ORDERTIME\":\"2019-04-26T16:16:41Z\",\"PAYMENTREQUEST_0_FEEAMT\":\"82.86\",\"PAYMENTREQUEST_0_PAYMENTSTATUS\":\"PartiallyRefunded\",\"PAYMENTREQUEST_0_PENDINGREASON\":\"None\",\"PAYMENTREQUEST_0_REASONCODE\":\"None\"}', '2019-04-26 16:15:59', '2019-04-26 16:20:23'),
(28, 20, 690, 'USD', 50000, 'cart', '[]', '2019-04-30 09:46:42', '2019-05-02 09:52:53'),
(29, 20, 691, 'USD', 25300, 'cart', '[]', '2019-05-02 10:07:49', '2019-05-02 10:07:49'),
(30, 20, 691, 'USD', 25300, 'completed', '{\"PAYMENTREQUEST_0_INVNUM\":\"691-30\",\"PAYMENTREQUEST_0_CURRENCYCODE\":\"USD\",\"PAYMENTREQUEST_0_AMT\":\"253.00\",\"PAYMENTREQUEST_0_ITEMAMT\":\"253.00\",\"L_PAYMENTREQUEST_0_NAME0\":\"TESTPRODUCT1\",\"L_PAYMENTREQUEST_0_AMT0\":\"1.00\",\"L_PAYMENTREQUEST_0_QTY0\":\"1\",\"L_PAYMENTREQUEST_0_NAME1\":\"TESTPRODUCT2\",\"L_PAYMENTREQUEST_0_AMT1\":\"2.00\",\"L_PAYMENTREQUEST_0_QTY1\":\"1\",\"L_PAYMENTREQUEST_0_NAME2\":\"SiriusXM Satellite Radio Cable Activation\",\"L_PAYMENTREQUEST_0_AMT2\":\"250.00\",\"L_PAYMENTREQUEST_0_QTY2\":\"1\",\"PAYMENTREQUEST_0_PAYMENTACTION\":\"Sale\",\"AUTHORIZE_TOKEN_USERACTION\":\"commit\",\"RETURNURL\":\"http:\\/\\/testshop.bimmer-tech.net\\/payment\\/capture\\/u2mCVZZmSrPy6kOTLxo9bkVeUQ3o57yWPh_DcF7_KLk\",\"CANCELURL\":\"http:\\/\\/testshop.bimmer-tech.net\\/payment\\/capture\\/u2mCVZZmSrPy6kOTLxo9bkVeUQ3o57yWPh_DcF7_KLk?cancelled=1\",\"PAYMENTREQUEST_0_NOTIFYURL\":\"http:\\/\\/testshop.bimmer-tech.net\\/payment\\/notify\\/WOGDW7NPVT3EmsMHPV3_Jr3_SQgrnaPD1IOPOlupRdk\",\"TOKEN\":\"EC-04136318TD059482G\",\"TIMESTAMP\":\"2019-05-02T10:13:00Z\",\"CORRELATIONID\":\"e68d07b893a00\",\"ACK\":\"Success\",\"VERSION\":\"65.1\",\"BUILD\":\"000000\",\"BILLINGAGREEMENTACCEPTEDSTATUS\":\"0\",\"CHECKOUTSTATUS\":\"PaymentActionCompleted\",\"CURRENCYCODE\":\"USD\",\"AMT\":\"253.00\",\"ITEMAMT\":\"253.00\",\"SHIPPINGAMT\":\"0.00\",\"HANDLINGAMT\":\"0.00\",\"TAXAMT\":\"0.00\",\"INVNUM\":\"691-30\",\"NOTIFYURL\":\"http:\\/\\/testshop.bimmer-tech.net\\/payment\\/notify\\/WOGDW7NPVT3EmsMHPV3_Jr3_SQgrnaPD1IOPOlupRdk\",\"INSURANCEAMT\":\"0.00\",\"SHIPDISCAMT\":\"0.00\",\"L_NAME0\":\"TESTPRODUCT1\",\"L_NAME1\":\"TESTPRODUCT2\",\"L_NAME2\":\"SiriusXM Satellite Radio Cable Activation\",\"L_QTY0\":\"1\",\"L_QTY1\":\"1\",\"L_QTY2\":\"1\",\"L_TAXAMT0\":\"0.00\",\"L_TAXAMT1\":\"0.00\",\"L_TAXAMT2\":\"0.00\",\"L_AMT0\":\"1.00\",\"L_AMT1\":\"2.00\",\"L_AMT2\":\"250.00\",\"L_ITEMWEIGHTVALUE0\":\"   0.00000\",\"L_ITEMWEIGHTVALUE1\":\"   0.00000\",\"L_ITEMWEIGHTVALUE2\":\"   0.00000\",\"L_ITEMLENGTHVALUE0\":\"   0.00000\",\"L_ITEMLENGTHVALUE1\":\"   0.00000\",\"L_ITEMLENGTHVALUE2\":\"   0.00000\",\"L_ITEMWIDTHVALUE0\":\"   0.00000\",\"L_ITEMWIDTHVALUE1\":\"   0.00000\",\"L_ITEMWIDTHVALUE2\":\"   0.00000\",\"L_ITEMHEIGHTVALUE0\":\"   0.00000\",\"L_ITEMHEIGHTVALUE1\":\"   0.00000\",\"L_ITEMHEIGHTVALUE2\":\"   0.00000\",\"PAYMENTREQUEST_0_SHIPPINGAMT\":\"0.00\",\"PAYMENTREQUEST_0_HANDLINGAMT\":\"0.00\",\"PAYMENTREQUEST_0_TAXAMT\":\"0.00\",\"PAYMENTREQUEST_0_INSURANCEAMT\":\"0.00\",\"PAYMENTREQUEST_0_SHIPDISCAMT\":\"0.00\",\"PAYMENTREQUEST_0_INSURANCEOPTIONOFFERED\":\"false\",\"L_PAYMENTREQUEST_0_TAXAMT0\":\"0.00\",\"L_PAYMENTREQUEST_0_TAXAMT1\":\"0.00\",\"L_PAYMENTREQUEST_0_TAXAMT2\":\"0.00\",\"L_PAYMENTREQUEST_0_ITEMWEIGHTVALUE0\":\"   0.00000\",\"L_PAYMENTREQUEST_0_ITEMWEIGHTVALUE1\":\"   0.00000\",\"L_PAYMENTREQUEST_0_ITEMWEIGHTVALUE2\":\"   0.00000\",\"L_PAYMENTREQUEST_0_ITEMLENGTHVALUE0\":\"   0.00000\",\"L_PAYMENTREQUEST_0_ITEMLENGTHVALUE1\":\"   0.00000\",\"L_PAYMENTREQUEST_0_ITEMLENGTHVALUE2\":\"   0.00000\",\"L_PAYMENTREQUEST_0_ITEMWIDTHVALUE0\":\"   0.00000\",\"L_PAYMENTREQUEST_0_ITEMWIDTHVALUE1\":\"   0.00000\",\"L_PAYMENTREQUEST_0_ITEMWIDTHVALUE2\":\"   0.00000\",\"L_PAYMENTREQUEST_0_ITEMHEIGHTVALUE0\":\"   0.00000\",\"L_PAYMENTREQUEST_0_ITEMHEIGHTVALUE1\":\"   0.00000\",\"L_PAYMENTREQUEST_0_ITEMHEIGHTVALUE2\":\"   0.00000\",\"PAYMENTREQUESTINFO_0_ERRORCODE\":\"0\",\"EMAIL\":\"taras.terletskij@bimmer-tech.net\",\"PAYERID\":\"8UPWNP6FPCTCJ\",\"PAYERSTATUS\":\"verified\",\"FIRSTNAME\":\"Taras\",\"LASTNAME\":\"Terletskij\",\"COUNTRYCODE\":\"US\",\"SHIPTONAME\":\"Taras Terletskij\",\"SHIPTOSTREET\":\"1 Main St\",\"SHIPTOCITY\":\"San Jose\",\"SHIPTOSTATE\":\"CA\",\"SHIPTOZIP\":\"95131\",\"SHIPTOCOUNTRYCODE\":\"US\",\"SHIPTOCOUNTRYNAME\":\"United States\",\"ADDRESSSTATUS\":\"Confirmed\",\"INSURANCEOPTIONOFFERED\":\"false\",\"PAYMENTREQUEST_0_SELLERPAYPALACCOUNTID\":\"paypal.bimmertech-facilitator@gmail.com\",\"PAYMENTREQUEST_0_SHIPTONAME\":\"Taras Terletskij\",\"PAYMENTREQUEST_0_SHIPTOSTREET\":\"1 Main St\",\"PAYMENTREQUEST_0_SHIPTOCITY\":\"San Jose\",\"PAYMENTREQUEST_0_SHIPTOSTATE\":\"CA\",\"PAYMENTREQUEST_0_SHIPTOZIP\":\"95131\",\"PAYMENTREQUEST_0_SHIPTOCOUNTRYCODE\":\"US\",\"PAYMENTREQUEST_0_SHIPTOCOUNTRYNAME\":\"United States\",\"PAYMENTREQUEST_0_ADDRESSSTATUS\":\"Confirmed\",\"SUCCESSPAGEREDIRECTREQUESTED\":\"false\",\"INSURANCEOPTIONSELECTED\":\"false\",\"SHIPPINGOPTIONISDEFAULT\":\"false\",\"PAYMENTINFO_0_TRANSACTIONID\":\"4UU24849B0756252K\",\"PAYMENTINFO_0_TRANSACTIONTYPE\":\"cart\",\"PAYMENTINFO_0_PAYMENTTYPE\":\"instant\",\"PAYMENTINFO_0_ORDERTIME\":\"2019-05-02T10:09:12Z\",\"PAYMENTINFO_0_AMT\":\"253.00\",\"PAYMENTINFO_0_FEEAMT\":\"7.64\",\"PAYMENTINFO_0_TAXAMT\":\"0.00\",\"PAYMENTINFO_0_CURRENCYCODE\":\"USD\",\"PAYMENTINFO_0_PAYMENTSTATUS\":\"Completed\",\"PAYMENTINFO_0_PENDINGREASON\":\"None\",\"PAYMENTINFO_0_REASONCODE\":\"None\",\"PAYMENTINFO_0_PROTECTIONELIGIBILITY\":\"Eligible\",\"PAYMENTINFO_0_PROTECTIONELIGIBILITYTYPE\":\"ItemNotReceivedEligible,UnauthorizedPaymentEligible\",\"PAYMENTINFO_0_SELLERPAYPALACCOUNTID\":\"paypal.bimmertech-facilitator@gmail.com\",\"PAYMENTINFO_0_ERRORCODE\":\"0\",\"PAYMENTINFO_0_ACK\":\"Success\",\"TRANSACTIONID\":\"4UU24849B0756252K\",\"PAYMENTREQUEST_0_TRANSACTIONID\":\"4UU24849B0756252K\",\"PAYMENTREQUESTINFO_0_TRANSACTIONID\":\"4UU24849B0756252K\",\"PAYMENTREQUEST_0_TRANSACTIONTYPE\":\"cart\",\"PAYMENTREQUEST_0_PAYMENTTYPE\":\"instant\",\"PAYMENTREQUEST_0_ORDERTIME\":\"2019-05-02T10:09:12Z\",\"PAYMENTREQUEST_0_FEEAMT\":\"7.64\",\"PAYMENTREQUEST_0_PAYMENTSTATUS\":\"PartiallyRefunded\",\"PAYMENTREQUEST_0_PENDINGREASON\":\"None\",\"PAYMENTREQUEST_0_REASONCODE\":\"None\"}', '2019-05-02 10:08:00', '2019-05-02 10:13:02'),
(31, 20, 692, 'USD', 112400, 'new', '{\"PAYMENTREQUEST_0_INVNUM\":\"692-31\",\"PAYMENTREQUEST_0_CURRENCYCODE\":\"USD\",\"PAYMENTREQUEST_0_AMT\":\"1124.00\",\"PAYMENTREQUEST_0_ITEMAMT\":\"1124.00\",\"L_PAYMENTREQUEST_0_NAME0\":\"SmartView HD  Apple TV3\",\"L_PAYMENTREQUEST_0_AMT0\":\"624.00\",\"L_PAYMENTREQUEST_0_QTY0\":\"1\",\"L_PAYMENTREQUEST_0_NAME1\":\"1 Year Standard Warranty\",\"L_PAYMENTREQUEST_0_AMT1\":\"0.00\",\"L_PAYMENTREQUEST_0_QTY1\":\"1\",\"L_PAYMENTREQUEST_0_NAME2\":\"VividScreen\",\"L_PAYMENTREQUEST_0_AMT2\":\"200.00\",\"L_PAYMENTREQUEST_0_QTY2\":\"1\",\"L_PAYMENTREQUEST_0_NAME3\":\"Rear View Camera\",\"L_PAYMENTREQUEST_0_AMT3\":\"300.00\",\"L_PAYMENTREQUEST_0_QTY3\":\"1\",\"PAYMENTREQUEST_0_PAYMENTACTION\":\"Sale\",\"AUTHORIZE_TOKEN_USERACTION\":\"commit\",\"RETURNURL\":\"http:\\/\\/testshop.bimmer-tech.net\\/payment\\/capture\\/KpsQWcHnmmAqLEbfdiUvBBB5tWgEKoJTvnx5X__VLLc\",\"CANCELURL\":\"http:\\/\\/testshop.bimmer-tech.net\\/payment\\/capture\\/KpsQWcHnmmAqLEbfdiUvBBB5tWgEKoJTvnx5X__VLLc?cancelled=1\",\"PAYMENTREQUEST_0_NOTIFYURL\":\"http:\\/\\/testshop.bimmer-tech.net\\/payment\\/notify\\/Cn_euHyAz-l6ClOdxN46Ay-HvJJMiNYcAaSKkEOFxCM\",\"TOKEN\":\"EC-504735833S2553904\",\"TIMESTAMP\":\"2019-05-02T12:00:05Z\",\"CORRELATIONID\":\"be5cfee3e57bf\",\"ACK\":\"Success\",\"VERSION\":\"65.1\",\"BUILD\":\"000000\",\"BILLINGAGREEMENTACCEPTEDSTATUS\":\"0\",\"CHECKOUTSTATUS\":\"PaymentActionNotInitiated\",\"CURRENCYCODE\":\"USD\",\"AMT\":\"1124.00\",\"ITEMAMT\":\"1124.00\",\"SHIPPINGAMT\":\"0.00\",\"HANDLINGAMT\":\"0.00\",\"TAXAMT\":\"0.00\",\"INVNUM\":\"692-31\",\"NOTIFYURL\":\"http:\\/\\/testshop.bimmer-tech.net\\/payment\\/notify\\/Cn_euHyAz-l6ClOdxN46Ay-HvJJMiNYcAaSKkEOFxCM\",\"INSURANCEAMT\":\"0.00\",\"SHIPDISCAMT\":\"0.00\",\"L_NAME0\":\"SmartView HD  Apple TV3\",\"L_NAME1\":\"1 Year Standard Warranty\",\"L_NAME2\":\"VividScreen\",\"L_NAME3\":\"Rear View Camera\",\"L_QTY0\":\"1\",\"L_QTY1\":\"1\",\"L_QTY2\":\"1\",\"L_QTY3\":\"1\",\"L_TAXAMT0\":\"0.00\",\"L_TAXAMT1\":\"0.00\",\"L_TAXAMT2\":\"0.00\",\"L_TAXAMT3\":\"0.00\",\"L_AMT0\":\"624.00\",\"L_AMT1\":\"0.00\",\"L_AMT2\":\"200.00\",\"L_AMT3\":\"300.00\",\"L_ITEMWEIGHTVALUE0\":\"   0.00000\",\"L_ITEMWEIGHTVALUE1\":\"   0.00000\",\"L_ITEMWEIGHTVALUE2\":\"   0.00000\",\"L_ITEMWEIGHTVALUE3\":\"   0.00000\",\"L_ITEMLENGTHVALUE0\":\"   0.00000\",\"L_ITEMLENGTHVALUE1\":\"   0.00000\",\"L_ITEMLENGTHVALUE2\":\"   0.00000\",\"L_ITEMLENGTHVALUE3\":\"   0.00000\",\"L_ITEMWIDTHVALUE0\":\"   0.00000\",\"L_ITEMWIDTHVALUE1\":\"   0.00000\",\"L_ITEMWIDTHVALUE2\":\"   0.00000\",\"L_ITEMWIDTHVALUE3\":\"   0.00000\",\"L_ITEMHEIGHTVALUE0\":\"   0.00000\",\"L_ITEMHEIGHTVALUE1\":\"   0.00000\",\"L_ITEMHEIGHTVALUE2\":\"   0.00000\",\"L_ITEMHEIGHTVALUE3\":\"   0.00000\",\"PAYMENTREQUEST_0_SHIPPINGAMT\":\"0.00\",\"PAYMENTREQUEST_0_HANDLINGAMT\":\"0.00\",\"PAYMENTREQUEST_0_TAXAMT\":\"0.00\",\"PAYMENTREQUEST_0_INSURANCEAMT\":\"0.00\",\"PAYMENTREQUEST_0_SHIPDISCAMT\":\"0.00\",\"PAYMENTREQUEST_0_INSURANCEOPTIONOFFERED\":\"false\",\"L_PAYMENTREQUEST_0_TAXAMT0\":\"0.00\",\"L_PAYMENTREQUEST_0_TAXAMT1\":\"0.00\",\"L_PAYMENTREQUEST_0_TAXAMT2\":\"0.00\",\"L_PAYMENTREQUEST_0_TAXAMT3\":\"0.00\",\"L_PAYMENTREQUEST_0_ITEMWEIGHTVALUE0\":\"   0.00000\",\"L_PAYMENTREQUEST_0_ITEMWEIGHTVALUE1\":\"   0.00000\",\"L_PAYMENTREQUEST_0_ITEMWEIGHTVALUE2\":\"   0.00000\",\"L_PAYMENTREQUEST_0_ITEMWEIGHTVALUE3\":\"   0.00000\",\"L_PAYMENTREQUEST_0_ITEMLENGTHVALUE0\":\"   0.00000\",\"L_PAYMENTREQUEST_0_ITEMLENGTHVALUE1\":\"   0.00000\",\"L_PAYMENTREQUEST_0_ITEMLENGTHVALUE2\":\"   0.00000\",\"L_PAYMENTREQUEST_0_ITEMLENGTHVALUE3\":\"   0.00000\",\"L_PAYMENTREQUEST_0_ITEMWIDTHVALUE0\":\"   0.00000\",\"L_PAYMENTREQUEST_0_ITEMWIDTHVALUE1\":\"   0.00000\",\"L_PAYMENTREQUEST_0_ITEMWIDTHVALUE2\":\"   0.00000\",\"L_PAYMENTREQUEST_0_ITEMWIDTHVALUE3\":\"   0.00000\",\"L_PAYMENTREQUEST_0_ITEMHEIGHTVALUE0\":\"   0.00000\",\"L_PAYMENTREQUEST_0_ITEMHEIGHTVALUE1\":\"   0.00000\",\"L_PAYMENTREQUEST_0_ITEMHEIGHTVALUE2\":\"   0.00000\",\"L_PAYMENTREQUEST_0_ITEMHEIGHTVALUE3\":\"   0.00000\",\"PAYMENTREQUESTINFO_0_ERRORCODE\":\"0\"}', '2019-05-02 12:00:01', '2019-05-02 12:00:05');
INSERT INTO `sylius_payment` (`id`, `method_id`, `order_id`, `currency_code`, `amount`, `state`, `details`, `created_at`, `updated_at`) VALUES
(32, 20, 690, 'USD', 25800, 'completed', '{\"PAYMENTREQUEST_0_INVNUM\":\"690-32\",\"PAYMENTREQUEST_0_CURRENCYCODE\":\"USD\",\"PAYMENTREQUEST_0_AMT\":\"258.00\",\"PAYMENTREQUEST_0_ITEMAMT\":\"258.00\",\"L_PAYMENTREQUEST_0_NAME0\":\"SiriusXM Satellite Radio Cable Activation\",\"L_PAYMENTREQUEST_0_AMT0\":\"250.00\",\"L_PAYMENTREQUEST_0_QTY0\":\"1\",\"L_PAYMENTREQUEST_0_NAME1\":\"TESTPRODUCT2\",\"L_PAYMENTREQUEST_0_AMT1\":\"2.00\",\"L_PAYMENTREQUEST_0_QTY1\":\"1\",\"L_PAYMENTREQUEST_0_NAME2\":\"TESTPRODUCT2\",\"L_PAYMENTREQUEST_0_AMT2\":\"2.00\",\"L_PAYMENTREQUEST_0_QTY2\":\"1\",\"L_PAYMENTREQUEST_0_NAME3\":\"TESTPRODUCT1\",\"L_PAYMENTREQUEST_0_AMT3\":\"1.00\",\"L_PAYMENTREQUEST_0_QTY3\":\"1\",\"L_PAYMENTREQUEST_0_NAME4\":\"TESTPRODUCT1\",\"L_PAYMENTREQUEST_0_AMT4\":\"1.00\",\"L_PAYMENTREQUEST_0_QTY4\":\"1\",\"L_PAYMENTREQUEST_0_NAME5\":\"TESTPRODUCT2\",\"L_PAYMENTREQUEST_0_AMT5\":\"2.00\",\"L_PAYMENTREQUEST_0_QTY5\":\"1\",\"PAYMENTREQUEST_0_PAYMENTACTION\":\"Sale\",\"AUTHORIZE_TOKEN_USERACTION\":\"commit\",\"RETURNURL\":\"http:\\/\\/testshop.bimmer-tech.net\\/payment\\/capture\\/MxREgnpHts-WWkaNwLMiHL8_eKer6Nb3qOQeBr8qWww\",\"CANCELURL\":\"http:\\/\\/testshop.bimmer-tech.net\\/payment\\/capture\\/MxREgnpHts-WWkaNwLMiHL8_eKer6Nb3qOQeBr8qWww?cancelled=1\",\"PAYMENTREQUEST_0_NOTIFYURL\":\"http:\\/\\/testshop.bimmer-tech.net\\/payment\\/notify\\/rh7cUxZcP-F5OOwLBzL1dlXEE0bK9dYb5ajAh_MFfNo\",\"TOKEN\":\"EC-39R368872U755215J\",\"TIMESTAMP\":\"2019-05-02T13:45:28Z\",\"CORRELATIONID\":\"a6dd3c31955f2\",\"ACK\":\"Success\",\"VERSION\":\"65.1\",\"BUILD\":\"000000\",\"BILLINGAGREEMENTACCEPTEDSTATUS\":\"0\",\"CHECKOUTSTATUS\":\"PaymentActionCompleted\",\"CURRENCYCODE\":\"USD\",\"AMT\":\"258.00\",\"ITEMAMT\":\"258.00\",\"SHIPPINGAMT\":\"0.00\",\"HANDLINGAMT\":\"0.00\",\"TAXAMT\":\"0.00\",\"INVNUM\":\"690-32\",\"NOTIFYURL\":\"http:\\/\\/testshop.bimmer-tech.net\\/payment\\/notify\\/rh7cUxZcP-F5OOwLBzL1dlXEE0bK9dYb5ajAh_MFfNo\",\"INSURANCEAMT\":\"0.00\",\"SHIPDISCAMT\":\"0.00\",\"L_NAME0\":\"SiriusXM Satellite Radio Cable Activation\",\"L_NAME1\":\"TESTPRODUCT2\",\"L_NAME2\":\"TESTPRODUCT2\",\"L_NAME3\":\"TESTPRODUCT1\",\"L_NAME4\":\"TESTPRODUCT1\",\"L_NAME5\":\"TESTPRODUCT2\",\"L_QTY0\":\"1\",\"L_QTY1\":\"1\",\"L_QTY2\":\"1\",\"L_QTY3\":\"1\",\"L_QTY4\":\"1\",\"L_QTY5\":\"1\",\"L_TAXAMT0\":\"0.00\",\"L_TAXAMT1\":\"0.00\",\"L_TAXAMT2\":\"0.00\",\"L_TAXAMT3\":\"0.00\",\"L_TAXAMT4\":\"0.00\",\"L_TAXAMT5\":\"0.00\",\"L_AMT0\":\"250.00\",\"L_AMT1\":\"2.00\",\"L_AMT2\":\"2.00\",\"L_AMT3\":\"1.00\",\"L_AMT4\":\"1.00\",\"L_AMT5\":\"2.00\",\"L_ITEMWEIGHTVALUE0\":\"   0.00000\",\"L_ITEMWEIGHTVALUE1\":\"   0.00000\",\"L_ITEMWEIGHTVALUE2\":\"   0.00000\",\"L_ITEMWEIGHTVALUE3\":\"   0.00000\",\"L_ITEMWEIGHTVALUE4\":\"   0.00000\",\"L_ITEMWEIGHTVALUE5\":\"   0.00000\",\"L_ITEMLENGTHVALUE0\":\"   0.00000\",\"L_ITEMLENGTHVALUE1\":\"   0.00000\",\"L_ITEMLENGTHVALUE2\":\"   0.00000\",\"L_ITEMLENGTHVALUE3\":\"   0.00000\",\"L_ITEMLENGTHVALUE4\":\"   0.00000\",\"L_ITEMLENGTHVALUE5\":\"   0.00000\",\"L_ITEMWIDTHVALUE0\":\"   0.00000\",\"L_ITEMWIDTHVALUE1\":\"   0.00000\",\"L_ITEMWIDTHVALUE2\":\"   0.00000\",\"L_ITEMWIDTHVALUE3\":\"   0.00000\",\"L_ITEMWIDTHVALUE4\":\"   0.00000\",\"L_ITEMWIDTHVALUE5\":\"   0.00000\",\"L_ITEMHEIGHTVALUE0\":\"   0.00000\",\"L_ITEMHEIGHTVALUE1\":\"   0.00000\",\"L_ITEMHEIGHTVALUE2\":\"   0.00000\",\"L_ITEMHEIGHTVALUE3\":\"   0.00000\",\"L_ITEMHEIGHTVALUE4\":\"   0.00000\",\"L_ITEMHEIGHTVALUE5\":\"   0.00000\",\"PAYMENTREQUEST_0_SHIPPINGAMT\":\"0.00\",\"PAYMENTREQUEST_0_HANDLINGAMT\":\"0.00\",\"PAYMENTREQUEST_0_TAXAMT\":\"0.00\",\"PAYMENTREQUEST_0_INSURANCEAMT\":\"0.00\",\"PAYMENTREQUEST_0_SHIPDISCAMT\":\"0.00\",\"PAYMENTREQUEST_0_INSURANCEOPTIONOFFERED\":\"false\",\"L_PAYMENTREQUEST_0_TAXAMT0\":\"0.00\",\"L_PAYMENTREQUEST_0_TAXAMT1\":\"0.00\",\"L_PAYMENTREQUEST_0_TAXAMT2\":\"0.00\",\"L_PAYMENTREQUEST_0_TAXAMT3\":\"0.00\",\"L_PAYMENTREQUEST_0_TAXAMT4\":\"0.00\",\"L_PAYMENTREQUEST_0_TAXAMT5\":\"0.00\",\"L_PAYMENTREQUEST_0_ITEMWEIGHTVALUE0\":\"   0.00000\",\"L_PAYMENTREQUEST_0_ITEMWEIGHTVALUE1\":\"   0.00000\",\"L_PAYMENTREQUEST_0_ITEMWEIGHTVALUE2\":\"   0.00000\",\"L_PAYMENTREQUEST_0_ITEMWEIGHTVALUE3\":\"   0.00000\",\"L_PAYMENTREQUEST_0_ITEMWEIGHTVALUE4\":\"   0.00000\",\"L_PAYMENTREQUEST_0_ITEMWEIGHTVALUE5\":\"   0.00000\",\"L_PAYMENTREQUEST_0_ITEMLENGTHVALUE0\":\"   0.00000\",\"L_PAYMENTREQUEST_0_ITEMLENGTHVALUE1\":\"   0.00000\",\"L_PAYMENTREQUEST_0_ITEMLENGTHVALUE2\":\"   0.00000\",\"L_PAYMENTREQUEST_0_ITEMLENGTHVALUE3\":\"   0.00000\",\"L_PAYMENTREQUEST_0_ITEMLENGTHVALUE4\":\"   0.00000\",\"L_PAYMENTREQUEST_0_ITEMLENGTHVALUE5\":\"   0.00000\",\"L_PAYMENTREQUEST_0_ITEMWIDTHVALUE0\":\"   0.00000\",\"L_PAYMENTREQUEST_0_ITEMWIDTHVALUE1\":\"   0.00000\",\"L_PAYMENTREQUEST_0_ITEMWIDTHVALUE2\":\"   0.00000\",\"L_PAYMENTREQUEST_0_ITEMWIDTHVALUE3\":\"   0.00000\",\"L_PAYMENTREQUEST_0_ITEMWIDTHVALUE4\":\"   0.00000\",\"L_PAYMENTREQUEST_0_ITEMWIDTHVALUE5\":\"   0.00000\",\"L_PAYMENTREQUEST_0_ITEMHEIGHTVALUE0\":\"   0.00000\",\"L_PAYMENTREQUEST_0_ITEMHEIGHTVALUE1\":\"   0.00000\",\"L_PAYMENTREQUEST_0_ITEMHEIGHTVALUE2\":\"   0.00000\",\"L_PAYMENTREQUEST_0_ITEMHEIGHTVALUE3\":\"   0.00000\",\"L_PAYMENTREQUEST_0_ITEMHEIGHTVALUE4\":\"   0.00000\",\"L_PAYMENTREQUEST_0_ITEMHEIGHTVALUE5\":\"   0.00000\",\"PAYMENTREQUESTINFO_0_ERRORCODE\":\"0\",\"EMAIL\":\"taras.terletskij@bimmer-tech.net\",\"PAYERID\":\"8UPWNP6FPCTCJ\",\"PAYERSTATUS\":\"verified\",\"FIRSTNAME\":\"Taras\",\"LASTNAME\":\"Terletskij\",\"COUNTRYCODE\":\"US\",\"SHIPTONAME\":\"Taras Terletskij\",\"SHIPTOSTREET\":\"1 Main St\",\"SHIPTOCITY\":\"San Jose\",\"SHIPTOSTATE\":\"CA\",\"SHIPTOZIP\":\"95131\",\"SHIPTOCOUNTRYCODE\":\"US\",\"SHIPTOCOUNTRYNAME\":\"United States\",\"ADDRESSSTATUS\":\"Confirmed\",\"INSURANCEOPTIONOFFERED\":\"false\",\"PAYMENTREQUEST_0_SELLERPAYPALACCOUNTID\":\"paypal.bimmertech-facilitator@gmail.com\",\"PAYMENTREQUEST_0_SHIPTONAME\":\"Taras Terletskij\",\"PAYMENTREQUEST_0_SHIPTOSTREET\":\"1 Main St\",\"PAYMENTREQUEST_0_SHIPTOCITY\":\"San Jose\",\"PAYMENTREQUEST_0_SHIPTOSTATE\":\"CA\",\"PAYMENTREQUEST_0_SHIPTOZIP\":\"95131\",\"PAYMENTREQUEST_0_SHIPTOCOUNTRYCODE\":\"US\",\"PAYMENTREQUEST_0_SHIPTOCOUNTRYNAME\":\"United States\",\"PAYMENTREQUEST_0_ADDRESSSTATUS\":\"Confirmed\",\"SUCCESSPAGEREDIRECTREQUESTED\":\"false\",\"INSURANCEOPTIONSELECTED\":\"false\",\"SHIPPINGOPTIONISDEFAULT\":\"false\",\"PAYMENTINFO_0_TRANSACTIONID\":\"2AD88638XD087381U\",\"PAYMENTINFO_0_TRANSACTIONTYPE\":\"cart\",\"PAYMENTINFO_0_PAYMENTTYPE\":\"instant\",\"PAYMENTINFO_0_ORDERTIME\":\"2019-05-02T12:30:23Z\",\"PAYMENTINFO_0_AMT\":\"258.00\",\"PAYMENTINFO_0_FEEAMT\":\"7.78\",\"PAYMENTINFO_0_TAXAMT\":\"0.00\",\"PAYMENTINFO_0_CURRENCYCODE\":\"USD\",\"PAYMENTINFO_0_PAYMENTSTATUS\":\"Completed\",\"PAYMENTINFO_0_PENDINGREASON\":\"None\",\"PAYMENTINFO_0_REASONCODE\":\"None\",\"PAYMENTINFO_0_PROTECTIONELIGIBILITY\":\"Eligible\",\"PAYMENTINFO_0_PROTECTIONELIGIBILITYTYPE\":\"ItemNotReceivedEligible,UnauthorizedPaymentEligible\",\"PAYMENTINFO_0_SELLERPAYPALACCOUNTID\":\"paypal.bimmertech-facilitator@gmail.com\",\"PAYMENTINFO_0_ERRORCODE\":\"0\",\"PAYMENTINFO_0_ACK\":\"Success\",\"TRANSACTIONID\":\"2AD88638XD087381U\",\"PAYMENTREQUEST_0_TRANSACTIONID\":\"2AD88638XD087381U\",\"PAYMENTREQUESTINFO_0_TRANSACTIONID\":\"2AD88638XD087381U\",\"PAYMENTREQUEST_0_TRANSACTIONTYPE\":\"cart\",\"PAYMENTREQUEST_0_PAYMENTTYPE\":\"instant\",\"PAYMENTREQUEST_0_ORDERTIME\":\"2019-05-02T12:30:23Z\",\"PAYMENTREQUEST_0_FEEAMT\":\"7.78\",\"PAYMENTREQUEST_0_PAYMENTSTATUS\":\"PartiallyRefunded\",\"PAYMENTREQUEST_0_PENDINGREASON\":\"None\",\"PAYMENTREQUEST_0_REASONCODE\":\"None\"}', '2019-05-02 12:03:57', '2019-05-02 13:45:30'),
(33, 20, 693, 'USD', 327200, 'cart', '[]', '2019-05-07 07:06:11', '2019-05-07 07:06:11'),
(34, 20, 693, 'USD', 327200, 'new', '{\"PAYMENTREQUEST_0_INVNUM\":\"693-34\",\"PAYMENTREQUEST_0_CURRENCYCODE\":\"USD\",\"PAYMENTREQUEST_0_AMT\":\"3272.00\",\"PAYMENTREQUEST_0_ITEMAMT\":\"3272.00\",\"L_PAYMENTREQUEST_0_NAME0\":\"Grill-Friendly Front View Camera for F30\",\"L_PAYMENTREQUEST_0_AMT0\":\"549.00\",\"L_PAYMENTREQUEST_0_QTY0\":\"1\",\"L_PAYMENTREQUEST_0_NAME1\":\"2 Year Extended Warranty\",\"L_PAYMENTREQUEST_0_AMT1\":\"0.00\",\"L_PAYMENTREQUEST_0_QTY1\":\"1\",\"L_PAYMENTREQUEST_0_NAME2\":\"SmartView HD ATV4\",\"L_PAYMENTREQUEST_0_AMT2\":\"350.00\",\"L_PAYMENTREQUEST_0_QTY2\":\"1\",\"L_PAYMENTREQUEST_0_NAME3\":\"SmartView HD ATV3\",\"L_PAYMENTREQUEST_0_AMT3\":\"275.00\",\"L_PAYMENTREQUEST_0_QTY3\":\"1\",\"L_PAYMENTREQUEST_0_NAME4\":\"Front View Camera Retrofit\",\"L_PAYMENTREQUEST_0_AMT4\":\"549.00\",\"L_PAYMENTREQUEST_0_QTY4\":\"2\",\"L_PAYMENTREQUEST_0_NAME5\":\"2 Year Extended Warranty\",\"L_PAYMENTREQUEST_0_AMT5\":\"0.00\",\"L_PAYMENTREQUEST_0_QTY5\":\"2\",\"L_PAYMENTREQUEST_0_NAME6\":\"VividScreen\",\"L_PAYMENTREQUEST_0_AMT6\":\"200.00\",\"L_PAYMENTREQUEST_0_QTY6\":\"2\",\"L_PAYMENTREQUEST_0_NAME7\":\"Rear View Camera\",\"L_PAYMENTREQUEST_0_AMT7\":\"300.00\",\"L_PAYMENTREQUEST_0_QTY7\":\"2\",\"PAYMENTREQUEST_0_PAYMENTACTION\":\"Sale\",\"AUTHORIZE_TOKEN_USERACTION\":\"commit\",\"RETURNURL\":\"http:\\/\\/testshop.bimmer-tech.net\\/payment\\/capture\\/--QHLJcjqiyE82FxgOkUDk33QtraNZKWnSwjH0DLCtQ\",\"CANCELURL\":\"http:\\/\\/testshop.bimmer-tech.net\\/payment\\/capture\\/--QHLJcjqiyE82FxgOkUDk33QtraNZKWnSwjH0DLCtQ?cancelled=1\",\"PAYMENTREQUEST_0_NOTIFYURL\":\"http:\\/\\/testshop.bimmer-tech.net\\/payment\\/notify\\/NrHuShJoHzmShUZkK_papV3Utuf4f-ck-nXmReLREFg\",\"TOKEN\":\"EC-0KE0527070620394X\",\"TIMESTAMP\":\"2019-05-07T07:06:33Z\",\"CORRELATIONID\":\"3dec7d512e21\",\"ACK\":\"Success\",\"VERSION\":\"65.1\",\"BUILD\":\"52688019\",\"BILLINGAGREEMENTACCEPTEDSTATUS\":\"0\",\"CHECKOUTSTATUS\":\"PaymentActionNotInitiated\",\"CURRENCYCODE\":\"USD\",\"AMT\":\"3272.00\",\"ITEMAMT\":\"3272.00\",\"SHIPPINGAMT\":\"0.00\",\"HANDLINGAMT\":\"0.00\",\"TAXAMT\":\"0.00\",\"INVNUM\":\"693-34\",\"NOTIFYURL\":\"http:\\/\\/testshop.bimmer-tech.net\\/payment\\/notify\\/NrHuShJoHzmShUZkK_papV3Utuf4f-ck-nXmReLREFg\",\"INSURANCEAMT\":\"0.00\",\"SHIPDISCAMT\":\"0.00\",\"L_NAME0\":\"Grill-Friendly Front View Camera for F30\",\"L_NAME1\":\"2 Year Extended Warranty\",\"L_NAME2\":\"SmartView HD ATV4\",\"L_NAME3\":\"SmartView HD ATV3\",\"L_NAME4\":\"Front View Camera Retrofit\",\"L_NAME5\":\"2 Year Extended Warranty\",\"L_NAME6\":\"VividScreen\",\"L_NAME7\":\"Rear View Camera\",\"L_QTY0\":\"1\",\"L_QTY1\":\"1\",\"L_QTY2\":\"1\",\"L_QTY3\":\"1\",\"L_QTY4\":\"2\",\"L_QTY5\":\"2\",\"L_QTY6\":\"2\",\"L_QTY7\":\"2\",\"L_TAXAMT0\":\"0.00\",\"L_TAXAMT1\":\"0.00\",\"L_TAXAMT2\":\"0.00\",\"L_TAXAMT3\":\"0.00\",\"L_TAXAMT4\":\"0.00\",\"L_TAXAMT5\":\"0.00\",\"L_TAXAMT6\":\"0.00\",\"L_TAXAMT7\":\"0.00\",\"L_AMT0\":\"549.00\",\"L_AMT1\":\"0.00\",\"L_AMT2\":\"350.00\",\"L_AMT3\":\"275.00\",\"L_AMT4\":\"549.00\",\"L_AMT5\":\"0.00\",\"L_AMT6\":\"200.00\",\"L_AMT7\":\"300.00\",\"L_ITEMWEIGHTVALUE0\":\"   0.00000\",\"L_ITEMWEIGHTVALUE1\":\"   0.00000\",\"L_ITEMWEIGHTVALUE2\":\"   0.00000\",\"L_ITEMWEIGHTVALUE3\":\"   0.00000\",\"L_ITEMWEIGHTVALUE4\":\"   0.00000\",\"L_ITEMWEIGHTVALUE5\":\"   0.00000\",\"L_ITEMWEIGHTVALUE6\":\"   0.00000\",\"L_ITEMWEIGHTVALUE7\":\"   0.00000\",\"L_ITEMLENGTHVALUE0\":\"   0.00000\",\"L_ITEMLENGTHVALUE1\":\"   0.00000\",\"L_ITEMLENGTHVALUE2\":\"   0.00000\",\"L_ITEMLENGTHVALUE3\":\"   0.00000\",\"L_ITEMLENGTHVALUE4\":\"   0.00000\",\"L_ITEMLENGTHVALUE5\":\"   0.00000\",\"L_ITEMLENGTHVALUE6\":\"   0.00000\",\"L_ITEMLENGTHVALUE7\":\"   0.00000\",\"L_ITEMWIDTHVALUE0\":\"   0.00000\",\"L_ITEMWIDTHVALUE1\":\"   0.00000\",\"L_ITEMWIDTHVALUE2\":\"   0.00000\",\"L_ITEMWIDTHVALUE3\":\"   0.00000\",\"L_ITEMWIDTHVALUE4\":\"   0.00000\",\"L_ITEMWIDTHVALUE5\":\"   0.00000\",\"L_ITEMWIDTHVALUE6\":\"   0.00000\",\"L_ITEMWIDTHVALUE7\":\"   0.00000\",\"L_ITEMHEIGHTVALUE0\":\"   0.00000\",\"L_ITEMHEIGHTVALUE1\":\"   0.00000\",\"L_ITEMHEIGHTVALUE2\":\"   0.00000\",\"L_ITEMHEIGHTVALUE3\":\"   0.00000\",\"L_ITEMHEIGHTVALUE4\":\"   0.00000\",\"L_ITEMHEIGHTVALUE5\":\"   0.00000\",\"L_ITEMHEIGHTVALUE6\":\"   0.00000\",\"L_ITEMHEIGHTVALUE7\":\"   0.00000\",\"PAYMENTREQUEST_0_SHIPPINGAMT\":\"0.00\",\"PAYMENTREQUEST_0_HANDLINGAMT\":\"0.00\",\"PAYMENTREQUEST_0_TAXAMT\":\"0.00\",\"PAYMENTREQUEST_0_INSURANCEAMT\":\"0.00\",\"PAYMENTREQUEST_0_SHIPDISCAMT\":\"0.00\",\"PAYMENTREQUEST_0_INSURANCEOPTIONOFFERED\":\"false\",\"L_PAYMENTREQUEST_0_TAXAMT0\":\"0.00\",\"L_PAYMENTREQUEST_0_TAXAMT1\":\"0.00\",\"L_PAYMENTREQUEST_0_TAXAMT2\":\"0.00\",\"L_PAYMENTREQUEST_0_TAXAMT3\":\"0.00\",\"L_PAYMENTREQUEST_0_TAXAMT4\":\"0.00\",\"L_PAYMENTREQUEST_0_TAXAMT5\":\"0.00\",\"L_PAYMENTREQUEST_0_TAXAMT6\":\"0.00\",\"L_PAYMENTREQUEST_0_TAXAMT7\":\"0.00\",\"L_PAYMENTREQUEST_0_ITEMWEIGHTVALUE0\":\"   0.00000\",\"L_PAYMENTREQUEST_0_ITEMWEIGHTVALUE1\":\"   0.00000\",\"L_PAYMENTREQUEST_0_ITEMWEIGHTVALUE2\":\"   0.00000\",\"L_PAYMENTREQUEST_0_ITEMWEIGHTVALUE3\":\"   0.00000\",\"L_PAYMENTREQUEST_0_ITEMWEIGHTVALUE4\":\"   0.00000\",\"L_PAYMENTREQUEST_0_ITEMWEIGHTVALUE5\":\"   0.00000\",\"L_PAYMENTREQUEST_0_ITEMWEIGHTVALUE6\":\"   0.00000\",\"L_PAYMENTREQUEST_0_ITEMWEIGHTVALUE7\":\"   0.00000\",\"L_PAYMENTREQUEST_0_ITEMLENGTHVALUE0\":\"   0.00000\",\"L_PAYMENTREQUEST_0_ITEMLENGTHVALUE1\":\"   0.00000\",\"L_PAYMENTREQUEST_0_ITEMLENGTHVALUE2\":\"   0.00000\",\"L_PAYMENTREQUEST_0_ITEMLENGTHVALUE3\":\"   0.00000\",\"L_PAYMENTREQUEST_0_ITEMLENGTHVALUE4\":\"   0.00000\",\"L_PAYMENTREQUEST_0_ITEMLENGTHVALUE5\":\"   0.00000\",\"L_PAYMENTREQUEST_0_ITEMLENGTHVALUE6\":\"   0.00000\",\"L_PAYMENTREQUEST_0_ITEMLENGTHVALUE7\":\"   0.00000\",\"L_PAYMENTREQUEST_0_ITEMWIDTHVALUE0\":\"   0.00000\",\"L_PAYMENTREQUEST_0_ITEMWIDTHVALUE1\":\"   0.00000\",\"L_PAYMENTREQUEST_0_ITEMWIDTHVALUE2\":\"   0.00000\",\"L_PAYMENTREQUEST_0_ITEMWIDTHVALUE3\":\"   0.00000\",\"L_PAYMENTREQUEST_0_ITEMWIDTHVALUE4\":\"   0.00000\",\"L_PAYMENTREQUEST_0_ITEMWIDTHVALUE5\":\"   0.00000\",\"L_PAYMENTREQUEST_0_ITEMWIDTHVALUE6\":\"   0.00000\",\"L_PAYMENTREQUEST_0_ITEMWIDTHVALUE7\":\"   0.00000\",\"L_PAYMENTREQUEST_0_ITEMHEIGHTVALUE0\":\"   0.00000\",\"L_PAYMENTREQUEST_0_ITEMHEIGHTVALUE1\":\"   0.00000\",\"L_PAYMENTREQUEST_0_ITEMHEIGHTVALUE2\":\"   0.00000\",\"L_PAYMENTREQUEST_0_ITEMHEIGHTVALUE3\":\"   0.00000\",\"L_PAYMENTREQUEST_0_ITEMHEIGHTVALUE4\":\"   0.00000\",\"L_PAYMENTREQUEST_0_ITEMHEIGHTVALUE5\":\"   0.00000\",\"L_PAYMENTREQUEST_0_ITEMHEIGHTVALUE6\":\"   0.00000\",\"L_PAYMENTREQUEST_0_ITEMHEIGHTVALUE7\":\"   0.00000\",\"PAYMENTREQUESTINFO_0_ERRORCODE\":\"0\"}', '2019-05-07 07:06:30', '2019-05-07 07:06:33'),
(35, 20, 694, 'USD', 377100, 'cart', '[]', '2019-05-07 07:11:32', '2019-05-07 07:11:32'),
(36, 20, 694, 'USD', 377100, 'completed', '{\"PAYMENTREQUEST_0_INVNUM\":\"694-36\",\"PAYMENTREQUEST_0_CURRENCYCODE\":\"USD\",\"PAYMENTREQUEST_0_AMT\":\"3771.00\",\"PAYMENTREQUEST_0_ITEMAMT\":\"3771.00\",\"L_PAYMENTREQUEST_0_NAME0\":\"SmartView HD Apple TV3\",\"L_PAYMENTREQUEST_0_AMT0\":\"624.00\",\"L_PAYMENTREQUEST_0_QTY0\":\"1\",\"L_PAYMENTREQUEST_0_NAME1\":\"1 Year Standard Warranty\",\"L_PAYMENTREQUEST_0_AMT1\":\"0.00\",\"L_PAYMENTREQUEST_0_QTY1\":\"1\",\"L_PAYMENTREQUEST_0_NAME2\":\"Grill-Friendly Front View Camera for F30\",\"L_PAYMENTREQUEST_0_AMT2\":\"549.00\",\"L_PAYMENTREQUEST_0_QTY2\":\"2\",\"L_PAYMENTREQUEST_0_NAME3\":\"2 Year Extended Warranty\",\"L_PAYMENTREQUEST_0_AMT3\":\"0.00\",\"L_PAYMENTREQUEST_0_QTY3\":\"2\",\"L_PAYMENTREQUEST_0_NAME4\":\"SmartView HD ATV4\",\"L_PAYMENTREQUEST_0_AMT4\":\"350.00\",\"L_PAYMENTREQUEST_0_QTY4\":\"2\",\"L_PAYMENTREQUEST_0_NAME5\":\"SmartView HD ATV3\",\"L_PAYMENTREQUEST_0_AMT5\":\"275.00\",\"L_PAYMENTREQUEST_0_QTY5\":\"2\",\"L_PAYMENTREQUEST_0_NAME6\":\"Front View Camera Retrofit\",\"L_PAYMENTREQUEST_0_AMT6\":\"549.00\",\"L_PAYMENTREQUEST_0_QTY6\":\"1\",\"L_PAYMENTREQUEST_0_NAME7\":\"2 Year Extended Warranty\",\"L_PAYMENTREQUEST_0_AMT7\":\"0.00\",\"L_PAYMENTREQUEST_0_QTY7\":\"1\",\"L_PAYMENTREQUEST_0_NAME8\":\"SmartView HD Flex\",\"L_PAYMENTREQUEST_0_AMT8\":\"250.00\",\"L_PAYMENTREQUEST_0_QTY8\":\"1\",\"PAYMENTREQUEST_0_PAYMENTACTION\":\"Sale\",\"AUTHORIZE_TOKEN_USERACTION\":\"commit\",\"RETURNURL\":\"http:\\/\\/testshop.bimmer-tech.net\\/payment\\/capture\\/7EMhGhvs1HhtjtgKNKziI8ZUADImUD5lHviSNU7imaU\",\"CANCELURL\":\"http:\\/\\/testshop.bimmer-tech.net\\/payment\\/capture\\/7EMhGhvs1HhtjtgKNKziI8ZUADImUD5lHviSNU7imaU?cancelled=1\",\"PAYMENTREQUEST_0_NOTIFYURL\":\"http:\\/\\/testshop.bimmer-tech.net\\/payment\\/notify\\/kdR2vIo8so_thW_cJVwD2kr1FBwIIvbN1izixP2TPXM\",\"TOKEN\":\"EC-6XA83531JN325083K\",\"TIMESTAMP\":\"2019-05-07T07:15:51Z\",\"CORRELATIONID\":\"c5a2ba1b7906c\",\"ACK\":\"Success\",\"VERSION\":\"65.1\",\"BUILD\":\"52688019\",\"BILLINGAGREEMENTACCEPTEDSTATUS\":\"0\",\"CHECKOUTSTATUS\":\"PaymentActionCompleted\",\"CURRENCYCODE\":\"USD\",\"AMT\":\"3771.00\",\"ITEMAMT\":\"3771.00\",\"SHIPPINGAMT\":\"0.00\",\"HANDLINGAMT\":\"0.00\",\"TAXAMT\":\"0.00\",\"INVNUM\":\"694-36\",\"NOTIFYURL\":\"http:\\/\\/testshop.bimmer-tech.net\\/payment\\/notify\\/kdR2vIo8so_thW_cJVwD2kr1FBwIIvbN1izixP2TPXM\",\"INSURANCEAMT\":\"0.00\",\"SHIPDISCAMT\":\"0.00\",\"L_NAME0\":\"SmartView HD Apple TV3\",\"L_NAME1\":\"1 Year Standard Warranty\",\"L_NAME2\":\"Grill-Friendly Front View Camera for F30\",\"L_NAME3\":\"2 Year Extended Warranty\",\"L_NAME4\":\"SmartView HD ATV4\",\"L_NAME5\":\"SmartView HD ATV3\",\"L_NAME6\":\"Front View Camera Retrofit\",\"L_NAME7\":\"2 Year Extended Warranty\",\"L_NAME8\":\"SmartView HD Flex\",\"L_QTY0\":\"1\",\"L_QTY1\":\"1\",\"L_QTY2\":\"2\",\"L_QTY3\":\"2\",\"L_QTY4\":\"2\",\"L_QTY5\":\"2\",\"L_QTY6\":\"1\",\"L_QTY7\":\"1\",\"L_QTY8\":\"1\",\"L_TAXAMT0\":\"0.00\",\"L_TAXAMT1\":\"0.00\",\"L_TAXAMT2\":\"0.00\",\"L_TAXAMT3\":\"0.00\",\"L_TAXAMT4\":\"0.00\",\"L_TAXAMT5\":\"0.00\",\"L_TAXAMT6\":\"0.00\",\"L_TAXAMT7\":\"0.00\",\"L_TAXAMT8\":\"0.00\",\"L_AMT0\":\"624.00\",\"L_AMT1\":\"0.00\",\"L_AMT2\":\"549.00\",\"L_AMT3\":\"0.00\",\"L_AMT4\":\"350.00\",\"L_AMT5\":\"275.00\",\"L_AMT6\":\"549.00\",\"L_AMT7\":\"0.00\",\"L_AMT8\":\"250.00\",\"L_ITEMWEIGHTVALUE0\":\"   0.00000\",\"L_ITEMWEIGHTVALUE1\":\"   0.00000\",\"L_ITEMWEIGHTVALUE2\":\"   0.00000\",\"L_ITEMWEIGHTVALUE3\":\"   0.00000\",\"L_ITEMWEIGHTVALUE4\":\"   0.00000\",\"L_ITEMWEIGHTVALUE5\":\"   0.00000\",\"L_ITEMWEIGHTVALUE6\":\"   0.00000\",\"L_ITEMWEIGHTVALUE7\":\"   0.00000\",\"L_ITEMWEIGHTVALUE8\":\"   0.00000\",\"L_ITEMLENGTHVALUE0\":\"   0.00000\",\"L_ITEMLENGTHVALUE1\":\"   0.00000\",\"L_ITEMLENGTHVALUE2\":\"   0.00000\",\"L_ITEMLENGTHVALUE3\":\"   0.00000\",\"L_ITEMLENGTHVALUE4\":\"   0.00000\",\"L_ITEMLENGTHVALUE5\":\"   0.00000\",\"L_ITEMLENGTHVALUE6\":\"   0.00000\",\"L_ITEMLENGTHVALUE7\":\"   0.00000\",\"L_ITEMLENGTHVALUE8\":\"   0.00000\",\"L_ITEMWIDTHVALUE0\":\"   0.00000\",\"L_ITEMWIDTHVALUE1\":\"   0.00000\",\"L_ITEMWIDTHVALUE2\":\"   0.00000\",\"L_ITEMWIDTHVALUE3\":\"   0.00000\",\"L_ITEMWIDTHVALUE4\":\"   0.00000\",\"L_ITEMWIDTHVALUE5\":\"   0.00000\",\"L_ITEMWIDTHVALUE6\":\"   0.00000\",\"L_ITEMWIDTHVALUE7\":\"   0.00000\",\"L_ITEMWIDTHVALUE8\":\"   0.00000\",\"L_ITEMHEIGHTVALUE0\":\"   0.00000\",\"L_ITEMHEIGHTVALUE1\":\"   0.00000\",\"L_ITEMHEIGHTVALUE2\":\"   0.00000\",\"L_ITEMHEIGHTVALUE3\":\"   0.00000\",\"L_ITEMHEIGHTVALUE4\":\"   0.00000\",\"L_ITEMHEIGHTVALUE5\":\"   0.00000\",\"L_ITEMHEIGHTVALUE6\":\"   0.00000\",\"L_ITEMHEIGHTVALUE7\":\"   0.00000\",\"L_ITEMHEIGHTVALUE8\":\"   0.00000\",\"PAYMENTREQUEST_0_SHIPPINGAMT\":\"0.00\",\"PAYMENTREQUEST_0_HANDLINGAMT\":\"0.00\",\"PAYMENTREQUEST_0_TAXAMT\":\"0.00\",\"PAYMENTREQUEST_0_INSURANCEAMT\":\"0.00\",\"PAYMENTREQUEST_0_SHIPDISCAMT\":\"0.00\",\"PAYMENTREQUEST_0_INSURANCEOPTIONOFFERED\":\"false\",\"L_PAYMENTREQUEST_0_TAXAMT0\":\"0.00\",\"L_PAYMENTREQUEST_0_TAXAMT1\":\"0.00\",\"L_PAYMENTREQUEST_0_TAXAMT2\":\"0.00\",\"L_PAYMENTREQUEST_0_TAXAMT3\":\"0.00\",\"L_PAYMENTREQUEST_0_TAXAMT4\":\"0.00\",\"L_PAYMENTREQUEST_0_TAXAMT5\":\"0.00\",\"L_PAYMENTREQUEST_0_TAXAMT6\":\"0.00\",\"L_PAYMENTREQUEST_0_TAXAMT7\":\"0.00\",\"L_PAYMENTREQUEST_0_TAXAMT8\":\"0.00\",\"L_PAYMENTREQUEST_0_ITEMWEIGHTVALUE0\":\"   0.00000\",\"L_PAYMENTREQUEST_0_ITEMWEIGHTVALUE1\":\"   0.00000\",\"L_PAYMENTREQUEST_0_ITEMWEIGHTVALUE2\":\"   0.00000\",\"L_PAYMENTREQUEST_0_ITEMWEIGHTVALUE3\":\"   0.00000\",\"L_PAYMENTREQUEST_0_ITEMWEIGHTVALUE4\":\"   0.00000\",\"L_PAYMENTREQUEST_0_ITEMWEIGHTVALUE5\":\"   0.00000\",\"L_PAYMENTREQUEST_0_ITEMWEIGHTVALUE6\":\"   0.00000\",\"L_PAYMENTREQUEST_0_ITEMWEIGHTVALUE7\":\"   0.00000\",\"L_PAYMENTREQUEST_0_ITEMWEIGHTVALUE8\":\"   0.00000\",\"L_PAYMENTREQUEST_0_ITEMLENGTHVALUE0\":\"   0.00000\",\"L_PAYMENTREQUEST_0_ITEMLENGTHVALUE1\":\"   0.00000\",\"L_PAYMENTREQUEST_0_ITEMLENGTHVALUE2\":\"   0.00000\",\"L_PAYMENTREQUEST_0_ITEMLENGTHVALUE3\":\"   0.00000\",\"L_PAYMENTREQUEST_0_ITEMLENGTHVALUE4\":\"   0.00000\",\"L_PAYMENTREQUEST_0_ITEMLENGTHVALUE5\":\"   0.00000\",\"L_PAYMENTREQUEST_0_ITEMLENGTHVALUE6\":\"   0.00000\",\"L_PAYMENTREQUEST_0_ITEMLENGTHVALUE7\":\"   0.00000\",\"L_PAYMENTREQUEST_0_ITEMLENGTHVALUE8\":\"   0.00000\",\"L_PAYMENTREQUEST_0_ITEMWIDTHVALUE0\":\"   0.00000\",\"L_PAYMENTREQUEST_0_ITEMWIDTHVALUE1\":\"   0.00000\",\"L_PAYMENTREQUEST_0_ITEMWIDTHVALUE2\":\"   0.00000\",\"L_PAYMENTREQUEST_0_ITEMWIDTHVALUE3\":\"   0.00000\",\"L_PAYMENTREQUEST_0_ITEMWIDTHVALUE4\":\"   0.00000\",\"L_PAYMENTREQUEST_0_ITEMWIDTHVALUE5\":\"   0.00000\",\"L_PAYMENTREQUEST_0_ITEMWIDTHVALUE6\":\"   0.00000\",\"L_PAYMENTREQUEST_0_ITEMWIDTHVALUE7\":\"   0.00000\",\"L_PAYMENTREQUEST_0_ITEMWIDTHVALUE8\":\"   0.00000\",\"L_PAYMENTREQUEST_0_ITEMHEIGHTVALUE0\":\"   0.00000\",\"L_PAYMENTREQUEST_0_ITEMHEIGHTVALUE1\":\"   0.00000\",\"L_PAYMENTREQUEST_0_ITEMHEIGHTVALUE2\":\"   0.00000\",\"L_PAYMENTREQUEST_0_ITEMHEIGHTVALUE3\":\"   0.00000\",\"L_PAYMENTREQUEST_0_ITEMHEIGHTVALUE4\":\"   0.00000\",\"L_PAYMENTREQUEST_0_ITEMHEIGHTVALUE5\":\"   0.00000\",\"L_PAYMENTREQUEST_0_ITEMHEIGHTVALUE6\":\"   0.00000\",\"L_PAYMENTREQUEST_0_ITEMHEIGHTVALUE7\":\"   0.00000\",\"L_PAYMENTREQUEST_0_ITEMHEIGHTVALUE8\":\"   0.00000\",\"PAYMENTREQUESTINFO_0_ERRORCODE\":\"0\",\"EMAIL\":\"taras.terletskij@bimmer-tech.net\",\"PAYERID\":\"8UPWNP6FPCTCJ\",\"PAYERSTATUS\":\"verified\",\"FIRSTNAME\":\"Taras\",\"LASTNAME\":\"Terletskij\",\"COUNTRYCODE\":\"US\",\"SHIPTONAME\":\"Taras Terletskij\",\"SHIPTOSTREET\":\"1 Main St\",\"SHIPTOCITY\":\"San Jose\",\"SHIPTOSTATE\":\"CA\",\"SHIPTOZIP\":\"95131\",\"SHIPTOCOUNTRYCODE\":\"US\",\"SHIPTOCOUNTRYNAME\":\"United States\",\"ADDRESSSTATUS\":\"Confirmed\",\"INSURANCEOPTIONOFFERED\":\"false\",\"PAYMENTREQUEST_0_SELLERPAYPALACCOUNTID\":\"paypal.bimmertech-facilitator@gmail.com\",\"PAYMENTREQUEST_0_SHIPTONAME\":\"Taras Terletskij\",\"PAYMENTREQUEST_0_SHIPTOSTREET\":\"1 Main St\",\"PAYMENTREQUEST_0_SHIPTOCITY\":\"San Jose\",\"PAYMENTREQUEST_0_SHIPTOSTATE\":\"CA\",\"PAYMENTREQUEST_0_SHIPTOZIP\":\"95131\",\"PAYMENTREQUEST_0_SHIPTOCOUNTRYCODE\":\"US\",\"PAYMENTREQUEST_0_SHIPTOCOUNTRYNAME\":\"United States\",\"PAYMENTREQUEST_0_ADDRESSSTATUS\":\"Confirmed\",\"SUCCESSPAGEREDIRECTREQUESTED\":\"false\",\"INSURANCEOPTIONSELECTED\":\"false\",\"SHIPPINGOPTIONISDEFAULT\":\"false\",\"PAYMENTINFO_0_TRANSACTIONID\":\"9K900758UC388024F\",\"PAYMENTINFO_0_TRANSACTIONTYPE\":\"cart\",\"PAYMENTINFO_0_PAYMENTTYPE\":\"instant\",\"PAYMENTINFO_0_ORDERTIME\":\"2019-05-07T07:12:19Z\",\"PAYMENTINFO_0_AMT\":\"3771.00\",\"PAYMENTINFO_0_FEEAMT\":\"109.66\",\"PAYMENTINFO_0_TAXAMT\":\"0.00\",\"PAYMENTINFO_0_CURRENCYCODE\":\"USD\",\"PAYMENTINFO_0_PAYMENTSTATUS\":\"Completed\",\"PAYMENTINFO_0_PENDINGREASON\":\"None\",\"PAYMENTINFO_0_REASONCODE\":\"None\",\"PAYMENTINFO_0_PROTECTIONELIGIBILITY\":\"Eligible\",\"PAYMENTINFO_0_PROTECTIONELIGIBILITYTYPE\":\"ItemNotReceivedEligible,UnauthorizedPaymentEligible\",\"PAYMENTINFO_0_SELLERPAYPALACCOUNTID\":\"paypal.bimmertech-facilitator@gmail.com\",\"PAYMENTINFO_0_ERRORCODE\":\"0\",\"PAYMENTINFO_0_ACK\":\"Success\",\"TRANSACTIONID\":\"9K900758UC388024F\",\"PAYMENTREQUEST_0_TRANSACTIONID\":\"9K900758UC388024F\",\"PAYMENTREQUESTINFO_0_TRANSACTIONID\":\"9K900758UC388024F\",\"PAYMENTREQUEST_0_TRANSACTIONTYPE\":\"cart\",\"PAYMENTREQUEST_0_PAYMENTTYPE\":\"instant\",\"PAYMENTREQUEST_0_ORDERTIME\":\"2019-05-07T07:12:19Z\",\"PAYMENTREQUEST_0_FEEAMT\":\"109.66\",\"PAYMENTREQUEST_0_PAYMENTSTATUS\":\"PartiallyRefunded\",\"PAYMENTREQUEST_0_PENDINGREASON\":\"None\",\"PAYMENTREQUEST_0_REASONCODE\":\"None\"}', '2019-05-07 07:11:44', '2019-05-07 07:15:53'),
(37, 20, 696, 'USD', 77500, 'cart', '[]', '2019-05-07 07:24:03', '2019-05-07 07:24:03'),
(38, 20, 696, 'USD', 77500, 'completed', '{\"PAYMENTREQUEST_0_INVNUM\":\"696-38\",\"PAYMENTREQUEST_0_CURRENCYCODE\":\"USD\",\"PAYMENTREQUEST_0_AMT\":\"775.00\",\"PAYMENTREQUEST_0_ITEMAMT\":\"775.00\",\"L_PAYMENTREQUEST_0_NAME0\":\"SmartView HD Apple TV3\",\"L_PAYMENTREQUEST_0_AMT0\":\"275.00\",\"L_PAYMENTREQUEST_0_QTY0\":\"1\",\"L_PAYMENTREQUEST_0_NAME1\":\"1 Year Standard Warranty\",\"L_PAYMENTREQUEST_0_AMT1\":\"0.00\",\"L_PAYMENTREQUEST_0_QTY1\":\"1\",\"L_PAYMENTREQUEST_0_NAME2\":\"VividScreen\",\"L_PAYMENTREQUEST_0_AMT2\":\"200.00\",\"L_PAYMENTREQUEST_0_QTY2\":\"1\",\"L_PAYMENTREQUEST_0_NAME3\":\"Rear View Camera\",\"L_PAYMENTREQUEST_0_AMT3\":\"300.00\",\"L_PAYMENTREQUEST_0_QTY3\":\"1\",\"PAYMENTREQUEST_0_PAYMENTACTION\":\"Sale\",\"AUTHORIZE_TOKEN_USERACTION\":\"commit\",\"RETURNURL\":\"http:\\/\\/testshop.bimmer-tech.net\\/payment\\/capture\\/EZs05UdFoGXiX3QodRvIoiF6EXWmqcLTBYWdqILe67Y\",\"CANCELURL\":\"http:\\/\\/testshop.bimmer-tech.net\\/payment\\/capture\\/EZs05UdFoGXiX3QodRvIoiF6EXWmqcLTBYWdqILe67Y?cancelled=1\",\"PAYMENTREQUEST_0_NOTIFYURL\":\"http:\\/\\/testshop.bimmer-tech.net\\/payment\\/notify\\/gl_u0YlNLMaw_pQoauPClpcipjO-jGC597qyagvMv50\",\"TOKEN\":\"EC-970639926C224390T\",\"TIMESTAMP\":\"2019-05-07T07:25:46Z\",\"CORRELATIONID\":\"b514f798369e\",\"ACK\":\"Success\",\"VERSION\":\"65.1\",\"BUILD\":\"52688019\",\"BILLINGAGREEMENTACCEPTEDSTATUS\":\"0\",\"CHECKOUTSTATUS\":\"PaymentActionCompleted\",\"CURRENCYCODE\":\"USD\",\"AMT\":\"775.00\",\"ITEMAMT\":\"775.00\",\"SHIPPINGAMT\":\"0.00\",\"HANDLINGAMT\":\"0.00\",\"TAXAMT\":\"0.00\",\"INVNUM\":\"696-38\",\"NOTIFYURL\":\"http:\\/\\/testshop.bimmer-tech.net\\/payment\\/notify\\/gl_u0YlNLMaw_pQoauPClpcipjO-jGC597qyagvMv50\",\"INSURANCEAMT\":\"0.00\",\"SHIPDISCAMT\":\"0.00\",\"L_NAME0\":\"SmartView HD Apple TV3\",\"L_NAME1\":\"1 Year Standard Warranty\",\"L_NAME2\":\"VividScreen\",\"L_NAME3\":\"Rear View Camera\",\"L_QTY0\":\"1\",\"L_QTY1\":\"1\",\"L_QTY2\":\"1\",\"L_QTY3\":\"1\",\"L_TAXAMT0\":\"0.00\",\"L_TAXAMT1\":\"0.00\",\"L_TAXAMT2\":\"0.00\",\"L_TAXAMT3\":\"0.00\",\"L_AMT0\":\"275.00\",\"L_AMT1\":\"0.00\",\"L_AMT2\":\"200.00\",\"L_AMT3\":\"300.00\",\"L_ITEMWEIGHTVALUE0\":\"   0.00000\",\"L_ITEMWEIGHTVALUE1\":\"   0.00000\",\"L_ITEMWEIGHTVALUE2\":\"   0.00000\",\"L_ITEMWEIGHTVALUE3\":\"   0.00000\",\"L_ITEMLENGTHVALUE0\":\"   0.00000\",\"L_ITEMLENGTHVALUE1\":\"   0.00000\",\"L_ITEMLENGTHVALUE2\":\"   0.00000\",\"L_ITEMLENGTHVALUE3\":\"   0.00000\",\"L_ITEMWIDTHVALUE0\":\"   0.00000\",\"L_ITEMWIDTHVALUE1\":\"   0.00000\",\"L_ITEMWIDTHVALUE2\":\"   0.00000\",\"L_ITEMWIDTHVALUE3\":\"   0.00000\",\"L_ITEMHEIGHTVALUE0\":\"   0.00000\",\"L_ITEMHEIGHTVALUE1\":\"   0.00000\",\"L_ITEMHEIGHTVALUE2\":\"   0.00000\",\"L_ITEMHEIGHTVALUE3\":\"   0.00000\",\"PAYMENTREQUEST_0_SHIPPINGAMT\":\"0.00\",\"PAYMENTREQUEST_0_HANDLINGAMT\":\"0.00\",\"PAYMENTREQUEST_0_TAXAMT\":\"0.00\",\"PAYMENTREQUEST_0_INSURANCEAMT\":\"0.00\",\"PAYMENTREQUEST_0_SHIPDISCAMT\":\"0.00\",\"PAYMENTREQUEST_0_INSURANCEOPTIONOFFERED\":\"false\",\"L_PAYMENTREQUEST_0_TAXAMT0\":\"0.00\",\"L_PAYMENTREQUEST_0_TAXAMT1\":\"0.00\",\"L_PAYMENTREQUEST_0_TAXAMT2\":\"0.00\",\"L_PAYMENTREQUEST_0_TAXAMT3\":\"0.00\",\"L_PAYMENTREQUEST_0_ITEMWEIGHTVALUE0\":\"   0.00000\",\"L_PAYMENTREQUEST_0_ITEMWEIGHTVALUE1\":\"   0.00000\",\"L_PAYMENTREQUEST_0_ITEMWEIGHTVALUE2\":\"   0.00000\",\"L_PAYMENTREQUEST_0_ITEMWEIGHTVALUE3\":\"   0.00000\",\"L_PAYMENTREQUEST_0_ITEMLENGTHVALUE0\":\"   0.00000\",\"L_PAYMENTREQUEST_0_ITEMLENGTHVALUE1\":\"   0.00000\",\"L_PAYMENTREQUEST_0_ITEMLENGTHVALUE2\":\"   0.00000\",\"L_PAYMENTREQUEST_0_ITEMLENGTHVALUE3\":\"   0.00000\",\"L_PAYMENTREQUEST_0_ITEMWIDTHVALUE0\":\"   0.00000\",\"L_PAYMENTREQUEST_0_ITEMWIDTHVALUE1\":\"   0.00000\",\"L_PAYMENTREQUEST_0_ITEMWIDTHVALUE2\":\"   0.00000\",\"L_PAYMENTREQUEST_0_ITEMWIDTHVALUE3\":\"   0.00000\",\"L_PAYMENTREQUEST_0_ITEMHEIGHTVALUE0\":\"   0.00000\",\"L_PAYMENTREQUEST_0_ITEMHEIGHTVALUE1\":\"   0.00000\",\"L_PAYMENTREQUEST_0_ITEMHEIGHTVALUE2\":\"   0.00000\",\"L_PAYMENTREQUEST_0_ITEMHEIGHTVALUE3\":\"   0.00000\",\"PAYMENTREQUESTINFO_0_ERRORCODE\":\"0\",\"EMAIL\":\"taras.terletskij@bimmer-tech.net\",\"PAYERID\":\"8UPWNP6FPCTCJ\",\"PAYERSTATUS\":\"verified\",\"FIRSTNAME\":\"Taras\",\"LASTNAME\":\"Terletskij\",\"COUNTRYCODE\":\"US\",\"SHIPTONAME\":\"Taras Terletskij\",\"SHIPTOSTREET\":\"1 Main St\",\"SHIPTOCITY\":\"San Jose\",\"SHIPTOSTATE\":\"CA\",\"SHIPTOZIP\":\"95131\",\"SHIPTOCOUNTRYCODE\":\"US\",\"SHIPTOCOUNTRYNAME\":\"United States\",\"ADDRESSSTATUS\":\"Confirmed\",\"INSURANCEOPTIONOFFERED\":\"false\",\"PAYMENTREQUEST_0_SELLERPAYPALACCOUNTID\":\"paypal.bimmertech-facilitator@gmail.com\",\"PAYMENTREQUEST_0_SHIPTONAME\":\"Taras Terletskij\",\"PAYMENTREQUEST_0_SHIPTOSTREET\":\"1 Main St\",\"PAYMENTREQUEST_0_SHIPTOCITY\":\"San Jose\",\"PAYMENTREQUEST_0_SHIPTOSTATE\":\"CA\",\"PAYMENTREQUEST_0_SHIPTOZIP\":\"95131\",\"PAYMENTREQUEST_0_SHIPTOCOUNTRYCODE\":\"US\",\"PAYMENTREQUEST_0_SHIPTOCOUNTRYNAME\":\"United States\",\"PAYMENTREQUEST_0_ADDRESSSTATUS\":\"Confirmed\",\"SUCCESSPAGEREDIRECTREQUESTED\":\"false\",\"INSURANCEOPTIONSELECTED\":\"false\",\"SHIPPINGOPTIONISDEFAULT\":\"false\",\"PAYMENTINFO_0_TRANSACTIONID\":\"7W8473488C618652T\",\"PAYMENTINFO_0_TRANSACTIONTYPE\":\"cart\",\"PAYMENTINFO_0_PAYMENTTYPE\":\"instant\",\"PAYMENTINFO_0_ORDERTIME\":\"2019-05-07T07:25:40Z\",\"PAYMENTINFO_0_AMT\":\"775.00\",\"PAYMENTINFO_0_FEEAMT\":\"22.78\",\"PAYMENTINFO_0_TAXAMT\":\"0.00\",\"PAYMENTINFO_0_CURRENCYCODE\":\"USD\",\"PAYMENTINFO_0_PAYMENTSTATUS\":\"Completed\",\"PAYMENTINFO_0_PENDINGREASON\":\"None\",\"PAYMENTINFO_0_REASONCODE\":\"None\",\"PAYMENTINFO_0_PROTECTIONELIGIBILITY\":\"Eligible\",\"PAYMENTINFO_0_PROTECTIONELIGIBILITYTYPE\":\"ItemNotReceivedEligible,UnauthorizedPaymentEligible\",\"PAYMENTINFO_0_SELLERPAYPALACCOUNTID\":\"paypal.bimmertech-facilitator@gmail.com\",\"PAYMENTINFO_0_ERRORCODE\":\"0\",\"PAYMENTINFO_0_ACK\":\"Success\",\"TRANSACTIONID\":\"7W8473488C618652T\",\"PAYMENTREQUEST_0_TRANSACTIONID\":\"7W8473488C618652T\",\"PAYMENTREQUESTINFO_0_TRANSACTIONID\":\"7W8473488C618652T\",\"PAYMENTREQUEST_0_TRANSACTIONTYPE\":\"cart\",\"PAYMENTREQUEST_0_PAYMENTTYPE\":\"instant\",\"PAYMENTREQUEST_0_ORDERTIME\":\"2019-05-07T07:25:40Z\",\"PAYMENTREQUEST_0_FEEAMT\":\"22.78\",\"PAYMENTREQUEST_0_PAYMENTSTATUS\":\"Completed\",\"PAYMENTREQUEST_0_PENDINGREASON\":\"None\",\"PAYMENTREQUEST_0_REASONCODE\":\"None\"}', '2019-05-07 07:24:58', '2019-05-07 07:25:48'),
(39, 20, 697, 'USD', 89900, 'cart', '[]', '2019-05-07 07:36:35', '2019-05-07 07:36:35'),
(40, 20, 697, 'USD', 89900, 'completed', '{\"PAYMENTREQUEST_0_INVNUM\":\"697-40\",\"PAYMENTREQUEST_0_CURRENCYCODE\":\"USD\",\"PAYMENTREQUEST_0_AMT\":\"899.00\",\"PAYMENTREQUEST_0_ITEMAMT\":\"899.00\",\"L_PAYMENTREQUEST_0_NAME0\":\"SmartView HD Apple TV4\",\"L_PAYMENTREQUEST_0_AMT0\":\"699.00\",\"L_PAYMENTREQUEST_0_QTY0\":\"1\",\"L_PAYMENTREQUEST_0_NAME1\":\"1 Year Standard Warranty\",\"L_PAYMENTREQUEST_0_AMT1\":\"0.00\",\"L_PAYMENTREQUEST_0_QTY1\":\"1\",\"L_PAYMENTREQUEST_0_NAME2\":\"Front View Camera\",\"L_PAYMENTREQUEST_0_AMT2\":\"200.00\",\"L_PAYMENTREQUEST_0_QTY2\":\"1\",\"PAYMENTREQUEST_0_PAYMENTACTION\":\"Sale\",\"AUTHORIZE_TOKEN_USERACTION\":\"commit\",\"RETURNURL\":\"http:\\/\\/testshop.bimmer-tech.net\\/payment\\/capture\\/hfcPT8lrPD5dY0mEvcI2hk2gL4BJGu-JnyHSp3uc-vM\",\"CANCELURL\":\"http:\\/\\/testshop.bimmer-tech.net\\/payment\\/capture\\/hfcPT8lrPD5dY0mEvcI2hk2gL4BJGu-JnyHSp3uc-vM?cancelled=1\",\"PAYMENTREQUEST_0_NOTIFYURL\":\"http:\\/\\/testshop.bimmer-tech.net\\/payment\\/notify\\/sAdDY6kHd982UkqnmiFdEQWn7QzgKxsJbRqbugwg3SI\",\"TOKEN\":\"EC-9A605620R4972550H\",\"TIMESTAMP\":\"2019-05-07T07:42:58Z\",\"CORRELATIONID\":\"4e1d8a4842da\",\"ACK\":\"Success\",\"VERSION\":\"65.1\",\"BUILD\":\"52688019\",\"BILLINGAGREEMENTACCEPTEDSTATUS\":\"0\",\"CHECKOUTSTATUS\":\"PaymentActionCompleted\",\"CURRENCYCODE\":\"USD\",\"AMT\":\"899.00\",\"ITEMAMT\":\"899.00\",\"SHIPPINGAMT\":\"0.00\",\"HANDLINGAMT\":\"0.00\",\"TAXAMT\":\"0.00\",\"INVNUM\":\"697-40\",\"NOTIFYURL\":\"http:\\/\\/testshop.bimmer-tech.net\\/payment\\/notify\\/sAdDY6kHd982UkqnmiFdEQWn7QzgKxsJbRqbugwg3SI\",\"INSURANCEAMT\":\"0.00\",\"SHIPDISCAMT\":\"0.00\",\"L_NAME0\":\"SmartView HD Apple TV4\",\"L_NAME1\":\"1 Year Standard Warranty\",\"L_NAME2\":\"Front View Camera\",\"L_QTY0\":\"1\",\"L_QTY1\":\"1\",\"L_QTY2\":\"1\",\"L_TAXAMT0\":\"0.00\",\"L_TAXAMT1\":\"0.00\",\"L_TAXAMT2\":\"0.00\",\"L_AMT0\":\"699.00\",\"L_AMT1\":\"0.00\",\"L_AMT2\":\"200.00\",\"L_ITEMWEIGHTVALUE0\":\"   0.00000\",\"L_ITEMWEIGHTVALUE1\":\"   0.00000\",\"L_ITEMWEIGHTVALUE2\":\"   0.00000\",\"L_ITEMLENGTHVALUE0\":\"   0.00000\",\"L_ITEMLENGTHVALUE1\":\"   0.00000\",\"L_ITEMLENGTHVALUE2\":\"   0.00000\",\"L_ITEMWIDTHVALUE0\":\"   0.00000\",\"L_ITEMWIDTHVALUE1\":\"   0.00000\",\"L_ITEMWIDTHVALUE2\":\"   0.00000\",\"L_ITEMHEIGHTVALUE0\":\"   0.00000\",\"L_ITEMHEIGHTVALUE1\":\"   0.00000\",\"L_ITEMHEIGHTVALUE2\":\"   0.00000\",\"PAYMENTREQUEST_0_SHIPPINGAMT\":\"0.00\",\"PAYMENTREQUEST_0_HANDLINGAMT\":\"0.00\",\"PAYMENTREQUEST_0_TAXAMT\":\"0.00\",\"PAYMENTREQUEST_0_INSURANCEAMT\":\"0.00\",\"PAYMENTREQUEST_0_SHIPDISCAMT\":\"0.00\",\"PAYMENTREQUEST_0_INSURANCEOPTIONOFFERED\":\"false\",\"L_PAYMENTREQUEST_0_TAXAMT0\":\"0.00\",\"L_PAYMENTREQUEST_0_TAXAMT1\":\"0.00\",\"L_PAYMENTREQUEST_0_TAXAMT2\":\"0.00\",\"L_PAYMENTREQUEST_0_ITEMWEIGHTVALUE0\":\"   0.00000\",\"L_PAYMENTREQUEST_0_ITEMWEIGHTVALUE1\":\"   0.00000\",\"L_PAYMENTREQUEST_0_ITEMWEIGHTVALUE2\":\"   0.00000\",\"L_PAYMENTREQUEST_0_ITEMLENGTHVALUE0\":\"   0.00000\",\"L_PAYMENTREQUEST_0_ITEMLENGTHVALUE1\":\"   0.00000\",\"L_PAYMENTREQUEST_0_ITEMLENGTHVALUE2\":\"   0.00000\",\"L_PAYMENTREQUEST_0_ITEMWIDTHVALUE0\":\"   0.00000\",\"L_PAYMENTREQUEST_0_ITEMWIDTHVALUE1\":\"   0.00000\",\"L_PAYMENTREQUEST_0_ITEMWIDTHVALUE2\":\"   0.00000\",\"L_PAYMENTREQUEST_0_ITEMHEIGHTVALUE0\":\"   0.00000\",\"L_PAYMENTREQUEST_0_ITEMHEIGHTVALUE1\":\"   0.00000\",\"L_PAYMENTREQUEST_0_ITEMHEIGHTVALUE2\":\"   0.00000\",\"PAYMENTREQUESTINFO_0_ERRORCODE\":\"0\",\"EMAIL\":\"taras.terletskij@bimmer-tech.net\",\"PAYERID\":\"8UPWNP6FPCTCJ\",\"PAYERSTATUS\":\"verified\",\"FIRSTNAME\":\"Taras\",\"LASTNAME\":\"Terletskij\",\"COUNTRYCODE\":\"US\",\"SHIPTONAME\":\"Taras Terletskij\",\"SHIPTOSTREET\":\"1 Main St\",\"SHIPTOCITY\":\"San Jose\",\"SHIPTOSTATE\":\"CA\",\"SHIPTOZIP\":\"95131\",\"SHIPTOCOUNTRYCODE\":\"US\",\"SHIPTOCOUNTRYNAME\":\"United States\",\"ADDRESSSTATUS\":\"Confirmed\",\"INSURANCEOPTIONOFFERED\":\"false\",\"PAYMENTREQUEST_0_SELLERPAYPALACCOUNTID\":\"paypal.bimmertech-facilitator@gmail.com\",\"PAYMENTREQUEST_0_SHIPTONAME\":\"Taras Terletskij\",\"PAYMENTREQUEST_0_SHIPTOSTREET\":\"1 Main St\",\"PAYMENTREQUEST_0_SHIPTOCITY\":\"San Jose\",\"PAYMENTREQUEST_0_SHIPTOSTATE\":\"CA\",\"PAYMENTREQUEST_0_SHIPTOZIP\":\"95131\",\"PAYMENTREQUEST_0_SHIPTOCOUNTRYCODE\":\"US\",\"PAYMENTREQUEST_0_SHIPTOCOUNTRYNAME\":\"United States\",\"PAYMENTREQUEST_0_ADDRESSSTATUS\":\"Confirmed\",\"SUCCESSPAGEREDIRECTREQUESTED\":\"false\",\"INSURANCEOPTIONSELECTED\":\"false\",\"SHIPPINGOPTIONISDEFAULT\":\"false\",\"PAYMENTINFO_0_TRANSACTIONID\":\"60K34596U5187062Y\",\"PAYMENTINFO_0_TRANSACTIONTYPE\":\"cart\",\"PAYMENTINFO_0_PAYMENTTYPE\":\"instant\",\"PAYMENTINFO_0_ORDERTIME\":\"2019-05-07T07:38:59Z\",\"PAYMENTINFO_0_AMT\":\"899.00\",\"PAYMENTINFO_0_FEEAMT\":\"26.37\",\"PAYMENTINFO_0_TAXAMT\":\"0.00\",\"PAYMENTINFO_0_CURRENCYCODE\":\"USD\",\"PAYMENTINFO_0_PAYMENTSTATUS\":\"Completed\",\"PAYMENTINFO_0_PENDINGREASON\":\"None\",\"PAYMENTINFO_0_REASONCODE\":\"None\",\"PAYMENTINFO_0_PROTECTIONELIGIBILITY\":\"Eligible\",\"PAYMENTINFO_0_PROTECTIONELIGIBILITYTYPE\":\"ItemNotReceivedEligible,UnauthorizedPaymentEligible\",\"PAYMENTINFO_0_SELLERPAYPALACCOUNTID\":\"paypal.bimmertech-facilitator@gmail.com\",\"PAYMENTINFO_0_ERRORCODE\":\"0\",\"PAYMENTINFO_0_ACK\":\"Success\",\"TRANSACTIONID\":\"60K34596U5187062Y\",\"PAYMENTREQUEST_0_TRANSACTIONID\":\"60K34596U5187062Y\",\"PAYMENTREQUESTINFO_0_TRANSACTIONID\":\"60K34596U5187062Y\",\"PAYMENTREQUEST_0_TRANSACTIONTYPE\":\"cart\",\"PAYMENTREQUEST_0_PAYMENTTYPE\":\"instant\",\"PAYMENTREQUEST_0_ORDERTIME\":\"2019-05-07T07:38:59Z\",\"PAYMENTREQUEST_0_FEEAMT\":\"26.37\",\"PAYMENTREQUEST_0_PAYMENTSTATUS\":\"Refunded\",\"PAYMENTREQUEST_0_PENDINGREASON\":\"None\",\"PAYMENTREQUEST_0_REASONCODE\":\"refund\"}', '2019-05-07 07:36:45', '2019-05-07 07:43:00'),
(41, 20, 698, 'USD', 79900, 'cart', '[]', '2019-05-07 08:07:23', '2019-05-07 08:07:23'),
(42, 20, 698, 'USD', 79900, 'completed', '{\"PAYMENTREQUEST_0_INVNUM\":\"698-42\",\"PAYMENTREQUEST_0_CURRENCYCODE\":\"USD\",\"PAYMENTREQUEST_0_AMT\":\"799.00\",\"PAYMENTREQUEST_0_ITEMAMT\":\"799.00\",\"L_PAYMENTREQUEST_0_NAME0\":\"SmartView HD Flex\",\"L_PAYMENTREQUEST_0_AMT0\":\"599.00\",\"L_PAYMENTREQUEST_0_QTY0\":\"1\",\"L_PAYMENTREQUEST_0_NAME1\":\"1 Year Standard Warranty\",\"L_PAYMENTREQUEST_0_AMT1\":\"0.00\",\"L_PAYMENTREQUEST_0_QTY1\":\"1\",\"L_PAYMENTREQUEST_0_NAME2\":\"VividScreen\",\"L_PAYMENTREQUEST_0_AMT2\":\"200.00\",\"L_PAYMENTREQUEST_0_QTY2\":\"1\",\"PAYMENTREQUEST_0_PAYMENTACTION\":\"Sale\",\"AUTHORIZE_TOKEN_USERACTION\":\"commit\",\"RETURNURL\":\"http:\\/\\/testshop.bimmer-tech.net\\/payment\\/capture\\/Uq0xTSU78GeS7zw4yYj3tdufMcPMkbBEHo76JCpgBQU\",\"CANCELURL\":\"http:\\/\\/testshop.bimmer-tech.net\\/payment\\/capture\\/Uq0xTSU78GeS7zw4yYj3tdufMcPMkbBEHo76JCpgBQU?cancelled=1\",\"PAYMENTREQUEST_0_NOTIFYURL\":\"http:\\/\\/testshop.bimmer-tech.net\\/payment\\/notify\\/9weg49gja7zhCsf-z30yz25J1PJXrPWRnh4osnxvb78\",\"TOKEN\":\"EC-8YU272676A472081F\",\"TIMESTAMP\":\"2019-05-07T08:08:57Z\",\"CORRELATIONID\":\"9ea4a19c37d38\",\"ACK\":\"Success\",\"VERSION\":\"65.1\",\"BUILD\":\"52688019\",\"BILLINGAGREEMENTACCEPTEDSTATUS\":\"0\",\"CHECKOUTSTATUS\":\"PaymentActionCompleted\",\"CURRENCYCODE\":\"USD\",\"AMT\":\"799.00\",\"ITEMAMT\":\"799.00\",\"SHIPPINGAMT\":\"0.00\",\"HANDLINGAMT\":\"0.00\",\"TAXAMT\":\"0.00\",\"INVNUM\":\"698-42\",\"NOTIFYURL\":\"http:\\/\\/testshop.bimmer-tech.net\\/payment\\/notify\\/9weg49gja7zhCsf-z30yz25J1PJXrPWRnh4osnxvb78\",\"INSURANCEAMT\":\"0.00\",\"SHIPDISCAMT\":\"0.00\",\"L_NAME0\":\"SmartView HD Flex\",\"L_NAME1\":\"1 Year Standard Warranty\",\"L_NAME2\":\"VividScreen\",\"L_QTY0\":\"1\",\"L_QTY1\":\"1\",\"L_QTY2\":\"1\",\"L_TAXAMT0\":\"0.00\",\"L_TAXAMT1\":\"0.00\",\"L_TAXAMT2\":\"0.00\",\"L_AMT0\":\"599.00\",\"L_AMT1\":\"0.00\",\"L_AMT2\":\"200.00\",\"L_ITEMWEIGHTVALUE0\":\"   0.00000\",\"L_ITEMWEIGHTVALUE1\":\"   0.00000\",\"L_ITEMWEIGHTVALUE2\":\"   0.00000\",\"L_ITEMLENGTHVALUE0\":\"   0.00000\",\"L_ITEMLENGTHVALUE1\":\"   0.00000\",\"L_ITEMLENGTHVALUE2\":\"   0.00000\",\"L_ITEMWIDTHVALUE0\":\"   0.00000\",\"L_ITEMWIDTHVALUE1\":\"   0.00000\",\"L_ITEMWIDTHVALUE2\":\"   0.00000\",\"L_ITEMHEIGHTVALUE0\":\"   0.00000\",\"L_ITEMHEIGHTVALUE1\":\"   0.00000\",\"L_ITEMHEIGHTVALUE2\":\"   0.00000\",\"PAYMENTREQUEST_0_SHIPPINGAMT\":\"0.00\",\"PAYMENTREQUEST_0_HANDLINGAMT\":\"0.00\",\"PAYMENTREQUEST_0_TAXAMT\":\"0.00\",\"PAYMENTREQUEST_0_INSURANCEAMT\":\"0.00\",\"PAYMENTREQUEST_0_SHIPDISCAMT\":\"0.00\",\"PAYMENTREQUEST_0_INSURANCEOPTIONOFFERED\":\"false\",\"L_PAYMENTREQUEST_0_TAXAMT0\":\"0.00\",\"L_PAYMENTREQUEST_0_TAXAMT1\":\"0.00\",\"L_PAYMENTREQUEST_0_TAXAMT2\":\"0.00\",\"L_PAYMENTREQUEST_0_ITEMWEIGHTVALUE0\":\"   0.00000\",\"L_PAYMENTREQUEST_0_ITEMWEIGHTVALUE1\":\"   0.00000\",\"L_PAYMENTREQUEST_0_ITEMWEIGHTVALUE2\":\"   0.00000\",\"L_PAYMENTREQUEST_0_ITEMLENGTHVALUE0\":\"   0.00000\",\"L_PAYMENTREQUEST_0_ITEMLENGTHVALUE1\":\"   0.00000\",\"L_PAYMENTREQUEST_0_ITEMLENGTHVALUE2\":\"   0.00000\",\"L_PAYMENTREQUEST_0_ITEMWIDTHVALUE0\":\"   0.00000\",\"L_PAYMENTREQUEST_0_ITEMWIDTHVALUE1\":\"   0.00000\",\"L_PAYMENTREQUEST_0_ITEMWIDTHVALUE2\":\"   0.00000\",\"L_PAYMENTREQUEST_0_ITEMHEIGHTVALUE0\":\"   0.00000\",\"L_PAYMENTREQUEST_0_ITEMHEIGHTVALUE1\":\"   0.00000\",\"L_PAYMENTREQUEST_0_ITEMHEIGHTVALUE2\":\"   0.00000\",\"PAYMENTREQUESTINFO_0_ERRORCODE\":\"0\",\"EMAIL\":\"taras.terletskij@bimmer-tech.net\",\"PAYERID\":\"8UPWNP6FPCTCJ\",\"PAYERSTATUS\":\"verified\",\"FIRSTNAME\":\"Taras\",\"LASTNAME\":\"Terletskij\",\"COUNTRYCODE\":\"US\",\"SHIPTONAME\":\"Taras Terletskij\",\"SHIPTOSTREET\":\"1 Main St\",\"SHIPTOCITY\":\"San Jose\",\"SHIPTOSTATE\":\"CA\",\"SHIPTOZIP\":\"95131\",\"SHIPTOCOUNTRYCODE\":\"US\",\"SHIPTOCOUNTRYNAME\":\"United States\",\"ADDRESSSTATUS\":\"Confirmed\",\"INSURANCEOPTIONOFFERED\":\"false\",\"PAYMENTREQUEST_0_SELLERPAYPALACCOUNTID\":\"paypal.bimmertech-facilitator@gmail.com\",\"PAYMENTREQUEST_0_SHIPTONAME\":\"Taras Terletskij\",\"PAYMENTREQUEST_0_SHIPTOSTREET\":\"1 Main St\",\"PAYMENTREQUEST_0_SHIPTOCITY\":\"San Jose\",\"PAYMENTREQUEST_0_SHIPTOSTATE\":\"CA\",\"PAYMENTREQUEST_0_SHIPTOZIP\":\"95131\",\"PAYMENTREQUEST_0_SHIPTOCOUNTRYCODE\":\"US\",\"PAYMENTREQUEST_0_SHIPTOCOUNTRYNAME\":\"United States\",\"PAYMENTREQUEST_0_ADDRESSSTATUS\":\"Confirmed\",\"SUCCESSPAGEREDIRECTREQUESTED\":\"false\",\"INSURANCEOPTIONSELECTED\":\"false\",\"SHIPPINGOPTIONISDEFAULT\":\"false\",\"PAYMENTINFO_0_TRANSACTIONID\":\"40516564L8793710X\",\"PAYMENTINFO_0_TRANSACTIONTYPE\":\"cart\",\"PAYMENTINFO_0_PAYMENTTYPE\":\"instant\",\"PAYMENTINFO_0_ORDERTIME\":\"2019-05-07T08:08:50Z\",\"PAYMENTINFO_0_AMT\":\"799.00\",\"PAYMENTINFO_0_FEEAMT\":\"23.47\",\"PAYMENTINFO_0_TAXAMT\":\"0.00\",\"PAYMENTINFO_0_CURRENCYCODE\":\"USD\",\"PAYMENTINFO_0_PAYMENTSTATUS\":\"Completed\",\"PAYMENTINFO_0_PENDINGREASON\":\"None\",\"PAYMENTINFO_0_REASONCODE\":\"None\",\"PAYMENTINFO_0_PROTECTIONELIGIBILITY\":\"Eligible\",\"PAYMENTINFO_0_PROTECTIONELIGIBILITYTYPE\":\"ItemNotReceivedEligible,UnauthorizedPaymentEligible\",\"PAYMENTINFO_0_SELLERPAYPALACCOUNTID\":\"paypal.bimmertech-facilitator@gmail.com\",\"PAYMENTINFO_0_ERRORCODE\":\"0\",\"PAYMENTINFO_0_ACK\":\"Success\",\"TRANSACTIONID\":\"40516564L8793710X\",\"PAYMENTREQUEST_0_TRANSACTIONID\":\"40516564L8793710X\",\"PAYMENTREQUESTINFO_0_TRANSACTIONID\":\"40516564L8793710X\",\"PAYMENTREQUEST_0_TRANSACTIONTYPE\":\"cart\",\"PAYMENTREQUEST_0_PAYMENTTYPE\":\"instant\",\"PAYMENTREQUEST_0_ORDERTIME\":\"2019-05-07T08:08:50Z\",\"PAYMENTREQUEST_0_FEEAMT\":\"23.47\",\"PAYMENTREQUEST_0_PAYMENTSTATUS\":\"Completed\",\"PAYMENTREQUEST_0_PENDINGREASON\":\"None\",\"PAYMENTREQUEST_0_REASONCODE\":\"None\"}', '2019-05-07 08:07:39', '2019-05-07 08:08:59'),
(43, 20, 699, 'USD', 219800, 'cart', '[]', '2019-05-07 08:18:58', '2019-05-07 08:18:58'),
(44, 20, 699, 'USD', 219800, 'completed', '{\"PAYMENTREQUEST_0_INVNUM\":\"699-44\",\"PAYMENTREQUEST_0_CURRENCYCODE\":\"USD\",\"PAYMENTREQUEST_0_AMT\":\"2198.00\",\"PAYMENTREQUEST_0_ITEMAMT\":\"2198.00\",\"L_PAYMENTREQUEST_0_NAME0\":\"SmartView HD Flex\",\"L_PAYMENTREQUEST_0_AMT0\":\"599.00\",\"L_PAYMENTREQUEST_0_QTY0\":\"2\",\"L_PAYMENTREQUEST_0_NAME1\":\"1 Year Standard Warranty\",\"L_PAYMENTREQUEST_0_AMT1\":\"0.00\",\"L_PAYMENTREQUEST_0_QTY1\":\"2\",\"L_PAYMENTREQUEST_0_NAME2\":\"VividScreen\",\"L_PAYMENTREQUEST_0_AMT2\":\"200.00\",\"L_PAYMENTREQUEST_0_QTY2\":\"2\",\"L_PAYMENTREQUEST_0_NAME3\":\"Rear View Camera\",\"L_PAYMENTREQUEST_0_AMT3\":\"300.00\",\"L_PAYMENTREQUEST_0_QTY3\":\"2\",\"PAYMENTREQUEST_0_PAYMENTACTION\":\"Sale\",\"AUTHORIZE_TOKEN_USERACTION\":\"commit\",\"RETURNURL\":\"http:\\/\\/testshop.bimmer-tech.net\\/payment\\/capture\\/v9tesvSO-Kd3HDLUnhkpmCnDN48F1Dqz6_wX0sSPrb8\",\"CANCELURL\":\"http:\\/\\/testshop.bimmer-tech.net\\/payment\\/capture\\/v9tesvSO-Kd3HDLUnhkpmCnDN48F1Dqz6_wX0sSPrb8?cancelled=1\",\"PAYMENTREQUEST_0_NOTIFYURL\":\"http:\\/\\/testshop.bimmer-tech.net\\/payment\\/notify\\/3sVlF_vUv03AVBeoRj8xamohKd89o1NTQgbE9-wkAW4\",\"TOKEN\":\"EC-9Y859090DE698442U\",\"TIMESTAMP\":\"2019-05-07T08:21:17Z\",\"CORRELATIONID\":\"f88e85439d353\",\"ACK\":\"Success\",\"VERSION\":\"65.1\",\"BUILD\":\"52688019\",\"BILLINGAGREEMENTACCEPTEDSTATUS\":\"0\",\"CHECKOUTSTATUS\":\"PaymentActionCompleted\",\"CURRENCYCODE\":\"USD\",\"AMT\":\"2198.00\",\"ITEMAMT\":\"2198.00\",\"SHIPPINGAMT\":\"0.00\",\"HANDLINGAMT\":\"0.00\",\"TAXAMT\":\"0.00\",\"INVNUM\":\"699-44\",\"NOTIFYURL\":\"http:\\/\\/testshop.bimmer-tech.net\\/payment\\/notify\\/3sVlF_vUv03AVBeoRj8xamohKd89o1NTQgbE9-wkAW4\",\"INSURANCEAMT\":\"0.00\",\"SHIPDISCAMT\":\"0.00\",\"L_NAME0\":\"SmartView HD Flex\",\"L_NAME1\":\"1 Year Standard Warranty\",\"L_NAME2\":\"VividScreen\",\"L_NAME3\":\"Rear View Camera\",\"L_QTY0\":\"2\",\"L_QTY1\":\"2\",\"L_QTY2\":\"2\",\"L_QTY3\":\"2\",\"L_TAXAMT0\":\"0.00\",\"L_TAXAMT1\":\"0.00\",\"L_TAXAMT2\":\"0.00\",\"L_TAXAMT3\":\"0.00\",\"L_AMT0\":\"599.00\",\"L_AMT1\":\"0.00\",\"L_AMT2\":\"200.00\",\"L_AMT3\":\"300.00\",\"L_ITEMWEIGHTVALUE0\":\"   0.00000\",\"L_ITEMWEIGHTVALUE1\":\"   0.00000\",\"L_ITEMWEIGHTVALUE2\":\"   0.00000\",\"L_ITEMWEIGHTVALUE3\":\"   0.00000\",\"L_ITEMLENGTHVALUE0\":\"   0.00000\",\"L_ITEMLENGTHVALUE1\":\"   0.00000\",\"L_ITEMLENGTHVALUE2\":\"   0.00000\",\"L_ITEMLENGTHVALUE3\":\"   0.00000\",\"L_ITEMWIDTHVALUE0\":\"   0.00000\",\"L_ITEMWIDTHVALUE1\":\"   0.00000\",\"L_ITEMWIDTHVALUE2\":\"   0.00000\",\"L_ITEMWIDTHVALUE3\":\"   0.00000\",\"L_ITEMHEIGHTVALUE0\":\"   0.00000\",\"L_ITEMHEIGHTVALUE1\":\"   0.00000\",\"L_ITEMHEIGHTVALUE2\":\"   0.00000\",\"L_ITEMHEIGHTVALUE3\":\"   0.00000\",\"PAYMENTREQUEST_0_SHIPPINGAMT\":\"0.00\",\"PAYMENTREQUEST_0_HANDLINGAMT\":\"0.00\",\"PAYMENTREQUEST_0_TAXAMT\":\"0.00\",\"PAYMENTREQUEST_0_INSURANCEAMT\":\"0.00\",\"PAYMENTREQUEST_0_SHIPDISCAMT\":\"0.00\",\"PAYMENTREQUEST_0_INSURANCEOPTIONOFFERED\":\"false\",\"L_PAYMENTREQUEST_0_TAXAMT0\":\"0.00\",\"L_PAYMENTREQUEST_0_TAXAMT1\":\"0.00\",\"L_PAYMENTREQUEST_0_TAXAMT2\":\"0.00\",\"L_PAYMENTREQUEST_0_TAXAMT3\":\"0.00\",\"L_PAYMENTREQUEST_0_ITEMWEIGHTVALUE0\":\"   0.00000\",\"L_PAYMENTREQUEST_0_ITEMWEIGHTVALUE1\":\"   0.00000\",\"L_PAYMENTREQUEST_0_ITEMWEIGHTVALUE2\":\"   0.00000\",\"L_PAYMENTREQUEST_0_ITEMWEIGHTVALUE3\":\"   0.00000\",\"L_PAYMENTREQUEST_0_ITEMLENGTHVALUE0\":\"   0.00000\",\"L_PAYMENTREQUEST_0_ITEMLENGTHVALUE1\":\"   0.00000\",\"L_PAYMENTREQUEST_0_ITEMLENGTHVALUE2\":\"   0.00000\",\"L_PAYMENTREQUEST_0_ITEMLENGTHVALUE3\":\"   0.00000\",\"L_PAYMENTREQUEST_0_ITEMWIDTHVALUE0\":\"   0.00000\",\"L_PAYMENTREQUEST_0_ITEMWIDTHVALUE1\":\"   0.00000\",\"L_PAYMENTREQUEST_0_ITEMWIDTHVALUE2\":\"   0.00000\",\"L_PAYMENTREQUEST_0_ITEMWIDTHVALUE3\":\"   0.00000\",\"L_PAYMENTREQUEST_0_ITEMHEIGHTVALUE0\":\"   0.00000\",\"L_PAYMENTREQUEST_0_ITEMHEIGHTVALUE1\":\"   0.00000\",\"L_PAYMENTREQUEST_0_ITEMHEIGHTVALUE2\":\"   0.00000\",\"L_PAYMENTREQUEST_0_ITEMHEIGHTVALUE3\":\"   0.00000\",\"PAYMENTREQUESTINFO_0_ERRORCODE\":\"0\",\"INSURANCEOPTIONOFFERED\":\"false\",\"PAYMENTREQUEST_0_SELLERPAYPALACCOUNTID\":\"paypal.bimmertech-facilitator@gmail.com\",\"EMAIL\":\"taras.terletskij@bimmer-tech.net\",\"PAYERID\":\"8UPWNP6FPCTCJ\",\"PAYERSTATUS\":\"verified\",\"FIRSTNAME\":\"Taras\",\"LASTNAME\":\"Terletskij\",\"COUNTRYCODE\":\"US\",\"SHIPTONAME\":\"Taras Terletskij\",\"SHIPTOSTREET\":\"1 Main St\",\"SHIPTOCITY\":\"San Jose\",\"SHIPTOSTATE\":\"CA\",\"SHIPTOZIP\":\"95131\",\"SHIPTOCOUNTRYCODE\":\"US\",\"SHIPTOCOUNTRYNAME\":\"United States\",\"ADDRESSSTATUS\":\"Confirmed\",\"PAYMENTREQUEST_0_SHIPTONAME\":\"Taras Terletskij\",\"PAYMENTREQUEST_0_SHIPTOSTREET\":\"1 Main St\",\"PAYMENTREQUEST_0_SHIPTOCITY\":\"San Jose\",\"PAYMENTREQUEST_0_SHIPTOSTATE\":\"CA\",\"PAYMENTREQUEST_0_SHIPTOZIP\":\"95131\",\"PAYMENTREQUEST_0_SHIPTOCOUNTRYCODE\":\"US\",\"PAYMENTREQUEST_0_SHIPTOCOUNTRYNAME\":\"United States\",\"PAYMENTREQUEST_0_ADDRESSSTATUS\":\"Confirmed\",\"SUCCESSPAGEREDIRECTREQUESTED\":\"false\",\"INSURANCEOPTIONSELECTED\":\"false\",\"SHIPPINGOPTIONISDEFAULT\":\"false\",\"PAYMENTINFO_0_TRANSACTIONID\":\"2XV99397N8444733C\",\"PAYMENTINFO_0_TRANSACTIONTYPE\":\"cart\",\"PAYMENTINFO_0_PAYMENTTYPE\":\"instant\",\"PAYMENTINFO_0_ORDERTIME\":\"2019-05-07T08:21:06Z\",\"PAYMENTINFO_0_AMT\":\"2198.00\",\"PAYMENTINFO_0_FEEAMT\":\"64.04\",\"PAYMENTINFO_0_TAXAMT\":\"0.00\",\"PAYMENTINFO_0_CURRENCYCODE\":\"USD\",\"PAYMENTINFO_0_PAYMENTSTATUS\":\"Completed\",\"PAYMENTINFO_0_PENDINGREASON\":\"None\",\"PAYMENTINFO_0_REASONCODE\":\"None\",\"PAYMENTINFO_0_PROTECTIONELIGIBILITY\":\"Eligible\",\"PAYMENTINFO_0_PROTECTIONELIGIBILITYTYPE\":\"ItemNotReceivedEligible,UnauthorizedPaymentEligible\",\"PAYMENTINFO_0_SELLERPAYPALACCOUNTID\":\"paypal.bimmertech-facilitator@gmail.com\",\"PAYMENTINFO_0_ERRORCODE\":\"0\",\"PAYMENTINFO_0_ACK\":\"Success\",\"TRANSACTIONID\":\"2XV99397N8444733C\",\"PAYMENTREQUEST_0_TRANSACTIONID\":\"2XV99397N8444733C\",\"PAYMENTREQUESTINFO_0_TRANSACTIONID\":\"2XV99397N8444733C\",\"PAYMENTREQUEST_0_TRANSACTIONTYPE\":\"cart\",\"PAYMENTREQUEST_0_PAYMENTTYPE\":\"instant\",\"PAYMENTREQUEST_0_ORDERTIME\":\"2019-05-07T08:21:06Z\",\"PAYMENTREQUEST_0_FEEAMT\":\"64.04\",\"PAYMENTREQUEST_0_PAYMENTSTATUS\":\"Completed\",\"PAYMENTREQUEST_0_PENDINGREASON\":\"None\",\"PAYMENTREQUEST_0_REASONCODE\":\"None\"}', '2019-05-07 08:19:06', '2019-05-07 08:21:18'),
(45, 20, 700, 'USD', 62400, 'cart', '[]', '2019-05-07 09:04:53', '2019-05-07 09:04:53');
INSERT INTO `sylius_payment` (`id`, `method_id`, `order_id`, `currency_code`, `amount`, `state`, `details`, `created_at`, `updated_at`) VALUES
(46, 20, 700, 'USD', 62400, 'completed', '{\"PAYMENTREQUEST_0_INVNUM\":\"700-46\",\"PAYMENTREQUEST_0_CURRENCYCODE\":\"USD\",\"PAYMENTREQUEST_0_AMT\":\"624.00\",\"PAYMENTREQUEST_0_ITEMAMT\":\"624.00\",\"L_PAYMENTREQUEST_0_NAME0\":\"SmartView HD Apple TV3\",\"L_PAYMENTREQUEST_0_AMT0\":\"624.00\",\"L_PAYMENTREQUEST_0_QTY0\":\"1\",\"L_PAYMENTREQUEST_0_NAME1\":\"2 Year Extended Warranty\",\"L_PAYMENTREQUEST_0_AMT1\":\"0.00\",\"L_PAYMENTREQUEST_0_QTY1\":\"1\",\"PAYMENTREQUEST_0_PAYMENTACTION\":\"Sale\",\"AUTHORIZE_TOKEN_USERACTION\":\"commit\",\"RETURNURL\":\"http:\\/\\/testshop.bimmer-tech.net\\/payment\\/capture\\/QNMwcVCI_hTP4WR6-6NGhIViWa8JDC8_THukhP0cqXU\",\"CANCELURL\":\"http:\\/\\/testshop.bimmer-tech.net\\/payment\\/capture\\/QNMwcVCI_hTP4WR6-6NGhIViWa8JDC8_THukhP0cqXU?cancelled=1\",\"PAYMENTREQUEST_0_NOTIFYURL\":\"http:\\/\\/testshop.bimmer-tech.net\\/payment\\/notify\\/qHFtpiLQGRPyKHxUGU_kqDJFjL4ogqzFoLadsBMcMog\",\"TOKEN\":\"EC-5AN9619695188942E\",\"TIMESTAMP\":\"2019-05-07T09:05:56Z\",\"CORRELATIONID\":\"5f1e1efc5443d\",\"ACK\":\"Success\",\"VERSION\":\"65.1\",\"BUILD\":\"52688019\",\"BILLINGAGREEMENTACCEPTEDSTATUS\":\"0\",\"CHECKOUTSTATUS\":\"PaymentActionCompleted\",\"CURRENCYCODE\":\"USD\",\"AMT\":\"624.00\",\"ITEMAMT\":\"624.00\",\"SHIPPINGAMT\":\"0.00\",\"HANDLINGAMT\":\"0.00\",\"TAXAMT\":\"0.00\",\"INVNUM\":\"700-46\",\"NOTIFYURL\":\"http:\\/\\/testshop.bimmer-tech.net\\/payment\\/notify\\/qHFtpiLQGRPyKHxUGU_kqDJFjL4ogqzFoLadsBMcMog\",\"INSURANCEAMT\":\"0.00\",\"SHIPDISCAMT\":\"0.00\",\"L_NAME0\":\"SmartView HD Apple TV3\",\"L_NAME1\":\"2 Year Extended Warranty\",\"L_QTY0\":\"1\",\"L_QTY1\":\"1\",\"L_TAXAMT0\":\"0.00\",\"L_TAXAMT1\":\"0.00\",\"L_AMT0\":\"624.00\",\"L_AMT1\":\"0.00\",\"L_ITEMWEIGHTVALUE0\":\"   0.00000\",\"L_ITEMWEIGHTVALUE1\":\"   0.00000\",\"L_ITEMLENGTHVALUE0\":\"   0.00000\",\"L_ITEMLENGTHVALUE1\":\"   0.00000\",\"L_ITEMWIDTHVALUE0\":\"   0.00000\",\"L_ITEMWIDTHVALUE1\":\"   0.00000\",\"L_ITEMHEIGHTVALUE0\":\"   0.00000\",\"L_ITEMHEIGHTVALUE1\":\"   0.00000\",\"PAYMENTREQUEST_0_SHIPPINGAMT\":\"0.00\",\"PAYMENTREQUEST_0_HANDLINGAMT\":\"0.00\",\"PAYMENTREQUEST_0_TAXAMT\":\"0.00\",\"PAYMENTREQUEST_0_INSURANCEAMT\":\"0.00\",\"PAYMENTREQUEST_0_SHIPDISCAMT\":\"0.00\",\"PAYMENTREQUEST_0_INSURANCEOPTIONOFFERED\":\"false\",\"L_PAYMENTREQUEST_0_TAXAMT0\":\"0.00\",\"L_PAYMENTREQUEST_0_TAXAMT1\":\"0.00\",\"L_PAYMENTREQUEST_0_ITEMWEIGHTVALUE0\":\"   0.00000\",\"L_PAYMENTREQUEST_0_ITEMWEIGHTVALUE1\":\"   0.00000\",\"L_PAYMENTREQUEST_0_ITEMLENGTHVALUE0\":\"   0.00000\",\"L_PAYMENTREQUEST_0_ITEMLENGTHVALUE1\":\"   0.00000\",\"L_PAYMENTREQUEST_0_ITEMWIDTHVALUE0\":\"   0.00000\",\"L_PAYMENTREQUEST_0_ITEMWIDTHVALUE1\":\"   0.00000\",\"L_PAYMENTREQUEST_0_ITEMHEIGHTVALUE0\":\"   0.00000\",\"L_PAYMENTREQUEST_0_ITEMHEIGHTVALUE1\":\"   0.00000\",\"PAYMENTREQUESTINFO_0_ERRORCODE\":\"0\",\"EMAIL\":\"taras.terletskij@bimmer-tech.net\",\"PAYERID\":\"8UPWNP6FPCTCJ\",\"PAYERSTATUS\":\"verified\",\"FIRSTNAME\":\"Taras\",\"LASTNAME\":\"Terletskij\",\"COUNTRYCODE\":\"US\",\"SHIPTONAME\":\"Taras Terletskij\",\"SHIPTOSTREET\":\"1 Main St\",\"SHIPTOCITY\":\"San Jose\",\"SHIPTOSTATE\":\"CA\",\"SHIPTOZIP\":\"95131\",\"SHIPTOCOUNTRYCODE\":\"US\",\"SHIPTOCOUNTRYNAME\":\"United States\",\"ADDRESSSTATUS\":\"Confirmed\",\"INSURANCEOPTIONOFFERED\":\"false\",\"PAYMENTREQUEST_0_SELLERPAYPALACCOUNTID\":\"paypal.bimmertech-facilitator@gmail.com\",\"PAYMENTREQUEST_0_SHIPTONAME\":\"Taras Terletskij\",\"PAYMENTREQUEST_0_SHIPTOSTREET\":\"1 Main St\",\"PAYMENTREQUEST_0_SHIPTOCITY\":\"San Jose\",\"PAYMENTREQUEST_0_SHIPTOSTATE\":\"CA\",\"PAYMENTREQUEST_0_SHIPTOZIP\":\"95131\",\"PAYMENTREQUEST_0_SHIPTOCOUNTRYCODE\":\"US\",\"PAYMENTREQUEST_0_SHIPTOCOUNTRYNAME\":\"United States\",\"PAYMENTREQUEST_0_ADDRESSSTATUS\":\"Confirmed\",\"SUCCESSPAGEREDIRECTREQUESTED\":\"false\",\"INSURANCEOPTIONSELECTED\":\"false\",\"SHIPPINGOPTIONISDEFAULT\":\"false\",\"PAYMENTINFO_0_TRANSACTIONID\":\"2DM31385SR8681900\",\"PAYMENTINFO_0_TRANSACTIONTYPE\":\"cart\",\"PAYMENTINFO_0_PAYMENTTYPE\":\"instant\",\"PAYMENTINFO_0_ORDERTIME\":\"2019-05-07T09:05:46Z\",\"PAYMENTINFO_0_AMT\":\"624.00\",\"PAYMENTINFO_0_FEEAMT\":\"18.40\",\"PAYMENTINFO_0_TAXAMT\":\"0.00\",\"PAYMENTINFO_0_CURRENCYCODE\":\"USD\",\"PAYMENTINFO_0_PAYMENTSTATUS\":\"Completed\",\"PAYMENTINFO_0_PENDINGREASON\":\"None\",\"PAYMENTINFO_0_REASONCODE\":\"None\",\"PAYMENTINFO_0_PROTECTIONELIGIBILITY\":\"Eligible\",\"PAYMENTINFO_0_PROTECTIONELIGIBILITYTYPE\":\"ItemNotReceivedEligible,UnauthorizedPaymentEligible\",\"PAYMENTINFO_0_SELLERPAYPALACCOUNTID\":\"paypal.bimmertech-facilitator@gmail.com\",\"PAYMENTINFO_0_ERRORCODE\":\"0\",\"PAYMENTINFO_0_ACK\":\"Success\",\"TRANSACTIONID\":\"2DM31385SR8681900\",\"PAYMENTREQUEST_0_TRANSACTIONID\":\"2DM31385SR8681900\",\"PAYMENTREQUESTINFO_0_TRANSACTIONID\":\"2DM31385SR8681900\",\"PAYMENTREQUEST_0_TRANSACTIONTYPE\":\"cart\",\"PAYMENTREQUEST_0_PAYMENTTYPE\":\"instant\",\"PAYMENTREQUEST_0_ORDERTIME\":\"2019-05-07T09:05:46Z\",\"PAYMENTREQUEST_0_FEEAMT\":\"18.40\",\"PAYMENTREQUEST_0_PAYMENTSTATUS\":\"Completed\",\"PAYMENTREQUEST_0_PENDINGREASON\":\"None\",\"PAYMENTREQUEST_0_REASONCODE\":\"None\"}', '2019-05-07 09:05:00', '2019-05-07 09:05:58'),
(47, 20, 701, 'USD', 62400, 'cart', '[]', '2019-05-08 10:15:00', '2019-05-08 10:15:00'),
(48, 20, 701, 'USD', 374600, 'completed', '{\"PAYMENTREQUEST_0_INVNUM\":\"701-48\",\"PAYMENTREQUEST_0_CURRENCYCODE\":\"USD\",\"PAYMENTREQUEST_0_AMT\":\"3746.00\",\"PAYMENTREQUEST_0_ITEMAMT\":\"3746.00\",\"L_PAYMENTREQUEST_0_NAME0\":\"SmartView HD Apple TV3\",\"L_PAYMENTREQUEST_0_AMT0\":\"624.00\",\"L_PAYMENTREQUEST_0_QTY0\":\"1\",\"L_PAYMENTREQUEST_0_NAME1\":\"2 Year Extended Warranty\",\"L_PAYMENTREQUEST_0_AMT1\":\"0.00\",\"L_PAYMENTREQUEST_0_QTY1\":\"1\",\"L_PAYMENTREQUEST_0_NAME2\":\"SmartView HD Apple TV3\",\"L_PAYMENTREQUEST_0_AMT2\":\"624.00\",\"L_PAYMENTREQUEST_0_QTY2\":\"1\",\"L_PAYMENTREQUEST_0_NAME3\":\"2 Year Extended Warranty\",\"L_PAYMENTREQUEST_0_AMT3\":\"0.00\",\"L_PAYMENTREQUEST_0_QTY3\":\"1\",\"L_PAYMENTREQUEST_0_NAME4\":\"VividScreen\",\"L_PAYMENTREQUEST_0_AMT4\":\"200.00\",\"L_PAYMENTREQUEST_0_QTY4\":\"1\",\"L_PAYMENTREQUEST_0_NAME5\":\"Rear View Camera\",\"L_PAYMENTREQUEST_0_AMT5\":\"300.00\",\"L_PAYMENTREQUEST_0_QTY5\":\"1\",\"L_PAYMENTREQUEST_0_NAME6\":\"SmartView HD Apple TV4\",\"L_PAYMENTREQUEST_0_AMT6\":\"699.00\",\"L_PAYMENTREQUEST_0_QTY6\":\"2\",\"L_PAYMENTREQUEST_0_NAME7\":\"2 Year Extended Warranty\",\"L_PAYMENTREQUEST_0_AMT7\":\"0.00\",\"L_PAYMENTREQUEST_0_QTY7\":\"2\",\"L_PAYMENTREQUEST_0_NAME8\":\"Rear View Camera\",\"L_PAYMENTREQUEST_0_AMT8\":\"300.00\",\"L_PAYMENTREQUEST_0_QTY8\":\"2\",\"PAYMENTREQUEST_0_PAYMENTACTION\":\"Sale\",\"AUTHORIZE_TOKEN_USERACTION\":\"commit\",\"RETURNURL\":\"http:\\/\\/testshop.bimmer-tech.net\\/payment\\/capture\\/PSo5MkDoB4CyQqQhqKdd1Yfd5gO-uYNH9IWQnnB29CY\",\"CANCELURL\":\"http:\\/\\/testshop.bimmer-tech.net\\/payment\\/capture\\/PSo5MkDoB4CyQqQhqKdd1Yfd5gO-uYNH9IWQnnB29CY?cancelled=1\",\"PAYMENTREQUEST_0_NOTIFYURL\":\"http:\\/\\/testshop.bimmer-tech.net\\/payment\\/notify\\/ho6hJvZV35lzb2SLC1dw9eq9qunmhS7p0X4PNr5m21o\",\"TOKEN\":\"EC-6F792882J21900934\",\"TIMESTAMP\":\"2019-05-09T07:32:40Z\",\"CORRELATIONID\":\"553ebbeb64583\",\"ACK\":\"Success\",\"VERSION\":\"65.1\",\"BUILD\":\"52688019\",\"BILLINGAGREEMENTACCEPTEDSTATUS\":\"0\",\"CHECKOUTSTATUS\":\"PaymentActionCompleted\",\"CURRENCYCODE\":\"USD\",\"AMT\":\"3746.00\",\"ITEMAMT\":\"3746.00\",\"SHIPPINGAMT\":\"0.00\",\"HANDLINGAMT\":\"0.00\",\"TAXAMT\":\"0.00\",\"INVNUM\":\"701-48\",\"NOTIFYURL\":\"http:\\/\\/testshop.bimmer-tech.net\\/payment\\/notify\\/ho6hJvZV35lzb2SLC1dw9eq9qunmhS7p0X4PNr5m21o\",\"INSURANCEAMT\":\"0.00\",\"SHIPDISCAMT\":\"0.00\",\"L_NAME0\":\"SmartView HD Apple TV3\",\"L_NAME1\":\"2 Year Extended Warranty\",\"L_NAME2\":\"SmartView HD Apple TV3\",\"L_NAME3\":\"2 Year Extended Warranty\",\"L_NAME4\":\"VividScreen\",\"L_NAME5\":\"Rear View Camera\",\"L_NAME6\":\"SmartView HD Apple TV4\",\"L_NAME7\":\"2 Year Extended Warranty\",\"L_NAME8\":\"Rear View Camera\",\"L_QTY0\":\"1\",\"L_QTY1\":\"1\",\"L_QTY2\":\"1\",\"L_QTY3\":\"1\",\"L_QTY4\":\"1\",\"L_QTY5\":\"1\",\"L_QTY6\":\"2\",\"L_QTY7\":\"2\",\"L_QTY8\":\"2\",\"L_TAXAMT0\":\"0.00\",\"L_TAXAMT1\":\"0.00\",\"L_TAXAMT2\":\"0.00\",\"L_TAXAMT3\":\"0.00\",\"L_TAXAMT4\":\"0.00\",\"L_TAXAMT5\":\"0.00\",\"L_TAXAMT6\":\"0.00\",\"L_TAXAMT7\":\"0.00\",\"L_TAXAMT8\":\"0.00\",\"L_AMT0\":\"624.00\",\"L_AMT1\":\"0.00\",\"L_AMT2\":\"624.00\",\"L_AMT3\":\"0.00\",\"L_AMT4\":\"200.00\",\"L_AMT5\":\"300.00\",\"L_AMT6\":\"699.00\",\"L_AMT7\":\"0.00\",\"L_AMT8\":\"300.00\",\"L_ITEMWEIGHTVALUE0\":\"   0.00000\",\"L_ITEMWEIGHTVALUE1\":\"   0.00000\",\"L_ITEMWEIGHTVALUE2\":\"   0.00000\",\"L_ITEMWEIGHTVALUE3\":\"   0.00000\",\"L_ITEMWEIGHTVALUE4\":\"   0.00000\",\"L_ITEMWEIGHTVALUE5\":\"   0.00000\",\"L_ITEMWEIGHTVALUE6\":\"   0.00000\",\"L_ITEMWEIGHTVALUE7\":\"   0.00000\",\"L_ITEMWEIGHTVALUE8\":\"   0.00000\",\"L_ITEMLENGTHVALUE0\":\"   0.00000\",\"L_ITEMLENGTHVALUE1\":\"   0.00000\",\"L_ITEMLENGTHVALUE2\":\"   0.00000\",\"L_ITEMLENGTHVALUE3\":\"   0.00000\",\"L_ITEMLENGTHVALUE4\":\"   0.00000\",\"L_ITEMLENGTHVALUE5\":\"   0.00000\",\"L_ITEMLENGTHVALUE6\":\"   0.00000\",\"L_ITEMLENGTHVALUE7\":\"   0.00000\",\"L_ITEMLENGTHVALUE8\":\"   0.00000\",\"L_ITEMWIDTHVALUE0\":\"   0.00000\",\"L_ITEMWIDTHVALUE1\":\"   0.00000\",\"L_ITEMWIDTHVALUE2\":\"   0.00000\",\"L_ITEMWIDTHVALUE3\":\"   0.00000\",\"L_ITEMWIDTHVALUE4\":\"   0.00000\",\"L_ITEMWIDTHVALUE5\":\"   0.00000\",\"L_ITEMWIDTHVALUE6\":\"   0.00000\",\"L_ITEMWIDTHVALUE7\":\"   0.00000\",\"L_ITEMWIDTHVALUE8\":\"   0.00000\",\"L_ITEMHEIGHTVALUE0\":\"   0.00000\",\"L_ITEMHEIGHTVALUE1\":\"   0.00000\",\"L_ITEMHEIGHTVALUE2\":\"   0.00000\",\"L_ITEMHEIGHTVALUE3\":\"   0.00000\",\"L_ITEMHEIGHTVALUE4\":\"   0.00000\",\"L_ITEMHEIGHTVALUE5\":\"   0.00000\",\"L_ITEMHEIGHTVALUE6\":\"   0.00000\",\"L_ITEMHEIGHTVALUE7\":\"   0.00000\",\"L_ITEMHEIGHTVALUE8\":\"   0.00000\",\"PAYMENTREQUEST_0_SHIPPINGAMT\":\"0.00\",\"PAYMENTREQUEST_0_HANDLINGAMT\":\"0.00\",\"PAYMENTREQUEST_0_TAXAMT\":\"0.00\",\"PAYMENTREQUEST_0_INSURANCEAMT\":\"0.00\",\"PAYMENTREQUEST_0_SHIPDISCAMT\":\"0.00\",\"PAYMENTREQUEST_0_INSURANCEOPTIONOFFERED\":\"false\",\"L_PAYMENTREQUEST_0_TAXAMT0\":\"0.00\",\"L_PAYMENTREQUEST_0_TAXAMT1\":\"0.00\",\"L_PAYMENTREQUEST_0_TAXAMT2\":\"0.00\",\"L_PAYMENTREQUEST_0_TAXAMT3\":\"0.00\",\"L_PAYMENTREQUEST_0_TAXAMT4\":\"0.00\",\"L_PAYMENTREQUEST_0_TAXAMT5\":\"0.00\",\"L_PAYMENTREQUEST_0_TAXAMT6\":\"0.00\",\"L_PAYMENTREQUEST_0_TAXAMT7\":\"0.00\",\"L_PAYMENTREQUEST_0_TAXAMT8\":\"0.00\",\"L_PAYMENTREQUEST_0_ITEMWEIGHTVALUE0\":\"   0.00000\",\"L_PAYMENTREQUEST_0_ITEMWEIGHTVALUE1\":\"   0.00000\",\"L_PAYMENTREQUEST_0_ITEMWEIGHTVALUE2\":\"   0.00000\",\"L_PAYMENTREQUEST_0_ITEMWEIGHTVALUE3\":\"   0.00000\",\"L_PAYMENTREQUEST_0_ITEMWEIGHTVALUE4\":\"   0.00000\",\"L_PAYMENTREQUEST_0_ITEMWEIGHTVALUE5\":\"   0.00000\",\"L_PAYMENTREQUEST_0_ITEMWEIGHTVALUE6\":\"   0.00000\",\"L_PAYMENTREQUEST_0_ITEMWEIGHTVALUE7\":\"   0.00000\",\"L_PAYMENTREQUEST_0_ITEMWEIGHTVALUE8\":\"   0.00000\",\"L_PAYMENTREQUEST_0_ITEMLENGTHVALUE0\":\"   0.00000\",\"L_PAYMENTREQUEST_0_ITEMLENGTHVALUE1\":\"   0.00000\",\"L_PAYMENTREQUEST_0_ITEMLENGTHVALUE2\":\"   0.00000\",\"L_PAYMENTREQUEST_0_ITEMLENGTHVALUE3\":\"   0.00000\",\"L_PAYMENTREQUEST_0_ITEMLENGTHVALUE4\":\"   0.00000\",\"L_PAYMENTREQUEST_0_ITEMLENGTHVALUE5\":\"   0.00000\",\"L_PAYMENTREQUEST_0_ITEMLENGTHVALUE6\":\"   0.00000\",\"L_PAYMENTREQUEST_0_ITEMLENGTHVALUE7\":\"   0.00000\",\"L_PAYMENTREQUEST_0_ITEMLENGTHVALUE8\":\"   0.00000\",\"L_PAYMENTREQUEST_0_ITEMWIDTHVALUE0\":\"   0.00000\",\"L_PAYMENTREQUEST_0_ITEMWIDTHVALUE1\":\"   0.00000\",\"L_PAYMENTREQUEST_0_ITEMWIDTHVALUE2\":\"   0.00000\",\"L_PAYMENTREQUEST_0_ITEMWIDTHVALUE3\":\"   0.00000\",\"L_PAYMENTREQUEST_0_ITEMWIDTHVALUE4\":\"   0.00000\",\"L_PAYMENTREQUEST_0_ITEMWIDTHVALUE5\":\"   0.00000\",\"L_PAYMENTREQUEST_0_ITEMWIDTHVALUE6\":\"   0.00000\",\"L_PAYMENTREQUEST_0_ITEMWIDTHVALUE7\":\"   0.00000\",\"L_PAYMENTREQUEST_0_ITEMWIDTHVALUE8\":\"   0.00000\",\"L_PAYMENTREQUEST_0_ITEMHEIGHTVALUE0\":\"   0.00000\",\"L_PAYMENTREQUEST_0_ITEMHEIGHTVALUE1\":\"   0.00000\",\"L_PAYMENTREQUEST_0_ITEMHEIGHTVALUE2\":\"   0.00000\",\"L_PAYMENTREQUEST_0_ITEMHEIGHTVALUE3\":\"   0.00000\",\"L_PAYMENTREQUEST_0_ITEMHEIGHTVALUE4\":\"   0.00000\",\"L_PAYMENTREQUEST_0_ITEMHEIGHTVALUE5\":\"   0.00000\",\"L_PAYMENTREQUEST_0_ITEMHEIGHTVALUE6\":\"   0.00000\",\"L_PAYMENTREQUEST_0_ITEMHEIGHTVALUE7\":\"   0.00000\",\"L_PAYMENTREQUEST_0_ITEMHEIGHTVALUE8\":\"   0.00000\",\"PAYMENTREQUESTINFO_0_ERRORCODE\":\"0\",\"EMAIL\":\"taras.terletskij@bimmer-tech.net\",\"PAYERID\":\"8UPWNP6FPCTCJ\",\"PAYERSTATUS\":\"verified\",\"FIRSTNAME\":\"Taras\",\"LASTNAME\":\"Terletskij\",\"COUNTRYCODE\":\"US\",\"SHIPTONAME\":\"Taras Terletskij\",\"SHIPTOSTREET\":\"1 Main St\",\"SHIPTOCITY\":\"San Jose\",\"SHIPTOSTATE\":\"CA\",\"SHIPTOZIP\":\"95131\",\"SHIPTOCOUNTRYCODE\":\"US\",\"SHIPTOCOUNTRYNAME\":\"United States\",\"ADDRESSSTATUS\":\"Confirmed\",\"INSURANCEOPTIONOFFERED\":\"false\",\"PAYMENTREQUEST_0_SELLERPAYPALACCOUNTID\":\"paypal.bimmertech-facilitator@gmail.com\",\"PAYMENTREQUEST_0_SHIPTONAME\":\"Taras Terletskij\",\"PAYMENTREQUEST_0_SHIPTOSTREET\":\"1 Main St\",\"PAYMENTREQUEST_0_SHIPTOCITY\":\"San Jose\",\"PAYMENTREQUEST_0_SHIPTOSTATE\":\"CA\",\"PAYMENTREQUEST_0_SHIPTOZIP\":\"95131\",\"PAYMENTREQUEST_0_SHIPTOCOUNTRYCODE\":\"US\",\"PAYMENTREQUEST_0_SHIPTOCOUNTRYNAME\":\"United States\",\"PAYMENTREQUEST_0_ADDRESSSTATUS\":\"Confirmed\",\"SUCCESSPAGEREDIRECTREQUESTED\":\"false\",\"INSURANCEOPTIONSELECTED\":\"false\",\"SHIPPINGOPTIONISDEFAULT\":\"false\",\"PAYMENTINFO_0_TRANSACTIONID\":\"3D2513897R313601D\",\"PAYMENTINFO_0_TRANSACTIONTYPE\":\"cart\",\"PAYMENTINFO_0_PAYMENTTYPE\":\"instant\",\"PAYMENTINFO_0_ORDERTIME\":\"2019-05-09T07:32:34Z\",\"PAYMENTINFO_0_AMT\":\"3746.00\",\"PAYMENTINFO_0_FEEAMT\":\"108.93\",\"PAYMENTINFO_0_TAXAMT\":\"0.00\",\"PAYMENTINFO_0_CURRENCYCODE\":\"USD\",\"PAYMENTINFO_0_PAYMENTSTATUS\":\"Completed\",\"PAYMENTINFO_0_PENDINGREASON\":\"None\",\"PAYMENTINFO_0_REASONCODE\":\"None\",\"PAYMENTINFO_0_PROTECTIONELIGIBILITY\":\"Eligible\",\"PAYMENTINFO_0_PROTECTIONELIGIBILITYTYPE\":\"ItemNotReceivedEligible,UnauthorizedPaymentEligible\",\"PAYMENTINFO_0_SELLERPAYPALACCOUNTID\":\"paypal.bimmertech-facilitator@gmail.com\",\"PAYMENTINFO_0_ERRORCODE\":\"0\",\"PAYMENTINFO_0_ACK\":\"Success\",\"TRANSACTIONID\":\"3D2513897R313601D\",\"PAYMENTREQUEST_0_TRANSACTIONID\":\"3D2513897R313601D\",\"PAYMENTREQUESTINFO_0_TRANSACTIONID\":\"3D2513897R313601D\",\"PAYMENTREQUEST_0_TRANSACTIONTYPE\":\"cart\",\"PAYMENTREQUEST_0_PAYMENTTYPE\":\"instant\",\"PAYMENTREQUEST_0_ORDERTIME\":\"2019-05-09T07:32:34Z\",\"PAYMENTREQUEST_0_FEEAMT\":\"108.93\",\"PAYMENTREQUEST_0_PAYMENTSTATUS\":\"Completed\",\"PAYMENTREQUEST_0_PENDINGREASON\":\"None\",\"PAYMENTREQUEST_0_REASONCODE\":\"None\"}', '2019-05-09 06:22:55', '2019-05-09 07:32:42'),
(49, 20, 704, 'USD', 29900, 'completed', '{\"PAYMENTREQUEST_0_INVNUM\":\"704-49\",\"PAYMENTREQUEST_0_CURRENCYCODE\":\"USD\",\"PAYMENTREQUEST_0_AMT\":\"299.00\",\"PAYMENTREQUEST_0_ITEMAMT\":\"299.00\",\"L_PAYMENTREQUEST_0_NAME0\":\"NBT\\/NBT Evo Remote Software Activation\",\"L_PAYMENTREQUEST_0_AMT0\":\"250.00\",\"L_PAYMENTREQUEST_0_QTY0\":\"1\",\"L_PAYMENTREQUEST_0_NAME1\":\"Coding Cable\",\"L_PAYMENTREQUEST_0_AMT1\":\"49.00\",\"L_PAYMENTREQUEST_0_QTY1\":\"1\",\"PAYMENTREQUEST_0_PAYMENTACTION\":\"Sale\",\"AUTHORIZE_TOKEN_USERACTION\":\"commit\",\"RETURNURL\":\"http:\\/\\/testshop.bimmer-tech.net\\/payment\\/capture\\/wGk528NrTvvYTcB0I1FxH_Mr11pGqUH4i1jnClu5tJw\",\"CANCELURL\":\"http:\\/\\/testshop.bimmer-tech.net\\/payment\\/capture\\/wGk528NrTvvYTcB0I1FxH_Mr11pGqUH4i1jnClu5tJw?cancelled=1\",\"PAYMENTREQUEST_0_NOTIFYURL\":\"http:\\/\\/testshop.bimmer-tech.net\\/payment\\/notify\\/xVnGxqV-dq90PyqwKppafOQStjTVL3BYgEvuNgIAEKA\",\"TOKEN\":\"EC-3T532214SU7704930\",\"TIMESTAMP\":\"2019-05-09T09:21:38Z\",\"CORRELATIONID\":\"348d871840139\",\"ACK\":\"Success\",\"VERSION\":\"65.1\",\"BUILD\":\"52688019\",\"BILLINGAGREEMENTACCEPTEDSTATUS\":\"0\",\"CHECKOUTSTATUS\":\"PaymentActionCompleted\",\"CURRENCYCODE\":\"USD\",\"AMT\":\"299.00\",\"ITEMAMT\":\"299.00\",\"SHIPPINGAMT\":\"0.00\",\"HANDLINGAMT\":\"0.00\",\"TAXAMT\":\"0.00\",\"INVNUM\":\"704-49\",\"NOTIFYURL\":\"http:\\/\\/testshop.bimmer-tech.net\\/payment\\/notify\\/xVnGxqV-dq90PyqwKppafOQStjTVL3BYgEvuNgIAEKA\",\"INSURANCEAMT\":\"0.00\",\"SHIPDISCAMT\":\"0.00\",\"L_NAME0\":\"NBT\\/NBT Evo Remote Software Activation\",\"L_NAME1\":\"Coding Cable\",\"L_QTY0\":\"1\",\"L_QTY1\":\"1\",\"L_TAXAMT0\":\"0.00\",\"L_TAXAMT1\":\"0.00\",\"L_AMT0\":\"250.00\",\"L_AMT1\":\"49.00\",\"L_ITEMWEIGHTVALUE0\":\"   0.00000\",\"L_ITEMWEIGHTVALUE1\":\"   0.00000\",\"L_ITEMLENGTHVALUE0\":\"   0.00000\",\"L_ITEMLENGTHVALUE1\":\"   0.00000\",\"L_ITEMWIDTHVALUE0\":\"   0.00000\",\"L_ITEMWIDTHVALUE1\":\"   0.00000\",\"L_ITEMHEIGHTVALUE0\":\"   0.00000\",\"L_ITEMHEIGHTVALUE1\":\"   0.00000\",\"PAYMENTREQUEST_0_SHIPPINGAMT\":\"0.00\",\"PAYMENTREQUEST_0_HANDLINGAMT\":\"0.00\",\"PAYMENTREQUEST_0_TAXAMT\":\"0.00\",\"PAYMENTREQUEST_0_INSURANCEAMT\":\"0.00\",\"PAYMENTREQUEST_0_SHIPDISCAMT\":\"0.00\",\"PAYMENTREQUEST_0_INSURANCEOPTIONOFFERED\":\"false\",\"L_PAYMENTREQUEST_0_TAXAMT0\":\"0.00\",\"L_PAYMENTREQUEST_0_TAXAMT1\":\"0.00\",\"L_PAYMENTREQUEST_0_ITEMWEIGHTVALUE0\":\"   0.00000\",\"L_PAYMENTREQUEST_0_ITEMWEIGHTVALUE1\":\"   0.00000\",\"L_PAYMENTREQUEST_0_ITEMLENGTHVALUE0\":\"   0.00000\",\"L_PAYMENTREQUEST_0_ITEMLENGTHVALUE1\":\"   0.00000\",\"L_PAYMENTREQUEST_0_ITEMWIDTHVALUE0\":\"   0.00000\",\"L_PAYMENTREQUEST_0_ITEMWIDTHVALUE1\":\"   0.00000\",\"L_PAYMENTREQUEST_0_ITEMHEIGHTVALUE0\":\"   0.00000\",\"L_PAYMENTREQUEST_0_ITEMHEIGHTVALUE1\":\"   0.00000\",\"PAYMENTREQUESTINFO_0_ERRORCODE\":\"0\",\"EMAIL\":\"taras.terletskij@bimmer-tech.net\",\"PAYERID\":\"8UPWNP6FPCTCJ\",\"PAYERSTATUS\":\"verified\",\"FIRSTNAME\":\"Taras\",\"LASTNAME\":\"Terletskij\",\"COUNTRYCODE\":\"US\",\"SHIPTONAME\":\"Taras Terletskij\",\"SHIPTOSTREET\":\"1 Main St\",\"SHIPTOCITY\":\"San Jose\",\"SHIPTOSTATE\":\"CA\",\"SHIPTOZIP\":\"95131\",\"SHIPTOCOUNTRYCODE\":\"US\",\"SHIPTOCOUNTRYNAME\":\"United States\",\"ADDRESSSTATUS\":\"Confirmed\",\"INSURANCEOPTIONOFFERED\":\"false\",\"PAYMENTREQUEST_0_SELLERPAYPALACCOUNTID\":\"paypal.bimmertech-facilitator@gmail.com\",\"PAYMENTREQUEST_0_SHIPTONAME\":\"Taras Terletskij\",\"PAYMENTREQUEST_0_SHIPTOSTREET\":\"1 Main St\",\"PAYMENTREQUEST_0_SHIPTOCITY\":\"San Jose\",\"PAYMENTREQUEST_0_SHIPTOSTATE\":\"CA\",\"PAYMENTREQUEST_0_SHIPTOZIP\":\"95131\",\"PAYMENTREQUEST_0_SHIPTOCOUNTRYCODE\":\"US\",\"PAYMENTREQUEST_0_SHIPTOCOUNTRYNAME\":\"United States\",\"PAYMENTREQUEST_0_ADDRESSSTATUS\":\"Confirmed\",\"SUCCESSPAGEREDIRECTREQUESTED\":\"false\",\"INSURANCEOPTIONSELECTED\":\"false\",\"SHIPPINGOPTIONISDEFAULT\":\"false\",\"PAYMENTINFO_0_TRANSACTIONID\":\"7L4283830M396945P\",\"PAYMENTINFO_0_TRANSACTIONTYPE\":\"cart\",\"PAYMENTINFO_0_PAYMENTTYPE\":\"instant\",\"PAYMENTINFO_0_ORDERTIME\":\"2019-05-09T07:14:47Z\",\"PAYMENTINFO_0_AMT\":\"299.00\",\"PAYMENTINFO_0_FEEAMT\":\"8.97\",\"PAYMENTINFO_0_TAXAMT\":\"0.00\",\"PAYMENTINFO_0_CURRENCYCODE\":\"USD\",\"PAYMENTINFO_0_PAYMENTSTATUS\":\"Completed\",\"PAYMENTINFO_0_PENDINGREASON\":\"None\",\"PAYMENTINFO_0_REASONCODE\":\"None\",\"PAYMENTINFO_0_PROTECTIONELIGIBILITY\":\"Eligible\",\"PAYMENTINFO_0_PROTECTIONELIGIBILITYTYPE\":\"ItemNotReceivedEligible,UnauthorizedPaymentEligible\",\"PAYMENTINFO_0_SELLERPAYPALACCOUNTID\":\"paypal.bimmertech-facilitator@gmail.com\",\"PAYMENTINFO_0_ERRORCODE\":\"0\",\"PAYMENTINFO_0_ACK\":\"Success\",\"TRANSACTIONID\":\"7L4283830M396945P\",\"PAYMENTREQUEST_0_TRANSACTIONID\":\"7L4283830M396945P\",\"PAYMENTREQUESTINFO_0_TRANSACTIONID\":\"7L4283830M396945P\",\"PAYMENTREQUEST_0_TRANSACTIONTYPE\":\"cart\",\"PAYMENTREQUEST_0_PAYMENTTYPE\":\"instant\",\"PAYMENTREQUEST_0_ORDERTIME\":\"2019-05-09T07:14:47Z\",\"PAYMENTREQUEST_0_FEEAMT\":\"8.97\",\"PAYMENTREQUEST_0_PAYMENTSTATUS\":\"PartiallyRefunded\",\"PAYMENTREQUEST_0_PENDINGREASON\":\"None\",\"PAYMENTREQUEST_0_REASONCODE\":\"None\"}', '2019-05-09 06:26:31', '2019-05-09 09:21:40'),
(50, 20, 705, 'USD', 202300, 'completed', '{\"PAYMENTREQUEST_0_INVNUM\":\"705-50\",\"PAYMENTREQUEST_0_CURRENCYCODE\":\"USD\",\"PAYMENTREQUEST_0_AMT\":\"2023.00\",\"PAYMENTREQUEST_0_ITEMAMT\":\"2023.00\",\"L_PAYMENTREQUEST_0_NAME0\":\"SmartView HD Apple TV3\",\"L_PAYMENTREQUEST_0_AMT0\":\"624.00\",\"L_PAYMENTREQUEST_0_QTY0\":\"1\",\"L_PAYMENTREQUEST_0_NAME1\":\"1 Year Standard Warranty\",\"L_PAYMENTREQUEST_0_AMT1\":\"0.00\",\"L_PAYMENTREQUEST_0_QTY1\":\"1\",\"L_PAYMENTREQUEST_0_NAME2\":\"VividScreen\",\"L_PAYMENTREQUEST_0_AMT2\":\"200.00\",\"L_PAYMENTREQUEST_0_QTY2\":\"1\",\"L_PAYMENTREQUEST_0_NAME3\":\"Rear View Camera\",\"L_PAYMENTREQUEST_0_AMT3\":\"300.00\",\"L_PAYMENTREQUEST_0_QTY3\":\"1\",\"L_PAYMENTREQUEST_0_NAME4\":\"iDrive Touch Controller Retrofit\",\"L_PAYMENTREQUEST_0_AMT4\":\"899.00\",\"L_PAYMENTREQUEST_0_QTY4\":\"1\",\"L_PAYMENTREQUEST_0_NAME5\":\"2 Year Extended Warranty\",\"L_PAYMENTREQUEST_0_AMT5\":\"0.00\",\"L_PAYMENTREQUEST_0_QTY5\":\"1\",\"PAYMENTREQUEST_0_PAYMENTACTION\":\"Sale\",\"AUTHORIZE_TOKEN_USERACTION\":\"commit\",\"RETURNURL\":\"http:\\/\\/testshop.bimmer-tech.net\\/payment\\/capture\\/rM1ncupRO2idJVM7mK-Oo9BvWzUF2J1ZWx2LimlZ7uk\",\"CANCELURL\":\"http:\\/\\/testshop.bimmer-tech.net\\/payment\\/capture\\/rM1ncupRO2idJVM7mK-Oo9BvWzUF2J1ZWx2LimlZ7uk?cancelled=1\",\"PAYMENTREQUEST_0_NOTIFYURL\":\"http:\\/\\/testshop.bimmer-tech.net\\/payment\\/notify\\/dz6Fu_9sSjMCVQC4V-JwRGBlHLv-FtcZazWT-ay7ChQ\",\"TOKEN\":\"EC-24T170340D3765547\",\"TIMESTAMP\":\"2019-05-09T07:31:38Z\",\"CORRELATIONID\":\"1ba5ef0985e9e\",\"ACK\":\"Success\",\"VERSION\":\"65.1\",\"BUILD\":\"52688019\",\"BILLINGAGREEMENTACCEPTEDSTATUS\":\"0\",\"CHECKOUTSTATUS\":\"PaymentActionCompleted\",\"CURRENCYCODE\":\"USD\",\"AMT\":\"2023.00\",\"ITEMAMT\":\"2023.00\",\"SHIPPINGAMT\":\"0.00\",\"HANDLINGAMT\":\"0.00\",\"TAXAMT\":\"0.00\",\"INVNUM\":\"705-50\",\"NOTIFYURL\":\"http:\\/\\/testshop.bimmer-tech.net\\/payment\\/notify\\/dz6Fu_9sSjMCVQC4V-JwRGBlHLv-FtcZazWT-ay7ChQ\",\"INSURANCEAMT\":\"0.00\",\"SHIPDISCAMT\":\"0.00\",\"L_NAME0\":\"SmartView HD Apple TV3\",\"L_NAME1\":\"1 Year Standard Warranty\",\"L_NAME2\":\"VividScreen\",\"L_NAME3\":\"Rear View Camera\",\"L_NAME4\":\"iDrive Touch Controller Retrofit\",\"L_NAME5\":\"2 Year Extended Warranty\",\"L_QTY0\":\"1\",\"L_QTY1\":\"1\",\"L_QTY2\":\"1\",\"L_QTY3\":\"1\",\"L_QTY4\":\"1\",\"L_QTY5\":\"1\",\"L_TAXAMT0\":\"0.00\",\"L_TAXAMT1\":\"0.00\",\"L_TAXAMT2\":\"0.00\",\"L_TAXAMT3\":\"0.00\",\"L_TAXAMT4\":\"0.00\",\"L_TAXAMT5\":\"0.00\",\"L_AMT0\":\"624.00\",\"L_AMT1\":\"0.00\",\"L_AMT2\":\"200.00\",\"L_AMT3\":\"300.00\",\"L_AMT4\":\"899.00\",\"L_AMT5\":\"0.00\",\"L_ITEMWEIGHTVALUE0\":\"   0.00000\",\"L_ITEMWEIGHTVALUE1\":\"   0.00000\",\"L_ITEMWEIGHTVALUE2\":\"   0.00000\",\"L_ITEMWEIGHTVALUE3\":\"   0.00000\",\"L_ITEMWEIGHTVALUE4\":\"   0.00000\",\"L_ITEMWEIGHTVALUE5\":\"   0.00000\",\"L_ITEMLENGTHVALUE0\":\"   0.00000\",\"L_ITEMLENGTHVALUE1\":\"   0.00000\",\"L_ITEMLENGTHVALUE2\":\"   0.00000\",\"L_ITEMLENGTHVALUE3\":\"   0.00000\",\"L_ITEMLENGTHVALUE4\":\"   0.00000\",\"L_ITEMLENGTHVALUE5\":\"   0.00000\",\"L_ITEMWIDTHVALUE0\":\"   0.00000\",\"L_ITEMWIDTHVALUE1\":\"   0.00000\",\"L_ITEMWIDTHVALUE2\":\"   0.00000\",\"L_ITEMWIDTHVALUE3\":\"   0.00000\",\"L_ITEMWIDTHVALUE4\":\"   0.00000\",\"L_ITEMWIDTHVALUE5\":\"   0.00000\",\"L_ITEMHEIGHTVALUE0\":\"   0.00000\",\"L_ITEMHEIGHTVALUE1\":\"   0.00000\",\"L_ITEMHEIGHTVALUE2\":\"   0.00000\",\"L_ITEMHEIGHTVALUE3\":\"   0.00000\",\"L_ITEMHEIGHTVALUE4\":\"   0.00000\",\"L_ITEMHEIGHTVALUE5\":\"   0.00000\",\"PAYMENTREQUEST_0_SHIPPINGAMT\":\"0.00\",\"PAYMENTREQUEST_0_HANDLINGAMT\":\"0.00\",\"PAYMENTREQUEST_0_TAXAMT\":\"0.00\",\"PAYMENTREQUEST_0_INSURANCEAMT\":\"0.00\",\"PAYMENTREQUEST_0_SHIPDISCAMT\":\"0.00\",\"PAYMENTREQUEST_0_INSURANCEOPTIONOFFERED\":\"false\",\"L_PAYMENTREQUEST_0_TAXAMT0\":\"0.00\",\"L_PAYMENTREQUEST_0_TAXAMT1\":\"0.00\",\"L_PAYMENTREQUEST_0_TAXAMT2\":\"0.00\",\"L_PAYMENTREQUEST_0_TAXAMT3\":\"0.00\",\"L_PAYMENTREQUEST_0_TAXAMT4\":\"0.00\",\"L_PAYMENTREQUEST_0_TAXAMT5\":\"0.00\",\"L_PAYMENTREQUEST_0_ITEMWEIGHTVALUE0\":\"   0.00000\",\"L_PAYMENTREQUEST_0_ITEMWEIGHTVALUE1\":\"   0.00000\",\"L_PAYMENTREQUEST_0_ITEMWEIGHTVALUE2\":\"   0.00000\",\"L_PAYMENTREQUEST_0_ITEMWEIGHTVALUE3\":\"   0.00000\",\"L_PAYMENTREQUEST_0_ITEMWEIGHTVALUE4\":\"   0.00000\",\"L_PAYMENTREQUEST_0_ITEMWEIGHTVALUE5\":\"   0.00000\",\"L_PAYMENTREQUEST_0_ITEMLENGTHVALUE0\":\"   0.00000\",\"L_PAYMENTREQUEST_0_ITEMLENGTHVALUE1\":\"   0.00000\",\"L_PAYMENTREQUEST_0_ITEMLENGTHVALUE2\":\"   0.00000\",\"L_PAYMENTREQUEST_0_ITEMLENGTHVALUE3\":\"   0.00000\",\"L_PAYMENTREQUEST_0_ITEMLENGTHVALUE4\":\"   0.00000\",\"L_PAYMENTREQUEST_0_ITEMLENGTHVALUE5\":\"   0.00000\",\"L_PAYMENTREQUEST_0_ITEMWIDTHVALUE0\":\"   0.00000\",\"L_PAYMENTREQUEST_0_ITEMWIDTHVALUE1\":\"   0.00000\",\"L_PAYMENTREQUEST_0_ITEMWIDTHVALUE2\":\"   0.00000\",\"L_PAYMENTREQUEST_0_ITEMWIDTHVALUE3\":\"   0.00000\",\"L_PAYMENTREQUEST_0_ITEMWIDTHVALUE4\":\"   0.00000\",\"L_PAYMENTREQUEST_0_ITEMWIDTHVALUE5\":\"   0.00000\",\"L_PAYMENTREQUEST_0_ITEMHEIGHTVALUE0\":\"   0.00000\",\"L_PAYMENTREQUEST_0_ITEMHEIGHTVALUE1\":\"   0.00000\",\"L_PAYMENTREQUEST_0_ITEMHEIGHTVALUE2\":\"   0.00000\",\"L_PAYMENTREQUEST_0_ITEMHEIGHTVALUE3\":\"   0.00000\",\"L_PAYMENTREQUEST_0_ITEMHEIGHTVALUE4\":\"   0.00000\",\"L_PAYMENTREQUEST_0_ITEMHEIGHTVALUE5\":\"   0.00000\",\"PAYMENTREQUESTINFO_0_ERRORCODE\":\"0\",\"EMAIL\":\"taras.terletskij@bimmer-tech.net\",\"PAYERID\":\"8UPWNP6FPCTCJ\",\"PAYERSTATUS\":\"verified\",\"FIRSTNAME\":\"Taras\",\"LASTNAME\":\"Terletskij\",\"COUNTRYCODE\":\"US\",\"SHIPTONAME\":\"Taras Terletskij\",\"SHIPTOSTREET\":\"1 Main St\",\"SHIPTOCITY\":\"San Jose\",\"SHIPTOSTATE\":\"CA\",\"SHIPTOZIP\":\"95131\",\"SHIPTOCOUNTRYCODE\":\"US\",\"SHIPTOCOUNTRYNAME\":\"United States\",\"ADDRESSSTATUS\":\"Confirmed\",\"INSURANCEOPTIONOFFERED\":\"false\",\"PAYMENTREQUEST_0_SELLERPAYPALACCOUNTID\":\"paypal.bimmertech-facilitator@gmail.com\",\"PAYMENTREQUEST_0_SHIPTONAME\":\"Taras Terletskij\",\"PAYMENTREQUEST_0_SHIPTOSTREET\":\"1 Main St\",\"PAYMENTREQUEST_0_SHIPTOCITY\":\"San Jose\",\"PAYMENTREQUEST_0_SHIPTOSTATE\":\"CA\",\"PAYMENTREQUEST_0_SHIPTOZIP\":\"95131\",\"PAYMENTREQUEST_0_SHIPTOCOUNTRYCODE\":\"US\",\"PAYMENTREQUEST_0_SHIPTOCOUNTRYNAME\":\"United States\",\"PAYMENTREQUEST_0_ADDRESSSTATUS\":\"Confirmed\",\"SUCCESSPAGEREDIRECTREQUESTED\":\"false\",\"INSURANCEOPTIONSELECTED\":\"false\",\"SHIPPINGOPTIONISDEFAULT\":\"false\",\"PAYMENTINFO_0_TRANSACTIONID\":\"33C321235H748125F\",\"PAYMENTINFO_0_TRANSACTIONTYPE\":\"cart\",\"PAYMENTINFO_0_PAYMENTTYPE\":\"instant\",\"PAYMENTINFO_0_ORDERTIME\":\"2019-05-09T07:31:30Z\",\"PAYMENTINFO_0_AMT\":\"2023.00\",\"PAYMENTINFO_0_FEEAMT\":\"58.97\",\"PAYMENTINFO_0_TAXAMT\":\"0.00\",\"PAYMENTINFO_0_CURRENCYCODE\":\"USD\",\"PAYMENTINFO_0_PAYMENTSTATUS\":\"Completed\",\"PAYMENTINFO_0_PENDINGREASON\":\"None\",\"PAYMENTINFO_0_REASONCODE\":\"None\",\"PAYMENTINFO_0_PROTECTIONELIGIBILITY\":\"Eligible\",\"PAYMENTINFO_0_PROTECTIONELIGIBILITYTYPE\":\"ItemNotReceivedEligible,UnauthorizedPaymentEligible\",\"PAYMENTINFO_0_SELLERPAYPALACCOUNTID\":\"paypal.bimmertech-facilitator@gmail.com\",\"PAYMENTINFO_0_ERRORCODE\":\"0\",\"PAYMENTINFO_0_ACK\":\"Success\",\"TRANSACTIONID\":\"33C321235H748125F\",\"PAYMENTREQUEST_0_TRANSACTIONID\":\"33C321235H748125F\",\"PAYMENTREQUESTINFO_0_TRANSACTIONID\":\"33C321235H748125F\",\"PAYMENTREQUEST_0_TRANSACTIONTYPE\":\"cart\",\"PAYMENTREQUEST_0_PAYMENTTYPE\":\"instant\",\"PAYMENTREQUEST_0_ORDERTIME\":\"2019-05-09T07:31:30Z\",\"PAYMENTREQUEST_0_FEEAMT\":\"58.97\",\"PAYMENTREQUEST_0_PAYMENTSTATUS\":\"Completed\",\"PAYMENTREQUEST_0_PENDINGREASON\":\"None\",\"PAYMENTREQUEST_0_REASONCODE\":\"None\"}', '2019-05-09 07:30:43', '2019-05-09 07:31:40'),
(51, 20, 706, 'USD', 69900, 'completed', '{\"PAYMENTREQUEST_0_INVNUM\":\"706-51\",\"PAYMENTREQUEST_0_CURRENCYCODE\":\"USD\",\"PAYMENTREQUEST_0_AMT\":\"699.00\",\"PAYMENTREQUEST_0_ITEMAMT\":\"699.00\",\"L_PAYMENTREQUEST_0_NAME0\":\"SmartView HD Apple TV4\",\"L_PAYMENTREQUEST_0_AMT0\":\"699.00\",\"L_PAYMENTREQUEST_0_QTY0\":\"1\",\"L_PAYMENTREQUEST_0_NAME1\":\"1 Year Standard Warranty\",\"L_PAYMENTREQUEST_0_AMT1\":\"0.00\",\"L_PAYMENTREQUEST_0_QTY1\":\"1\",\"PAYMENTREQUEST_0_PAYMENTACTION\":\"Sale\",\"AUTHORIZE_TOKEN_USERACTION\":\"commit\",\"RETURNURL\":\"http:\\/\\/testshop.bimmer-tech.net\\/payment\\/capture\\/WTmuBFz_n_5bCfzE9RX6WnEX5UTC2i6GNLlEOYBU848\",\"CANCELURL\":\"http:\\/\\/testshop.bimmer-tech.net\\/payment\\/capture\\/WTmuBFz_n_5bCfzE9RX6WnEX5UTC2i6GNLlEOYBU848?cancelled=1\",\"PAYMENTREQUEST_0_NOTIFYURL\":\"http:\\/\\/testshop.bimmer-tech.net\\/payment\\/notify\\/3AgWGtJlXda2t9g9PfuN3fEnH6NI_YEHoS99zz5bpS4\",\"TOKEN\":\"EC-2FE757617V093093P\",\"TIMESTAMP\":\"2019-05-09T08:20:47Z\",\"CORRELATIONID\":\"ebfc69addb6b2\",\"ACK\":\"Success\",\"VERSION\":\"65.1\",\"BUILD\":\"52688019\",\"BILLINGAGREEMENTACCEPTEDSTATUS\":\"0\",\"CHECKOUTSTATUS\":\"PaymentActionCompleted\",\"CURRENCYCODE\":\"USD\",\"AMT\":\"699.00\",\"ITEMAMT\":\"699.00\",\"SHIPPINGAMT\":\"0.00\",\"HANDLINGAMT\":\"0.00\",\"TAXAMT\":\"0.00\",\"INVNUM\":\"706-51\",\"NOTIFYURL\":\"http:\\/\\/testshop.bimmer-tech.net\\/payment\\/notify\\/3AgWGtJlXda2t9g9PfuN3fEnH6NI_YEHoS99zz5bpS4\",\"INSURANCEAMT\":\"0.00\",\"SHIPDISCAMT\":\"0.00\",\"L_NAME0\":\"SmartView HD Apple TV4\",\"L_NAME1\":\"1 Year Standard Warranty\",\"L_QTY0\":\"1\",\"L_QTY1\":\"1\",\"L_TAXAMT0\":\"0.00\",\"L_TAXAMT1\":\"0.00\",\"L_AMT0\":\"699.00\",\"L_AMT1\":\"0.00\",\"L_ITEMWEIGHTVALUE0\":\"   0.00000\",\"L_ITEMWEIGHTVALUE1\":\"   0.00000\",\"L_ITEMLENGTHVALUE0\":\"   0.00000\",\"L_ITEMLENGTHVALUE1\":\"   0.00000\",\"L_ITEMWIDTHVALUE0\":\"   0.00000\",\"L_ITEMWIDTHVALUE1\":\"   0.00000\",\"L_ITEMHEIGHTVALUE0\":\"   0.00000\",\"L_ITEMHEIGHTVALUE1\":\"   0.00000\",\"PAYMENTREQUEST_0_SHIPPINGAMT\":\"0.00\",\"PAYMENTREQUEST_0_HANDLINGAMT\":\"0.00\",\"PAYMENTREQUEST_0_TAXAMT\":\"0.00\",\"PAYMENTREQUEST_0_INSURANCEAMT\":\"0.00\",\"PAYMENTREQUEST_0_SHIPDISCAMT\":\"0.00\",\"PAYMENTREQUEST_0_INSURANCEOPTIONOFFERED\":\"false\",\"L_PAYMENTREQUEST_0_TAXAMT0\":\"0.00\",\"L_PAYMENTREQUEST_0_TAXAMT1\":\"0.00\",\"L_PAYMENTREQUEST_0_ITEMWEIGHTVALUE0\":\"   0.00000\",\"L_PAYMENTREQUEST_0_ITEMWEIGHTVALUE1\":\"   0.00000\",\"L_PAYMENTREQUEST_0_ITEMLENGTHVALUE0\":\"   0.00000\",\"L_PAYMENTREQUEST_0_ITEMLENGTHVALUE1\":\"   0.00000\",\"L_PAYMENTREQUEST_0_ITEMWIDTHVALUE0\":\"   0.00000\",\"L_PAYMENTREQUEST_0_ITEMWIDTHVALUE1\":\"   0.00000\",\"L_PAYMENTREQUEST_0_ITEMHEIGHTVALUE0\":\"   0.00000\",\"L_PAYMENTREQUEST_0_ITEMHEIGHTVALUE1\":\"   0.00000\",\"PAYMENTREQUESTINFO_0_ERRORCODE\":\"0\",\"EMAIL\":\"taras.terletskij@bimmer-tech.net\",\"PAYERID\":\"8UPWNP6FPCTCJ\",\"PAYERSTATUS\":\"verified\",\"FIRSTNAME\":\"Taras\",\"LASTNAME\":\"Terletskij\",\"COUNTRYCODE\":\"US\",\"SHIPTONAME\":\"Taras Terletskij\",\"SHIPTOSTREET\":\"1 Main St\",\"SHIPTOCITY\":\"San Jose\",\"SHIPTOSTATE\":\"CA\",\"SHIPTOZIP\":\"95131\",\"SHIPTOCOUNTRYCODE\":\"US\",\"SHIPTOCOUNTRYNAME\":\"United States\",\"ADDRESSSTATUS\":\"Confirmed\",\"INSURANCEOPTIONOFFERED\":\"false\",\"PAYMENTREQUEST_0_SELLERPAYPALACCOUNTID\":\"paypal.bimmertech-facilitator@gmail.com\",\"PAYMENTREQUEST_0_SHIPTONAME\":\"Taras Terletskij\",\"PAYMENTREQUEST_0_SHIPTOSTREET\":\"1 Main St\",\"PAYMENTREQUEST_0_SHIPTOCITY\":\"San Jose\",\"PAYMENTREQUEST_0_SHIPTOSTATE\":\"CA\",\"PAYMENTREQUEST_0_SHIPTOZIP\":\"95131\",\"PAYMENTREQUEST_0_SHIPTOCOUNTRYCODE\":\"US\",\"PAYMENTREQUEST_0_SHIPTOCOUNTRYNAME\":\"United States\",\"PAYMENTREQUEST_0_ADDRESSSTATUS\":\"Confirmed\",\"SUCCESSPAGEREDIRECTREQUESTED\":\"false\",\"INSURANCEOPTIONSELECTED\":\"false\",\"SHIPPINGOPTIONISDEFAULT\":\"false\",\"PAYMENTINFO_0_TRANSACTIONID\":\"8RD16911PN2383833\",\"PAYMENTINFO_0_TRANSACTIONTYPE\":\"cart\",\"PAYMENTINFO_0_PAYMENTTYPE\":\"instant\",\"PAYMENTINFO_0_ORDERTIME\":\"2019-05-09T08:20:39Z\",\"PAYMENTINFO_0_AMT\":\"699.00\",\"PAYMENTINFO_0_FEEAMT\":\"20.57\",\"PAYMENTINFO_0_TAXAMT\":\"0.00\",\"PAYMENTINFO_0_CURRENCYCODE\":\"USD\",\"PAYMENTINFO_0_PAYMENTSTATUS\":\"Completed\",\"PAYMENTINFO_0_PENDINGREASON\":\"None\",\"PAYMENTINFO_0_REASONCODE\":\"None\",\"PAYMENTINFO_0_PROTECTIONELIGIBILITY\":\"Eligible\",\"PAYMENTINFO_0_PROTECTIONELIGIBILITYTYPE\":\"ItemNotReceivedEligible,UnauthorizedPaymentEligible\",\"PAYMENTINFO_0_SELLERPAYPALACCOUNTID\":\"paypal.bimmertech-facilitator@gmail.com\",\"PAYMENTINFO_0_ERRORCODE\":\"0\",\"PAYMENTINFO_0_ACK\":\"Success\",\"TRANSACTIONID\":\"8RD16911PN2383833\",\"PAYMENTREQUEST_0_TRANSACTIONID\":\"8RD16911PN2383833\",\"PAYMENTREQUESTINFO_0_TRANSACTIONID\":\"8RD16911PN2383833\",\"PAYMENTREQUEST_0_TRANSACTIONTYPE\":\"cart\",\"PAYMENTREQUEST_0_PAYMENTTYPE\":\"instant\",\"PAYMENTREQUEST_0_ORDERTIME\":\"2019-05-09T08:20:39Z\",\"PAYMENTREQUEST_0_FEEAMT\":\"20.57\",\"PAYMENTREQUEST_0_PAYMENTSTATUS\":\"Completed\",\"PAYMENTREQUEST_0_PENDINGREASON\":\"None\",\"PAYMENTREQUEST_0_REASONCODE\":\"None\"}', '2019-05-09 08:19:34', '2019-05-09 08:20:48'),
(52, 20, 707, 'USD', 121299, 'cart', '[]', '2019-05-10 09:36:53', '2019-05-10 09:36:53'),
(53, 20, 708, 'USD', 62400, 'completed', '{\"PAYMENTREQUEST_0_INVNUM\":\"708-53\",\"PAYMENTREQUEST_0_CURRENCYCODE\":\"USD\",\"PAYMENTREQUEST_0_AMT\":\"624.00\",\"PAYMENTREQUEST_0_ITEMAMT\":\"624.00\",\"L_PAYMENTREQUEST_0_NAME0\":\"SmartView HD Apple TV3\",\"L_PAYMENTREQUEST_0_AMT0\":\"624.00\",\"L_PAYMENTREQUEST_0_QTY0\":\"1\",\"L_PAYMENTREQUEST_0_NAME1\":\"2 Year Extended Warranty\",\"L_PAYMENTREQUEST_0_AMT1\":\"0.00\",\"L_PAYMENTREQUEST_0_QTY1\":\"1\",\"PAYMENTREQUEST_0_PAYMENTACTION\":\"Sale\",\"AUTHORIZE_TOKEN_USERACTION\":\"commit\",\"RETURNURL\":\"http:\\/\\/testshop.bimmer-tech.net\\/payment\\/capture\\/Kc-mJjSexrlv2nDjYuPm0o2EPA72_wSIX0OBczNows4\",\"CANCELURL\":\"http:\\/\\/testshop.bimmer-tech.net\\/payment\\/capture\\/Kc-mJjSexrlv2nDjYuPm0o2EPA72_wSIX0OBczNows4?cancelled=1\",\"PAYMENTREQUEST_0_NOTIFYURL\":\"http:\\/\\/testshop.bimmer-tech.net\\/payment\\/notify\\/2QTGM0fcbRjQpfF3IIif-uWTJ_UY1iwGziUK95y84dM\",\"TOKEN\":\"EC-9LN61662PH274182V\",\"TIMESTAMP\":\"2019-05-10T10:54:05Z\",\"CORRELATIONID\":\"cf6f9af5d8a61\",\"ACK\":\"Success\",\"VERSION\":\"65.1\",\"BUILD\":\"52688019\",\"BILLINGAGREEMENTACCEPTEDSTATUS\":\"0\",\"CHECKOUTSTATUS\":\"PaymentActionCompleted\",\"CURRENCYCODE\":\"USD\",\"AMT\":\"624.00\",\"ITEMAMT\":\"624.00\",\"SHIPPINGAMT\":\"0.00\",\"HANDLINGAMT\":\"0.00\",\"TAXAMT\":\"0.00\",\"INVNUM\":\"708-53\",\"NOTIFYURL\":\"http:\\/\\/testshop.bimmer-tech.net\\/payment\\/notify\\/2QTGM0fcbRjQpfF3IIif-uWTJ_UY1iwGziUK95y84dM\",\"INSURANCEAMT\":\"0.00\",\"SHIPDISCAMT\":\"0.00\",\"L_NAME0\":\"SmartView HD Apple TV3\",\"L_NAME1\":\"2 Year Extended Warranty\",\"L_QTY0\":\"1\",\"L_QTY1\":\"1\",\"L_TAXAMT0\":\"0.00\",\"L_TAXAMT1\":\"0.00\",\"L_AMT0\":\"624.00\",\"L_AMT1\":\"0.00\",\"L_ITEMWEIGHTVALUE0\":\"   0.00000\",\"L_ITEMWEIGHTVALUE1\":\"   0.00000\",\"L_ITEMLENGTHVALUE0\":\"   0.00000\",\"L_ITEMLENGTHVALUE1\":\"   0.00000\",\"L_ITEMWIDTHVALUE0\":\"   0.00000\",\"L_ITEMWIDTHVALUE1\":\"   0.00000\",\"L_ITEMHEIGHTVALUE0\":\"   0.00000\",\"L_ITEMHEIGHTVALUE1\":\"   0.00000\",\"PAYMENTREQUEST_0_SHIPPINGAMT\":\"0.00\",\"PAYMENTREQUEST_0_HANDLINGAMT\":\"0.00\",\"PAYMENTREQUEST_0_TAXAMT\":\"0.00\",\"PAYMENTREQUEST_0_INSURANCEAMT\":\"0.00\",\"PAYMENTREQUEST_0_SHIPDISCAMT\":\"0.00\",\"PAYMENTREQUEST_0_INSURANCEOPTIONOFFERED\":\"false\",\"L_PAYMENTREQUEST_0_TAXAMT0\":\"0.00\",\"L_PAYMENTREQUEST_0_TAXAMT1\":\"0.00\",\"L_PAYMENTREQUEST_0_ITEMWEIGHTVALUE0\":\"   0.00000\",\"L_PAYMENTREQUEST_0_ITEMWEIGHTVALUE1\":\"   0.00000\",\"L_PAYMENTREQUEST_0_ITEMLENGTHVALUE0\":\"   0.00000\",\"L_PAYMENTREQUEST_0_ITEMLENGTHVALUE1\":\"   0.00000\",\"L_PAYMENTREQUEST_0_ITEMWIDTHVALUE0\":\"   0.00000\",\"L_PAYMENTREQUEST_0_ITEMWIDTHVALUE1\":\"   0.00000\",\"L_PAYMENTREQUEST_0_ITEMHEIGHTVALUE0\":\"   0.00000\",\"L_PAYMENTREQUEST_0_ITEMHEIGHTVALUE1\":\"   0.00000\",\"PAYMENTREQUESTINFO_0_ERRORCODE\":\"0\",\"EMAIL\":\"taras.terletskij@bimmer-tech.net\",\"PAYERID\":\"8UPWNP6FPCTCJ\",\"PAYERSTATUS\":\"verified\",\"FIRSTNAME\":\"Taras\",\"LASTNAME\":\"Terletskij\",\"COUNTRYCODE\":\"US\",\"SHIPTONAME\":\"Taras Terletskij\",\"SHIPTOSTREET\":\"1 Main St\",\"SHIPTOCITY\":\"San Jose\",\"SHIPTOSTATE\":\"CA\",\"SHIPTOZIP\":\"95131\",\"SHIPTOCOUNTRYCODE\":\"US\",\"SHIPTOCOUNTRYNAME\":\"United States\",\"ADDRESSSTATUS\":\"Confirmed\",\"INSURANCEOPTIONOFFERED\":\"false\",\"PAYMENTREQUEST_0_SELLERPAYPALACCOUNTID\":\"paypal.bimmertech-facilitator@gmail.com\",\"PAYMENTREQUEST_0_SHIPTONAME\":\"Taras Terletskij\",\"PAYMENTREQUEST_0_SHIPTOSTREET\":\"1 Main St\",\"PAYMENTREQUEST_0_SHIPTOCITY\":\"San Jose\",\"PAYMENTREQUEST_0_SHIPTOSTATE\":\"CA\",\"PAYMENTREQUEST_0_SHIPTOZIP\":\"95131\",\"PAYMENTREQUEST_0_SHIPTOCOUNTRYCODE\":\"US\",\"PAYMENTREQUEST_0_SHIPTOCOUNTRYNAME\":\"United States\",\"PAYMENTREQUEST_0_ADDRESSSTATUS\":\"Confirmed\",\"SUCCESSPAGEREDIRECTREQUESTED\":\"false\",\"INSURANCEOPTIONSELECTED\":\"false\",\"SHIPPINGOPTIONISDEFAULT\":\"false\",\"PAYMENTINFO_0_TRANSACTIONID\":\"3R360557AX5513536\",\"PAYMENTINFO_0_TRANSACTIONTYPE\":\"cart\",\"PAYMENTINFO_0_PAYMENTTYPE\":\"instant\",\"PAYMENTINFO_0_ORDERTIME\":\"2019-05-10T10:53:57Z\",\"PAYMENTINFO_0_AMT\":\"624.00\",\"PAYMENTINFO_0_FEEAMT\":\"18.40\",\"PAYMENTINFO_0_TAXAMT\":\"0.00\",\"PAYMENTINFO_0_CURRENCYCODE\":\"USD\",\"PAYMENTINFO_0_PAYMENTSTATUS\":\"Completed\",\"PAYMENTINFO_0_PENDINGREASON\":\"None\",\"PAYMENTINFO_0_REASONCODE\":\"None\",\"PAYMENTINFO_0_PROTECTIONELIGIBILITY\":\"Eligible\",\"PAYMENTINFO_0_PROTECTIONELIGIBILITYTYPE\":\"ItemNotReceivedEligible,UnauthorizedPaymentEligible\",\"PAYMENTINFO_0_SELLERPAYPALACCOUNTID\":\"paypal.bimmertech-facilitator@gmail.com\",\"PAYMENTINFO_0_ERRORCODE\":\"0\",\"PAYMENTINFO_0_ACK\":\"Success\",\"TRANSACTIONID\":\"3R360557AX5513536\",\"PAYMENTREQUEST_0_TRANSACTIONID\":\"3R360557AX5513536\",\"PAYMENTREQUESTINFO_0_TRANSACTIONID\":\"3R360557AX5513536\",\"PAYMENTREQUEST_0_TRANSACTIONTYPE\":\"cart\",\"PAYMENTREQUEST_0_PAYMENTTYPE\":\"instant\",\"PAYMENTREQUEST_0_ORDERTIME\":\"2019-05-10T10:53:57Z\",\"PAYMENTREQUEST_0_FEEAMT\":\"18.40\",\"PAYMENTREQUEST_0_PAYMENTSTATUS\":\"Completed\",\"PAYMENTREQUEST_0_PENDINGREASON\":\"None\",\"PAYMENTREQUEST_0_REASONCODE\":\"None\"}', '2019-05-10 10:53:15', '2019-05-10 10:54:06'),
(54, 20, 711, 'USD', 27500, 'completed', '{\"PAYMENTREQUEST_0_INVNUM\":\"711-54\",\"PAYMENTREQUEST_0_CURRENCYCODE\":\"USD\",\"PAYMENTREQUEST_0_AMT\":\"275.00\",\"PAYMENTREQUEST_0_ITEMAMT\":\"275.00\",\"L_PAYMENTREQUEST_0_NAME0\":\"SmartView HD Apple TV3\",\"L_PAYMENTREQUEST_0_AMT0\":\"275.00\",\"L_PAYMENTREQUEST_0_QTY0\":\"1\",\"L_PAYMENTREQUEST_0_NAME1\":\"2 Year Extended Warranty\",\"L_PAYMENTREQUEST_0_AMT1\":\"0.00\",\"L_PAYMENTREQUEST_0_QTY1\":\"1\",\"PAYMENTREQUEST_0_PAYMENTACTION\":\"Sale\",\"AUTHORIZE_TOKEN_USERACTION\":\"commit\",\"RETURNURL\":\"http:\\/\\/testshop.bimmer-tech.net\\/payment\\/capture\\/Dx4r-SGMOjZ2_BdhEJpbfP07TLfq3ZxMUeIc1Qd0w9w\",\"CANCELURL\":\"http:\\/\\/testshop.bimmer-tech.net\\/payment\\/capture\\/Dx4r-SGMOjZ2_BdhEJpbfP07TLfq3ZxMUeIc1Qd0w9w?cancelled=1\",\"PAYMENTREQUEST_0_NOTIFYURL\":\"http:\\/\\/testshop.bimmer-tech.net\\/payment\\/notify\\/-eBxU-j6VO4mdocZr-fgwwgbTNejF63HWSlTDdqcV8I\",\"TOKEN\":\"EC-6PS20081SB3649733\",\"TIMESTAMP\":\"2019-05-10T10:57:14Z\",\"CORRELATIONID\":\"25835e482b847\",\"ACK\":\"Success\",\"VERSION\":\"65.1\",\"BUILD\":\"52688019\",\"BILLINGAGREEMENTACCEPTEDSTATUS\":\"0\",\"CHECKOUTSTATUS\":\"PaymentActionCompleted\",\"CURRENCYCODE\":\"USD\",\"AMT\":\"275.00\",\"ITEMAMT\":\"275.00\",\"SHIPPINGAMT\":\"0.00\",\"HANDLINGAMT\":\"0.00\",\"TAXAMT\":\"0.00\",\"INVNUM\":\"711-54\",\"NOTIFYURL\":\"http:\\/\\/testshop.bimmer-tech.net\\/payment\\/notify\\/-eBxU-j6VO4mdocZr-fgwwgbTNejF63HWSlTDdqcV8I\",\"INSURANCEAMT\":\"0.00\",\"SHIPDISCAMT\":\"0.00\",\"L_NAME0\":\"SmartView HD Apple TV3\",\"L_NAME1\":\"2 Year Extended Warranty\",\"L_QTY0\":\"1\",\"L_QTY1\":\"1\",\"L_TAXAMT0\":\"0.00\",\"L_TAXAMT1\":\"0.00\",\"L_AMT0\":\"275.00\",\"L_AMT1\":\"0.00\",\"L_ITEMWEIGHTVALUE0\":\"   0.00000\",\"L_ITEMWEIGHTVALUE1\":\"   0.00000\",\"L_ITEMLENGTHVALUE0\":\"   0.00000\",\"L_ITEMLENGTHVALUE1\":\"   0.00000\",\"L_ITEMWIDTHVALUE0\":\"   0.00000\",\"L_ITEMWIDTHVALUE1\":\"   0.00000\",\"L_ITEMHEIGHTVALUE0\":\"   0.00000\",\"L_ITEMHEIGHTVALUE1\":\"   0.00000\",\"PAYMENTREQUEST_0_SHIPPINGAMT\":\"0.00\",\"PAYMENTREQUEST_0_HANDLINGAMT\":\"0.00\",\"PAYMENTREQUEST_0_TAXAMT\":\"0.00\",\"PAYMENTREQUEST_0_INSURANCEAMT\":\"0.00\",\"PAYMENTREQUEST_0_SHIPDISCAMT\":\"0.00\",\"PAYMENTREQUEST_0_INSURANCEOPTIONOFFERED\":\"false\",\"L_PAYMENTREQUEST_0_TAXAMT0\":\"0.00\",\"L_PAYMENTREQUEST_0_TAXAMT1\":\"0.00\",\"L_PAYMENTREQUEST_0_ITEMWEIGHTVALUE0\":\"   0.00000\",\"L_PAYMENTREQUEST_0_ITEMWEIGHTVALUE1\":\"   0.00000\",\"L_PAYMENTREQUEST_0_ITEMLENGTHVALUE0\":\"   0.00000\",\"L_PAYMENTREQUEST_0_ITEMLENGTHVALUE1\":\"   0.00000\",\"L_PAYMENTREQUEST_0_ITEMWIDTHVALUE0\":\"   0.00000\",\"L_PAYMENTREQUEST_0_ITEMWIDTHVALUE1\":\"   0.00000\",\"L_PAYMENTREQUEST_0_ITEMHEIGHTVALUE0\":\"   0.00000\",\"L_PAYMENTREQUEST_0_ITEMHEIGHTVALUE1\":\"   0.00000\",\"PAYMENTREQUESTINFO_0_ERRORCODE\":\"0\",\"EMAIL\":\"taras.terletskij@bimmer-tech.net\",\"PAYERID\":\"8UPWNP6FPCTCJ\",\"PAYERSTATUS\":\"verified\",\"FIRSTNAME\":\"Taras\",\"LASTNAME\":\"Terletskij\",\"COUNTRYCODE\":\"US\",\"SHIPTONAME\":\"Taras Terletskij\",\"SHIPTOSTREET\":\"1 Main St\",\"SHIPTOCITY\":\"San Jose\",\"SHIPTOSTATE\":\"CA\",\"SHIPTOZIP\":\"95131\",\"SHIPTOCOUNTRYCODE\":\"US\",\"SHIPTOCOUNTRYNAME\":\"United States\",\"ADDRESSSTATUS\":\"Confirmed\",\"INSURANCEOPTIONOFFERED\":\"false\",\"PAYMENTREQUEST_0_SELLERPAYPALACCOUNTID\":\"paypal.bimmertech-facilitator@gmail.com\",\"PAYMENTREQUEST_0_SHIPTONAME\":\"Taras Terletskij\",\"PAYMENTREQUEST_0_SHIPTOSTREET\":\"1 Main St\",\"PAYMENTREQUEST_0_SHIPTOCITY\":\"San Jose\",\"PAYMENTREQUEST_0_SHIPTOSTATE\":\"CA\",\"PAYMENTREQUEST_0_SHIPTOZIP\":\"95131\",\"PAYMENTREQUEST_0_SHIPTOCOUNTRYCODE\":\"US\",\"PAYMENTREQUEST_0_SHIPTOCOUNTRYNAME\":\"United States\",\"PAYMENTREQUEST_0_ADDRESSSTATUS\":\"Confirmed\",\"SUCCESSPAGEREDIRECTREQUESTED\":\"false\",\"INSURANCEOPTIONSELECTED\":\"false\",\"SHIPPINGOPTIONISDEFAULT\":\"false\",\"PAYMENTINFO_0_TRANSACTIONID\":\"69H6076752835843H\",\"PAYMENTINFO_0_TRANSACTIONTYPE\":\"cart\",\"PAYMENTINFO_0_PAYMENTTYPE\":\"instant\",\"PAYMENTINFO_0_ORDERTIME\":\"2019-05-10T10:57:07Z\",\"PAYMENTINFO_0_AMT\":\"275.00\",\"PAYMENTINFO_0_FEEAMT\":\"8.28\",\"PAYMENTINFO_0_TAXAMT\":\"0.00\",\"PAYMENTINFO_0_CURRENCYCODE\":\"USD\",\"PAYMENTINFO_0_PAYMENTSTATUS\":\"Completed\",\"PAYMENTINFO_0_PENDINGREASON\":\"None\",\"PAYMENTINFO_0_REASONCODE\":\"None\",\"PAYMENTINFO_0_PROTECTIONELIGIBILITY\":\"Eligible\",\"PAYMENTINFO_0_PROTECTIONELIGIBILITYTYPE\":\"ItemNotReceivedEligible,UnauthorizedPaymentEligible\",\"PAYMENTINFO_0_SELLERPAYPALACCOUNTID\":\"paypal.bimmertech-facilitator@gmail.com\",\"PAYMENTINFO_0_ERRORCODE\":\"0\",\"PAYMENTINFO_0_ACK\":\"Success\",\"TRANSACTIONID\":\"69H6076752835843H\",\"PAYMENTREQUEST_0_TRANSACTIONID\":\"69H6076752835843H\",\"PAYMENTREQUESTINFO_0_TRANSACTIONID\":\"69H6076752835843H\",\"PAYMENTREQUEST_0_TRANSACTIONTYPE\":\"cart\",\"PAYMENTREQUEST_0_PAYMENTTYPE\":\"instant\",\"PAYMENTREQUEST_0_ORDERTIME\":\"2019-05-10T10:57:07Z\",\"PAYMENTREQUEST_0_FEEAMT\":\"8.28\",\"PAYMENTREQUEST_0_PAYMENTSTATUS\":\"Completed\",\"PAYMENTREQUEST_0_PENDINGREASON\":\"None\",\"PAYMENTREQUEST_0_REASONCODE\":\"None\"}', '2019-05-10 10:56:45', '2019-05-10 10:57:16');
INSERT INTO `sylius_payment` (`id`, `method_id`, `order_id`, `currency_code`, `amount`, `state`, `details`, `created_at`, `updated_at`) VALUES
(55, 20, 712, 'USD', 284497, 'completed', '{\"PAYMENTREQUEST_0_INVNUM\":\"712-55\",\"PAYMENTREQUEST_0_CURRENCYCODE\":\"USD\",\"PAYMENTREQUEST_0_AMT\":\"2844.97\",\"PAYMENTREQUEST_0_ITEMAMT\":\"2844.97\",\"L_PAYMENTREQUEST_0_NAME0\":\"Grill-Friendly Front View Camera for F30\",\"L_PAYMENTREQUEST_0_AMT0\":\"549.00\",\"L_PAYMENTREQUEST_0_QTY0\":\"1\",\"L_PAYMENTREQUEST_0_NAME1\":\"3 Year Extended Warranty\",\"L_PAYMENTREQUEST_0_AMT1\":\"0.00\",\"L_PAYMENTREQUEST_0_QTY1\":\"1\",\"L_PAYMENTREQUEST_0_NAME2\":\"Trim Tool Kit\",\"L_PAYMENTREQUEST_0_AMT2\":\"14.99\",\"L_PAYMENTREQUEST_0_QTY2\":\"1\",\"L_PAYMENTREQUEST_0_NAME3\":\"VividScreen\",\"L_PAYMENTREQUEST_0_AMT3\":\"200.00\",\"L_PAYMENTREQUEST_0_QTY3\":\"1\",\"L_PAYMENTREQUEST_0_NAME4\":\"Rear View Camera\",\"L_PAYMENTREQUEST_0_AMT4\":\"300.00\",\"L_PAYMENTREQUEST_0_QTY4\":\"1\",\"L_PAYMENTREQUEST_0_NAME5\":\"BMW Comfort Access Kit\",\"L_PAYMENTREQUEST_0_AMT5\":\"725.00\",\"L_PAYMENTREQUEST_0_QTY5\":\"1\",\"L_PAYMENTREQUEST_0_NAME6\":\"1 Year Standard Warranty\",\"L_PAYMENTREQUEST_0_AMT6\":\"0.00\",\"L_PAYMENTREQUEST_0_QTY6\":\"1\",\"L_PAYMENTREQUEST_0_NAME7\":\"Trim Tool Kit\",\"L_PAYMENTREQUEST_0_AMT7\":\"14.99\",\"L_PAYMENTREQUEST_0_QTY7\":\"1\",\"L_PAYMENTREQUEST_0_NAME8\":\"2 Rear Door Handles\",\"L_PAYMENTREQUEST_0_AMT8\":\"198.00\",\"L_PAYMENTREQUEST_0_QTY8\":\"1\",\"L_PAYMENTREQUEST_0_NAME9\":\"BMW PDC (Park Distance Control) Retrofit\",\"L_PAYMENTREQUEST_0_AMT9\":\"828.00\",\"L_PAYMENTREQUEST_0_QTY9\":\"1\",\"L_PAYMENTREQUEST_0_NAME10\":\"3 Year Extended Warranty\",\"L_PAYMENTREQUEST_0_AMT10\":\"0.00\",\"L_PAYMENTREQUEST_0_QTY10\":\"1\",\"L_PAYMENTREQUEST_0_NAME11\":\"Trim Tool Kit\",\"L_PAYMENTREQUEST_0_AMT11\":\"14.99\",\"L_PAYMENTREQUEST_0_QTY11\":\"1\",\"PAYMENTREQUEST_0_PAYMENTACTION\":\"Sale\",\"AUTHORIZE_TOKEN_USERACTION\":\"commit\",\"RETURNURL\":\"http:\\/\\/testshop.bimmer-tech.net\\/payment\\/capture\\/G4omS2avduir1X5y89Icla4NQzbBCdiWYBnR_5kPK7A\",\"CANCELURL\":\"http:\\/\\/testshop.bimmer-tech.net\\/payment\\/capture\\/G4omS2avduir1X5y89Icla4NQzbBCdiWYBnR_5kPK7A?cancelled=1\",\"PAYMENTREQUEST_0_NOTIFYURL\":\"http:\\/\\/testshop.bimmer-tech.net\\/payment\\/notify\\/wwqBwUjbT8NDc3z1UGIAMIGasuouRwz0_KPwmwgqUoQ\",\"TOKEN\":\"EC-30S50667AL859933E\",\"TIMESTAMP\":\"2019-05-10T11:18:13Z\",\"CORRELATIONID\":\"9d3b339ed2894\",\"ACK\":\"Success\",\"VERSION\":\"65.1\",\"BUILD\":\"52688019\",\"BILLINGAGREEMENTACCEPTEDSTATUS\":\"0\",\"CHECKOUTSTATUS\":\"PaymentActionCompleted\",\"CURRENCYCODE\":\"USD\",\"AMT\":\"2844.97\",\"ITEMAMT\":\"2844.97\",\"SHIPPINGAMT\":\"0.00\",\"HANDLINGAMT\":\"0.00\",\"TAXAMT\":\"0.00\",\"INVNUM\":\"712-55\",\"NOTIFYURL\":\"http:\\/\\/testshop.bimmer-tech.net\\/payment\\/notify\\/wwqBwUjbT8NDc3z1UGIAMIGasuouRwz0_KPwmwgqUoQ\",\"INSURANCEAMT\":\"0.00\",\"SHIPDISCAMT\":\"0.00\",\"L_NAME0\":\"Grill-Friendly Front View Camera for F30\",\"L_NAME1\":\"3 Year Extended Warranty\",\"L_NAME2\":\"Trim Tool Kit\",\"L_NAME3\":\"VividScreen\",\"L_NAME4\":\"Rear View Camera\",\"L_NAME5\":\"BMW Comfort Access Kit\",\"L_NAME6\":\"1 Year Standard Warranty\",\"L_NAME7\":\"Trim Tool Kit\",\"L_NAME8\":\"2 Rear Door Handles\",\"L_NAME9\":\"BMW PDC (Park Distance Control) Retrofit\",\"L_NAME10\":\"3 Year Extended Warranty\",\"L_NAME11\":\"Trim Tool Kit\",\"L_QTY0\":\"1\",\"L_QTY1\":\"1\",\"L_QTY2\":\"1\",\"L_QTY3\":\"1\",\"L_QTY4\":\"1\",\"L_QTY5\":\"1\",\"L_QTY6\":\"1\",\"L_QTY7\":\"1\",\"L_QTY8\":\"1\",\"L_QTY9\":\"1\",\"L_QTY10\":\"1\",\"L_QTY11\":\"1\",\"L_TAXAMT0\":\"0.00\",\"L_TAXAMT1\":\"0.00\",\"L_TAXAMT2\":\"0.00\",\"L_TAXAMT3\":\"0.00\",\"L_TAXAMT4\":\"0.00\",\"L_TAXAMT5\":\"0.00\",\"L_TAXAMT6\":\"0.00\",\"L_TAXAMT7\":\"0.00\",\"L_TAXAMT8\":\"0.00\",\"L_TAXAMT9\":\"0.00\",\"L_TAXAMT10\":\"0.00\",\"L_TAXAMT11\":\"0.00\",\"L_AMT0\":\"549.00\",\"L_AMT1\":\"0.00\",\"L_AMT2\":\"14.99\",\"L_AMT3\":\"200.00\",\"L_AMT4\":\"300.00\",\"L_AMT5\":\"725.00\",\"L_AMT6\":\"0.00\",\"L_AMT7\":\"14.99\",\"L_AMT8\":\"198.00\",\"L_AMT9\":\"828.00\",\"L_AMT10\":\"0.00\",\"L_AMT11\":\"14.99\",\"L_ITEMWEIGHTVALUE0\":\"   0.00000\",\"L_ITEMWEIGHTVALUE1\":\"   0.00000\",\"L_ITEMWEIGHTVALUE2\":\"   0.00000\",\"L_ITEMWEIGHTVALUE3\":\"   0.00000\",\"L_ITEMWEIGHTVALUE4\":\"   0.00000\",\"L_ITEMWEIGHTVALUE5\":\"   0.00000\",\"L_ITEMWEIGHTVALUE6\":\"   0.00000\",\"L_ITEMWEIGHTVALUE7\":\"   0.00000\",\"L_ITEMWEIGHTVALUE8\":\"   0.00000\",\"L_ITEMWEIGHTVALUE9\":\"   0.00000\",\"L_ITEMWEIGHTVALUE10\":\"   0.00000\",\"L_ITEMWEIGHTVALUE11\":\"   0.00000\",\"L_ITEMLENGTHVALUE0\":\"   0.00000\",\"L_ITEMLENGTHVALUE1\":\"   0.00000\",\"L_ITEMLENGTHVALUE2\":\"   0.00000\",\"L_ITEMLENGTHVALUE3\":\"   0.00000\",\"L_ITEMLENGTHVALUE4\":\"   0.00000\",\"L_ITEMLENGTHVALUE5\":\"   0.00000\",\"L_ITEMLENGTHVALUE6\":\"   0.00000\",\"L_ITEMLENGTHVALUE7\":\"   0.00000\",\"L_ITEMLENGTHVALUE8\":\"   0.00000\",\"L_ITEMLENGTHVALUE9\":\"   0.00000\",\"L_ITEMLENGTHVALUE10\":\"   0.00000\",\"L_ITEMLENGTHVALUE11\":\"   0.00000\",\"L_ITEMWIDTHVALUE0\":\"   0.00000\",\"L_ITEMWIDTHVALUE1\":\"   0.00000\",\"L_ITEMWIDTHVALUE2\":\"   0.00000\",\"L_ITEMWIDTHVALUE3\":\"   0.00000\",\"L_ITEMWIDTHVALUE4\":\"   0.00000\",\"L_ITEMWIDTHVALUE5\":\"   0.00000\",\"L_ITEMWIDTHVALUE6\":\"   0.00000\",\"L_ITEMWIDTHVALUE7\":\"   0.00000\",\"L_ITEMWIDTHVALUE8\":\"   0.00000\",\"L_ITEMWIDTHVALUE9\":\"   0.00000\",\"L_ITEMWIDTHVALUE10\":\"   0.00000\",\"L_ITEMWIDTHVALUE11\":\"   0.00000\",\"L_ITEMHEIGHTVALUE0\":\"   0.00000\",\"L_ITEMHEIGHTVALUE1\":\"   0.00000\",\"L_ITEMHEIGHTVALUE2\":\"   0.00000\",\"L_ITEMHEIGHTVALUE3\":\"   0.00000\",\"L_ITEMHEIGHTVALUE4\":\"   0.00000\",\"L_ITEMHEIGHTVALUE5\":\"   0.00000\",\"L_ITEMHEIGHTVALUE6\":\"   0.00000\",\"L_ITEMHEIGHTVALUE7\":\"   0.00000\",\"L_ITEMHEIGHTVALUE8\":\"   0.00000\",\"L_ITEMHEIGHTVALUE9\":\"   0.00000\",\"L_ITEMHEIGHTVALUE10\":\"   0.00000\",\"L_ITEMHEIGHTVALUE11\":\"   0.00000\",\"PAYMENTREQUEST_0_SHIPPINGAMT\":\"0.00\",\"PAYMENTREQUEST_0_HANDLINGAMT\":\"0.00\",\"PAYMENTREQUEST_0_TAXAMT\":\"0.00\",\"PAYMENTREQUEST_0_INSURANCEAMT\":\"0.00\",\"PAYMENTREQUEST_0_SHIPDISCAMT\":\"0.00\",\"PAYMENTREQUEST_0_INSURANCEOPTIONOFFERED\":\"false\",\"L_PAYMENTREQUEST_0_TAXAMT0\":\"0.00\",\"L_PAYMENTREQUEST_0_TAXAMT1\":\"0.00\",\"L_PAYMENTREQUEST_0_TAXAMT2\":\"0.00\",\"L_PAYMENTREQUEST_0_TAXAMT3\":\"0.00\",\"L_PAYMENTREQUEST_0_TAXAMT4\":\"0.00\",\"L_PAYMENTREQUEST_0_TAXAMT5\":\"0.00\",\"L_PAYMENTREQUEST_0_TAXAMT6\":\"0.00\",\"L_PAYMENTREQUEST_0_TAXAMT7\":\"0.00\",\"L_PAYMENTREQUEST_0_TAXAMT8\":\"0.00\",\"L_PAYMENTREQUEST_0_TAXAMT9\":\"0.00\",\"L_PAYMENTREQUEST_0_TAXAMT10\":\"0.00\",\"L_PAYMENTREQUEST_0_TAXAMT11\":\"0.00\",\"L_PAYMENTREQUEST_0_ITEMWEIGHTVALUE0\":\"   0.00000\",\"L_PAYMENTREQUEST_0_ITEMWEIGHTVALUE1\":\"   0.00000\",\"L_PAYMENTREQUEST_0_ITEMWEIGHTVALUE2\":\"   0.00000\",\"L_PAYMENTREQUEST_0_ITEMWEIGHTVALUE3\":\"   0.00000\",\"L_PAYMENTREQUEST_0_ITEMWEIGHTVALUE4\":\"   0.00000\",\"L_PAYMENTREQUEST_0_ITEMWEIGHTVALUE5\":\"   0.00000\",\"L_PAYMENTREQUEST_0_ITEMWEIGHTVALUE6\":\"   0.00000\",\"L_PAYMENTREQUEST_0_ITEMWEIGHTVALUE7\":\"   0.00000\",\"L_PAYMENTREQUEST_0_ITEMWEIGHTVALUE8\":\"   0.00000\",\"L_PAYMENTREQUEST_0_ITEMWEIGHTVALUE9\":\"   0.00000\",\"L_PAYMENTREQUEST_0_ITEMWEIGHTVALUE10\":\"   0.00000\",\"L_PAYMENTREQUEST_0_ITEMWEIGHTVALUE11\":\"   0.00000\",\"L_PAYMENTREQUEST_0_ITEMLENGTHVALUE0\":\"   0.00000\",\"L_PAYMENTREQUEST_0_ITEMLENGTHVALUE1\":\"   0.00000\",\"L_PAYMENTREQUEST_0_ITEMLENGTHVALUE2\":\"   0.00000\",\"L_PAYMENTREQUEST_0_ITEMLENGTHVALUE3\":\"   0.00000\",\"L_PAYMENTREQUEST_0_ITEMLENGTHVALUE4\":\"   0.00000\",\"L_PAYMENTREQUEST_0_ITEMLENGTHVALUE5\":\"   0.00000\",\"L_PAYMENTREQUEST_0_ITEMLENGTHVALUE6\":\"   0.00000\",\"L_PAYMENTREQUEST_0_ITEMLENGTHVALUE7\":\"   0.00000\",\"L_PAYMENTREQUEST_0_ITEMLENGTHVALUE8\":\"   0.00000\",\"L_PAYMENTREQUEST_0_ITEMLENGTHVALUE9\":\"   0.00000\",\"L_PAYMENTREQUEST_0_ITEMLENGTHVALUE10\":\"   0.00000\",\"L_PAYMENTREQUEST_0_ITEMLENGTHVALUE11\":\"   0.00000\",\"L_PAYMENTREQUEST_0_ITEMWIDTHVALUE0\":\"   0.00000\",\"L_PAYMENTREQUEST_0_ITEMWIDTHVALUE1\":\"   0.00000\",\"L_PAYMENTREQUEST_0_ITEMWIDTHVALUE2\":\"   0.00000\",\"L_PAYMENTREQUEST_0_ITEMWIDTHVALUE3\":\"   0.00000\",\"L_PAYMENTREQUEST_0_ITEMWIDTHVALUE4\":\"   0.00000\",\"L_PAYMENTREQUEST_0_ITEMWIDTHVALUE5\":\"   0.00000\",\"L_PAYMENTREQUEST_0_ITEMWIDTHVALUE6\":\"   0.00000\",\"L_PAYMENTREQUEST_0_ITEMWIDTHVALUE7\":\"   0.00000\",\"L_PAYMENTREQUEST_0_ITEMWIDTHVALUE8\":\"   0.00000\",\"L_PAYMENTREQUEST_0_ITEMWIDTHVALUE9\":\"   0.00000\",\"L_PAYMENTREQUEST_0_ITEMWIDTHVALUE10\":\"   0.00000\",\"L_PAYMENTREQUEST_0_ITEMWIDTHVALUE11\":\"   0.00000\",\"L_PAYMENTREQUEST_0_ITEMHEIGHTVALUE0\":\"   0.00000\",\"L_PAYMENTREQUEST_0_ITEMHEIGHTVALUE1\":\"   0.00000\",\"L_PAYMENTREQUEST_0_ITEMHEIGHTVALUE2\":\"   0.00000\",\"L_PAYMENTREQUEST_0_ITEMHEIGHTVALUE3\":\"   0.00000\",\"L_PAYMENTREQUEST_0_ITEMHEIGHTVALUE4\":\"   0.00000\",\"L_PAYMENTREQUEST_0_ITEMHEIGHTVALUE5\":\"   0.00000\",\"L_PAYMENTREQUEST_0_ITEMHEIGHTVALUE6\":\"   0.00000\",\"L_PAYMENTREQUEST_0_ITEMHEIGHTVALUE7\":\"   0.00000\",\"L_PAYMENTREQUEST_0_ITEMHEIGHTVALUE8\":\"   0.00000\",\"L_PAYMENTREQUEST_0_ITEMHEIGHTVALUE9\":\"   0.00000\",\"L_PAYMENTREQUEST_0_ITEMHEIGHTVALUE10\":\"   0.00000\",\"L_PAYMENTREQUEST_0_ITEMHEIGHTVALUE11\":\"   0.00000\",\"PAYMENTREQUESTINFO_0_ERRORCODE\":\"0\",\"EMAIL\":\"taras.terletskij@bimmer-tech.net\",\"PAYERID\":\"8UPWNP6FPCTCJ\",\"PAYERSTATUS\":\"verified\",\"FIRSTNAME\":\"Taras\",\"LASTNAME\":\"Terletskij\",\"COUNTRYCODE\":\"US\",\"SHIPTONAME\":\"Taras Terletskij\",\"SHIPTOSTREET\":\"1 Main St\",\"SHIPTOCITY\":\"San Jose\",\"SHIPTOSTATE\":\"CA\",\"SHIPTOZIP\":\"95131\",\"SHIPTOCOUNTRYCODE\":\"US\",\"SHIPTOCOUNTRYNAME\":\"United States\",\"ADDRESSSTATUS\":\"Confirmed\",\"INSURANCEOPTIONOFFERED\":\"false\",\"PAYMENTREQUEST_0_SELLERPAYPALACCOUNTID\":\"paypal.bimmertech-facilitator@gmail.com\",\"PAYMENTREQUEST_0_SHIPTONAME\":\"Taras Terletskij\",\"PAYMENTREQUEST_0_SHIPTOSTREET\":\"1 Main St\",\"PAYMENTREQUEST_0_SHIPTOCITY\":\"San Jose\",\"PAYMENTREQUEST_0_SHIPTOSTATE\":\"CA\",\"PAYMENTREQUEST_0_SHIPTOZIP\":\"95131\",\"PAYMENTREQUEST_0_SHIPTOCOUNTRYCODE\":\"US\",\"PAYMENTREQUEST_0_SHIPTOCOUNTRYNAME\":\"United States\",\"PAYMENTREQUEST_0_ADDRESSSTATUS\":\"Confirmed\",\"SUCCESSPAGEREDIRECTREQUESTED\":\"false\",\"INSURANCEOPTIONSELECTED\":\"false\",\"SHIPPINGOPTIONISDEFAULT\":\"false\",\"PAYMENTINFO_0_TRANSACTIONID\":\"82C46386E87355407\",\"PAYMENTINFO_0_TRANSACTIONTYPE\":\"cart\",\"PAYMENTINFO_0_PAYMENTTYPE\":\"instant\",\"PAYMENTINFO_0_ORDERTIME\":\"2019-05-10T11:18:07Z\",\"PAYMENTINFO_0_AMT\":\"2844.97\",\"PAYMENTINFO_0_FEEAMT\":\"82.80\",\"PAYMENTINFO_0_TAXAMT\":\"0.00\",\"PAYMENTINFO_0_CURRENCYCODE\":\"USD\",\"PAYMENTINFO_0_PAYMENTSTATUS\":\"Completed\",\"PAYMENTINFO_0_PENDINGREASON\":\"None\",\"PAYMENTINFO_0_REASONCODE\":\"None\",\"PAYMENTINFO_0_PROTECTIONELIGIBILITY\":\"Eligible\",\"PAYMENTINFO_0_PROTECTIONELIGIBILITYTYPE\":\"ItemNotReceivedEligible,UnauthorizedPaymentEligible\",\"PAYMENTINFO_0_SELLERPAYPALACCOUNTID\":\"paypal.bimmertech-facilitator@gmail.com\",\"PAYMENTINFO_0_ERRORCODE\":\"0\",\"PAYMENTINFO_0_ACK\":\"Success\",\"TRANSACTIONID\":\"82C46386E87355407\",\"PAYMENTREQUEST_0_TRANSACTIONID\":\"82C46386E87355407\",\"PAYMENTREQUESTINFO_0_TRANSACTIONID\":\"82C46386E87355407\",\"PAYMENTREQUEST_0_TRANSACTIONTYPE\":\"cart\",\"PAYMENTREQUEST_0_PAYMENTTYPE\":\"instant\",\"PAYMENTREQUEST_0_ORDERTIME\":\"2019-05-10T11:18:07Z\",\"PAYMENTREQUEST_0_FEEAMT\":\"82.80\",\"PAYMENTREQUEST_0_PAYMENTSTATUS\":\"Completed\",\"PAYMENTREQUEST_0_PENDINGREASON\":\"None\",\"PAYMENTREQUEST_0_REASONCODE\":\"None\"}', '2019-05-10 11:17:03', '2019-05-10 11:18:14'),
(56, 20, 707, 'USD', 27500, 'completed', '{\"PAYMENTREQUEST_0_INVNUM\":\"707-56\",\"PAYMENTREQUEST_0_CURRENCYCODE\":\"USD\",\"PAYMENTREQUEST_0_AMT\":\"275.00\",\"PAYMENTREQUEST_0_ITEMAMT\":\"275.00\",\"L_PAYMENTREQUEST_0_NAME0\":\"SmartView HD Apple TV3\",\"L_PAYMENTREQUEST_0_AMT0\":\"275.00\",\"L_PAYMENTREQUEST_0_QTY0\":\"1\",\"L_PAYMENTREQUEST_0_NAME1\":\"2 Year Extended Warranty\",\"L_PAYMENTREQUEST_0_AMT1\":\"0.00\",\"L_PAYMENTREQUEST_0_QTY1\":\"1\",\"PAYMENTREQUEST_0_PAYMENTACTION\":\"Sale\",\"AUTHORIZE_TOKEN_USERACTION\":\"commit\",\"RETURNURL\":\"http:\\/\\/testshop.bimmer-tech.net\\/payment\\/capture\\/qRKkU8PGhmLUctY27uB3hYid3yjVBmr902GUaeUaXvw\",\"CANCELURL\":\"http:\\/\\/testshop.bimmer-tech.net\\/payment\\/capture\\/qRKkU8PGhmLUctY27uB3hYid3yjVBmr902GUaeUaXvw?cancelled=1\",\"PAYMENTREQUEST_0_NOTIFYURL\":\"http:\\/\\/testshop.bimmer-tech.net\\/payment\\/notify\\/UWQ92hdnmmMH2WADtVf-tELCUG0fLrBekGc2G0kg6UQ\",\"TOKEN\":\"EC-55J51379DA9635637\",\"TIMESTAMP\":\"2019-05-10T13:08:48Z\",\"CORRELATIONID\":\"4f6bdca78b2ff\",\"ACK\":\"Success\",\"VERSION\":\"65.1\",\"BUILD\":\"52688019\",\"BILLINGAGREEMENTACCEPTEDSTATUS\":\"0\",\"CHECKOUTSTATUS\":\"PaymentActionCompleted\",\"CURRENCYCODE\":\"USD\",\"AMT\":\"275.00\",\"ITEMAMT\":\"275.00\",\"SHIPPINGAMT\":\"0.00\",\"HANDLINGAMT\":\"0.00\",\"TAXAMT\":\"0.00\",\"INVNUM\":\"707-56\",\"NOTIFYURL\":\"http:\\/\\/testshop.bimmer-tech.net\\/payment\\/notify\\/UWQ92hdnmmMH2WADtVf-tELCUG0fLrBekGc2G0kg6UQ\",\"INSURANCEAMT\":\"0.00\",\"SHIPDISCAMT\":\"0.00\",\"L_NAME0\":\"SmartView HD Apple TV3\",\"L_NAME1\":\"2 Year Extended Warranty\",\"L_QTY0\":\"1\",\"L_QTY1\":\"1\",\"L_TAXAMT0\":\"0.00\",\"L_TAXAMT1\":\"0.00\",\"L_AMT0\":\"275.00\",\"L_AMT1\":\"0.00\",\"L_ITEMWEIGHTVALUE0\":\"   0.00000\",\"L_ITEMWEIGHTVALUE1\":\"   0.00000\",\"L_ITEMLENGTHVALUE0\":\"   0.00000\",\"L_ITEMLENGTHVALUE1\":\"   0.00000\",\"L_ITEMWIDTHVALUE0\":\"   0.00000\",\"L_ITEMWIDTHVALUE1\":\"   0.00000\",\"L_ITEMHEIGHTVALUE0\":\"   0.00000\",\"L_ITEMHEIGHTVALUE1\":\"   0.00000\",\"PAYMENTREQUEST_0_SHIPPINGAMT\":\"0.00\",\"PAYMENTREQUEST_0_HANDLINGAMT\":\"0.00\",\"PAYMENTREQUEST_0_TAXAMT\":\"0.00\",\"PAYMENTREQUEST_0_INSURANCEAMT\":\"0.00\",\"PAYMENTREQUEST_0_SHIPDISCAMT\":\"0.00\",\"PAYMENTREQUEST_0_INSURANCEOPTIONOFFERED\":\"false\",\"L_PAYMENTREQUEST_0_TAXAMT0\":\"0.00\",\"L_PAYMENTREQUEST_0_TAXAMT1\":\"0.00\",\"L_PAYMENTREQUEST_0_ITEMWEIGHTVALUE0\":\"   0.00000\",\"L_PAYMENTREQUEST_0_ITEMWEIGHTVALUE1\":\"   0.00000\",\"L_PAYMENTREQUEST_0_ITEMLENGTHVALUE0\":\"   0.00000\",\"L_PAYMENTREQUEST_0_ITEMLENGTHVALUE1\":\"   0.00000\",\"L_PAYMENTREQUEST_0_ITEMWIDTHVALUE0\":\"   0.00000\",\"L_PAYMENTREQUEST_0_ITEMWIDTHVALUE1\":\"   0.00000\",\"L_PAYMENTREQUEST_0_ITEMHEIGHTVALUE0\":\"   0.00000\",\"L_PAYMENTREQUEST_0_ITEMHEIGHTVALUE1\":\"   0.00000\",\"PAYMENTREQUESTINFO_0_ERRORCODE\":\"0\",\"EMAIL\":\"taras.terletskij@bimmer-tech.net\",\"PAYERID\":\"8UPWNP6FPCTCJ\",\"PAYERSTATUS\":\"verified\",\"FIRSTNAME\":\"Taras\",\"LASTNAME\":\"Terletskij\",\"COUNTRYCODE\":\"US\",\"SHIPTONAME\":\"Taras Terletskij\",\"SHIPTOSTREET\":\"1 Main St\",\"SHIPTOCITY\":\"San Jose\",\"SHIPTOSTATE\":\"CA\",\"SHIPTOZIP\":\"95131\",\"SHIPTOCOUNTRYCODE\":\"US\",\"SHIPTOCOUNTRYNAME\":\"United States\",\"ADDRESSSTATUS\":\"Confirmed\",\"INSURANCEOPTIONOFFERED\":\"false\",\"PAYMENTREQUEST_0_SELLERPAYPALACCOUNTID\":\"paypal.bimmertech-facilitator@gmail.com\",\"PAYMENTREQUEST_0_SHIPTONAME\":\"Taras Terletskij\",\"PAYMENTREQUEST_0_SHIPTOSTREET\":\"1 Main St\",\"PAYMENTREQUEST_0_SHIPTOCITY\":\"San Jose\",\"PAYMENTREQUEST_0_SHIPTOSTATE\":\"CA\",\"PAYMENTREQUEST_0_SHIPTOZIP\":\"95131\",\"PAYMENTREQUEST_0_SHIPTOCOUNTRYCODE\":\"US\",\"PAYMENTREQUEST_0_SHIPTOCOUNTRYNAME\":\"United States\",\"PAYMENTREQUEST_0_ADDRESSSTATUS\":\"Confirmed\",\"SUCCESSPAGEREDIRECTREQUESTED\":\"false\",\"INSURANCEOPTIONSELECTED\":\"false\",\"SHIPPINGOPTIONISDEFAULT\":\"false\",\"PAYMENTINFO_0_TRANSACTIONID\":\"4P874054DM357830P\",\"PAYMENTINFO_0_TRANSACTIONTYPE\":\"cart\",\"PAYMENTINFO_0_PAYMENTTYPE\":\"instant\",\"PAYMENTINFO_0_ORDERTIME\":\"2019-05-10T13:08:41Z\",\"PAYMENTINFO_0_AMT\":\"275.00\",\"PAYMENTINFO_0_FEEAMT\":\"8.28\",\"PAYMENTINFO_0_TAXAMT\":\"0.00\",\"PAYMENTINFO_0_CURRENCYCODE\":\"USD\",\"PAYMENTINFO_0_PAYMENTSTATUS\":\"Completed\",\"PAYMENTINFO_0_PENDINGREASON\":\"None\",\"PAYMENTINFO_0_REASONCODE\":\"None\",\"PAYMENTINFO_0_PROTECTIONELIGIBILITY\":\"Eligible\",\"PAYMENTINFO_0_PROTECTIONELIGIBILITYTYPE\":\"ItemNotReceivedEligible,UnauthorizedPaymentEligible\",\"PAYMENTINFO_0_SELLERPAYPALACCOUNTID\":\"paypal.bimmertech-facilitator@gmail.com\",\"PAYMENTINFO_0_ERRORCODE\":\"0\",\"PAYMENTINFO_0_ACK\":\"Success\",\"TRANSACTIONID\":\"4P874054DM357830P\",\"PAYMENTREQUEST_0_TRANSACTIONID\":\"4P874054DM357830P\",\"PAYMENTREQUESTINFO_0_TRANSACTIONID\":\"4P874054DM357830P\",\"PAYMENTREQUEST_0_TRANSACTIONTYPE\":\"cart\",\"PAYMENTREQUEST_0_PAYMENTTYPE\":\"instant\",\"PAYMENTREQUEST_0_ORDERTIME\":\"2019-05-10T13:08:41Z\",\"PAYMENTREQUEST_0_FEEAMT\":\"8.28\",\"PAYMENTREQUEST_0_PAYMENTSTATUS\":\"Completed\",\"PAYMENTREQUEST_0_PENDINGREASON\":\"None\",\"PAYMENTREQUEST_0_REASONCODE\":\"None\"}', '2019-05-10 13:07:19', '2019-05-10 13:08:50'),
(57, 20, 713, 'USD', 75000, 'completed', '{\"PAYMENTREQUEST_0_INVNUM\":\"713-57\",\"PAYMENTREQUEST_0_CURRENCYCODE\":\"USD\",\"PAYMENTREQUEST_0_AMT\":\"750.00\",\"PAYMENTREQUEST_0_ITEMAMT\":\"750.00\",\"L_PAYMENTREQUEST_0_NAME0\":\"SmartView HD Apple TV3\",\"L_PAYMENTREQUEST_0_AMT0\":\"275.00\",\"L_PAYMENTREQUEST_0_QTY0\":\"2\",\"L_PAYMENTREQUEST_0_NAME1\":\"2 Year Extended Warranty\",\"L_PAYMENTREQUEST_0_AMT1\":\"100.00\",\"L_PAYMENTREQUEST_0_QTY1\":\"2\",\"PAYMENTREQUEST_0_PAYMENTACTION\":\"Sale\",\"AUTHORIZE_TOKEN_USERACTION\":\"commit\",\"RETURNURL\":\"http:\\/\\/testshop.bimmer-tech.net\\/payment\\/capture\\/GeurAoQGLYKqj4CD4XMnlaDDVRzQjMXs3ycK1FSsfrY\",\"CANCELURL\":\"http:\\/\\/testshop.bimmer-tech.net\\/payment\\/capture\\/GeurAoQGLYKqj4CD4XMnlaDDVRzQjMXs3ycK1FSsfrY?cancelled=1\",\"PAYMENTREQUEST_0_NOTIFYURL\":\"http:\\/\\/testshop.bimmer-tech.net\\/payment\\/notify\\/jW9JZ6Vcs7Cw6LOtHm67Z3Rd4bIZHg0oPWTz2g8Wk5c\",\"TOKEN\":\"EC-7HD34237N74264045\",\"TIMESTAMP\":\"2019-05-10T13:47:56Z\",\"CORRELATIONID\":\"748ab62d82a3e\",\"ACK\":\"Success\",\"VERSION\":\"65.1\",\"BUILD\":\"52688019\",\"BILLINGAGREEMENTACCEPTEDSTATUS\":\"0\",\"CHECKOUTSTATUS\":\"PaymentActionCompleted\",\"CURRENCYCODE\":\"USD\",\"AMT\":\"750.00\",\"ITEMAMT\":\"750.00\",\"SHIPPINGAMT\":\"0.00\",\"HANDLINGAMT\":\"0.00\",\"TAXAMT\":\"0.00\",\"INVNUM\":\"713-57\",\"NOTIFYURL\":\"http:\\/\\/testshop.bimmer-tech.net\\/payment\\/notify\\/jW9JZ6Vcs7Cw6LOtHm67Z3Rd4bIZHg0oPWTz2g8Wk5c\",\"INSURANCEAMT\":\"0.00\",\"SHIPDISCAMT\":\"0.00\",\"L_NAME0\":\"SmartView HD Apple TV3\",\"L_NAME1\":\"2 Year Extended Warranty\",\"L_QTY0\":\"2\",\"L_QTY1\":\"2\",\"L_TAXAMT0\":\"0.00\",\"L_TAXAMT1\":\"0.00\",\"L_AMT0\":\"275.00\",\"L_AMT1\":\"100.00\",\"L_ITEMWEIGHTVALUE0\":\"   0.00000\",\"L_ITEMWEIGHTVALUE1\":\"   0.00000\",\"L_ITEMLENGTHVALUE0\":\"   0.00000\",\"L_ITEMLENGTHVALUE1\":\"   0.00000\",\"L_ITEMWIDTHVALUE0\":\"   0.00000\",\"L_ITEMWIDTHVALUE1\":\"   0.00000\",\"L_ITEMHEIGHTVALUE0\":\"   0.00000\",\"L_ITEMHEIGHTVALUE1\":\"   0.00000\",\"PAYMENTREQUEST_0_SHIPPINGAMT\":\"0.00\",\"PAYMENTREQUEST_0_HANDLINGAMT\":\"0.00\",\"PAYMENTREQUEST_0_TAXAMT\":\"0.00\",\"PAYMENTREQUEST_0_INSURANCEAMT\":\"0.00\",\"PAYMENTREQUEST_0_SHIPDISCAMT\":\"0.00\",\"PAYMENTREQUEST_0_INSURANCEOPTIONOFFERED\":\"false\",\"L_PAYMENTREQUEST_0_TAXAMT0\":\"0.00\",\"L_PAYMENTREQUEST_0_TAXAMT1\":\"0.00\",\"L_PAYMENTREQUEST_0_ITEMWEIGHTVALUE0\":\"   0.00000\",\"L_PAYMENTREQUEST_0_ITEMWEIGHTVALUE1\":\"   0.00000\",\"L_PAYMENTREQUEST_0_ITEMLENGTHVALUE0\":\"   0.00000\",\"L_PAYMENTREQUEST_0_ITEMLENGTHVALUE1\":\"   0.00000\",\"L_PAYMENTREQUEST_0_ITEMWIDTHVALUE0\":\"   0.00000\",\"L_PAYMENTREQUEST_0_ITEMWIDTHVALUE1\":\"   0.00000\",\"L_PAYMENTREQUEST_0_ITEMHEIGHTVALUE0\":\"   0.00000\",\"L_PAYMENTREQUEST_0_ITEMHEIGHTVALUE1\":\"   0.00000\",\"PAYMENTREQUESTINFO_0_ERRORCODE\":\"0\",\"INSURANCEOPTIONOFFERED\":\"false\",\"PAYMENTREQUEST_0_SELLERPAYPALACCOUNTID\":\"paypal.bimmertech-facilitator@gmail.com\",\"EMAIL\":\"taras.terletskij@bimmer-tech.net\",\"PAYERID\":\"8UPWNP6FPCTCJ\",\"PAYERSTATUS\":\"verified\",\"FIRSTNAME\":\"Taras\",\"LASTNAME\":\"Terletskij\",\"COUNTRYCODE\":\"US\",\"SHIPTONAME\":\"Taras Terletskij\",\"SHIPTOSTREET\":\"1 Main St\",\"SHIPTOCITY\":\"San Jose\",\"SHIPTOSTATE\":\"CA\",\"SHIPTOZIP\":\"95131\",\"SHIPTOCOUNTRYCODE\":\"US\",\"SHIPTOCOUNTRYNAME\":\"United States\",\"ADDRESSSTATUS\":\"Confirmed\",\"PAYMENTREQUEST_0_SHIPTONAME\":\"Taras Terletskij\",\"PAYMENTREQUEST_0_SHIPTOSTREET\":\"1 Main St\",\"PAYMENTREQUEST_0_SHIPTOCITY\":\"San Jose\",\"PAYMENTREQUEST_0_SHIPTOSTATE\":\"CA\",\"PAYMENTREQUEST_0_SHIPTOZIP\":\"95131\",\"PAYMENTREQUEST_0_SHIPTOCOUNTRYCODE\":\"US\",\"PAYMENTREQUEST_0_SHIPTOCOUNTRYNAME\":\"United States\",\"PAYMENTREQUEST_0_ADDRESSSTATUS\":\"Confirmed\",\"SUCCESSPAGEREDIRECTREQUESTED\":\"false\",\"INSURANCEOPTIONSELECTED\":\"false\",\"SHIPPINGOPTIONISDEFAULT\":\"false\",\"PAYMENTINFO_0_TRANSACTIONID\":\"52P75845TR595494D\",\"PAYMENTINFO_0_TRANSACTIONTYPE\":\"cart\",\"PAYMENTINFO_0_PAYMENTTYPE\":\"instant\",\"PAYMENTINFO_0_ORDERTIME\":\"2019-05-10T13:47:50Z\",\"PAYMENTINFO_0_AMT\":\"750.00\",\"PAYMENTINFO_0_FEEAMT\":\"22.05\",\"PAYMENTINFO_0_TAXAMT\":\"0.00\",\"PAYMENTINFO_0_CURRENCYCODE\":\"USD\",\"PAYMENTINFO_0_PAYMENTSTATUS\":\"Completed\",\"PAYMENTINFO_0_PENDINGREASON\":\"None\",\"PAYMENTINFO_0_REASONCODE\":\"None\",\"PAYMENTINFO_0_PROTECTIONELIGIBILITY\":\"Eligible\",\"PAYMENTINFO_0_PROTECTIONELIGIBILITYTYPE\":\"ItemNotReceivedEligible,UnauthorizedPaymentEligible\",\"PAYMENTINFO_0_SELLERPAYPALACCOUNTID\":\"paypal.bimmertech-facilitator@gmail.com\",\"PAYMENTINFO_0_ERRORCODE\":\"0\",\"PAYMENTINFO_0_ACK\":\"Success\",\"TRANSACTIONID\":\"52P75845TR595494D\",\"PAYMENTREQUEST_0_TRANSACTIONID\":\"52P75845TR595494D\",\"PAYMENTREQUESTINFO_0_TRANSACTIONID\":\"52P75845TR595494D\",\"PAYMENTREQUEST_0_TRANSACTIONTYPE\":\"cart\",\"PAYMENTREQUEST_0_PAYMENTTYPE\":\"instant\",\"PAYMENTREQUEST_0_ORDERTIME\":\"2019-05-10T13:47:50Z\",\"PAYMENTREQUEST_0_FEEAMT\":\"22.05\",\"PAYMENTREQUEST_0_PAYMENTSTATUS\":\"Completed\",\"PAYMENTREQUEST_0_PENDINGREASON\":\"None\",\"PAYMENTREQUEST_0_REASONCODE\":\"None\"}', '2019-05-10 13:46:38', '2019-05-10 13:47:58'),
(58, 20, 714, 'USD', 62400, 'cart', '[]', '2019-05-14 07:42:20', '2019-05-14 07:42:20'),
(59, 20, 714, 'USD', 62400, 'new', '{\"PAYMENTREQUEST_0_INVNUM\":\"714-59\",\"PAYMENTREQUEST_0_CURRENCYCODE\":\"USD\",\"PAYMENTREQUEST_0_AMT\":\"624.00\",\"PAYMENTREQUEST_0_ITEMAMT\":\"624.00\",\"L_PAYMENTREQUEST_0_NAME0\":\"SmartView HD Apple TV3\",\"L_PAYMENTREQUEST_0_AMT0\":\"624.00\",\"L_PAYMENTREQUEST_0_QTY0\":\"1\",\"L_PAYMENTREQUEST_0_NAME1\":\"1 Year Standard Warranty\",\"L_PAYMENTREQUEST_0_AMT1\":\"0.00\",\"L_PAYMENTREQUEST_0_QTY1\":\"1\",\"PAYMENTREQUEST_0_PAYMENTACTION\":\"Sale\",\"AUTHORIZE_TOKEN_USERACTION\":\"commit\",\"RETURNURL\":\"http:\\/\\/testshop.bimmer-tech.net\\/payment\\/capture\\/1-vHh3vkpArfterBEIpvi6LiYl5WLSjuKw4rknaav58\",\"CANCELURL\":\"http:\\/\\/testshop.bimmer-tech.net\\/payment\\/capture\\/1-vHh3vkpArfterBEIpvi6LiYl5WLSjuKw4rknaav58?cancelled=1\",\"PAYMENTREQUEST_0_NOTIFYURL\":\"http:\\/\\/testshop.bimmer-tech.net\\/payment\\/notify\\/RxJcftr0oIy1iqYl6LTYyqufGYoycHhPf-PDX8TQhlM\",\"TOKEN\":\"EC-1P5058878G835720L\",\"TIMESTAMP\":\"2019-05-14T07:43:44Z\",\"CORRELATIONID\":\"88be28ec131f9\",\"ACK\":\"Success\",\"VERSION\":\"65.1\",\"BUILD\":\"52747458\",\"BILLINGAGREEMENTACCEPTEDSTATUS\":\"0\",\"CHECKOUTSTATUS\":\"PaymentActionNotInitiated\",\"CURRENCYCODE\":\"USD\",\"AMT\":\"624.00\",\"ITEMAMT\":\"624.00\",\"SHIPPINGAMT\":\"0.00\",\"HANDLINGAMT\":\"0.00\",\"TAXAMT\":\"0.00\",\"INVNUM\":\"714-59\",\"NOTIFYURL\":\"http:\\/\\/testshop.bimmer-tech.net\\/payment\\/notify\\/RxJcftr0oIy1iqYl6LTYyqufGYoycHhPf-PDX8TQhlM\",\"INSURANCEAMT\":\"0.00\",\"SHIPDISCAMT\":\"0.00\",\"L_NAME0\":\"SmartView HD Apple TV3\",\"L_NAME1\":\"1 Year Standard Warranty\",\"L_QTY0\":\"1\",\"L_QTY1\":\"1\",\"L_TAXAMT0\":\"0.00\",\"L_TAXAMT1\":\"0.00\",\"L_AMT0\":\"624.00\",\"L_AMT1\":\"0.00\",\"L_ITEMWEIGHTVALUE0\":\"   0.00000\",\"L_ITEMWEIGHTVALUE1\":\"   0.00000\",\"L_ITEMLENGTHVALUE0\":\"   0.00000\",\"L_ITEMLENGTHVALUE1\":\"   0.00000\",\"L_ITEMWIDTHVALUE0\":\"   0.00000\",\"L_ITEMWIDTHVALUE1\":\"   0.00000\",\"L_ITEMHEIGHTVALUE0\":\"   0.00000\",\"L_ITEMHEIGHTVALUE1\":\"   0.00000\",\"PAYMENTREQUEST_0_SHIPPINGAMT\":\"0.00\",\"PAYMENTREQUEST_0_HANDLINGAMT\":\"0.00\",\"PAYMENTREQUEST_0_TAXAMT\":\"0.00\",\"PAYMENTREQUEST_0_INSURANCEAMT\":\"0.00\",\"PAYMENTREQUEST_0_SHIPDISCAMT\":\"0.00\",\"PAYMENTREQUEST_0_INSURANCEOPTIONOFFERED\":\"false\",\"L_PAYMENTREQUEST_0_TAXAMT0\":\"0.00\",\"L_PAYMENTREQUEST_0_TAXAMT1\":\"0.00\",\"L_PAYMENTREQUEST_0_ITEMWEIGHTVALUE0\":\"   0.00000\",\"L_PAYMENTREQUEST_0_ITEMWEIGHTVALUE1\":\"   0.00000\",\"L_PAYMENTREQUEST_0_ITEMLENGTHVALUE0\":\"   0.00000\",\"L_PAYMENTREQUEST_0_ITEMLENGTHVALUE1\":\"   0.00000\",\"L_PAYMENTREQUEST_0_ITEMWIDTHVALUE0\":\"   0.00000\",\"L_PAYMENTREQUEST_0_ITEMWIDTHVALUE1\":\"   0.00000\",\"L_PAYMENTREQUEST_0_ITEMHEIGHTVALUE0\":\"   0.00000\",\"L_PAYMENTREQUEST_0_ITEMHEIGHTVALUE1\":\"   0.00000\",\"PAYMENTREQUESTINFO_0_ERRORCODE\":\"0\"}', '2019-05-14 07:43:42', '2019-05-14 07:43:44'),
(60, 20, 715, 'USD', 140000, 'completed', '{\"PAYMENTREQUEST_0_INVNUM\":\"715-60\",\"PAYMENTREQUEST_0_CURRENCYCODE\":\"USD\",\"PAYMENTREQUEST_0_AMT\":\"1400.00\",\"PAYMENTREQUEST_0_ITEMAMT\":\"1400.00\",\"L_PAYMENTREQUEST_0_NAME0\":\"SmartView HD Apple TV3\",\"L_PAYMENTREQUEST_0_AMT0\":\"275.00\",\"L_PAYMENTREQUEST_0_QTY0\":\"2\",\"L_PAYMENTREQUEST_0_NAME1\":\"2 Year Extended Warranty\",\"L_PAYMENTREQUEST_0_AMT1\":\"100.00\",\"L_PAYMENTREQUEST_0_QTY1\":\"2\",\"L_PAYMENTREQUEST_0_NAME2\":\"VividScreen\",\"L_PAYMENTREQUEST_0_AMT2\":\"200.00\",\"L_PAYMENTREQUEST_0_QTY2\":\"2\",\"L_PAYMENTREQUEST_0_NAME3\":\"NBT\\/NBT Evo Remote Software Activation\",\"L_PAYMENTREQUEST_0_AMT3\":\"250.00\",\"L_PAYMENTREQUEST_0_QTY3\":\"1\",\"PAYMENTREQUEST_0_PAYMENTACTION\":\"Sale\",\"AUTHORIZE_TOKEN_USERACTION\":\"commit\",\"RETURNURL\":\"http:\\/\\/testshop.bimmer-tech.net\\/payment\\/capture\\/s70EiuKCvn6LxIlD_8yakQnDB_GtSeYVUgI98AHg66I\",\"CANCELURL\":\"http:\\/\\/testshop.bimmer-tech.net\\/payment\\/capture\\/s70EiuKCvn6LxIlD_8yakQnDB_GtSeYVUgI98AHg66I?cancelled=1\",\"PAYMENTREQUEST_0_NOTIFYURL\":\"http:\\/\\/testshop.bimmer-tech.net\\/payment\\/notify\\/p0o0YjXhj38h8agkg1dgsEQQqkBuDcVsF0wHOauC0iQ\",\"TOKEN\":\"EC-46W35021FE653435U\",\"TIMESTAMP\":\"2019-05-14T12:20:54Z\",\"CORRELATIONID\":\"215c46eb74541\",\"ACK\":\"Success\",\"VERSION\":\"65.1\",\"BUILD\":\"52747458\",\"BILLINGAGREEMENTACCEPTEDSTATUS\":\"0\",\"CHECKOUTSTATUS\":\"PaymentActionCompleted\",\"CURRENCYCODE\":\"USD\",\"AMT\":\"1400.00\",\"ITEMAMT\":\"1400.00\",\"SHIPPINGAMT\":\"0.00\",\"HANDLINGAMT\":\"0.00\",\"TAXAMT\":\"0.00\",\"INVNUM\":\"715-60\",\"NOTIFYURL\":\"http:\\/\\/testshop.bimmer-tech.net\\/payment\\/notify\\/p0o0YjXhj38h8agkg1dgsEQQqkBuDcVsF0wHOauC0iQ\",\"INSURANCEAMT\":\"0.00\",\"SHIPDISCAMT\":\"0.00\",\"L_NAME0\":\"SmartView HD Apple TV3\",\"L_NAME1\":\"2 Year Extended Warranty\",\"L_NAME2\":\"VividScreen\",\"L_NAME3\":\"NBT\\/NBT Evo Remote Software Activation\",\"L_QTY0\":\"2\",\"L_QTY1\":\"2\",\"L_QTY2\":\"2\",\"L_QTY3\":\"1\",\"L_TAXAMT0\":\"0.00\",\"L_TAXAMT1\":\"0.00\",\"L_TAXAMT2\":\"0.00\",\"L_TAXAMT3\":\"0.00\",\"L_AMT0\":\"275.00\",\"L_AMT1\":\"100.00\",\"L_AMT2\":\"200.00\",\"L_AMT3\":\"250.00\",\"L_ITEMWEIGHTVALUE0\":\"   0.00000\",\"L_ITEMWEIGHTVALUE1\":\"   0.00000\",\"L_ITEMWEIGHTVALUE2\":\"   0.00000\",\"L_ITEMWEIGHTVALUE3\":\"   0.00000\",\"L_ITEMLENGTHVALUE0\":\"   0.00000\",\"L_ITEMLENGTHVALUE1\":\"   0.00000\",\"L_ITEMLENGTHVALUE2\":\"   0.00000\",\"L_ITEMLENGTHVALUE3\":\"   0.00000\",\"L_ITEMWIDTHVALUE0\":\"   0.00000\",\"L_ITEMWIDTHVALUE1\":\"   0.00000\",\"L_ITEMWIDTHVALUE2\":\"   0.00000\",\"L_ITEMWIDTHVALUE3\":\"   0.00000\",\"L_ITEMHEIGHTVALUE0\":\"   0.00000\",\"L_ITEMHEIGHTVALUE1\":\"   0.00000\",\"L_ITEMHEIGHTVALUE2\":\"   0.00000\",\"L_ITEMHEIGHTVALUE3\":\"   0.00000\",\"PAYMENTREQUEST_0_SHIPPINGAMT\":\"0.00\",\"PAYMENTREQUEST_0_HANDLINGAMT\":\"0.00\",\"PAYMENTREQUEST_0_TAXAMT\":\"0.00\",\"PAYMENTREQUEST_0_INSURANCEAMT\":\"0.00\",\"PAYMENTREQUEST_0_SHIPDISCAMT\":\"0.00\",\"PAYMENTREQUEST_0_INSURANCEOPTIONOFFERED\":\"false\",\"L_PAYMENTREQUEST_0_TAXAMT0\":\"0.00\",\"L_PAYMENTREQUEST_0_TAXAMT1\":\"0.00\",\"L_PAYMENTREQUEST_0_TAXAMT2\":\"0.00\",\"L_PAYMENTREQUEST_0_TAXAMT3\":\"0.00\",\"L_PAYMENTREQUEST_0_ITEMWEIGHTVALUE0\":\"   0.00000\",\"L_PAYMENTREQUEST_0_ITEMWEIGHTVALUE1\":\"   0.00000\",\"L_PAYMENTREQUEST_0_ITEMWEIGHTVALUE2\":\"   0.00000\",\"L_PAYMENTREQUEST_0_ITEMWEIGHTVALUE3\":\"   0.00000\",\"L_PAYMENTREQUEST_0_ITEMLENGTHVALUE0\":\"   0.00000\",\"L_PAYMENTREQUEST_0_ITEMLENGTHVALUE1\":\"   0.00000\",\"L_PAYMENTREQUEST_0_ITEMLENGTHVALUE2\":\"   0.00000\",\"L_PAYMENTREQUEST_0_ITEMLENGTHVALUE3\":\"   0.00000\",\"L_PAYMENTREQUEST_0_ITEMWIDTHVALUE0\":\"   0.00000\",\"L_PAYMENTREQUEST_0_ITEMWIDTHVALUE1\":\"   0.00000\",\"L_PAYMENTREQUEST_0_ITEMWIDTHVALUE2\":\"   0.00000\",\"L_PAYMENTREQUEST_0_ITEMWIDTHVALUE3\":\"   0.00000\",\"L_PAYMENTREQUEST_0_ITEMHEIGHTVALUE0\":\"   0.00000\",\"L_PAYMENTREQUEST_0_ITEMHEIGHTVALUE1\":\"   0.00000\",\"L_PAYMENTREQUEST_0_ITEMHEIGHTVALUE2\":\"   0.00000\",\"L_PAYMENTREQUEST_0_ITEMHEIGHTVALUE3\":\"   0.00000\",\"PAYMENTREQUESTINFO_0_ERRORCODE\":\"0\",\"EMAIL\":\"taras.terletskij@bimmer-tech.net\",\"PAYERID\":\"8UPWNP6FPCTCJ\",\"PAYERSTATUS\":\"verified\",\"FIRSTNAME\":\"Taras\",\"LASTNAME\":\"Terletskij\",\"COUNTRYCODE\":\"US\",\"SHIPTONAME\":\"Taras Terletskij\",\"SHIPTOSTREET\":\"1 Main St\",\"SHIPTOCITY\":\"San Jose\",\"SHIPTOSTATE\":\"CA\",\"SHIPTOZIP\":\"95131\",\"SHIPTOCOUNTRYCODE\":\"US\",\"SHIPTOCOUNTRYNAME\":\"United States\",\"ADDRESSSTATUS\":\"Confirmed\",\"INSURANCEOPTIONOFFERED\":\"false\",\"PAYMENTREQUEST_0_SELLERPAYPALACCOUNTID\":\"paypal.bimmertech-facilitator@gmail.com\",\"PAYMENTREQUEST_0_SHIPTONAME\":\"Taras Terletskij\",\"PAYMENTREQUEST_0_SHIPTOSTREET\":\"1 Main St\",\"PAYMENTREQUEST_0_SHIPTOCITY\":\"San Jose\",\"PAYMENTREQUEST_0_SHIPTOSTATE\":\"CA\",\"PAYMENTREQUEST_0_SHIPTOZIP\":\"95131\",\"PAYMENTREQUEST_0_SHIPTOCOUNTRYCODE\":\"US\",\"PAYMENTREQUEST_0_SHIPTOCOUNTRYNAME\":\"United States\",\"PAYMENTREQUEST_0_ADDRESSSTATUS\":\"Confirmed\",\"SUCCESSPAGEREDIRECTREQUESTED\":\"false\",\"INSURANCEOPTIONSELECTED\":\"false\",\"SHIPPINGOPTIONISDEFAULT\":\"false\",\"PAYMENTINFO_0_TRANSACTIONID\":\"2VC847140N768961V\",\"PAYMENTINFO_0_TRANSACTIONTYPE\":\"cart\",\"PAYMENTINFO_0_PAYMENTTYPE\":\"instant\",\"PAYMENTINFO_0_ORDERTIME\":\"2019-05-14T12:20:42Z\",\"PAYMENTINFO_0_AMT\":\"1400.00\",\"PAYMENTINFO_0_FEEAMT\":\"40.90\",\"PAYMENTINFO_0_TAXAMT\":\"0.00\",\"PAYMENTINFO_0_CURRENCYCODE\":\"USD\",\"PAYMENTINFO_0_PAYMENTSTATUS\":\"Completed\",\"PAYMENTINFO_0_PENDINGREASON\":\"None\",\"PAYMENTINFO_0_REASONCODE\":\"None\",\"PAYMENTINFO_0_PROTECTIONELIGIBILITY\":\"Eligible\",\"PAYMENTINFO_0_PROTECTIONELIGIBILITYTYPE\":\"ItemNotReceivedEligible,UnauthorizedPaymentEligible\",\"PAYMENTINFO_0_SELLERPAYPALACCOUNTID\":\"paypal.bimmertech-facilitator@gmail.com\",\"PAYMENTINFO_0_ERRORCODE\":\"0\",\"PAYMENTINFO_0_ACK\":\"Success\",\"TRANSACTIONID\":\"2VC847140N768961V\",\"PAYMENTREQUEST_0_TRANSACTIONID\":\"2VC847140N768961V\",\"PAYMENTREQUESTINFO_0_TRANSACTIONID\":\"2VC847140N768961V\",\"PAYMENTREQUEST_0_TRANSACTIONTYPE\":\"cart\",\"PAYMENTREQUEST_0_PAYMENTTYPE\":\"instant\",\"PAYMENTREQUEST_0_ORDERTIME\":\"2019-05-14T12:20:42Z\",\"PAYMENTREQUEST_0_FEEAMT\":\"40.90\",\"PAYMENTREQUEST_0_PAYMENTSTATUS\":\"Completed\",\"PAYMENTREQUEST_0_PENDINGREASON\":\"None\",\"PAYMENTREQUEST_0_REASONCODE\":\"None\"}', '2019-05-14 12:19:14', '2019-05-14 12:20:58'),
(61, 20, 716, 'USD', 154900, 'cart', '[]', '2019-05-14 12:29:12', '2019-05-14 12:29:12'),
(62, 20, 716, 'USD', 154900, 'cancelled', '{\"PAYMENTREQUEST_0_INVNUM\":\"716-62\",\"PAYMENTREQUEST_0_CURRENCYCODE\":\"USD\",\"PAYMENTREQUEST_0_AMT\":\"1549.00\",\"PAYMENTREQUEST_0_ITEMAMT\":\"1549.00\",\"L_PAYMENTREQUEST_0_NAME0\":\"NBT\\/NBT Evo Remote Software Activation\",\"L_PAYMENTREQUEST_0_AMT0\":\"250.00\",\"L_PAYMENTREQUEST_0_QTY0\":\"1\",\"L_PAYMENTREQUEST_0_NAME1\":\"6WA Hybrid Instrument Cluster\",\"L_PAYMENTREQUEST_0_AMT1\":\"1199.00\",\"L_PAYMENTREQUEST_0_QTY1\":\"1\",\"L_PAYMENTREQUEST_0_NAME2\":\"2 Year Extended Warranty\",\"L_PAYMENTREQUEST_0_AMT2\":\"100.00\",\"L_PAYMENTREQUEST_0_QTY2\":\"1\",\"PAYMENTREQUEST_0_PAYMENTACTION\":\"Sale\",\"AUTHORIZE_TOKEN_USERACTION\":\"commit\",\"RETURNURL\":\"http:\\/\\/testshop.bimmer-tech.net\\/payment\\/capture\\/XGek1pMCwm2oVFYsnF1coeSSWIsAl0NTD16h8IeNHR0\",\"CANCELURL\":\"http:\\/\\/testshop.bimmer-tech.net\\/payment\\/capture\\/XGek1pMCwm2oVFYsnF1coeSSWIsAl0NTD16h8IeNHR0?cancelled=1\",\"PAYMENTREQUEST_0_NOTIFYURL\":\"http:\\/\\/testshop.bimmer-tech.net\\/payment\\/notify\\/Onxa8T76vSeAANw-9snhoJ9hg2f2Cakq0iHgX7pE7X0\",\"TOKEN\":\"EC-30P78537FA0560542\",\"TIMESTAMP\":\"2019-05-14T12:29:42Z\",\"CORRELATIONID\":\"e4dc3a40d79c0\",\"ACK\":\"Success\",\"VERSION\":\"65.1\",\"BUILD\":\"52747458\",\"BILLINGAGREEMENTACCEPTEDSTATUS\":\"0\",\"CHECKOUTSTATUS\":\"PaymentActionNotInitiated\",\"CURRENCYCODE\":\"USD\",\"AMT\":\"1549.00\",\"ITEMAMT\":\"1549.00\",\"SHIPPINGAMT\":\"0.00\",\"HANDLINGAMT\":\"0.00\",\"TAXAMT\":\"0.00\",\"INVNUM\":\"716-62\",\"NOTIFYURL\":\"http:\\/\\/testshop.bimmer-tech.net\\/payment\\/notify\\/Onxa8T76vSeAANw-9snhoJ9hg2f2Cakq0iHgX7pE7X0\",\"INSURANCEAMT\":\"0.00\",\"SHIPDISCAMT\":\"0.00\",\"L_NAME0\":\"NBT\\/NBT Evo Remote Software Activation\",\"L_NAME1\":\"6WA Hybrid Instrument Cluster\",\"L_NAME2\":\"2 Year Extended Warranty\",\"L_QTY0\":\"1\",\"L_QTY1\":\"1\",\"L_QTY2\":\"1\",\"L_TAXAMT0\":\"0.00\",\"L_TAXAMT1\":\"0.00\",\"L_TAXAMT2\":\"0.00\",\"L_AMT0\":\"250.00\",\"L_AMT1\":\"1199.00\",\"L_AMT2\":\"100.00\",\"L_ITEMWEIGHTVALUE0\":\"   0.00000\",\"L_ITEMWEIGHTVALUE1\":\"   0.00000\",\"L_ITEMWEIGHTVALUE2\":\"   0.00000\",\"L_ITEMLENGTHVALUE0\":\"   0.00000\",\"L_ITEMLENGTHVALUE1\":\"   0.00000\",\"L_ITEMLENGTHVALUE2\":\"   0.00000\",\"L_ITEMWIDTHVALUE0\":\"   0.00000\",\"L_ITEMWIDTHVALUE1\":\"   0.00000\",\"L_ITEMWIDTHVALUE2\":\"   0.00000\",\"L_ITEMHEIGHTVALUE0\":\"   0.00000\",\"L_ITEMHEIGHTVALUE1\":\"   0.00000\",\"L_ITEMHEIGHTVALUE2\":\"   0.00000\",\"PAYMENTREQUEST_0_SHIPPINGAMT\":\"0.00\",\"PAYMENTREQUEST_0_HANDLINGAMT\":\"0.00\",\"PAYMENTREQUEST_0_TAXAMT\":\"0.00\",\"PAYMENTREQUEST_0_INSURANCEAMT\":\"0.00\",\"PAYMENTREQUEST_0_SHIPDISCAMT\":\"0.00\",\"PAYMENTREQUEST_0_INSURANCEOPTIONOFFERED\":\"false\",\"L_PAYMENTREQUEST_0_TAXAMT0\":\"0.00\",\"L_PAYMENTREQUEST_0_TAXAMT1\":\"0.00\",\"L_PAYMENTREQUEST_0_TAXAMT2\":\"0.00\",\"L_PAYMENTREQUEST_0_ITEMWEIGHTVALUE0\":\"   0.00000\",\"L_PAYMENTREQUEST_0_ITEMWEIGHTVALUE1\":\"   0.00000\",\"L_PAYMENTREQUEST_0_ITEMWEIGHTVALUE2\":\"   0.00000\",\"L_PAYMENTREQUEST_0_ITEMLENGTHVALUE0\":\"   0.00000\",\"L_PAYMENTREQUEST_0_ITEMLENGTHVALUE1\":\"   0.00000\",\"L_PAYMENTREQUEST_0_ITEMLENGTHVALUE2\":\"   0.00000\",\"L_PAYMENTREQUEST_0_ITEMWIDTHVALUE0\":\"   0.00000\",\"L_PAYMENTREQUEST_0_ITEMWIDTHVALUE1\":\"   0.00000\",\"L_PAYMENTREQUEST_0_ITEMWIDTHVALUE2\":\"   0.00000\",\"L_PAYMENTREQUEST_0_ITEMHEIGHTVALUE0\":\"   0.00000\",\"L_PAYMENTREQUEST_0_ITEMHEIGHTVALUE1\":\"   0.00000\",\"L_PAYMENTREQUEST_0_ITEMHEIGHTVALUE2\":\"   0.00000\",\"PAYMENTREQUESTINFO_0_ERRORCODE\":\"0\",\"CANCELLED\":true}', '2019-05-14 12:29:39', '2019-05-14 12:30:01'),
(63, 20, 716, 'USD', 154900, 'new', '[]', '2019-05-14 12:30:01', '2019-05-14 12:30:01'),
(64, 20, 717, 'USD', 172400, 'completed', '{\"PAYMENTREQUEST_0_INVNUM\":\"717-64\",\"PAYMENTREQUEST_0_CURRENCYCODE\":\"USD\",\"PAYMENTREQUEST_0_AMT\":\"1724.00\",\"PAYMENTREQUEST_0_ITEMAMT\":\"1724.00\",\"L_PAYMENTREQUEST_0_NAME0\":\"BMW Comfort Access Kit\",\"L_PAYMENTREQUEST_0_AMT0\":\"725.00\",\"L_PAYMENTREQUEST_0_QTY0\":\"1\",\"L_PAYMENTREQUEST_0_NAME1\":\"1 Year Standard Warranty\",\"L_PAYMENTREQUEST_0_AMT1\":\"0.00\",\"L_PAYMENTREQUEST_0_QTY1\":\"1\",\"L_PAYMENTREQUEST_0_NAME2\":\"Remote Control Display Key Fob\",\"L_PAYMENTREQUEST_0_AMT2\":\"899.00\",\"L_PAYMENTREQUEST_0_QTY2\":\"1\",\"L_PAYMENTREQUEST_0_NAME3\":\"2 Year Extended Warranty\",\"L_PAYMENTREQUEST_0_AMT3\":\"100.00\",\"L_PAYMENTREQUEST_0_QTY3\":\"1\",\"PAYMENTREQUEST_0_PAYMENTACTION\":\"Sale\",\"AUTHORIZE_TOKEN_USERACTION\":\"commit\",\"RETURNURL\":\"http:\\/\\/testshop.bimmer-tech.net\\/payment\\/capture\\/ytUYjsbZcf4CLf0fwtJx2Jr5NFrMXgITTTRcJNXFy1g\",\"CANCELURL\":\"http:\\/\\/testshop.bimmer-tech.net\\/payment\\/capture\\/ytUYjsbZcf4CLf0fwtJx2Jr5NFrMXgITTTRcJNXFy1g?cancelled=1\",\"PAYMENTREQUEST_0_NOTIFYURL\":\"http:\\/\\/testshop.bimmer-tech.net\\/payment\\/notify\\/xF5aEq2LVlddABVJDRNeaHOn_x9rBDo5BTPLguvKuyU\",\"TOKEN\":\"EC-7K1104599X740614K\",\"TIMESTAMP\":\"2019-05-14T12:43:20Z\",\"CORRELATIONID\":\"10260972111f2\",\"ACK\":\"Success\",\"VERSION\":\"65.1\",\"BUILD\":\"52747458\",\"BILLINGAGREEMENTACCEPTEDSTATUS\":\"0\",\"CHECKOUTSTATUS\":\"PaymentActionCompleted\",\"CURRENCYCODE\":\"USD\",\"AMT\":\"1724.00\",\"ITEMAMT\":\"1724.00\",\"SHIPPINGAMT\":\"0.00\",\"HANDLINGAMT\":\"0.00\",\"TAXAMT\":\"0.00\",\"INVNUM\":\"717-64\",\"NOTIFYURL\":\"http:\\/\\/testshop.bimmer-tech.net\\/payment\\/notify\\/xF5aEq2LVlddABVJDRNeaHOn_x9rBDo5BTPLguvKuyU\",\"INSURANCEAMT\":\"0.00\",\"SHIPDISCAMT\":\"0.00\",\"L_NAME0\":\"BMW Comfort Access Kit\",\"L_NAME1\":\"1 Year Standard Warranty\",\"L_NAME2\":\"Remote Control Display Key Fob\",\"L_NAME3\":\"2 Year Extended Warranty\",\"L_QTY0\":\"1\",\"L_QTY1\":\"1\",\"L_QTY2\":\"1\",\"L_QTY3\":\"1\",\"L_TAXAMT0\":\"0.00\",\"L_TAXAMT1\":\"0.00\",\"L_TAXAMT2\":\"0.00\",\"L_TAXAMT3\":\"0.00\",\"L_AMT0\":\"725.00\",\"L_AMT1\":\"0.00\",\"L_AMT2\":\"899.00\",\"L_AMT3\":\"100.00\",\"L_ITEMWEIGHTVALUE0\":\"   0.00000\",\"L_ITEMWEIGHTVALUE1\":\"   0.00000\",\"L_ITEMWEIGHTVALUE2\":\"   0.00000\",\"L_ITEMWEIGHTVALUE3\":\"   0.00000\",\"L_ITEMLENGTHVALUE0\":\"   0.00000\",\"L_ITEMLENGTHVALUE1\":\"   0.00000\",\"L_ITEMLENGTHVALUE2\":\"   0.00000\",\"L_ITEMLENGTHVALUE3\":\"   0.00000\",\"L_ITEMWIDTHVALUE0\":\"   0.00000\",\"L_ITEMWIDTHVALUE1\":\"   0.00000\",\"L_ITEMWIDTHVALUE2\":\"   0.00000\",\"L_ITEMWIDTHVALUE3\":\"   0.00000\",\"L_ITEMHEIGHTVALUE0\":\"   0.00000\",\"L_ITEMHEIGHTVALUE1\":\"   0.00000\",\"L_ITEMHEIGHTVALUE2\":\"   0.00000\",\"L_ITEMHEIGHTVALUE3\":\"   0.00000\",\"PAYMENTREQUEST_0_SHIPPINGAMT\":\"0.00\",\"PAYMENTREQUEST_0_HANDLINGAMT\":\"0.00\",\"PAYMENTREQUEST_0_TAXAMT\":\"0.00\",\"PAYMENTREQUEST_0_INSURANCEAMT\":\"0.00\",\"PAYMENTREQUEST_0_SHIPDISCAMT\":\"0.00\",\"PAYMENTREQUEST_0_INSURANCEOPTIONOFFERED\":\"false\",\"L_PAYMENTREQUEST_0_TAXAMT0\":\"0.00\",\"L_PAYMENTREQUEST_0_TAXAMT1\":\"0.00\",\"L_PAYMENTREQUEST_0_TAXAMT2\":\"0.00\",\"L_PAYMENTREQUEST_0_TAXAMT3\":\"0.00\",\"L_PAYMENTREQUEST_0_ITEMWEIGHTVALUE0\":\"   0.00000\",\"L_PAYMENTREQUEST_0_ITEMWEIGHTVALUE1\":\"   0.00000\",\"L_PAYMENTREQUEST_0_ITEMWEIGHTVALUE2\":\"   0.00000\",\"L_PAYMENTREQUEST_0_ITEMWEIGHTVALUE3\":\"   0.00000\",\"L_PAYMENTREQUEST_0_ITEMLENGTHVALUE0\":\"   0.00000\",\"L_PAYMENTREQUEST_0_ITEMLENGTHVALUE1\":\"   0.00000\",\"L_PAYMENTREQUEST_0_ITEMLENGTHVALUE2\":\"   0.00000\",\"L_PAYMENTREQUEST_0_ITEMLENGTHVALUE3\":\"   0.00000\",\"L_PAYMENTREQUEST_0_ITEMWIDTHVALUE0\":\"   0.00000\",\"L_PAYMENTREQUEST_0_ITEMWIDTHVALUE1\":\"   0.00000\",\"L_PAYMENTREQUEST_0_ITEMWIDTHVALUE2\":\"   0.00000\",\"L_PAYMENTREQUEST_0_ITEMWIDTHVALUE3\":\"   0.00000\",\"L_PAYMENTREQUEST_0_ITEMHEIGHTVALUE0\":\"   0.00000\",\"L_PAYMENTREQUEST_0_ITEMHEIGHTVALUE1\":\"   0.00000\",\"L_PAYMENTREQUEST_0_ITEMHEIGHTVALUE2\":\"   0.00000\",\"L_PAYMENTREQUEST_0_ITEMHEIGHTVALUE3\":\"   0.00000\",\"PAYMENTREQUESTINFO_0_ERRORCODE\":\"0\",\"INSURANCEOPTIONOFFERED\":\"false\",\"PAYMENTREQUEST_0_SELLERPAYPALACCOUNTID\":\"paypal.bimmertech-facilitator@gmail.com\",\"EMAIL\":\"taras.terletskij@bimmer-tech.net\",\"PAYERID\":\"8UPWNP6FPCTCJ\",\"PAYERSTATUS\":\"verified\",\"FIRSTNAME\":\"Taras\",\"LASTNAME\":\"Terletskij\",\"COUNTRYCODE\":\"US\",\"SHIPTONAME\":\"Taras Terletskij\",\"SHIPTOSTREET\":\"1 Main St\",\"SHIPTOCITY\":\"San Jose\",\"SHIPTOSTATE\":\"CA\",\"SHIPTOZIP\":\"95131\",\"SHIPTOCOUNTRYCODE\":\"US\",\"SHIPTOCOUNTRYNAME\":\"United States\",\"ADDRESSSTATUS\":\"Confirmed\",\"PAYMENTREQUEST_0_SHIPTONAME\":\"Taras Terletskij\",\"PAYMENTREQUEST_0_SHIPTOSTREET\":\"1 Main St\",\"PAYMENTREQUEST_0_SHIPTOCITY\":\"San Jose\",\"PAYMENTREQUEST_0_SHIPTOSTATE\":\"CA\",\"PAYMENTREQUEST_0_SHIPTOZIP\":\"95131\",\"PAYMENTREQUEST_0_SHIPTOCOUNTRYCODE\":\"US\",\"PAYMENTREQUEST_0_SHIPTOCOUNTRYNAME\":\"United States\",\"PAYMENTREQUEST_0_ADDRESSSTATUS\":\"Confirmed\",\"SUCCESSPAGEREDIRECTREQUESTED\":\"false\",\"INSURANCEOPTIONSELECTED\":\"false\",\"SHIPPINGOPTIONISDEFAULT\":\"false\",\"PAYMENTINFO_0_TRANSACTIONID\":\"4V551596UN2800302\",\"PAYMENTINFO_0_TRANSACTIONTYPE\":\"cart\",\"PAYMENTINFO_0_PAYMENTTYPE\":\"instant\",\"PAYMENTINFO_0_ORDERTIME\":\"2019-05-14T12:33:51Z\",\"PAYMENTINFO_0_AMT\":\"1724.00\",\"PAYMENTINFO_0_FEEAMT\":\"50.30\",\"PAYMENTINFO_0_TAXAMT\":\"0.00\",\"PAYMENTINFO_0_CURRENCYCODE\":\"USD\",\"PAYMENTINFO_0_PAYMENTSTATUS\":\"Completed\",\"PAYMENTINFO_0_PENDINGREASON\":\"None\",\"PAYMENTINFO_0_REASONCODE\":\"None\",\"PAYMENTINFO_0_PROTECTIONELIGIBILITY\":\"Eligible\",\"PAYMENTINFO_0_PROTECTIONELIGIBILITYTYPE\":\"ItemNotReceivedEligible,UnauthorizedPaymentEligible\",\"PAYMENTINFO_0_SELLERPAYPALACCOUNTID\":\"paypal.bimmertech-facilitator@gmail.com\",\"PAYMENTINFO_0_ERRORCODE\":\"0\",\"PAYMENTINFO_0_ACK\":\"Success\",\"TRANSACTIONID\":\"4V551596UN2800302\",\"PAYMENTREQUEST_0_TRANSACTIONID\":\"4V551596UN2800302\",\"PAYMENTREQUESTINFO_0_TRANSACTIONID\":\"4V551596UN2800302\",\"PAYMENTREQUEST_0_TRANSACTIONTYPE\":\"cart\",\"PAYMENTREQUEST_0_PAYMENTTYPE\":\"instant\",\"PAYMENTREQUEST_0_ORDERTIME\":\"2019-05-14T12:33:51Z\",\"PAYMENTREQUEST_0_FEEAMT\":\"50.30\",\"PAYMENTREQUEST_0_PAYMENTSTATUS\":\"PartiallyRefunded\",\"PAYMENTREQUEST_0_PENDINGREASON\":\"None\",\"PAYMENTREQUEST_0_REASONCODE\":\"None\"}', '2019-05-14 12:31:05', '2019-05-14 12:43:22'),
(65, 20, 718, 'USD', 119900, 'cancelled', '{\"PAYMENTREQUEST_0_INVNUM\":\"718-65\",\"PAYMENTREQUEST_0_CURRENCYCODE\":\"USD\",\"PAYMENTREQUEST_0_AMT\":\"1199.00\",\"PAYMENTREQUEST_0_ITEMAMT\":\"1199.00\",\"L_PAYMENTREQUEST_0_NAME0\":\"6WA Hybrid Instrument Cluster\",\"L_PAYMENTREQUEST_0_AMT0\":\"1199.00\",\"L_PAYMENTREQUEST_0_QTY0\":\"1\",\"L_PAYMENTREQUEST_0_NAME1\":\"1 Year Standard Warranty\",\"L_PAYMENTREQUEST_0_AMT1\":\"0.00\",\"L_PAYMENTREQUEST_0_QTY1\":\"1\",\"PAYMENTREQUEST_0_PAYMENTACTION\":\"Sale\",\"AUTHORIZE_TOKEN_USERACTION\":\"commit\",\"RETURNURL\":\"http:\\/\\/testshop.bimmer-tech.net\\/payment\\/capture\\/zcJ-KqXxIzygKxjLVvhrY8gwusEqjqxWeSpGOtwrY0I\",\"CANCELURL\":\"http:\\/\\/testshop.bimmer-tech.net\\/payment\\/capture\\/zcJ-KqXxIzygKxjLVvhrY8gwusEqjqxWeSpGOtwrY0I?cancelled=1\",\"PAYMENTREQUEST_0_NOTIFYURL\":\"http:\\/\\/testshop.bimmer-tech.net\\/payment\\/notify\\/oHbfLavnUCouFa1854949qkbq9XKl1wzQYZVUxYg5AM\",\"TOKEN\":\"EC-5T449368YB051432J\",\"TIMESTAMP\":\"2019-05-14T12:35:29Z\",\"CORRELATIONID\":\"f7c2ae6645812\",\"ACK\":\"Success\",\"VERSION\":\"65.1\",\"BUILD\":\"52747458\",\"BILLINGAGREEMENTACCEPTEDSTATUS\":\"0\",\"CHECKOUTSTATUS\":\"PaymentActionNotInitiated\",\"CURRENCYCODE\":\"USD\",\"AMT\":\"1199.00\",\"ITEMAMT\":\"1199.00\",\"SHIPPINGAMT\":\"0.00\",\"HANDLINGAMT\":\"0.00\",\"TAXAMT\":\"0.00\",\"INVNUM\":\"718-65\",\"NOTIFYURL\":\"http:\\/\\/testshop.bimmer-tech.net\\/payment\\/notify\\/oHbfLavnUCouFa1854949qkbq9XKl1wzQYZVUxYg5AM\",\"INSURANCEAMT\":\"0.00\",\"SHIPDISCAMT\":\"0.00\",\"L_NAME0\":\"6WA Hybrid Instrument Cluster\",\"L_NAME1\":\"1 Year Standard Warranty\",\"L_QTY0\":\"1\",\"L_QTY1\":\"1\",\"L_TAXAMT0\":\"0.00\",\"L_TAXAMT1\":\"0.00\",\"L_AMT0\":\"1199.00\",\"L_AMT1\":\"0.00\",\"L_ITEMWEIGHTVALUE0\":\"   0.00000\",\"L_ITEMWEIGHTVALUE1\":\"   0.00000\",\"L_ITEMLENGTHVALUE0\":\"   0.00000\",\"L_ITEMLENGTHVALUE1\":\"   0.00000\",\"L_ITEMWIDTHVALUE0\":\"   0.00000\",\"L_ITEMWIDTHVALUE1\":\"   0.00000\",\"L_ITEMHEIGHTVALUE0\":\"   0.00000\",\"L_ITEMHEIGHTVALUE1\":\"   0.00000\",\"PAYMENTREQUEST_0_SHIPPINGAMT\":\"0.00\",\"PAYMENTREQUEST_0_HANDLINGAMT\":\"0.00\",\"PAYMENTREQUEST_0_TAXAMT\":\"0.00\",\"PAYMENTREQUEST_0_INSURANCEAMT\":\"0.00\",\"PAYMENTREQUEST_0_SHIPDISCAMT\":\"0.00\",\"PAYMENTREQUEST_0_INSURANCEOPTIONOFFERED\":\"false\",\"L_PAYMENTREQUEST_0_TAXAMT0\":\"0.00\",\"L_PAYMENTREQUEST_0_TAXAMT1\":\"0.00\",\"L_PAYMENTREQUEST_0_ITEMWEIGHTVALUE0\":\"   0.00000\",\"L_PAYMENTREQUEST_0_ITEMWEIGHTVALUE1\":\"   0.00000\",\"L_PAYMENTREQUEST_0_ITEMLENGTHVALUE0\":\"   0.00000\",\"L_PAYMENTREQUEST_0_ITEMLENGTHVALUE1\":\"   0.00000\",\"L_PAYMENTREQUEST_0_ITEMWIDTHVALUE0\":\"   0.00000\",\"L_PAYMENTREQUEST_0_ITEMWIDTHVALUE1\":\"   0.00000\",\"L_PAYMENTREQUEST_0_ITEMHEIGHTVALUE0\":\"   0.00000\",\"L_PAYMENTREQUEST_0_ITEMHEIGHTVALUE1\":\"   0.00000\",\"PAYMENTREQUESTINFO_0_ERRORCODE\":\"0\",\"CANCELLED\":true}', '2019-05-14 12:35:27', '2019-05-14 12:37:13'),
(66, 20, 718, 'USD', 119900, 'new', '[]', '2019-05-14 12:37:13', '2019-05-14 12:37:13'),
(67, 20, 719, 'USD', 54900, 'new', '{\"PAYMENTREQUEST_0_INVNUM\":\"719-67\",\"PAYMENTREQUEST_0_CURRENCYCODE\":\"USD\",\"PAYMENTREQUEST_0_AMT\":\"549.00\",\"PAYMENTREQUEST_0_ITEMAMT\":\"549.00\",\"L_PAYMENTREQUEST_0_NAME0\":\"Front View Camera Retrofit\",\"L_PAYMENTREQUEST_0_AMT0\":\"549.00\",\"L_PAYMENTREQUEST_0_QTY0\":\"1\",\"L_PAYMENTREQUEST_0_NAME1\":\"1 Year Standard Warranty\",\"L_PAYMENTREQUEST_0_AMT1\":\"0.00\",\"L_PAYMENTREQUEST_0_QTY1\":\"1\",\"PAYMENTREQUEST_0_PAYMENTACTION\":\"Sale\",\"AUTHORIZE_TOKEN_USERACTION\":\"commit\",\"RETURNURL\":\"http:\\/\\/testshop.bimmer-tech.net\\/payment\\/capture\\/t-DSjN8YIIalXkH65UbNjKhgvBfhmS6nWGAPzS5ffuc\",\"CANCELURL\":\"http:\\/\\/testshop.bimmer-tech.net\\/payment\\/capture\\/t-DSjN8YIIalXkH65UbNjKhgvBfhmS6nWGAPzS5ffuc?cancelled=1\",\"PAYMENTREQUEST_0_NOTIFYURL\":\"http:\\/\\/testshop.bimmer-tech.net\\/payment\\/notify\\/wr8TvoO24fk753s09QWyuSeHSzOjBQj52BKCMIGhhuI\",\"TOKEN\":\"EC-322249225X8763818\",\"TIMESTAMP\":\"2019-05-14T19:01:15Z\",\"CORRELATIONID\":\"468b915e4145\",\"ACK\":\"Success\",\"VERSION\":\"65.1\",\"BUILD\":\"52747458\",\"BILLINGAGREEMENTACCEPTEDSTATUS\":\"0\",\"CHECKOUTSTATUS\":\"PaymentActionNotInitiated\",\"CURRENCYCODE\":\"USD\",\"AMT\":\"549.00\",\"ITEMAMT\":\"549.00\",\"SHIPPINGAMT\":\"0.00\",\"HANDLINGAMT\":\"0.00\",\"TAXAMT\":\"0.00\",\"INVNUM\":\"719-67\",\"NOTIFYURL\":\"http:\\/\\/testshop.bimmer-tech.net\\/payment\\/notify\\/wr8TvoO24fk753s09QWyuSeHSzOjBQj52BKCMIGhhuI\",\"INSURANCEAMT\":\"0.00\",\"SHIPDISCAMT\":\"0.00\",\"L_NAME0\":\"Front View Camera Retrofit\",\"L_NAME1\":\"1 Year Standard Warranty\",\"L_QTY0\":\"1\",\"L_QTY1\":\"1\",\"L_TAXAMT0\":\"0.00\",\"L_TAXAMT1\":\"0.00\",\"L_AMT0\":\"549.00\",\"L_AMT1\":\"0.00\",\"L_ITEMWEIGHTVALUE0\":\"   0.00000\",\"L_ITEMWEIGHTVALUE1\":\"   0.00000\",\"L_ITEMLENGTHVALUE0\":\"   0.00000\",\"L_ITEMLENGTHVALUE1\":\"   0.00000\",\"L_ITEMWIDTHVALUE0\":\"   0.00000\",\"L_ITEMWIDTHVALUE1\":\"   0.00000\",\"L_ITEMHEIGHTVALUE0\":\"   0.00000\",\"L_ITEMHEIGHTVALUE1\":\"   0.00000\",\"PAYMENTREQUEST_0_SHIPPINGAMT\":\"0.00\",\"PAYMENTREQUEST_0_HANDLINGAMT\":\"0.00\",\"PAYMENTREQUEST_0_TAXAMT\":\"0.00\",\"PAYMENTREQUEST_0_INSURANCEAMT\":\"0.00\",\"PAYMENTREQUEST_0_SHIPDISCAMT\":\"0.00\",\"PAYMENTREQUEST_0_INSURANCEOPTIONOFFERED\":\"false\",\"L_PAYMENTREQUEST_0_TAXAMT0\":\"0.00\",\"L_PAYMENTREQUEST_0_TAXAMT1\":\"0.00\",\"L_PAYMENTREQUEST_0_ITEMWEIGHTVALUE0\":\"   0.00000\",\"L_PAYMENTREQUEST_0_ITEMWEIGHTVALUE1\":\"   0.00000\",\"L_PAYMENTREQUEST_0_ITEMLENGTHVALUE0\":\"   0.00000\",\"L_PAYMENTREQUEST_0_ITEMLENGTHVALUE1\":\"   0.00000\",\"L_PAYMENTREQUEST_0_ITEMWIDTHVALUE0\":\"   0.00000\",\"L_PAYMENTREQUEST_0_ITEMWIDTHVALUE1\":\"   0.00000\",\"L_PAYMENTREQUEST_0_ITEMHEIGHTVALUE0\":\"   0.00000\",\"L_PAYMENTREQUEST_0_ITEMHEIGHTVALUE1\":\"   0.00000\",\"PAYMENTREQUESTINFO_0_ERRORCODE\":\"0\"}', '2019-05-14 17:59:52', '2019-05-14 19:01:15'),
(68, 20, 720, 'USD', 69900, 'cart', '[]', '2019-05-15 10:38:39', '2019-05-15 10:38:39');
INSERT INTO `sylius_payment` (`id`, `method_id`, `order_id`, `currency_code`, `amount`, `state`, `details`, `created_at`, `updated_at`) VALUES
(69, 20, 720, 'USD', 69900, 'new', '{\"PAYMENTREQUEST_0_INVNUM\":\"720-69\",\"PAYMENTREQUEST_0_CURRENCYCODE\":\"USD\",\"PAYMENTREQUEST_0_AMT\":\"699.00\",\"PAYMENTREQUEST_0_ITEMAMT\":\"699.00\",\"L_PAYMENTREQUEST_0_NAME0\":\"6FL USB\\/AUX Interface Retrofit\",\"L_PAYMENTREQUEST_0_AMT0\":\"599.00\",\"L_PAYMENTREQUEST_0_QTY0\":\"1\",\"L_PAYMENTREQUEST_0_NAME1\":\"2 Year Extended Warranty\",\"L_PAYMENTREQUEST_0_AMT1\":\"100.00\",\"L_PAYMENTREQUEST_0_QTY1\":\"1\",\"PAYMENTREQUEST_0_PAYMENTACTION\":\"Sale\",\"AUTHORIZE_TOKEN_USERACTION\":\"commit\",\"RETURNURL\":\"http:\\/\\/testshop.bimmer-tech.net\\/payment\\/capture\\/gWgrfMxBeWK5Sf7eYce_AsCW-K2Ab7Zb2NvpqVIoaBo\",\"CANCELURL\":\"http:\\/\\/testshop.bimmer-tech.net\\/payment\\/capture\\/gWgrfMxBeWK5Sf7eYce_AsCW-K2Ab7Zb2NvpqVIoaBo?cancelled=1\",\"PAYMENTREQUEST_0_NOTIFYURL\":\"http:\\/\\/testshop.bimmer-tech.net\\/payment\\/notify\\/5-TVRlWtKLTHBkowA8KW5aYCko7MfAsv6dYi6nY9r6s\",\"TOKEN\":\"EC-4K358267UG9468504\",\"TIMESTAMP\":\"2019-05-15T10:47:10Z\",\"CORRELATIONID\":\"4236c3daa0609\",\"ACK\":\"Success\",\"VERSION\":\"65.1\",\"BUILD\":\"52747458\",\"BILLINGAGREEMENTACCEPTEDSTATUS\":\"0\",\"CHECKOUTSTATUS\":\"PaymentActionNotInitiated\",\"CURRENCYCODE\":\"USD\",\"AMT\":\"699.00\",\"ITEMAMT\":\"699.00\",\"SHIPPINGAMT\":\"0.00\",\"HANDLINGAMT\":\"0.00\",\"TAXAMT\":\"0.00\",\"INVNUM\":\"720-69\",\"NOTIFYURL\":\"http:\\/\\/testshop.bimmer-tech.net\\/payment\\/notify\\/5-TVRlWtKLTHBkowA8KW5aYCko7MfAsv6dYi6nY9r6s\",\"INSURANCEAMT\":\"0.00\",\"SHIPDISCAMT\":\"0.00\",\"L_NAME0\":\"6FL USB\\/AUX Interface Retrofit\",\"L_NAME1\":\"2 Year Extended Warranty\",\"L_QTY0\":\"1\",\"L_QTY1\":\"1\",\"L_TAXAMT0\":\"0.00\",\"L_TAXAMT1\":\"0.00\",\"L_AMT0\":\"599.00\",\"L_AMT1\":\"100.00\",\"L_ITEMWEIGHTVALUE0\":\"   0.00000\",\"L_ITEMWEIGHTVALUE1\":\"   0.00000\",\"L_ITEMLENGTHVALUE0\":\"   0.00000\",\"L_ITEMLENGTHVALUE1\":\"   0.00000\",\"L_ITEMWIDTHVALUE0\":\"   0.00000\",\"L_ITEMWIDTHVALUE1\":\"   0.00000\",\"L_ITEMHEIGHTVALUE0\":\"   0.00000\",\"L_ITEMHEIGHTVALUE1\":\"   0.00000\",\"PAYMENTREQUEST_0_SHIPPINGAMT\":\"0.00\",\"PAYMENTREQUEST_0_HANDLINGAMT\":\"0.00\",\"PAYMENTREQUEST_0_TAXAMT\":\"0.00\",\"PAYMENTREQUEST_0_INSURANCEAMT\":\"0.00\",\"PAYMENTREQUEST_0_SHIPDISCAMT\":\"0.00\",\"PAYMENTREQUEST_0_INSURANCEOPTIONOFFERED\":\"false\",\"L_PAYMENTREQUEST_0_TAXAMT0\":\"0.00\",\"L_PAYMENTREQUEST_0_TAXAMT1\":\"0.00\",\"L_PAYMENTREQUEST_0_ITEMWEIGHTVALUE0\":\"   0.00000\",\"L_PAYMENTREQUEST_0_ITEMWEIGHTVALUE1\":\"   0.00000\",\"L_PAYMENTREQUEST_0_ITEMLENGTHVALUE0\":\"   0.00000\",\"L_PAYMENTREQUEST_0_ITEMLENGTHVALUE1\":\"   0.00000\",\"L_PAYMENTREQUEST_0_ITEMWIDTHVALUE0\":\"   0.00000\",\"L_PAYMENTREQUEST_0_ITEMWIDTHVALUE1\":\"   0.00000\",\"L_PAYMENTREQUEST_0_ITEMHEIGHTVALUE0\":\"   0.00000\",\"L_PAYMENTREQUEST_0_ITEMHEIGHTVALUE1\":\"   0.00000\",\"PAYMENTREQUESTINFO_0_ERRORCODE\":\"0\",\"INSURANCEOPTIONOFFERED\":\"false\",\"PAYMENTREQUEST_0_SELLERPAYPALACCOUNTID\":\"paypal.bimmertech-facilitator@gmail.com\"}', '2019-05-15 10:38:46', '2019-05-15 10:47:11'),
(70, 20, 721, 'USD', 59900, 'cart', '[]', '2019-05-16 07:58:44', '2019-05-16 07:58:44'),
(71, 20, 722, 'USD', 25000, 'cart', '[]', '2019-05-16 08:13:21', '2019-05-16 08:13:21'),
(72, 20, 722, 'USD', 25000, 'completed', '{\"PAYMENTREQUEST_0_INVNUM\":\"722-72\",\"PAYMENTREQUEST_0_CURRENCYCODE\":\"USD\",\"PAYMENTREQUEST_0_AMT\":\"250.00\",\"PAYMENTREQUEST_0_ITEMAMT\":\"250.00\",\"L_PAYMENTREQUEST_0_NAME0\":\"NBT\\/NBT Evo Remote Software Activation\",\"L_PAYMENTREQUEST_0_AMT0\":\"250.00\",\"L_PAYMENTREQUEST_0_QTY0\":\"1\",\"PAYMENTREQUEST_0_PAYMENTACTION\":\"Sale\",\"AUTHORIZE_TOKEN_USERACTION\":\"commit\",\"RETURNURL\":\"http:\\/\\/testshop.bimmer-tech.net\\/payment\\/capture\\/u3xZfRkRWy7vZJqzSemRt-4DiG_vmNIsdX12YySzh5Q\",\"CANCELURL\":\"http:\\/\\/testshop.bimmer-tech.net\\/payment\\/capture\\/u3xZfRkRWy7vZJqzSemRt-4DiG_vmNIsdX12YySzh5Q?cancelled=1\",\"PAYMENTREQUEST_0_NOTIFYURL\":\"http:\\/\\/testshop.bimmer-tech.net\\/payment\\/notify\\/K6himlqz3VXxJHC3hR2djt02624xlf0zHUKnlU6sxUY\",\"TOKEN\":\"EC-1V890265EN314832J\",\"TIMESTAMP\":\"2019-05-16T08:17:24Z\",\"CORRELATIONID\":\"da02a97124248\",\"ACK\":\"Success\",\"VERSION\":\"65.1\",\"BUILD\":\"52747458\",\"BILLINGAGREEMENTACCEPTEDSTATUS\":\"0\",\"CHECKOUTSTATUS\":\"PaymentActionCompleted\",\"CURRENCYCODE\":\"USD\",\"AMT\":\"250.00\",\"ITEMAMT\":\"250.00\",\"SHIPPINGAMT\":\"0.00\",\"HANDLINGAMT\":\"0.00\",\"TAXAMT\":\"0.00\",\"INVNUM\":\"722-72\",\"NOTIFYURL\":\"http:\\/\\/testshop.bimmer-tech.net\\/payment\\/notify\\/K6himlqz3VXxJHC3hR2djt02624xlf0zHUKnlU6sxUY\",\"INSURANCEAMT\":\"0.00\",\"SHIPDISCAMT\":\"0.00\",\"L_NAME0\":\"NBT\\/NBT Evo Remote Software Activation\",\"L_QTY0\":\"1\",\"L_TAXAMT0\":\"0.00\",\"L_AMT0\":\"250.00\",\"L_ITEMWEIGHTVALUE0\":\"   0.00000\",\"L_ITEMLENGTHVALUE0\":\"   0.00000\",\"L_ITEMWIDTHVALUE0\":\"   0.00000\",\"L_ITEMHEIGHTVALUE0\":\"   0.00000\",\"PAYMENTREQUEST_0_SHIPPINGAMT\":\"0.00\",\"PAYMENTREQUEST_0_HANDLINGAMT\":\"0.00\",\"PAYMENTREQUEST_0_TAXAMT\":\"0.00\",\"PAYMENTREQUEST_0_INSURANCEAMT\":\"0.00\",\"PAYMENTREQUEST_0_SHIPDISCAMT\":\"0.00\",\"PAYMENTREQUEST_0_INSURANCEOPTIONOFFERED\":\"false\",\"L_PAYMENTREQUEST_0_TAXAMT0\":\"0.00\",\"L_PAYMENTREQUEST_0_ITEMWEIGHTVALUE0\":\"   0.00000\",\"L_PAYMENTREQUEST_0_ITEMLENGTHVALUE0\":\"   0.00000\",\"L_PAYMENTREQUEST_0_ITEMWIDTHVALUE0\":\"   0.00000\",\"L_PAYMENTREQUEST_0_ITEMHEIGHTVALUE0\":\"   0.00000\",\"PAYMENTREQUESTINFO_0_ERRORCODE\":\"0\",\"EMAIL\":\"taras.terletskij@bimmer-tech.net\",\"PAYERID\":\"8UPWNP6FPCTCJ\",\"PAYERSTATUS\":\"verified\",\"FIRSTNAME\":\"Taras\",\"LASTNAME\":\"Terletskij\",\"COUNTRYCODE\":\"US\",\"SHIPTONAME\":\"Taras Terletskij\",\"SHIPTOSTREET\":\"1 Main St\",\"SHIPTOCITY\":\"San Jose\",\"SHIPTOSTATE\":\"CA\",\"SHIPTOZIP\":\"95131\",\"SHIPTOCOUNTRYCODE\":\"US\",\"SHIPTOCOUNTRYNAME\":\"United States\",\"ADDRESSSTATUS\":\"Confirmed\",\"INSURANCEOPTIONOFFERED\":\"false\",\"PAYMENTREQUEST_0_SELLERPAYPALACCOUNTID\":\"paypal.bimmertech-facilitator@gmail.com\",\"PAYMENTREQUEST_0_SHIPTONAME\":\"Taras Terletskij\",\"PAYMENTREQUEST_0_SHIPTOSTREET\":\"1 Main St\",\"PAYMENTREQUEST_0_SHIPTOCITY\":\"San Jose\",\"PAYMENTREQUEST_0_SHIPTOSTATE\":\"CA\",\"PAYMENTREQUEST_0_SHIPTOZIP\":\"95131\",\"PAYMENTREQUEST_0_SHIPTOCOUNTRYCODE\":\"US\",\"PAYMENTREQUEST_0_SHIPTOCOUNTRYNAME\":\"United States\",\"PAYMENTREQUEST_0_ADDRESSSTATUS\":\"Confirmed\",\"SUCCESSPAGEREDIRECTREQUESTED\":\"false\",\"INSURANCEOPTIONSELECTED\":\"false\",\"SHIPPINGOPTIONISDEFAULT\":\"false\",\"PAYMENTINFO_0_TRANSACTIONID\":\"5RN6358162814623P\",\"PAYMENTINFO_0_TRANSACTIONTYPE\":\"cart\",\"PAYMENTINFO_0_PAYMENTTYPE\":\"instant\",\"PAYMENTINFO_0_ORDERTIME\":\"2019-05-16T08:14:48Z\",\"PAYMENTINFO_0_AMT\":\"250.00\",\"PAYMENTINFO_0_FEEAMT\":\"7.55\",\"PAYMENTINFO_0_TAXAMT\":\"0.00\",\"PAYMENTINFO_0_CURRENCYCODE\":\"USD\",\"PAYMENTINFO_0_PAYMENTSTATUS\":\"Completed\",\"PAYMENTINFO_0_PENDINGREASON\":\"None\",\"PAYMENTINFO_0_REASONCODE\":\"None\",\"PAYMENTINFO_0_PROTECTIONELIGIBILITY\":\"Eligible\",\"PAYMENTINFO_0_PROTECTIONELIGIBILITYTYPE\":\"ItemNotReceivedEligible,UnauthorizedPaymentEligible\",\"PAYMENTINFO_0_SELLERPAYPALACCOUNTID\":\"paypal.bimmertech-facilitator@gmail.com\",\"PAYMENTINFO_0_ERRORCODE\":\"0\",\"PAYMENTINFO_0_ACK\":\"Success\",\"TRANSACTIONID\":\"5RN6358162814623P\",\"PAYMENTREQUEST_0_TRANSACTIONID\":\"5RN6358162814623P\",\"PAYMENTREQUESTINFO_0_TRANSACTIONID\":\"5RN6358162814623P\",\"PAYMENTREQUEST_0_TRANSACTIONTYPE\":\"cart\",\"PAYMENTREQUEST_0_PAYMENTTYPE\":\"instant\",\"PAYMENTREQUEST_0_ORDERTIME\":\"2019-05-16T08:14:48Z\",\"PAYMENTREQUEST_0_FEEAMT\":\"7.55\",\"PAYMENTREQUEST_0_PAYMENTSTATUS\":\"PartiallyRefunded\",\"PAYMENTREQUEST_0_PENDINGREASON\":\"None\",\"PAYMENTREQUEST_0_REASONCODE\":\"None\"}', '2019-05-16 08:14:13', '2019-05-16 08:17:26'),
(73, 20, 723, 'USD', 129900, 'completed', '{\"PAYMENTREQUEST_0_INVNUM\":\"723-73\",\"PAYMENTREQUEST_0_CURRENCYCODE\":\"USD\",\"PAYMENTREQUEST_0_AMT\":\"1299.00\",\"PAYMENTREQUEST_0_ITEMAMT\":\"1299.00\",\"L_PAYMENTREQUEST_0_NAME0\":\"SmartView HD Apple TV3\",\"L_PAYMENTREQUEST_0_AMT0\":\"624.00\",\"L_PAYMENTREQUEST_0_QTY0\":\"1\",\"L_PAYMENTREQUEST_0_NAME1\":\"1 Year Standard Warranty\",\"L_PAYMENTREQUEST_0_AMT1\":\"0.00\",\"L_PAYMENTREQUEST_0_QTY1\":\"1\",\"L_PAYMENTREQUEST_0_NAME2\":\"VividScreen\",\"L_PAYMENTREQUEST_0_AMT2\":\"200.00\",\"L_PAYMENTREQUEST_0_QTY2\":\"1\",\"L_PAYMENTREQUEST_0_NAME3\":\"Rear View Camera\",\"L_PAYMENTREQUEST_0_AMT3\":\"300.00\",\"L_PAYMENTREQUEST_0_QTY3\":\"1\",\"L_PAYMENTREQUEST_0_NAME4\":\"AUX Port\",\"L_PAYMENTREQUEST_0_AMT4\":\"175.00\",\"L_PAYMENTREQUEST_0_QTY4\":\"1\",\"L_PAYMENTREQUEST_0_NAME5\":\"1 Year Standard Warranty\",\"L_PAYMENTREQUEST_0_AMT5\":\"0.00\",\"L_PAYMENTREQUEST_0_QTY5\":\"1\",\"PAYMENTREQUEST_0_PAYMENTACTION\":\"Sale\",\"AUTHORIZE_TOKEN_USERACTION\":\"commit\",\"RETURNURL\":\"http:\\/\\/testshop.bimmer-tech.net\\/payment\\/capture\\/dRWi9xSiNdiqzxY3ANGf4uQwQL-cx4MHvnyxZ1RgkvI\",\"CANCELURL\":\"http:\\/\\/testshop.bimmer-tech.net\\/payment\\/capture\\/dRWi9xSiNdiqzxY3ANGf4uQwQL-cx4MHvnyxZ1RgkvI?cancelled=1\",\"PAYMENTREQUEST_0_NOTIFYURL\":\"http:\\/\\/testshop.bimmer-tech.net\\/payment\\/notify\\/BUh2NRElmuzvemxEix-expvGxl8WwrdXg0AzXsUTyP8\",\"TOKEN\":\"EC-66M9941113894100H\",\"TIMESTAMP\":\"2019-05-16T08:18:58Z\",\"CORRELATIONID\":\"b983b1d27c909\",\"ACK\":\"Success\",\"VERSION\":\"65.1\",\"BUILD\":\"52747458\",\"BILLINGAGREEMENTACCEPTEDSTATUS\":\"0\",\"CHECKOUTSTATUS\":\"PaymentActionCompleted\",\"CURRENCYCODE\":\"USD\",\"AMT\":\"1299.00\",\"ITEMAMT\":\"1299.00\",\"SHIPPINGAMT\":\"0.00\",\"HANDLINGAMT\":\"0.00\",\"TAXAMT\":\"0.00\",\"INVNUM\":\"723-73\",\"NOTIFYURL\":\"http:\\/\\/testshop.bimmer-tech.net\\/payment\\/notify\\/BUh2NRElmuzvemxEix-expvGxl8WwrdXg0AzXsUTyP8\",\"INSURANCEAMT\":\"0.00\",\"SHIPDISCAMT\":\"0.00\",\"L_NAME0\":\"SmartView HD Apple TV3\",\"L_NAME1\":\"1 Year Standard Warranty\",\"L_NAME2\":\"VividScreen\",\"L_NAME3\":\"Rear View Camera\",\"L_NAME4\":\"AUX Port\",\"L_NAME5\":\"1 Year Standard Warranty\",\"L_QTY0\":\"1\",\"L_QTY1\":\"1\",\"L_QTY2\":\"1\",\"L_QTY3\":\"1\",\"L_QTY4\":\"1\",\"L_QTY5\":\"1\",\"L_TAXAMT0\":\"0.00\",\"L_TAXAMT1\":\"0.00\",\"L_TAXAMT2\":\"0.00\",\"L_TAXAMT3\":\"0.00\",\"L_TAXAMT4\":\"0.00\",\"L_TAXAMT5\":\"0.00\",\"L_AMT0\":\"624.00\",\"L_AMT1\":\"0.00\",\"L_AMT2\":\"200.00\",\"L_AMT3\":\"300.00\",\"L_AMT4\":\"175.00\",\"L_AMT5\":\"0.00\",\"L_ITEMWEIGHTVALUE0\":\"   0.00000\",\"L_ITEMWEIGHTVALUE1\":\"   0.00000\",\"L_ITEMWEIGHTVALUE2\":\"   0.00000\",\"L_ITEMWEIGHTVALUE3\":\"   0.00000\",\"L_ITEMWEIGHTVALUE4\":\"   0.00000\",\"L_ITEMWEIGHTVALUE5\":\"   0.00000\",\"L_ITEMLENGTHVALUE0\":\"   0.00000\",\"L_ITEMLENGTHVALUE1\":\"   0.00000\",\"L_ITEMLENGTHVALUE2\":\"   0.00000\",\"L_ITEMLENGTHVALUE3\":\"   0.00000\",\"L_ITEMLENGTHVALUE4\":\"   0.00000\",\"L_ITEMLENGTHVALUE5\":\"   0.00000\",\"L_ITEMWIDTHVALUE0\":\"   0.00000\",\"L_ITEMWIDTHVALUE1\":\"   0.00000\",\"L_ITEMWIDTHVALUE2\":\"   0.00000\",\"L_ITEMWIDTHVALUE3\":\"   0.00000\",\"L_ITEMWIDTHVALUE4\":\"   0.00000\",\"L_ITEMWIDTHVALUE5\":\"   0.00000\",\"L_ITEMHEIGHTVALUE0\":\"   0.00000\",\"L_ITEMHEIGHTVALUE1\":\"   0.00000\",\"L_ITEMHEIGHTVALUE2\":\"   0.00000\",\"L_ITEMHEIGHTVALUE3\":\"   0.00000\",\"L_ITEMHEIGHTVALUE4\":\"   0.00000\",\"L_ITEMHEIGHTVALUE5\":\"   0.00000\",\"PAYMENTREQUEST_0_SHIPPINGAMT\":\"0.00\",\"PAYMENTREQUEST_0_HANDLINGAMT\":\"0.00\",\"PAYMENTREQUEST_0_TAXAMT\":\"0.00\",\"PAYMENTREQUEST_0_INSURANCEAMT\":\"0.00\",\"PAYMENTREQUEST_0_SHIPDISCAMT\":\"0.00\",\"PAYMENTREQUEST_0_INSURANCEOPTIONOFFERED\":\"false\",\"L_PAYMENTREQUEST_0_TAXAMT0\":\"0.00\",\"L_PAYMENTREQUEST_0_TAXAMT1\":\"0.00\",\"L_PAYMENTREQUEST_0_TAXAMT2\":\"0.00\",\"L_PAYMENTREQUEST_0_TAXAMT3\":\"0.00\",\"L_PAYMENTREQUEST_0_TAXAMT4\":\"0.00\",\"L_PAYMENTREQUEST_0_TAXAMT5\":\"0.00\",\"L_PAYMENTREQUEST_0_ITEMWEIGHTVALUE0\":\"   0.00000\",\"L_PAYMENTREQUEST_0_ITEMWEIGHTVALUE1\":\"   0.00000\",\"L_PAYMENTREQUEST_0_ITEMWEIGHTVALUE2\":\"   0.00000\",\"L_PAYMENTREQUEST_0_ITEMWEIGHTVALUE3\":\"   0.00000\",\"L_PAYMENTREQUEST_0_ITEMWEIGHTVALUE4\":\"   0.00000\",\"L_PAYMENTREQUEST_0_ITEMWEIGHTVALUE5\":\"   0.00000\",\"L_PAYMENTREQUEST_0_ITEMLENGTHVALUE0\":\"   0.00000\",\"L_PAYMENTREQUEST_0_ITEMLENGTHVALUE1\":\"   0.00000\",\"L_PAYMENTREQUEST_0_ITEMLENGTHVALUE2\":\"   0.00000\",\"L_PAYMENTREQUEST_0_ITEMLENGTHVALUE3\":\"   0.00000\",\"L_PAYMENTREQUEST_0_ITEMLENGTHVALUE4\":\"   0.00000\",\"L_PAYMENTREQUEST_0_ITEMLENGTHVALUE5\":\"   0.00000\",\"L_PAYMENTREQUEST_0_ITEMWIDTHVALUE0\":\"   0.00000\",\"L_PAYMENTREQUEST_0_ITEMWIDTHVALUE1\":\"   0.00000\",\"L_PAYMENTREQUEST_0_ITEMWIDTHVALUE2\":\"   0.00000\",\"L_PAYMENTREQUEST_0_ITEMWIDTHVALUE3\":\"   0.00000\",\"L_PAYMENTREQUEST_0_ITEMWIDTHVALUE4\":\"   0.00000\",\"L_PAYMENTREQUEST_0_ITEMWIDTHVALUE5\":\"   0.00000\",\"L_PAYMENTREQUEST_0_ITEMHEIGHTVALUE0\":\"   0.00000\",\"L_PAYMENTREQUEST_0_ITEMHEIGHTVALUE1\":\"   0.00000\",\"L_PAYMENTREQUEST_0_ITEMHEIGHTVALUE2\":\"   0.00000\",\"L_PAYMENTREQUEST_0_ITEMHEIGHTVALUE3\":\"   0.00000\",\"L_PAYMENTREQUEST_0_ITEMHEIGHTVALUE4\":\"   0.00000\",\"L_PAYMENTREQUEST_0_ITEMHEIGHTVALUE5\":\"   0.00000\",\"PAYMENTREQUESTINFO_0_ERRORCODE\":\"0\",\"EMAIL\":\"taras.terletskij@bimmer-tech.net\",\"PAYERID\":\"8UPWNP6FPCTCJ\",\"PAYERSTATUS\":\"verified\",\"FIRSTNAME\":\"Taras\",\"LASTNAME\":\"Terletskij\",\"COUNTRYCODE\":\"US\",\"SHIPTONAME\":\"Taras Terletskij\",\"SHIPTOSTREET\":\"1 Main St\",\"SHIPTOCITY\":\"San Jose\",\"SHIPTOSTATE\":\"CA\",\"SHIPTOZIP\":\"95131\",\"SHIPTOCOUNTRYCODE\":\"US\",\"SHIPTOCOUNTRYNAME\":\"United States\",\"ADDRESSSTATUS\":\"Confirmed\",\"INSURANCEOPTIONOFFERED\":\"false\",\"PAYMENTREQUEST_0_SELLERPAYPALACCOUNTID\":\"paypal.bimmertech-facilitator@gmail.com\",\"PAYMENTREQUEST_0_SHIPTONAME\":\"Taras Terletskij\",\"PAYMENTREQUEST_0_SHIPTOSTREET\":\"1 Main St\",\"PAYMENTREQUEST_0_SHIPTOCITY\":\"San Jose\",\"PAYMENTREQUEST_0_SHIPTOSTATE\":\"CA\",\"PAYMENTREQUEST_0_SHIPTOZIP\":\"95131\",\"PAYMENTREQUEST_0_SHIPTOCOUNTRYCODE\":\"US\",\"PAYMENTREQUEST_0_SHIPTOCOUNTRYNAME\":\"United States\",\"PAYMENTREQUEST_0_ADDRESSSTATUS\":\"Confirmed\",\"SUCCESSPAGEREDIRECTREQUESTED\":\"false\",\"INSURANCEOPTIONSELECTED\":\"false\",\"SHIPPINGOPTIONISDEFAULT\":\"false\",\"PAYMENTINFO_0_TRANSACTIONID\":\"7C866617JD681802T\",\"PAYMENTINFO_0_TRANSACTIONTYPE\":\"cart\",\"PAYMENTINFO_0_PAYMENTTYPE\":\"instant\",\"PAYMENTINFO_0_ORDERTIME\":\"2019-05-16T08:18:52Z\",\"PAYMENTINFO_0_AMT\":\"1299.00\",\"PAYMENTINFO_0_FEEAMT\":\"37.97\",\"PAYMENTINFO_0_TAXAMT\":\"0.00\",\"PAYMENTINFO_0_CURRENCYCODE\":\"USD\",\"PAYMENTINFO_0_PAYMENTSTATUS\":\"Completed\",\"PAYMENTINFO_0_PENDINGREASON\":\"None\",\"PAYMENTINFO_0_REASONCODE\":\"None\",\"PAYMENTINFO_0_PROTECTIONELIGIBILITY\":\"Eligible\",\"PAYMENTINFO_0_PROTECTIONELIGIBILITYTYPE\":\"ItemNotReceivedEligible,UnauthorizedPaymentEligible\",\"PAYMENTINFO_0_SELLERPAYPALACCOUNTID\":\"paypal.bimmertech-facilitator@gmail.com\",\"PAYMENTINFO_0_ERRORCODE\":\"0\",\"PAYMENTINFO_0_ACK\":\"Success\",\"TRANSACTIONID\":\"7C866617JD681802T\",\"PAYMENTREQUEST_0_TRANSACTIONID\":\"7C866617JD681802T\",\"PAYMENTREQUESTINFO_0_TRANSACTIONID\":\"7C866617JD681802T\",\"PAYMENTREQUEST_0_TRANSACTIONTYPE\":\"cart\",\"PAYMENTREQUEST_0_PAYMENTTYPE\":\"instant\",\"PAYMENTREQUEST_0_ORDERTIME\":\"2019-05-16T08:18:52Z\",\"PAYMENTREQUEST_0_FEEAMT\":\"37.97\",\"PAYMENTREQUEST_0_PAYMENTSTATUS\":\"Completed\",\"PAYMENTREQUEST_0_PENDINGREASON\":\"None\",\"PAYMENTREQUEST_0_REASONCODE\":\"None\"}', '2019-05-16 08:18:25', '2019-05-16 08:19:00'),
(74, 20, 724, 'USD', 92300, 'cancelled', '{\"PAYMENTREQUEST_0_INVNUM\":\"724-74\",\"PAYMENTREQUEST_0_CURRENCYCODE\":\"USD\",\"PAYMENTREQUEST_0_AMT\":\"923.00\",\"PAYMENTREQUEST_0_ITEMAMT\":\"923.00\",\"L_PAYMENTREQUEST_0_NAME0\":\"BMW Comfort Access Kit\",\"L_PAYMENTREQUEST_0_AMT0\":\"725.00\",\"L_PAYMENTREQUEST_0_QTY0\":\"1\",\"L_PAYMENTREQUEST_0_NAME1\":\"1 Year Standard Warranty\",\"L_PAYMENTREQUEST_0_AMT1\":\"0.00\",\"L_PAYMENTREQUEST_0_QTY1\":\"1\",\"L_PAYMENTREQUEST_0_NAME2\":\"2 Rear Door Handles\",\"L_PAYMENTREQUEST_0_AMT2\":\"198.00\",\"L_PAYMENTREQUEST_0_QTY2\":\"1\",\"PAYMENTREQUEST_0_PAYMENTACTION\":\"Sale\",\"AUTHORIZE_TOKEN_USERACTION\":\"commit\",\"RETURNURL\":\"http:\\/\\/testshop.bimmer-tech.net\\/payment\\/capture\\/-mxLr5DHD92ts4aYXFZSQl9CcvLODf1f3y0yQGgyaLw\",\"CANCELURL\":\"http:\\/\\/testshop.bimmer-tech.net\\/payment\\/capture\\/-mxLr5DHD92ts4aYXFZSQl9CcvLODf1f3y0yQGgyaLw?cancelled=1\",\"PAYMENTREQUEST_0_NOTIFYURL\":\"http:\\/\\/testshop.bimmer-tech.net\\/payment\\/notify\\/gUqeKhyZXzS0hurMYKEBjlcUtkG6ZNGBkAmY-oHvP2g\",\"TOKEN\":\"EC-1YV043394F0502815\",\"TIMESTAMP\":\"2019-05-16T08:19:26Z\",\"CORRELATIONID\":\"deccbeb6e2f1b\",\"ACK\":\"Success\",\"VERSION\":\"65.1\",\"BUILD\":\"52747458\",\"BILLINGAGREEMENTACCEPTEDSTATUS\":\"0\",\"CHECKOUTSTATUS\":\"PaymentActionNotInitiated\",\"CURRENCYCODE\":\"USD\",\"AMT\":\"923.00\",\"ITEMAMT\":\"923.00\",\"SHIPPINGAMT\":\"0.00\",\"HANDLINGAMT\":\"0.00\",\"TAXAMT\":\"0.00\",\"INVNUM\":\"724-74\",\"NOTIFYURL\":\"http:\\/\\/testshop.bimmer-tech.net\\/payment\\/notify\\/gUqeKhyZXzS0hurMYKEBjlcUtkG6ZNGBkAmY-oHvP2g\",\"INSURANCEAMT\":\"0.00\",\"SHIPDISCAMT\":\"0.00\",\"L_NAME0\":\"BMW Comfort Access Kit\",\"L_NAME1\":\"1 Year Standard Warranty\",\"L_NAME2\":\"2 Rear Door Handles\",\"L_QTY0\":\"1\",\"L_QTY1\":\"1\",\"L_QTY2\":\"1\",\"L_TAXAMT0\":\"0.00\",\"L_TAXAMT1\":\"0.00\",\"L_TAXAMT2\":\"0.00\",\"L_AMT0\":\"725.00\",\"L_AMT1\":\"0.00\",\"L_AMT2\":\"198.00\",\"L_ITEMWEIGHTVALUE0\":\"   0.00000\",\"L_ITEMWEIGHTVALUE1\":\"   0.00000\",\"L_ITEMWEIGHTVALUE2\":\"   0.00000\",\"L_ITEMLENGTHVALUE0\":\"   0.00000\",\"L_ITEMLENGTHVALUE1\":\"   0.00000\",\"L_ITEMLENGTHVALUE2\":\"   0.00000\",\"L_ITEMWIDTHVALUE0\":\"   0.00000\",\"L_ITEMWIDTHVALUE1\":\"   0.00000\",\"L_ITEMWIDTHVALUE2\":\"   0.00000\",\"L_ITEMHEIGHTVALUE0\":\"   0.00000\",\"L_ITEMHEIGHTVALUE1\":\"   0.00000\",\"L_ITEMHEIGHTVALUE2\":\"   0.00000\",\"PAYMENTREQUEST_0_SHIPPINGAMT\":\"0.00\",\"PAYMENTREQUEST_0_HANDLINGAMT\":\"0.00\",\"PAYMENTREQUEST_0_TAXAMT\":\"0.00\",\"PAYMENTREQUEST_0_INSURANCEAMT\":\"0.00\",\"PAYMENTREQUEST_0_SHIPDISCAMT\":\"0.00\",\"PAYMENTREQUEST_0_INSURANCEOPTIONOFFERED\":\"false\",\"L_PAYMENTREQUEST_0_TAXAMT0\":\"0.00\",\"L_PAYMENTREQUEST_0_TAXAMT1\":\"0.00\",\"L_PAYMENTREQUEST_0_TAXAMT2\":\"0.00\",\"L_PAYMENTREQUEST_0_ITEMWEIGHTVALUE0\":\"   0.00000\",\"L_PAYMENTREQUEST_0_ITEMWEIGHTVALUE1\":\"   0.00000\",\"L_PAYMENTREQUEST_0_ITEMWEIGHTVALUE2\":\"   0.00000\",\"L_PAYMENTREQUEST_0_ITEMLENGTHVALUE0\":\"   0.00000\",\"L_PAYMENTREQUEST_0_ITEMLENGTHVALUE1\":\"   0.00000\",\"L_PAYMENTREQUEST_0_ITEMLENGTHVALUE2\":\"   0.00000\",\"L_PAYMENTREQUEST_0_ITEMWIDTHVALUE0\":\"   0.00000\",\"L_PAYMENTREQUEST_0_ITEMWIDTHVALUE1\":\"   0.00000\",\"L_PAYMENTREQUEST_0_ITEMWIDTHVALUE2\":\"   0.00000\",\"L_PAYMENTREQUEST_0_ITEMHEIGHTVALUE0\":\"   0.00000\",\"L_PAYMENTREQUEST_0_ITEMHEIGHTVALUE1\":\"   0.00000\",\"L_PAYMENTREQUEST_0_ITEMHEIGHTVALUE2\":\"   0.00000\",\"PAYMENTREQUESTINFO_0_ERRORCODE\":\"0\",\"CANCELLED\":true}', '2019-05-16 08:19:24', '2019-05-16 08:20:37'),
(75, 20, 724, 'USD', 92300, 'new', '[]', '2019-05-16 08:20:37', '2019-05-16 08:20:37'),
(76, 20, 725, 'USD', 202300, 'cart', '[]', '2019-05-16 09:12:35', '2019-05-16 09:12:35'),
(77, 20, 725, 'USD', 202300, 'completed', '{\"PAYMENTREQUEST_0_INVNUM\":\"725-77\",\"PAYMENTREQUEST_0_CURRENCYCODE\":\"USD\",\"PAYMENTREQUEST_0_AMT\":\"2023.00\",\"PAYMENTREQUEST_0_ITEMAMT\":\"2023.00\",\"L_PAYMENTREQUEST_0_NAME0\":\"SmartView HD Flex\",\"L_PAYMENTREQUEST_0_AMT0\":\"599.00\",\"L_PAYMENTREQUEST_0_QTY0\":\"1\",\"L_PAYMENTREQUEST_0_NAME1\":\"1 Year Standard Warranty\",\"L_PAYMENTREQUEST_0_AMT1\":\"0.00\",\"L_PAYMENTREQUEST_0_QTY1\":\"1\",\"L_PAYMENTREQUEST_0_NAME2\":\"VividScreen\",\"L_PAYMENTREQUEST_0_AMT2\":\"200.00\",\"L_PAYMENTREQUEST_0_QTY2\":\"1\",\"L_PAYMENTREQUEST_0_NAME3\":\"Rear View Camera\",\"L_PAYMENTREQUEST_0_AMT3\":\"300.00\",\"L_PAYMENTREQUEST_0_QTY3\":\"1\",\"L_PAYMENTREQUEST_0_NAME4\":\"SmartView HD Apple TV3\",\"L_PAYMENTREQUEST_0_AMT4\":\"624.00\",\"L_PAYMENTREQUEST_0_QTY4\":\"1\",\"L_PAYMENTREQUEST_0_NAME5\":\"1 Year Standard Warranty\",\"L_PAYMENTREQUEST_0_AMT5\":\"0.00\",\"L_PAYMENTREQUEST_0_QTY5\":\"1\",\"L_PAYMENTREQUEST_0_NAME6\":\"Rear View Camera\",\"L_PAYMENTREQUEST_0_AMT6\":\"300.00\",\"L_PAYMENTREQUEST_0_QTY6\":\"1\",\"PAYMENTREQUEST_0_PAYMENTACTION\":\"Sale\",\"AUTHORIZE_TOKEN_USERACTION\":\"commit\",\"RETURNURL\":\"http:\\/\\/testshop.bimmer-tech.net\\/payment\\/capture\\/pizSSihJv7vNHcCMCdqiomKu1g-_v6b4HUlSbd8mEaA\",\"CANCELURL\":\"http:\\/\\/testshop.bimmer-tech.net\\/payment\\/capture\\/pizSSihJv7vNHcCMCdqiomKu1g-_v6b4HUlSbd8mEaA?cancelled=1\",\"PAYMENTREQUEST_0_NOTIFYURL\":\"http:\\/\\/testshop.bimmer-tech.net\\/payment\\/notify\\/Ee7fFdtfUDqwdJHVqHg3p45dLCdletFgdbKvrfUKiZ0\",\"TOKEN\":\"EC-7UV28334JG510692X\",\"TIMESTAMP\":\"2019-05-16T09:14:50Z\",\"CORRELATIONID\":\"ffeecbd7bb0a\",\"ACK\":\"Success\",\"VERSION\":\"65.1\",\"BUILD\":\"52747458\",\"BILLINGAGREEMENTACCEPTEDSTATUS\":\"0\",\"CHECKOUTSTATUS\":\"PaymentActionCompleted\",\"CURRENCYCODE\":\"USD\",\"AMT\":\"2023.00\",\"ITEMAMT\":\"2023.00\",\"SHIPPINGAMT\":\"0.00\",\"HANDLINGAMT\":\"0.00\",\"TAXAMT\":\"0.00\",\"INVNUM\":\"725-77\",\"NOTIFYURL\":\"http:\\/\\/testshop.bimmer-tech.net\\/payment\\/notify\\/Ee7fFdtfUDqwdJHVqHg3p45dLCdletFgdbKvrfUKiZ0\",\"INSURANCEAMT\":\"0.00\",\"SHIPDISCAMT\":\"0.00\",\"L_NAME0\":\"SmartView HD Flex\",\"L_NAME1\":\"1 Year Standard Warranty\",\"L_NAME2\":\"VividScreen\",\"L_NAME3\":\"Rear View Camera\",\"L_NAME4\":\"SmartView HD Apple TV3\",\"L_NAME5\":\"1 Year Standard Warranty\",\"L_NAME6\":\"Rear View Camera\",\"L_QTY0\":\"1\",\"L_QTY1\":\"1\",\"L_QTY2\":\"1\",\"L_QTY3\":\"1\",\"L_QTY4\":\"1\",\"L_QTY5\":\"1\",\"L_QTY6\":\"1\",\"L_TAXAMT0\":\"0.00\",\"L_TAXAMT1\":\"0.00\",\"L_TAXAMT2\":\"0.00\",\"L_TAXAMT3\":\"0.00\",\"L_TAXAMT4\":\"0.00\",\"L_TAXAMT5\":\"0.00\",\"L_TAXAMT6\":\"0.00\",\"L_AMT0\":\"599.00\",\"L_AMT1\":\"0.00\",\"L_AMT2\":\"200.00\",\"L_AMT3\":\"300.00\",\"L_AMT4\":\"624.00\",\"L_AMT5\":\"0.00\",\"L_AMT6\":\"300.00\",\"L_ITEMWEIGHTVALUE0\":\"   0.00000\",\"L_ITEMWEIGHTVALUE1\":\"   0.00000\",\"L_ITEMWEIGHTVALUE2\":\"   0.00000\",\"L_ITEMWEIGHTVALUE3\":\"   0.00000\",\"L_ITEMWEIGHTVALUE4\":\"   0.00000\",\"L_ITEMWEIGHTVALUE5\":\"   0.00000\",\"L_ITEMWEIGHTVALUE6\":\"   0.00000\",\"L_ITEMLENGTHVALUE0\":\"   0.00000\",\"L_ITEMLENGTHVALUE1\":\"   0.00000\",\"L_ITEMLENGTHVALUE2\":\"   0.00000\",\"L_ITEMLENGTHVALUE3\":\"   0.00000\",\"L_ITEMLENGTHVALUE4\":\"   0.00000\",\"L_ITEMLENGTHVALUE5\":\"   0.00000\",\"L_ITEMLENGTHVALUE6\":\"   0.00000\",\"L_ITEMWIDTHVALUE0\":\"   0.00000\",\"L_ITEMWIDTHVALUE1\":\"   0.00000\",\"L_ITEMWIDTHVALUE2\":\"   0.00000\",\"L_ITEMWIDTHVALUE3\":\"   0.00000\",\"L_ITEMWIDTHVALUE4\":\"   0.00000\",\"L_ITEMWIDTHVALUE5\":\"   0.00000\",\"L_ITEMWIDTHVALUE6\":\"   0.00000\",\"L_ITEMHEIGHTVALUE0\":\"   0.00000\",\"L_ITEMHEIGHTVALUE1\":\"   0.00000\",\"L_ITEMHEIGHTVALUE2\":\"   0.00000\",\"L_ITEMHEIGHTVALUE3\":\"   0.00000\",\"L_ITEMHEIGHTVALUE4\":\"   0.00000\",\"L_ITEMHEIGHTVALUE5\":\"   0.00000\",\"L_ITEMHEIGHTVALUE6\":\"   0.00000\",\"PAYMENTREQUEST_0_SHIPPINGAMT\":\"0.00\",\"PAYMENTREQUEST_0_HANDLINGAMT\":\"0.00\",\"PAYMENTREQUEST_0_TAXAMT\":\"0.00\",\"PAYMENTREQUEST_0_INSURANCEAMT\":\"0.00\",\"PAYMENTREQUEST_0_SHIPDISCAMT\":\"0.00\",\"PAYMENTREQUEST_0_INSURANCEOPTIONOFFERED\":\"false\",\"L_PAYMENTREQUEST_0_TAXAMT0\":\"0.00\",\"L_PAYMENTREQUEST_0_TAXAMT1\":\"0.00\",\"L_PAYMENTREQUEST_0_TAXAMT2\":\"0.00\",\"L_PAYMENTREQUEST_0_TAXAMT3\":\"0.00\",\"L_PAYMENTREQUEST_0_TAXAMT4\":\"0.00\",\"L_PAYMENTREQUEST_0_TAXAMT5\":\"0.00\",\"L_PAYMENTREQUEST_0_TAXAMT6\":\"0.00\",\"L_PAYMENTREQUEST_0_ITEMWEIGHTVALUE0\":\"   0.00000\",\"L_PAYMENTREQUEST_0_ITEMWEIGHTVALUE1\":\"   0.00000\",\"L_PAYMENTREQUEST_0_ITEMWEIGHTVALUE2\":\"   0.00000\",\"L_PAYMENTREQUEST_0_ITEMWEIGHTVALUE3\":\"   0.00000\",\"L_PAYMENTREQUEST_0_ITEMWEIGHTVALUE4\":\"   0.00000\",\"L_PAYMENTREQUEST_0_ITEMWEIGHTVALUE5\":\"   0.00000\",\"L_PAYMENTREQUEST_0_ITEMWEIGHTVALUE6\":\"   0.00000\",\"L_PAYMENTREQUEST_0_ITEMLENGTHVALUE0\":\"   0.00000\",\"L_PAYMENTREQUEST_0_ITEMLENGTHVALUE1\":\"   0.00000\",\"L_PAYMENTREQUEST_0_ITEMLENGTHVALUE2\":\"   0.00000\",\"L_PAYMENTREQUEST_0_ITEMLENGTHVALUE3\":\"   0.00000\",\"L_PAYMENTREQUEST_0_ITEMLENGTHVALUE4\":\"   0.00000\",\"L_PAYMENTREQUEST_0_ITEMLENGTHVALUE5\":\"   0.00000\",\"L_PAYMENTREQUEST_0_ITEMLENGTHVALUE6\":\"   0.00000\",\"L_PAYMENTREQUEST_0_ITEMWIDTHVALUE0\":\"   0.00000\",\"L_PAYMENTREQUEST_0_ITEMWIDTHVALUE1\":\"   0.00000\",\"L_PAYMENTREQUEST_0_ITEMWIDTHVALUE2\":\"   0.00000\",\"L_PAYMENTREQUEST_0_ITEMWIDTHVALUE3\":\"   0.00000\",\"L_PAYMENTREQUEST_0_ITEMWIDTHVALUE4\":\"   0.00000\",\"L_PAYMENTREQUEST_0_ITEMWIDTHVALUE5\":\"   0.00000\",\"L_PAYMENTREQUEST_0_ITEMWIDTHVALUE6\":\"   0.00000\",\"L_PAYMENTREQUEST_0_ITEMHEIGHTVALUE0\":\"   0.00000\",\"L_PAYMENTREQUEST_0_ITEMHEIGHTVALUE1\":\"   0.00000\",\"L_PAYMENTREQUEST_0_ITEMHEIGHTVALUE2\":\"   0.00000\",\"L_PAYMENTREQUEST_0_ITEMHEIGHTVALUE3\":\"   0.00000\",\"L_PAYMENTREQUEST_0_ITEMHEIGHTVALUE4\":\"   0.00000\",\"L_PAYMENTREQUEST_0_ITEMHEIGHTVALUE5\":\"   0.00000\",\"L_PAYMENTREQUEST_0_ITEMHEIGHTVALUE6\":\"   0.00000\",\"PAYMENTREQUESTINFO_0_ERRORCODE\":\"0\",\"EMAIL\":\"taras.terletskij@bimmer-tech.net\",\"PAYERID\":\"8UPWNP6FPCTCJ\",\"PAYERSTATUS\":\"verified\",\"FIRSTNAME\":\"Taras\",\"LASTNAME\":\"Terletskij\",\"COUNTRYCODE\":\"US\",\"SHIPTONAME\":\"Taras Terletskij\",\"SHIPTOSTREET\":\"1 Main St\",\"SHIPTOCITY\":\"San Jose\",\"SHIPTOSTATE\":\"CA\",\"SHIPTOZIP\":\"95131\",\"SHIPTOCOUNTRYCODE\":\"US\",\"SHIPTOCOUNTRYNAME\":\"United States\",\"ADDRESSSTATUS\":\"Confirmed\",\"INSURANCEOPTIONOFFERED\":\"false\",\"PAYMENTREQUEST_0_SELLERPAYPALACCOUNTID\":\"paypal.bimmertech-facilitator@gmail.com\",\"PAYMENTREQUEST_0_SHIPTONAME\":\"Taras Terletskij\",\"PAYMENTREQUEST_0_SHIPTOSTREET\":\"1 Main St\",\"PAYMENTREQUEST_0_SHIPTOCITY\":\"San Jose\",\"PAYMENTREQUEST_0_SHIPTOSTATE\":\"CA\",\"PAYMENTREQUEST_0_SHIPTOZIP\":\"95131\",\"PAYMENTREQUEST_0_SHIPTOCOUNTRYCODE\":\"US\",\"PAYMENTREQUEST_0_SHIPTOCOUNTRYNAME\":\"United States\",\"PAYMENTREQUEST_0_ADDRESSSTATUS\":\"Confirmed\",\"SUCCESSPAGEREDIRECTREQUESTED\":\"false\",\"INSURANCEOPTIONSELECTED\":\"false\",\"SHIPPINGOPTIONISDEFAULT\":\"false\",\"PAYMENTINFO_0_TRANSACTIONID\":\"0XC74398KH496224S\",\"PAYMENTINFO_0_TRANSACTIONTYPE\":\"cart\",\"PAYMENTINFO_0_PAYMENTTYPE\":\"instant\",\"PAYMENTINFO_0_ORDERTIME\":\"2019-05-16T09:14:43Z\",\"PAYMENTINFO_0_AMT\":\"2023.00\",\"PAYMENTINFO_0_FEEAMT\":\"58.97\",\"PAYMENTINFO_0_TAXAMT\":\"0.00\",\"PAYMENTINFO_0_CURRENCYCODE\":\"USD\",\"PAYMENTINFO_0_PAYMENTSTATUS\":\"Completed\",\"PAYMENTINFO_0_PENDINGREASON\":\"None\",\"PAYMENTINFO_0_REASONCODE\":\"None\",\"PAYMENTINFO_0_PROTECTIONELIGIBILITY\":\"Eligible\",\"PAYMENTINFO_0_PROTECTIONELIGIBILITYTYPE\":\"ItemNotReceivedEligible,UnauthorizedPaymentEligible\",\"PAYMENTINFO_0_SELLERPAYPALACCOUNTID\":\"paypal.bimmertech-facilitator@gmail.com\",\"PAYMENTINFO_0_ERRORCODE\":\"0\",\"PAYMENTINFO_0_ACK\":\"Success\",\"TRANSACTIONID\":\"0XC74398KH496224S\",\"PAYMENTREQUEST_0_TRANSACTIONID\":\"0XC74398KH496224S\",\"PAYMENTREQUESTINFO_0_TRANSACTIONID\":\"0XC74398KH496224S\",\"PAYMENTREQUEST_0_TRANSACTIONTYPE\":\"cart\",\"PAYMENTREQUEST_0_PAYMENTTYPE\":\"instant\",\"PAYMENTREQUEST_0_ORDERTIME\":\"2019-05-16T09:14:43Z\",\"PAYMENTREQUEST_0_FEEAMT\":\"58.97\",\"PAYMENTREQUEST_0_PAYMENTSTATUS\":\"Completed\",\"PAYMENTREQUEST_0_PENDINGREASON\":\"None\",\"PAYMENTREQUEST_0_REASONCODE\":\"None\"}', '2019-05-16 09:12:44', '2019-05-16 09:14:52'),
(78, 20, 726, 'USD', 191299, 'completed', '{\"PAYMENTREQUEST_0_INVNUM\":\"726-78\",\"PAYMENTREQUEST_0_CURRENCYCODE\":\"USD\",\"PAYMENTREQUEST_0_AMT\":\"1912.99\",\"PAYMENTREQUEST_0_ITEMAMT\":\"1912.99\",\"L_PAYMENTREQUEST_0_NAME0\":\"BMW Parking Assistant Retrofit\",\"L_PAYMENTREQUEST_0_AMT0\":\"1099.00\",\"L_PAYMENTREQUEST_0_QTY0\":\"1\",\"L_PAYMENTREQUEST_0_NAME1\":\"1 Year Standard Warranty\",\"L_PAYMENTREQUEST_0_AMT1\":\"0.00\",\"L_PAYMENTREQUEST_0_QTY1\":\"1\",\"L_PAYMENTREQUEST_0_NAME2\":\"Trim Tool Kit\",\"L_PAYMENTREQUEST_0_AMT2\":\"14.99\",\"L_PAYMENTREQUEST_0_QTY2\":\"1\",\"L_PAYMENTREQUEST_0_NAME3\":\"BDC Module\",\"L_PAYMENTREQUEST_0_AMT3\":\"799.00\",\"L_PAYMENTREQUEST_0_QTY3\":\"1\",\"PAYMENTREQUEST_0_PAYMENTACTION\":\"Sale\",\"AUTHORIZE_TOKEN_USERACTION\":\"commit\",\"RETURNURL\":\"http:\\/\\/testshop.bimmer-tech.net\\/payment\\/capture\\/NRzoHlXdlpOvgx5ESHMWzFMERg41bY5VJl1jYLDqhF0\",\"CANCELURL\":\"http:\\/\\/testshop.bimmer-tech.net\\/payment\\/capture\\/NRzoHlXdlpOvgx5ESHMWzFMERg41bY5VJl1jYLDqhF0?cancelled=1\",\"PAYMENTREQUEST_0_NOTIFYURL\":\"http:\\/\\/testshop.bimmer-tech.net\\/payment\\/notify\\/PxUFjpxTp7IUHBB2kbHSNUhY9Jf6IWyKNKRXXT2S5dU\",\"TOKEN\":\"EC-7UN58160H6045573A\",\"TIMESTAMP\":\"2019-05-16T09:45:55Z\",\"CORRELATIONID\":\"2b9018bad1b42\",\"ACK\":\"Success\",\"VERSION\":\"65.1\",\"BUILD\":\"52747458\",\"BILLINGAGREEMENTACCEPTEDSTATUS\":\"0\",\"CHECKOUTSTATUS\":\"PaymentActionCompleted\",\"CURRENCYCODE\":\"USD\",\"AMT\":\"1912.99\",\"ITEMAMT\":\"1912.99\",\"SHIPPINGAMT\":\"0.00\",\"HANDLINGAMT\":\"0.00\",\"TAXAMT\":\"0.00\",\"INVNUM\":\"726-78\",\"NOTIFYURL\":\"http:\\/\\/testshop.bimmer-tech.net\\/payment\\/notify\\/PxUFjpxTp7IUHBB2kbHSNUhY9Jf6IWyKNKRXXT2S5dU\",\"INSURANCEAMT\":\"0.00\",\"SHIPDISCAMT\":\"0.00\",\"L_NAME0\":\"BMW Parking Assistant Retrofit\",\"L_NAME1\":\"1 Year Standard Warranty\",\"L_NAME2\":\"Trim Tool Kit\",\"L_NAME3\":\"BDC Module\",\"L_QTY0\":\"1\",\"L_QTY1\":\"1\",\"L_QTY2\":\"1\",\"L_QTY3\":\"1\",\"L_TAXAMT0\":\"0.00\",\"L_TAXAMT1\":\"0.00\",\"L_TAXAMT2\":\"0.00\",\"L_TAXAMT3\":\"0.00\",\"L_AMT0\":\"1099.00\",\"L_AMT1\":\"0.00\",\"L_AMT2\":\"14.99\",\"L_AMT3\":\"799.00\",\"L_ITEMWEIGHTVALUE0\":\"   0.00000\",\"L_ITEMWEIGHTVALUE1\":\"   0.00000\",\"L_ITEMWEIGHTVALUE2\":\"   0.00000\",\"L_ITEMWEIGHTVALUE3\":\"   0.00000\",\"L_ITEMLENGTHVALUE0\":\"   0.00000\",\"L_ITEMLENGTHVALUE1\":\"   0.00000\",\"L_ITEMLENGTHVALUE2\":\"   0.00000\",\"L_ITEMLENGTHVALUE3\":\"   0.00000\",\"L_ITEMWIDTHVALUE0\":\"   0.00000\",\"L_ITEMWIDTHVALUE1\":\"   0.00000\",\"L_ITEMWIDTHVALUE2\":\"   0.00000\",\"L_ITEMWIDTHVALUE3\":\"   0.00000\",\"L_ITEMHEIGHTVALUE0\":\"   0.00000\",\"L_ITEMHEIGHTVALUE1\":\"   0.00000\",\"L_ITEMHEIGHTVALUE2\":\"   0.00000\",\"L_ITEMHEIGHTVALUE3\":\"   0.00000\",\"PAYMENTREQUEST_0_SHIPPINGAMT\":\"0.00\",\"PAYMENTREQUEST_0_HANDLINGAMT\":\"0.00\",\"PAYMENTREQUEST_0_TAXAMT\":\"0.00\",\"PAYMENTREQUEST_0_INSURANCEAMT\":\"0.00\",\"PAYMENTREQUEST_0_SHIPDISCAMT\":\"0.00\",\"PAYMENTREQUEST_0_INSURANCEOPTIONOFFERED\":\"false\",\"L_PAYMENTREQUEST_0_TAXAMT0\":\"0.00\",\"L_PAYMENTREQUEST_0_TAXAMT1\":\"0.00\",\"L_PAYMENTREQUEST_0_TAXAMT2\":\"0.00\",\"L_PAYMENTREQUEST_0_TAXAMT3\":\"0.00\",\"L_PAYMENTREQUEST_0_ITEMWEIGHTVALUE0\":\"   0.00000\",\"L_PAYMENTREQUEST_0_ITEMWEIGHTVALUE1\":\"   0.00000\",\"L_PAYMENTREQUEST_0_ITEMWEIGHTVALUE2\":\"   0.00000\",\"L_PAYMENTREQUEST_0_ITEMWEIGHTVALUE3\":\"   0.00000\",\"L_PAYMENTREQUEST_0_ITEMLENGTHVALUE0\":\"   0.00000\",\"L_PAYMENTREQUEST_0_ITEMLENGTHVALUE1\":\"   0.00000\",\"L_PAYMENTREQUEST_0_ITEMLENGTHVALUE2\":\"   0.00000\",\"L_PAYMENTREQUEST_0_ITEMLENGTHVALUE3\":\"   0.00000\",\"L_PAYMENTREQUEST_0_ITEMWIDTHVALUE0\":\"   0.00000\",\"L_PAYMENTREQUEST_0_ITEMWIDTHVALUE1\":\"   0.00000\",\"L_PAYMENTREQUEST_0_ITEMWIDTHVALUE2\":\"   0.00000\",\"L_PAYMENTREQUEST_0_ITEMWIDTHVALUE3\":\"   0.00000\",\"L_PAYMENTREQUEST_0_ITEMHEIGHTVALUE0\":\"   0.00000\",\"L_PAYMENTREQUEST_0_ITEMHEIGHTVALUE1\":\"   0.00000\",\"L_PAYMENTREQUEST_0_ITEMHEIGHTVALUE2\":\"   0.00000\",\"L_PAYMENTREQUEST_0_ITEMHEIGHTVALUE3\":\"   0.00000\",\"PAYMENTREQUESTINFO_0_ERRORCODE\":\"0\",\"EMAIL\":\"taras.terletskij@bimmer-tech.net\",\"PAYERID\":\"8UPWNP6FPCTCJ\",\"PAYERSTATUS\":\"verified\",\"FIRSTNAME\":\"Taras\",\"LASTNAME\":\"Terletskij\",\"COUNTRYCODE\":\"US\",\"SHIPTONAME\":\"Taras Terletskij\",\"SHIPTOSTREET\":\"1 Main St\",\"SHIPTOCITY\":\"San Jose\",\"SHIPTOSTATE\":\"CA\",\"SHIPTOZIP\":\"95131\",\"SHIPTOCOUNTRYCODE\":\"US\",\"SHIPTOCOUNTRYNAME\":\"United States\",\"ADDRESSSTATUS\":\"Confirmed\",\"INSURANCEOPTIONOFFERED\":\"false\",\"PAYMENTREQUEST_0_SELLERPAYPALACCOUNTID\":\"paypal.bimmertech-facilitator@gmail.com\",\"PAYMENTREQUEST_0_SHIPTONAME\":\"Taras Terletskij\",\"PAYMENTREQUEST_0_SHIPTOSTREET\":\"1 Main St\",\"PAYMENTREQUEST_0_SHIPTOCITY\":\"San Jose\",\"PAYMENTREQUEST_0_SHIPTOSTATE\":\"CA\",\"PAYMENTREQUEST_0_SHIPTOZIP\":\"95131\",\"PAYMENTREQUEST_0_SHIPTOCOUNTRYCODE\":\"US\",\"PAYMENTREQUEST_0_SHIPTOCOUNTRYNAME\":\"United States\",\"PAYMENTREQUEST_0_ADDRESSSTATUS\":\"Confirmed\",\"SUCCESSPAGEREDIRECTREQUESTED\":\"false\",\"INSURANCEOPTIONSELECTED\":\"false\",\"SHIPPINGOPTIONISDEFAULT\":\"false\",\"PAYMENTINFO_0_TRANSACTIONID\":\"9E7414453R847143H\",\"PAYMENTINFO_0_TRANSACTIONTYPE\":\"cart\",\"PAYMENTINFO_0_PAYMENTTYPE\":\"instant\",\"PAYMENTINFO_0_ORDERTIME\":\"2019-05-16T09:45:48Z\",\"PAYMENTINFO_0_AMT\":\"1912.99\",\"PAYMENTINFO_0_FEEAMT\":\"55.78\",\"PAYMENTINFO_0_TAXAMT\":\"0.00\",\"PAYMENTINFO_0_CURRENCYCODE\":\"USD\",\"PAYMENTINFO_0_PAYMENTSTATUS\":\"Completed\",\"PAYMENTINFO_0_PENDINGREASON\":\"None\",\"PAYMENTINFO_0_REASONCODE\":\"None\",\"PAYMENTINFO_0_PROTECTIONELIGIBILITY\":\"Eligible\",\"PAYMENTINFO_0_PROTECTIONELIGIBILITYTYPE\":\"ItemNotReceivedEligible,UnauthorizedPaymentEligible\",\"PAYMENTINFO_0_SELLERPAYPALACCOUNTID\":\"paypal.bimmertech-facilitator@gmail.com\",\"PAYMENTINFO_0_ERRORCODE\":\"0\",\"PAYMENTINFO_0_ACK\":\"Success\",\"TRANSACTIONID\":\"9E7414453R847143H\",\"PAYMENTREQUEST_0_TRANSACTIONID\":\"9E7414453R847143H\",\"PAYMENTREQUESTINFO_0_TRANSACTIONID\":\"9E7414453R847143H\",\"PAYMENTREQUEST_0_TRANSACTIONTYPE\":\"cart\",\"PAYMENTREQUEST_0_PAYMENTTYPE\":\"instant\",\"PAYMENTREQUEST_0_ORDERTIME\":\"2019-05-16T09:45:48Z\",\"PAYMENTREQUEST_0_FEEAMT\":\"55.78\",\"PAYMENTREQUEST_0_PAYMENTSTATUS\":\"Completed\",\"PAYMENTREQUEST_0_PENDINGREASON\":\"None\",\"PAYMENTREQUEST_0_REASONCODE\":\"None\"}', '2019-05-16 09:45:05', '2019-05-16 09:45:56'),
(79, 20, 727, 'USD', 234800, 'completed', '{\"PAYMENTREQUEST_0_INVNUM\":\"727-79\",\"PAYMENTREQUEST_0_CURRENCYCODE\":\"USD\",\"PAYMENTREQUEST_0_AMT\":\"2348.00\",\"PAYMENTREQUEST_0_ITEMAMT\":\"2348.00\",\"L_PAYMENTREQUEST_0_NAME0\":\"NBT EVO ID4 Navigation System Retrofit\",\"L_PAYMENTREQUEST_0_AMT0\":\"1799.00\",\"L_PAYMENTREQUEST_0_QTY0\":\"1\",\"L_PAYMENTREQUEST_0_NAME1\":\"1 Year Standard Warranty\",\"L_PAYMENTREQUEST_0_AMT1\":\"0.00\",\"L_PAYMENTREQUEST_0_QTY1\":\"1\",\"L_PAYMENTREQUEST_0_NAME2\":\"Front View Camera Retrofit\",\"L_PAYMENTREQUEST_0_AMT2\":\"549.00\",\"L_PAYMENTREQUEST_0_QTY2\":\"1\",\"L_PAYMENTREQUEST_0_NAME3\":\"1 Year Standard Warranty\",\"L_PAYMENTREQUEST_0_AMT3\":\"0.00\",\"L_PAYMENTREQUEST_0_QTY3\":\"1\",\"PAYMENTREQUEST_0_PAYMENTACTION\":\"Sale\",\"AUTHORIZE_TOKEN_USERACTION\":\"commit\",\"RETURNURL\":\"http:\\/\\/testshop.bimmer-tech.net\\/payment\\/capture\\/JwDueoHi2qQxs2L53CzphOs29ELgOvZ5tWOLjZ8EN5Y\",\"CANCELURL\":\"http:\\/\\/testshop.bimmer-tech.net\\/payment\\/capture\\/JwDueoHi2qQxs2L53CzphOs29ELgOvZ5tWOLjZ8EN5Y?cancelled=1\",\"PAYMENTREQUEST_0_NOTIFYURL\":\"http:\\/\\/testshop.bimmer-tech.net\\/payment\\/notify\\/8i77MaWUeQHlkmxQZvOhDnUguVorRfkiimaIdlB2C1k\",\"TOKEN\":\"EC-4K8648806W688673U\",\"TIMESTAMP\":\"2019-05-16T09:47:28Z\",\"CORRELATIONID\":\"8f579534eea77\",\"ACK\":\"Success\",\"VERSION\":\"65.1\",\"BUILD\":\"52747458\",\"BILLINGAGREEMENTACCEPTEDSTATUS\":\"0\",\"CHECKOUTSTATUS\":\"PaymentActionCompleted\",\"CURRENCYCODE\":\"USD\",\"AMT\":\"2348.00\",\"ITEMAMT\":\"2348.00\",\"SHIPPINGAMT\":\"0.00\",\"HANDLINGAMT\":\"0.00\",\"TAXAMT\":\"0.00\",\"INVNUM\":\"727-79\",\"NOTIFYURL\":\"http:\\/\\/testshop.bimmer-tech.net\\/payment\\/notify\\/8i77MaWUeQHlkmxQZvOhDnUguVorRfkiimaIdlB2C1k\",\"INSURANCEAMT\":\"0.00\",\"SHIPDISCAMT\":\"0.00\",\"L_NAME0\":\"NBT EVO ID4 Navigation System Retrofit\",\"L_NAME1\":\"1 Year Standard Warranty\",\"L_NAME2\":\"Front View Camera Retrofit\",\"L_NAME3\":\"1 Year Standard Warranty\",\"L_QTY0\":\"1\",\"L_QTY1\":\"1\",\"L_QTY2\":\"1\",\"L_QTY3\":\"1\",\"L_TAXAMT0\":\"0.00\",\"L_TAXAMT1\":\"0.00\",\"L_TAXAMT2\":\"0.00\",\"L_TAXAMT3\":\"0.00\",\"L_AMT0\":\"1799.00\",\"L_AMT1\":\"0.00\",\"L_AMT2\":\"549.00\",\"L_AMT3\":\"0.00\",\"L_ITEMWEIGHTVALUE0\":\"   0.00000\",\"L_ITEMWEIGHTVALUE1\":\"   0.00000\",\"L_ITEMWEIGHTVALUE2\":\"   0.00000\",\"L_ITEMWEIGHTVALUE3\":\"   0.00000\",\"L_ITEMLENGTHVALUE0\":\"   0.00000\",\"L_ITEMLENGTHVALUE1\":\"   0.00000\",\"L_ITEMLENGTHVALUE2\":\"   0.00000\",\"L_ITEMLENGTHVALUE3\":\"   0.00000\",\"L_ITEMWIDTHVALUE0\":\"   0.00000\",\"L_ITEMWIDTHVALUE1\":\"   0.00000\",\"L_ITEMWIDTHVALUE2\":\"   0.00000\",\"L_ITEMWIDTHVALUE3\":\"   0.00000\",\"L_ITEMHEIGHTVALUE0\":\"   0.00000\",\"L_ITEMHEIGHTVALUE1\":\"   0.00000\",\"L_ITEMHEIGHTVALUE2\":\"   0.00000\",\"L_ITEMHEIGHTVALUE3\":\"   0.00000\",\"PAYMENTREQUEST_0_SHIPPINGAMT\":\"0.00\",\"PAYMENTREQUEST_0_HANDLINGAMT\":\"0.00\",\"PAYMENTREQUEST_0_TAXAMT\":\"0.00\",\"PAYMENTREQUEST_0_INSURANCEAMT\":\"0.00\",\"PAYMENTREQUEST_0_SHIPDISCAMT\":\"0.00\",\"PAYMENTREQUEST_0_INSURANCEOPTIONOFFERED\":\"false\",\"L_PAYMENTREQUEST_0_TAXAMT0\":\"0.00\",\"L_PAYMENTREQUEST_0_TAXAMT1\":\"0.00\",\"L_PAYMENTREQUEST_0_TAXAMT2\":\"0.00\",\"L_PAYMENTREQUEST_0_TAXAMT3\":\"0.00\",\"L_PAYMENTREQUEST_0_ITEMWEIGHTVALUE0\":\"   0.00000\",\"L_PAYMENTREQUEST_0_ITEMWEIGHTVALUE1\":\"   0.00000\",\"L_PAYMENTREQUEST_0_ITEMWEIGHTVALUE2\":\"   0.00000\",\"L_PAYMENTREQUEST_0_ITEMWEIGHTVALUE3\":\"   0.00000\",\"L_PAYMENTREQUEST_0_ITEMLENGTHVALUE0\":\"   0.00000\",\"L_PAYMENTREQUEST_0_ITEMLENGTHVALUE1\":\"   0.00000\",\"L_PAYMENTREQUEST_0_ITEMLENGTHVALUE2\":\"   0.00000\",\"L_PAYMENTREQUEST_0_ITEMLENGTHVALUE3\":\"   0.00000\",\"L_PAYMENTREQUEST_0_ITEMWIDTHVALUE0\":\"   0.00000\",\"L_PAYMENTREQUEST_0_ITEMWIDTHVALUE1\":\"   0.00000\",\"L_PAYMENTREQUEST_0_ITEMWIDTHVALUE2\":\"   0.00000\",\"L_PAYMENTREQUEST_0_ITEMWIDTHVALUE3\":\"   0.00000\",\"L_PAYMENTREQUEST_0_ITEMHEIGHTVALUE0\":\"   0.00000\",\"L_PAYMENTREQUEST_0_ITEMHEIGHTVALUE1\":\"   0.00000\",\"L_PAYMENTREQUEST_0_ITEMHEIGHTVALUE2\":\"   0.00000\",\"L_PAYMENTREQUEST_0_ITEMHEIGHTVALUE3\":\"   0.00000\",\"PAYMENTREQUESTINFO_0_ERRORCODE\":\"0\",\"EMAIL\":\"taras.terletskij@bimmer-tech.net\",\"PAYERID\":\"8UPWNP6FPCTCJ\",\"PAYERSTATUS\":\"verified\",\"FIRSTNAME\":\"Taras\",\"LASTNAME\":\"Terletskij\",\"COUNTRYCODE\":\"US\",\"SHIPTONAME\":\"Taras Terletskij\",\"SHIPTOSTREET\":\"1 Main St\",\"SHIPTOCITY\":\"San Jose\",\"SHIPTOSTATE\":\"CA\",\"SHIPTOZIP\":\"95131\",\"SHIPTOCOUNTRYCODE\":\"US\",\"SHIPTOCOUNTRYNAME\":\"United States\",\"ADDRESSSTATUS\":\"Confirmed\",\"INSURANCEOPTIONOFFERED\":\"false\",\"PAYMENTREQUEST_0_SELLERPAYPALACCOUNTID\":\"paypal.bimmertech-facilitator@gmail.com\",\"PAYMENTREQUEST_0_SHIPTONAME\":\"Taras Terletskij\",\"PAYMENTREQUEST_0_SHIPTOSTREET\":\"1 Main St\",\"PAYMENTREQUEST_0_SHIPTOCITY\":\"San Jose\",\"PAYMENTREQUEST_0_SHIPTOSTATE\":\"CA\",\"PAYMENTREQUEST_0_SHIPTOZIP\":\"95131\",\"PAYMENTREQUEST_0_SHIPTOCOUNTRYCODE\":\"US\",\"PAYMENTREQUEST_0_SHIPTOCOUNTRYNAME\":\"United States\",\"PAYMENTREQUEST_0_ADDRESSSTATUS\":\"Confirmed\",\"SUCCESSPAGEREDIRECTREQUESTED\":\"false\",\"INSURANCEOPTIONSELECTED\":\"false\",\"SHIPPINGOPTIONISDEFAULT\":\"false\",\"PAYMENTINFO_0_TRANSACTIONID\":\"5FE6136339652454X\",\"PAYMENTINFO_0_TRANSACTIONTYPE\":\"cart\",\"PAYMENTINFO_0_PAYMENTTYPE\":\"instant\",\"PAYMENTINFO_0_ORDERTIME\":\"2019-05-16T09:47:20Z\",\"PAYMENTINFO_0_AMT\":\"2348.00\",\"PAYMENTINFO_0_FEEAMT\":\"68.39\",\"PAYMENTINFO_0_TAXAMT\":\"0.00\",\"PAYMENTINFO_0_CURRENCYCODE\":\"USD\",\"PAYMENTINFO_0_PAYMENTSTATUS\":\"Completed\",\"PAYMENTINFO_0_PENDINGREASON\":\"None\",\"PAYMENTINFO_0_REASONCODE\":\"None\",\"PAYMENTINFO_0_PROTECTIONELIGIBILITY\":\"Eligible\",\"PAYMENTINFO_0_PROTECTIONELIGIBILITYTYPE\":\"ItemNotReceivedEligible,UnauthorizedPaymentEligible\",\"PAYMENTINFO_0_SELLERPAYPALACCOUNTID\":\"paypal.bimmertech-facilitator@gmail.com\",\"PAYMENTINFO_0_ERRORCODE\":\"0\",\"PAYMENTINFO_0_ACK\":\"Success\",\"TRANSACTIONID\":\"5FE6136339652454X\",\"PAYMENTREQUEST_0_TRANSACTIONID\":\"5FE6136339652454X\",\"PAYMENTREQUESTINFO_0_TRANSACTIONID\":\"5FE6136339652454X\",\"PAYMENTREQUEST_0_TRANSACTIONTYPE\":\"cart\",\"PAYMENTREQUEST_0_PAYMENTTYPE\":\"instant\",\"PAYMENTREQUEST_0_ORDERTIME\":\"2019-05-16T09:47:20Z\",\"PAYMENTREQUEST_0_FEEAMT\":\"68.39\",\"PAYMENTREQUEST_0_PAYMENTSTATUS\":\"Completed\",\"PAYMENTREQUEST_0_PENDINGREASON\":\"None\",\"PAYMENTREQUEST_0_REASONCODE\":\"None\"}', '2019-05-16 09:46:45', '2019-05-16 09:47:30'),
(80, 20, 729, 'USD', 56499, 'cart', '[]', '2019-05-16 09:48:33', '2019-05-16 09:48:33'),
(81, 20, 729, 'USD', 56499, 'completed', '{\"PAYMENTREQUEST_0_INVNUM\":\"729-81\",\"PAYMENTREQUEST_0_CURRENCYCODE\":\"USD\",\"PAYMENTREQUEST_0_AMT\":\"564.99\",\"PAYMENTREQUEST_0_ITEMAMT\":\"564.99\",\"L_PAYMENTREQUEST_0_NAME0\":\"SmartView HD Apple TV4\",\"L_PAYMENTREQUEST_0_AMT0\":\"350.00\",\"L_PAYMENTREQUEST_0_QTY0\":\"1\",\"L_PAYMENTREQUEST_0_NAME1\":\"3 Year Extended Warranty\",\"L_PAYMENTREQUEST_0_AMT1\":\"200.00\",\"L_PAYMENTREQUEST_0_QTY1\":\"1\",\"L_PAYMENTREQUEST_0_NAME2\":\"Trim Tool Kit\",\"L_PAYMENTREQUEST_0_AMT2\":\"14.99\",\"L_PAYMENTREQUEST_0_QTY2\":\"1\",\"PAYMENTREQUEST_0_PAYMENTACTION\":\"Sale\",\"AUTHORIZE_TOKEN_USERACTION\":\"commit\",\"RETURNURL\":\"http:\\/\\/testshop.bimmer-tech.net\\/payment\\/capture\\/CHzi561W0W4HRz6OoM0hPvQ7GzbSuHZAtkrOAEy1tKQ\",\"CANCELURL\":\"http:\\/\\/testshop.bimmer-tech.net\\/payment\\/capture\\/CHzi561W0W4HRz6OoM0hPvQ7GzbSuHZAtkrOAEy1tKQ?cancelled=1\",\"PAYMENTREQUEST_0_NOTIFYURL\":\"http:\\/\\/testshop.bimmer-tech.net\\/payment\\/notify\\/6FcyCoDaEnl2adx6n09TBVHcUKH7vN9vKpsx9Pj0YrI\",\"TOKEN\":\"EC-6GF159943S2598713\",\"TIMESTAMP\":\"2019-05-16T09:53:30Z\",\"CORRELATIONID\":\"fc88a592c3fd5\",\"ACK\":\"Success\",\"VERSION\":\"65.1\",\"BUILD\":\"52747458\",\"BILLINGAGREEMENTACCEPTEDSTATUS\":\"0\",\"CHECKOUTSTATUS\":\"PaymentActionCompleted\",\"CURRENCYCODE\":\"USD\",\"AMT\":\"564.99\",\"ITEMAMT\":\"564.99\",\"SHIPPINGAMT\":\"0.00\",\"HANDLINGAMT\":\"0.00\",\"TAXAMT\":\"0.00\",\"INVNUM\":\"729-81\",\"NOTIFYURL\":\"http:\\/\\/testshop.bimmer-tech.net\\/payment\\/notify\\/6FcyCoDaEnl2adx6n09TBVHcUKH7vN9vKpsx9Pj0YrI\",\"INSURANCEAMT\":\"0.00\",\"SHIPDISCAMT\":\"0.00\",\"L_NAME0\":\"SmartView HD Apple TV4\",\"L_NAME1\":\"3 Year Extended Warranty\",\"L_NAME2\":\"Trim Tool Kit\",\"L_QTY0\":\"1\",\"L_QTY1\":\"1\",\"L_QTY2\":\"1\",\"L_TAXAMT0\":\"0.00\",\"L_TAXAMT1\":\"0.00\",\"L_TAXAMT2\":\"0.00\",\"L_AMT0\":\"350.00\",\"L_AMT1\":\"200.00\",\"L_AMT2\":\"14.99\",\"L_ITEMWEIGHTVALUE0\":\"   0.00000\",\"L_ITEMWEIGHTVALUE1\":\"   0.00000\",\"L_ITEMWEIGHTVALUE2\":\"   0.00000\",\"L_ITEMLENGTHVALUE0\":\"   0.00000\",\"L_ITEMLENGTHVALUE1\":\"   0.00000\",\"L_ITEMLENGTHVALUE2\":\"   0.00000\",\"L_ITEMWIDTHVALUE0\":\"   0.00000\",\"L_ITEMWIDTHVALUE1\":\"   0.00000\",\"L_ITEMWIDTHVALUE2\":\"   0.00000\",\"L_ITEMHEIGHTVALUE0\":\"   0.00000\",\"L_ITEMHEIGHTVALUE1\":\"   0.00000\",\"L_ITEMHEIGHTVALUE2\":\"   0.00000\",\"PAYMENTREQUEST_0_SHIPPINGAMT\":\"0.00\",\"PAYMENTREQUEST_0_HANDLINGAMT\":\"0.00\",\"PAYMENTREQUEST_0_TAXAMT\":\"0.00\",\"PAYMENTREQUEST_0_INSURANCEAMT\":\"0.00\",\"PAYMENTREQUEST_0_SHIPDISCAMT\":\"0.00\",\"PAYMENTREQUEST_0_INSURANCEOPTIONOFFERED\":\"false\",\"L_PAYMENTREQUEST_0_TAXAMT0\":\"0.00\",\"L_PAYMENTREQUEST_0_TAXAMT1\":\"0.00\",\"L_PAYMENTREQUEST_0_TAXAMT2\":\"0.00\",\"L_PAYMENTREQUEST_0_ITEMWEIGHTVALUE0\":\"   0.00000\",\"L_PAYMENTREQUEST_0_ITEMWEIGHTVALUE1\":\"   0.00000\",\"L_PAYMENTREQUEST_0_ITEMWEIGHTVALUE2\":\"   0.00000\",\"L_PAYMENTREQUEST_0_ITEMLENGTHVALUE0\":\"   0.00000\",\"L_PAYMENTREQUEST_0_ITEMLENGTHVALUE1\":\"   0.00000\",\"L_PAYMENTREQUEST_0_ITEMLENGTHVALUE2\":\"   0.00000\",\"L_PAYMENTREQUEST_0_ITEMWIDTHVALUE0\":\"   0.00000\",\"L_PAYMENTREQUEST_0_ITEMWIDTHVALUE1\":\"   0.00000\",\"L_PAYMENTREQUEST_0_ITEMWIDTHVALUE2\":\"   0.00000\",\"L_PAYMENTREQUEST_0_ITEMHEIGHTVALUE0\":\"   0.00000\",\"L_PAYMENTREQUEST_0_ITEMHEIGHTVALUE1\":\"   0.00000\",\"L_PAYMENTREQUEST_0_ITEMHEIGHTVALUE2\":\"   0.00000\",\"PAYMENTREQUESTINFO_0_ERRORCODE\":\"0\",\"EMAIL\":\"taras.terletskij@bimmer-tech.net\",\"PAYERID\":\"8UPWNP6FPCTCJ\",\"PAYERSTATUS\":\"verified\",\"FIRSTNAME\":\"Taras\",\"LASTNAME\":\"Terletskij\",\"COUNTRYCODE\":\"US\",\"SHIPTONAME\":\"Taras Terletskij\",\"SHIPTOSTREET\":\"1 Main St\",\"SHIPTOCITY\":\"San Jose\",\"SHIPTOSTATE\":\"CA\",\"SHIPTOZIP\":\"95131\",\"SHIPTOCOUNTRYCODE\":\"US\",\"SHIPTOCOUNTRYNAME\":\"United States\",\"ADDRESSSTATUS\":\"Confirmed\",\"INSURANCEOPTIONOFFERED\":\"false\",\"PAYMENTREQUEST_0_SELLERPAYPALACCOUNTID\":\"paypal.bimmertech-facilitator@gmail.com\",\"PAYMENTREQUEST_0_SHIPTONAME\":\"Taras Terletskij\",\"PAYMENTREQUEST_0_SHIPTOSTREET\":\"1 Main St\",\"PAYMENTREQUEST_0_SHIPTOCITY\":\"San Jose\",\"PAYMENTREQUEST_0_SHIPTOSTATE\":\"CA\",\"PAYMENTREQUEST_0_SHIPTOZIP\":\"95131\",\"PAYMENTREQUEST_0_SHIPTOCOUNTRYCODE\":\"US\",\"PAYMENTREQUEST_0_SHIPTOCOUNTRYNAME\":\"United States\",\"PAYMENTREQUEST_0_ADDRESSSTATUS\":\"Confirmed\",\"SUCCESSPAGEREDIRECTREQUESTED\":\"false\",\"INSURANCEOPTIONSELECTED\":\"false\",\"SHIPPINGOPTIONISDEFAULT\":\"false\",\"PAYMENTINFO_0_TRANSACTIONID\":\"0VB80252BP251784D\",\"PAYMENTINFO_0_TRANSACTIONTYPE\":\"cart\",\"PAYMENTINFO_0_PAYMENTTYPE\":\"instant\",\"PAYMENTINFO_0_ORDERTIME\":\"2019-05-16T09:53:23Z\",\"PAYMENTINFO_0_AMT\":\"564.99\",\"PAYMENTINFO_0_FEEAMT\":\"16.68\",\"PAYMENTINFO_0_TAXAMT\":\"0.00\",\"PAYMENTINFO_0_CURRENCYCODE\":\"USD\",\"PAYMENTINFO_0_PAYMENTSTATUS\":\"Completed\",\"PAYMENTINFO_0_PENDINGREASON\":\"None\",\"PAYMENTINFO_0_REASONCODE\":\"None\",\"PAYMENTINFO_0_PROTECTIONELIGIBILITY\":\"Eligible\",\"PAYMENTINFO_0_PROTECTIONELIGIBILITYTYPE\":\"ItemNotReceivedEligible,UnauthorizedPaymentEligible\",\"PAYMENTINFO_0_SELLERPAYPALACCOUNTID\":\"paypal.bimmertech-facilitator@gmail.com\",\"PAYMENTINFO_0_ERRORCODE\":\"0\",\"PAYMENTINFO_0_ACK\":\"Success\",\"TRANSACTIONID\":\"0VB80252BP251784D\",\"PAYMENTREQUEST_0_TRANSACTIONID\":\"0VB80252BP251784D\",\"PAYMENTREQUESTINFO_0_TRANSACTIONID\":\"0VB80252BP251784D\",\"PAYMENTREQUEST_0_TRANSACTIONTYPE\":\"cart\",\"PAYMENTREQUEST_0_PAYMENTTYPE\":\"instant\",\"PAYMENTREQUEST_0_ORDERTIME\":\"2019-05-16T09:53:23Z\",\"PAYMENTREQUEST_0_FEEAMT\":\"16.68\",\"PAYMENTREQUEST_0_PAYMENTSTATUS\":\"Completed\",\"PAYMENTREQUEST_0_PENDINGREASON\":\"None\",\"PAYMENTREQUEST_0_REASONCODE\":\"None\"}', '2019-05-16 09:53:00', '2019-05-16 09:53:31');
INSERT INTO `sylius_payment` (`id`, `method_id`, `order_id`, `currency_code`, `amount`, `state`, `details`, `created_at`, `updated_at`) VALUES
(82, 20, 731, 'USD', 92300, 'completed', '{\"PAYMENTREQUEST_0_INVNUM\":\"731-82\",\"PAYMENTREQUEST_0_CURRENCYCODE\":\"USD\",\"PAYMENTREQUEST_0_AMT\":\"923.00\",\"PAYMENTREQUEST_0_ITEMAMT\":\"923.00\",\"L_PAYMENTREQUEST_0_NAME0\":\"BMW Comfort Access Kit\",\"L_PAYMENTREQUEST_0_AMT0\":\"725.00\",\"L_PAYMENTREQUEST_0_QTY0\":\"1\",\"L_PAYMENTREQUEST_0_NAME1\":\"1 Year Standard Warranty\",\"L_PAYMENTREQUEST_0_AMT1\":\"0.00\",\"L_PAYMENTREQUEST_0_QTY1\":\"1\",\"L_PAYMENTREQUEST_0_NAME2\":\"2 Rear Door Handles\",\"L_PAYMENTREQUEST_0_AMT2\":\"198.00\",\"L_PAYMENTREQUEST_0_QTY2\":\"1\",\"PAYMENTREQUEST_0_PAYMENTACTION\":\"Sale\",\"AUTHORIZE_TOKEN_USERACTION\":\"commit\",\"RETURNURL\":\"http:\\/\\/testshop.bimmer-tech.net\\/payment\\/capture\\/xSbYovbtt1o9_5AMfDlO_LsLeu3_D6BIRAPudZoOXJo\",\"CANCELURL\":\"http:\\/\\/testshop.bimmer-tech.net\\/payment\\/capture\\/xSbYovbtt1o9_5AMfDlO_LsLeu3_D6BIRAPudZoOXJo?cancelled=1\",\"PAYMENTREQUEST_0_NOTIFYURL\":\"http:\\/\\/testshop.bimmer-tech.net\\/payment\\/notify\\/PaUwm1HTROdpTs9W2yQX6hnVA0piTeH_pH2BK5gtnis\",\"TOKEN\":\"EC-3MS95708793477122\",\"TIMESTAMP\":\"2019-05-16T09:54:20Z\",\"CORRELATIONID\":\"a32f8342d01d\",\"ACK\":\"Success\",\"VERSION\":\"65.1\",\"BUILD\":\"52747458\",\"BILLINGAGREEMENTACCEPTEDSTATUS\":\"0\",\"CHECKOUTSTATUS\":\"PaymentActionCompleted\",\"CURRENCYCODE\":\"USD\",\"AMT\":\"923.00\",\"ITEMAMT\":\"923.00\",\"SHIPPINGAMT\":\"0.00\",\"HANDLINGAMT\":\"0.00\",\"TAXAMT\":\"0.00\",\"INVNUM\":\"731-82\",\"NOTIFYURL\":\"http:\\/\\/testshop.bimmer-tech.net\\/payment\\/notify\\/PaUwm1HTROdpTs9W2yQX6hnVA0piTeH_pH2BK5gtnis\",\"INSURANCEAMT\":\"0.00\",\"SHIPDISCAMT\":\"0.00\",\"L_NAME0\":\"BMW Comfort Access Kit\",\"L_NAME1\":\"1 Year Standard Warranty\",\"L_NAME2\":\"2 Rear Door Handles\",\"L_QTY0\":\"1\",\"L_QTY1\":\"1\",\"L_QTY2\":\"1\",\"L_TAXAMT0\":\"0.00\",\"L_TAXAMT1\":\"0.00\",\"L_TAXAMT2\":\"0.00\",\"L_AMT0\":\"725.00\",\"L_AMT1\":\"0.00\",\"L_AMT2\":\"198.00\",\"L_ITEMWEIGHTVALUE0\":\"   0.00000\",\"L_ITEMWEIGHTVALUE1\":\"   0.00000\",\"L_ITEMWEIGHTVALUE2\":\"   0.00000\",\"L_ITEMLENGTHVALUE0\":\"   0.00000\",\"L_ITEMLENGTHVALUE1\":\"   0.00000\",\"L_ITEMLENGTHVALUE2\":\"   0.00000\",\"L_ITEMWIDTHVALUE0\":\"   0.00000\",\"L_ITEMWIDTHVALUE1\":\"   0.00000\",\"L_ITEMWIDTHVALUE2\":\"   0.00000\",\"L_ITEMHEIGHTVALUE0\":\"   0.00000\",\"L_ITEMHEIGHTVALUE1\":\"   0.00000\",\"L_ITEMHEIGHTVALUE2\":\"   0.00000\",\"PAYMENTREQUEST_0_SHIPPINGAMT\":\"0.00\",\"PAYMENTREQUEST_0_HANDLINGAMT\":\"0.00\",\"PAYMENTREQUEST_0_TAXAMT\":\"0.00\",\"PAYMENTREQUEST_0_INSURANCEAMT\":\"0.00\",\"PAYMENTREQUEST_0_SHIPDISCAMT\":\"0.00\",\"PAYMENTREQUEST_0_INSURANCEOPTIONOFFERED\":\"false\",\"L_PAYMENTREQUEST_0_TAXAMT0\":\"0.00\",\"L_PAYMENTREQUEST_0_TAXAMT1\":\"0.00\",\"L_PAYMENTREQUEST_0_TAXAMT2\":\"0.00\",\"L_PAYMENTREQUEST_0_ITEMWEIGHTVALUE0\":\"   0.00000\",\"L_PAYMENTREQUEST_0_ITEMWEIGHTVALUE1\":\"   0.00000\",\"L_PAYMENTREQUEST_0_ITEMWEIGHTVALUE2\":\"   0.00000\",\"L_PAYMENTREQUEST_0_ITEMLENGTHVALUE0\":\"   0.00000\",\"L_PAYMENTREQUEST_0_ITEMLENGTHVALUE1\":\"   0.00000\",\"L_PAYMENTREQUEST_0_ITEMLENGTHVALUE2\":\"   0.00000\",\"L_PAYMENTREQUEST_0_ITEMWIDTHVALUE0\":\"   0.00000\",\"L_PAYMENTREQUEST_0_ITEMWIDTHVALUE1\":\"   0.00000\",\"L_PAYMENTREQUEST_0_ITEMWIDTHVALUE2\":\"   0.00000\",\"L_PAYMENTREQUEST_0_ITEMHEIGHTVALUE0\":\"   0.00000\",\"L_PAYMENTREQUEST_0_ITEMHEIGHTVALUE1\":\"   0.00000\",\"L_PAYMENTREQUEST_0_ITEMHEIGHTVALUE2\":\"   0.00000\",\"PAYMENTREQUESTINFO_0_ERRORCODE\":\"0\",\"EMAIL\":\"taras.terletskij@bimmer-tech.net\",\"PAYERID\":\"8UPWNP6FPCTCJ\",\"PAYERSTATUS\":\"verified\",\"FIRSTNAME\":\"Taras\",\"LASTNAME\":\"Terletskij\",\"COUNTRYCODE\":\"US\",\"SHIPTONAME\":\"Taras Terletskij\",\"SHIPTOSTREET\":\"1 Main St\",\"SHIPTOCITY\":\"San Jose\",\"SHIPTOSTATE\":\"CA\",\"SHIPTOZIP\":\"95131\",\"SHIPTOCOUNTRYCODE\":\"US\",\"SHIPTOCOUNTRYNAME\":\"United States\",\"ADDRESSSTATUS\":\"Confirmed\",\"INSURANCEOPTIONOFFERED\":\"false\",\"PAYMENTREQUEST_0_SELLERPAYPALACCOUNTID\":\"paypal.bimmertech-facilitator@gmail.com\",\"PAYMENTREQUEST_0_SHIPTONAME\":\"Taras Terletskij\",\"PAYMENTREQUEST_0_SHIPTOSTREET\":\"1 Main St\",\"PAYMENTREQUEST_0_SHIPTOCITY\":\"San Jose\",\"PAYMENTREQUEST_0_SHIPTOSTATE\":\"CA\",\"PAYMENTREQUEST_0_SHIPTOZIP\":\"95131\",\"PAYMENTREQUEST_0_SHIPTOCOUNTRYCODE\":\"US\",\"PAYMENTREQUEST_0_SHIPTOCOUNTRYNAME\":\"United States\",\"PAYMENTREQUEST_0_ADDRESSSTATUS\":\"Confirmed\",\"SUCCESSPAGEREDIRECTREQUESTED\":\"false\",\"INSURANCEOPTIONSELECTED\":\"false\",\"SHIPPINGOPTIONISDEFAULT\":\"false\",\"PAYMENTINFO_0_TRANSACTIONID\":\"5P15789179295612E\",\"PAYMENTINFO_0_TRANSACTIONTYPE\":\"cart\",\"PAYMENTINFO_0_PAYMENTTYPE\":\"instant\",\"PAYMENTINFO_0_ORDERTIME\":\"2019-05-16T09:54:14Z\",\"PAYMENTINFO_0_AMT\":\"923.00\",\"PAYMENTINFO_0_FEEAMT\":\"27.07\",\"PAYMENTINFO_0_TAXAMT\":\"0.00\",\"PAYMENTINFO_0_CURRENCYCODE\":\"USD\",\"PAYMENTINFO_0_PAYMENTSTATUS\":\"Completed\",\"PAYMENTINFO_0_PENDINGREASON\":\"None\",\"PAYMENTINFO_0_REASONCODE\":\"None\",\"PAYMENTINFO_0_PROTECTIONELIGIBILITY\":\"Eligible\",\"PAYMENTINFO_0_PROTECTIONELIGIBILITYTYPE\":\"ItemNotReceivedEligible,UnauthorizedPaymentEligible\",\"PAYMENTINFO_0_SELLERPAYPALACCOUNTID\":\"paypal.bimmertech-facilitator@gmail.com\",\"PAYMENTINFO_0_ERRORCODE\":\"0\",\"PAYMENTINFO_0_ACK\":\"Success\",\"TRANSACTIONID\":\"5P15789179295612E\",\"PAYMENTREQUEST_0_TRANSACTIONID\":\"5P15789179295612E\",\"PAYMENTREQUESTINFO_0_TRANSACTIONID\":\"5P15789179295612E\",\"PAYMENTREQUEST_0_TRANSACTIONTYPE\":\"cart\",\"PAYMENTREQUEST_0_PAYMENTTYPE\":\"instant\",\"PAYMENTREQUEST_0_ORDERTIME\":\"2019-05-16T09:54:14Z\",\"PAYMENTREQUEST_0_FEEAMT\":\"27.07\",\"PAYMENTREQUEST_0_PAYMENTSTATUS\":\"Completed\",\"PAYMENTREQUEST_0_PENDINGREASON\":\"None\",\"PAYMENTREQUEST_0_REASONCODE\":\"None\"}', '2019-05-16 09:53:03', '2019-05-16 09:54:22'),
(83, 20, 732, 'USD', 191299, 'completed', '{\"PAYMENTREQUEST_0_INVNUM\":\"732-83\",\"PAYMENTREQUEST_0_CURRENCYCODE\":\"USD\",\"PAYMENTREQUEST_0_AMT\":\"1912.99\",\"PAYMENTREQUEST_0_ITEMAMT\":\"1912.99\",\"L_PAYMENTREQUEST_0_NAME0\":\"Trim Tool Kit\",\"L_PAYMENTREQUEST_0_AMT0\":\"14.99\",\"L_PAYMENTREQUEST_0_QTY0\":\"1\",\"L_PAYMENTREQUEST_0_NAME1\":\"Remote Control Display Key Fob\",\"L_PAYMENTREQUEST_0_AMT1\":\"899.00\",\"L_PAYMENTREQUEST_0_QTY1\":\"1\",\"L_PAYMENTREQUEST_0_NAME2\":\"1 Year Standard Warranty\",\"L_PAYMENTREQUEST_0_AMT2\":\"0.00\",\"L_PAYMENTREQUEST_0_QTY2\":\"1\",\"L_PAYMENTREQUEST_0_NAME3\":\"BMW Soft Close Retrofit\",\"L_PAYMENTREQUEST_0_AMT3\":\"999.00\",\"L_PAYMENTREQUEST_0_QTY3\":\"1\",\"L_PAYMENTREQUEST_0_NAME4\":\"1 Year Standard Warranty\",\"L_PAYMENTREQUEST_0_AMT4\":\"0.00\",\"L_PAYMENTREQUEST_0_QTY4\":\"1\",\"PAYMENTREQUEST_0_PAYMENTACTION\":\"Sale\",\"AUTHORIZE_TOKEN_USERACTION\":\"commit\",\"RETURNURL\":\"http:\\/\\/testshop.bimmer-tech.net\\/payment\\/capture\\/ozd1PLeQ11HMh7UJ6Lov1Wm3PLxbOeWNtUvvrIDwsvc\",\"CANCELURL\":\"http:\\/\\/testshop.bimmer-tech.net\\/payment\\/capture\\/ozd1PLeQ11HMh7UJ6Lov1Wm3PLxbOeWNtUvvrIDwsvc?cancelled=1\",\"PAYMENTREQUEST_0_NOTIFYURL\":\"http:\\/\\/testshop.bimmer-tech.net\\/payment\\/notify\\/z5nbVetyQ_CPvNisqv3BPc5SI8M4wWRcsPqBd5LmXFQ\",\"TOKEN\":\"EC-8BS926953E606145E\",\"TIMESTAMP\":\"2019-05-16T09:55:58Z\",\"CORRELATIONID\":\"520ddf2fb9826\",\"ACK\":\"Success\",\"VERSION\":\"65.1\",\"BUILD\":\"52747458\",\"BILLINGAGREEMENTACCEPTEDSTATUS\":\"0\",\"CHECKOUTSTATUS\":\"PaymentActionCompleted\",\"CURRENCYCODE\":\"USD\",\"AMT\":\"1912.99\",\"ITEMAMT\":\"1912.99\",\"SHIPPINGAMT\":\"0.00\",\"HANDLINGAMT\":\"0.00\",\"TAXAMT\":\"0.00\",\"INVNUM\":\"732-83\",\"NOTIFYURL\":\"http:\\/\\/testshop.bimmer-tech.net\\/payment\\/notify\\/z5nbVetyQ_CPvNisqv3BPc5SI8M4wWRcsPqBd5LmXFQ\",\"INSURANCEAMT\":\"0.00\",\"SHIPDISCAMT\":\"0.00\",\"L_NAME0\":\"Trim Tool Kit\",\"L_NAME1\":\"Remote Control Display Key Fob\",\"L_NAME2\":\"1 Year Standard Warranty\",\"L_NAME3\":\"BMW Soft Close Retrofit\",\"L_NAME4\":\"1 Year Standard Warranty\",\"L_QTY0\":\"1\",\"L_QTY1\":\"1\",\"L_QTY2\":\"1\",\"L_QTY3\":\"1\",\"L_QTY4\":\"1\",\"L_TAXAMT0\":\"0.00\",\"L_TAXAMT1\":\"0.00\",\"L_TAXAMT2\":\"0.00\",\"L_TAXAMT3\":\"0.00\",\"L_TAXAMT4\":\"0.00\",\"L_AMT0\":\"14.99\",\"L_AMT1\":\"899.00\",\"L_AMT2\":\"0.00\",\"L_AMT3\":\"999.00\",\"L_AMT4\":\"0.00\",\"L_ITEMWEIGHTVALUE0\":\"   0.00000\",\"L_ITEMWEIGHTVALUE1\":\"   0.00000\",\"L_ITEMWEIGHTVALUE2\":\"   0.00000\",\"L_ITEMWEIGHTVALUE3\":\"   0.00000\",\"L_ITEMWEIGHTVALUE4\":\"   0.00000\",\"L_ITEMLENGTHVALUE0\":\"   0.00000\",\"L_ITEMLENGTHVALUE1\":\"   0.00000\",\"L_ITEMLENGTHVALUE2\":\"   0.00000\",\"L_ITEMLENGTHVALUE3\":\"   0.00000\",\"L_ITEMLENGTHVALUE4\":\"   0.00000\",\"L_ITEMWIDTHVALUE0\":\"   0.00000\",\"L_ITEMWIDTHVALUE1\":\"   0.00000\",\"L_ITEMWIDTHVALUE2\":\"   0.00000\",\"L_ITEMWIDTHVALUE3\":\"   0.00000\",\"L_ITEMWIDTHVALUE4\":\"   0.00000\",\"L_ITEMHEIGHTVALUE0\":\"   0.00000\",\"L_ITEMHEIGHTVALUE1\":\"   0.00000\",\"L_ITEMHEIGHTVALUE2\":\"   0.00000\",\"L_ITEMHEIGHTVALUE3\":\"   0.00000\",\"L_ITEMHEIGHTVALUE4\":\"   0.00000\",\"PAYMENTREQUEST_0_SHIPPINGAMT\":\"0.00\",\"PAYMENTREQUEST_0_HANDLINGAMT\":\"0.00\",\"PAYMENTREQUEST_0_TAXAMT\":\"0.00\",\"PAYMENTREQUEST_0_INSURANCEAMT\":\"0.00\",\"PAYMENTREQUEST_0_SHIPDISCAMT\":\"0.00\",\"PAYMENTREQUEST_0_INSURANCEOPTIONOFFERED\":\"false\",\"L_PAYMENTREQUEST_0_TAXAMT0\":\"0.00\",\"L_PAYMENTREQUEST_0_TAXAMT1\":\"0.00\",\"L_PAYMENTREQUEST_0_TAXAMT2\":\"0.00\",\"L_PAYMENTREQUEST_0_TAXAMT3\":\"0.00\",\"L_PAYMENTREQUEST_0_TAXAMT4\":\"0.00\",\"L_PAYMENTREQUEST_0_ITEMWEIGHTVALUE0\":\"   0.00000\",\"L_PAYMENTREQUEST_0_ITEMWEIGHTVALUE1\":\"   0.00000\",\"L_PAYMENTREQUEST_0_ITEMWEIGHTVALUE2\":\"   0.00000\",\"L_PAYMENTREQUEST_0_ITEMWEIGHTVALUE3\":\"   0.00000\",\"L_PAYMENTREQUEST_0_ITEMWEIGHTVALUE4\":\"   0.00000\",\"L_PAYMENTREQUEST_0_ITEMLENGTHVALUE0\":\"   0.00000\",\"L_PAYMENTREQUEST_0_ITEMLENGTHVALUE1\":\"   0.00000\",\"L_PAYMENTREQUEST_0_ITEMLENGTHVALUE2\":\"   0.00000\",\"L_PAYMENTREQUEST_0_ITEMLENGTHVALUE3\":\"   0.00000\",\"L_PAYMENTREQUEST_0_ITEMLENGTHVALUE4\":\"   0.00000\",\"L_PAYMENTREQUEST_0_ITEMWIDTHVALUE0\":\"   0.00000\",\"L_PAYMENTREQUEST_0_ITEMWIDTHVALUE1\":\"   0.00000\",\"L_PAYMENTREQUEST_0_ITEMWIDTHVALUE2\":\"   0.00000\",\"L_PAYMENTREQUEST_0_ITEMWIDTHVALUE3\":\"   0.00000\",\"L_PAYMENTREQUEST_0_ITEMWIDTHVALUE4\":\"   0.00000\",\"L_PAYMENTREQUEST_0_ITEMHEIGHTVALUE0\":\"   0.00000\",\"L_PAYMENTREQUEST_0_ITEMHEIGHTVALUE1\":\"   0.00000\",\"L_PAYMENTREQUEST_0_ITEMHEIGHTVALUE2\":\"   0.00000\",\"L_PAYMENTREQUEST_0_ITEMHEIGHTVALUE3\":\"   0.00000\",\"L_PAYMENTREQUEST_0_ITEMHEIGHTVALUE4\":\"   0.00000\",\"PAYMENTREQUESTINFO_0_ERRORCODE\":\"0\",\"EMAIL\":\"taras.terletskij@bimmer-tech.net\",\"PAYERID\":\"8UPWNP6FPCTCJ\",\"PAYERSTATUS\":\"verified\",\"FIRSTNAME\":\"Taras\",\"LASTNAME\":\"Terletskij\",\"COUNTRYCODE\":\"US\",\"SHIPTONAME\":\"Taras Terletskij\",\"SHIPTOSTREET\":\"1 Main St\",\"SHIPTOCITY\":\"San Jose\",\"SHIPTOSTATE\":\"CA\",\"SHIPTOZIP\":\"95131\",\"SHIPTOCOUNTRYCODE\":\"US\",\"SHIPTOCOUNTRYNAME\":\"United States\",\"ADDRESSSTATUS\":\"Confirmed\",\"INSURANCEOPTIONOFFERED\":\"false\",\"PAYMENTREQUEST_0_SELLERPAYPALACCOUNTID\":\"paypal.bimmertech-facilitator@gmail.com\",\"PAYMENTREQUEST_0_SHIPTONAME\":\"Taras Terletskij\",\"PAYMENTREQUEST_0_SHIPTOSTREET\":\"1 Main St\",\"PAYMENTREQUEST_0_SHIPTOCITY\":\"San Jose\",\"PAYMENTREQUEST_0_SHIPTOSTATE\":\"CA\",\"PAYMENTREQUEST_0_SHIPTOZIP\":\"95131\",\"PAYMENTREQUEST_0_SHIPTOCOUNTRYCODE\":\"US\",\"PAYMENTREQUEST_0_SHIPTOCOUNTRYNAME\":\"United States\",\"PAYMENTREQUEST_0_ADDRESSSTATUS\":\"Confirmed\",\"SUCCESSPAGEREDIRECTREQUESTED\":\"false\",\"INSURANCEOPTIONSELECTED\":\"false\",\"SHIPPINGOPTIONISDEFAULT\":\"false\",\"PAYMENTINFO_0_TRANSACTIONID\":\"69S30323U3690200C\",\"PAYMENTINFO_0_TRANSACTIONTYPE\":\"cart\",\"PAYMENTINFO_0_PAYMENTTYPE\":\"instant\",\"PAYMENTINFO_0_ORDERTIME\":\"2019-05-16T09:55:47Z\",\"PAYMENTINFO_0_AMT\":\"1912.99\",\"PAYMENTINFO_0_FEEAMT\":\"55.78\",\"PAYMENTINFO_0_TAXAMT\":\"0.00\",\"PAYMENTINFO_0_CURRENCYCODE\":\"USD\",\"PAYMENTINFO_0_PAYMENTSTATUS\":\"Completed\",\"PAYMENTINFO_0_PENDINGREASON\":\"None\",\"PAYMENTINFO_0_REASONCODE\":\"None\",\"PAYMENTINFO_0_PROTECTIONELIGIBILITY\":\"Eligible\",\"PAYMENTINFO_0_PROTECTIONELIGIBILITYTYPE\":\"ItemNotReceivedEligible,UnauthorizedPaymentEligible\",\"PAYMENTINFO_0_SELLERPAYPALACCOUNTID\":\"paypal.bimmertech-facilitator@gmail.com\",\"PAYMENTINFO_0_ERRORCODE\":\"0\",\"PAYMENTINFO_0_ACK\":\"Success\",\"TRANSACTIONID\":\"69S30323U3690200C\",\"PAYMENTREQUEST_0_TRANSACTIONID\":\"69S30323U3690200C\",\"PAYMENTREQUESTINFO_0_TRANSACTIONID\":\"69S30323U3690200C\",\"PAYMENTREQUEST_0_TRANSACTIONTYPE\":\"cart\",\"PAYMENTREQUEST_0_PAYMENTTYPE\":\"instant\",\"PAYMENTREQUEST_0_ORDERTIME\":\"2019-05-16T09:55:47Z\",\"PAYMENTREQUEST_0_FEEAMT\":\"55.78\",\"PAYMENTREQUEST_0_PAYMENTSTATUS\":\"Completed\",\"PAYMENTREQUEST_0_PENDINGREASON\":\"None\",\"PAYMENTREQUEST_0_REASONCODE\":\"None\"}', '2019-05-16 09:55:23', '2019-05-16 09:55:59'),
(84, 20, 733, 'USD', 274700, 'completed', '{\"PAYMENTREQUEST_0_INVNUM\":\"733-84\",\"PAYMENTREQUEST_0_CURRENCYCODE\":\"USD\",\"PAYMENTREQUEST_0_AMT\":\"2747.00\",\"PAYMENTREQUEST_0_ITEMAMT\":\"2747.00\",\"L_PAYMENTREQUEST_0_NAME0\":\"NBT\\/NBT Evo Remote Software Activation\",\"L_PAYMENTREQUEST_0_AMT0\":\"250.00\",\"L_PAYMENTREQUEST_0_QTY0\":\"1\",\"L_PAYMENTREQUEST_0_NAME1\":\"Coding Cable\",\"L_PAYMENTREQUEST_0_AMT1\":\"49.00\",\"L_PAYMENTREQUEST_0_QTY1\":\"1\",\"L_PAYMENTREQUEST_0_NAME2\":\"NBT EVO ID4 Navigation System Retrofit\",\"L_PAYMENTREQUEST_0_AMT2\":\"1799.00\",\"L_PAYMENTREQUEST_0_QTY2\":\"1\",\"L_PAYMENTREQUEST_0_NAME3\":\"1 Year Standard Warranty\",\"L_PAYMENTREQUEST_0_AMT3\":\"0.00\",\"L_PAYMENTREQUEST_0_QTY3\":\"1\",\"L_PAYMENTREQUEST_0_NAME4\":\"Front View Camera Retrofit\",\"L_PAYMENTREQUEST_0_AMT4\":\"549.00\",\"L_PAYMENTREQUEST_0_QTY4\":\"1\",\"L_PAYMENTREQUEST_0_NAME5\":\"2 Year Extended Warranty\",\"L_PAYMENTREQUEST_0_AMT5\":\"100.00\",\"L_PAYMENTREQUEST_0_QTY5\":\"1\",\"PAYMENTREQUEST_0_PAYMENTACTION\":\"Sale\",\"AUTHORIZE_TOKEN_USERACTION\":\"commit\",\"RETURNURL\":\"http:\\/\\/testshop.bimmer-tech.net\\/payment\\/capture\\/1m1F0g-x3wi7tkGQcbmp2W1EtvDzffpLwBXUiu4wCYI\",\"CANCELURL\":\"http:\\/\\/testshop.bimmer-tech.net\\/payment\\/capture\\/1m1F0g-x3wi7tkGQcbmp2W1EtvDzffpLwBXUiu4wCYI?cancelled=1\",\"PAYMENTREQUEST_0_NOTIFYURL\":\"http:\\/\\/testshop.bimmer-tech.net\\/payment\\/notify\\/NvHy0f-JLyET5lLNcKpel3UZoSGSfWd-FRa1jbnT8IA\",\"TOKEN\":\"EC-8KL78513XU641661U\",\"TIMESTAMP\":\"2019-05-16T09:57:34Z\",\"CORRELATIONID\":\"6c33ed061e91\",\"ACK\":\"Success\",\"VERSION\":\"65.1\",\"BUILD\":\"52747458\",\"BILLINGAGREEMENTACCEPTEDSTATUS\":\"0\",\"CHECKOUTSTATUS\":\"PaymentActionCompleted\",\"CURRENCYCODE\":\"USD\",\"AMT\":\"2747.00\",\"ITEMAMT\":\"2747.00\",\"SHIPPINGAMT\":\"0.00\",\"HANDLINGAMT\":\"0.00\",\"TAXAMT\":\"0.00\",\"INVNUM\":\"733-84\",\"NOTIFYURL\":\"http:\\/\\/testshop.bimmer-tech.net\\/payment\\/notify\\/NvHy0f-JLyET5lLNcKpel3UZoSGSfWd-FRa1jbnT8IA\",\"INSURANCEAMT\":\"0.00\",\"SHIPDISCAMT\":\"0.00\",\"L_NAME0\":\"NBT\\/NBT Evo Remote Software Activation\",\"L_NAME1\":\"Coding Cable\",\"L_NAME2\":\"NBT EVO ID4 Navigation System Retrofit\",\"L_NAME3\":\"1 Year Standard Warranty\",\"L_NAME4\":\"Front View Camera Retrofit\",\"L_NAME5\":\"2 Year Extended Warranty\",\"L_QTY0\":\"1\",\"L_QTY1\":\"1\",\"L_QTY2\":\"1\",\"L_QTY3\":\"1\",\"L_QTY4\":\"1\",\"L_QTY5\":\"1\",\"L_TAXAMT0\":\"0.00\",\"L_TAXAMT1\":\"0.00\",\"L_TAXAMT2\":\"0.00\",\"L_TAXAMT3\":\"0.00\",\"L_TAXAMT4\":\"0.00\",\"L_TAXAMT5\":\"0.00\",\"L_AMT0\":\"250.00\",\"L_AMT1\":\"49.00\",\"L_AMT2\":\"1799.00\",\"L_AMT3\":\"0.00\",\"L_AMT4\":\"549.00\",\"L_AMT5\":\"100.00\",\"L_ITEMWEIGHTVALUE0\":\"   0.00000\",\"L_ITEMWEIGHTVALUE1\":\"   0.00000\",\"L_ITEMWEIGHTVALUE2\":\"   0.00000\",\"L_ITEMWEIGHTVALUE3\":\"   0.00000\",\"L_ITEMWEIGHTVALUE4\":\"   0.00000\",\"L_ITEMWEIGHTVALUE5\":\"   0.00000\",\"L_ITEMLENGTHVALUE0\":\"   0.00000\",\"L_ITEMLENGTHVALUE1\":\"   0.00000\",\"L_ITEMLENGTHVALUE2\":\"   0.00000\",\"L_ITEMLENGTHVALUE3\":\"   0.00000\",\"L_ITEMLENGTHVALUE4\":\"   0.00000\",\"L_ITEMLENGTHVALUE5\":\"   0.00000\",\"L_ITEMWIDTHVALUE0\":\"   0.00000\",\"L_ITEMWIDTHVALUE1\":\"   0.00000\",\"L_ITEMWIDTHVALUE2\":\"   0.00000\",\"L_ITEMWIDTHVALUE3\":\"   0.00000\",\"L_ITEMWIDTHVALUE4\":\"   0.00000\",\"L_ITEMWIDTHVALUE5\":\"   0.00000\",\"L_ITEMHEIGHTVALUE0\":\"   0.00000\",\"L_ITEMHEIGHTVALUE1\":\"   0.00000\",\"L_ITEMHEIGHTVALUE2\":\"   0.00000\",\"L_ITEMHEIGHTVALUE3\":\"   0.00000\",\"L_ITEMHEIGHTVALUE4\":\"   0.00000\",\"L_ITEMHEIGHTVALUE5\":\"   0.00000\",\"PAYMENTREQUEST_0_SHIPPINGAMT\":\"0.00\",\"PAYMENTREQUEST_0_HANDLINGAMT\":\"0.00\",\"PAYMENTREQUEST_0_TAXAMT\":\"0.00\",\"PAYMENTREQUEST_0_INSURANCEAMT\":\"0.00\",\"PAYMENTREQUEST_0_SHIPDISCAMT\":\"0.00\",\"PAYMENTREQUEST_0_INSURANCEOPTIONOFFERED\":\"false\",\"L_PAYMENTREQUEST_0_TAXAMT0\":\"0.00\",\"L_PAYMENTREQUEST_0_TAXAMT1\":\"0.00\",\"L_PAYMENTREQUEST_0_TAXAMT2\":\"0.00\",\"L_PAYMENTREQUEST_0_TAXAMT3\":\"0.00\",\"L_PAYMENTREQUEST_0_TAXAMT4\":\"0.00\",\"L_PAYMENTREQUEST_0_TAXAMT5\":\"0.00\",\"L_PAYMENTREQUEST_0_ITEMWEIGHTVALUE0\":\"   0.00000\",\"L_PAYMENTREQUEST_0_ITEMWEIGHTVALUE1\":\"   0.00000\",\"L_PAYMENTREQUEST_0_ITEMWEIGHTVALUE2\":\"   0.00000\",\"L_PAYMENTREQUEST_0_ITEMWEIGHTVALUE3\":\"   0.00000\",\"L_PAYMENTREQUEST_0_ITEMWEIGHTVALUE4\":\"   0.00000\",\"L_PAYMENTREQUEST_0_ITEMWEIGHTVALUE5\":\"   0.00000\",\"L_PAYMENTREQUEST_0_ITEMLENGTHVALUE0\":\"   0.00000\",\"L_PAYMENTREQUEST_0_ITEMLENGTHVALUE1\":\"   0.00000\",\"L_PAYMENTREQUEST_0_ITEMLENGTHVALUE2\":\"   0.00000\",\"L_PAYMENTREQUEST_0_ITEMLENGTHVALUE3\":\"   0.00000\",\"L_PAYMENTREQUEST_0_ITEMLENGTHVALUE4\":\"   0.00000\",\"L_PAYMENTREQUEST_0_ITEMLENGTHVALUE5\":\"   0.00000\",\"L_PAYMENTREQUEST_0_ITEMWIDTHVALUE0\":\"   0.00000\",\"L_PAYMENTREQUEST_0_ITEMWIDTHVALUE1\":\"   0.00000\",\"L_PAYMENTREQUEST_0_ITEMWIDTHVALUE2\":\"   0.00000\",\"L_PAYMENTREQUEST_0_ITEMWIDTHVALUE3\":\"   0.00000\",\"L_PAYMENTREQUEST_0_ITEMWIDTHVALUE4\":\"   0.00000\",\"L_PAYMENTREQUEST_0_ITEMWIDTHVALUE5\":\"   0.00000\",\"L_PAYMENTREQUEST_0_ITEMHEIGHTVALUE0\":\"   0.00000\",\"L_PAYMENTREQUEST_0_ITEMHEIGHTVALUE1\":\"   0.00000\",\"L_PAYMENTREQUEST_0_ITEMHEIGHTVALUE2\":\"   0.00000\",\"L_PAYMENTREQUEST_0_ITEMHEIGHTVALUE3\":\"   0.00000\",\"L_PAYMENTREQUEST_0_ITEMHEIGHTVALUE4\":\"   0.00000\",\"L_PAYMENTREQUEST_0_ITEMHEIGHTVALUE5\":\"   0.00000\",\"PAYMENTREQUESTINFO_0_ERRORCODE\":\"0\",\"EMAIL\":\"taras.terletskij@bimmer-tech.net\",\"PAYERID\":\"8UPWNP6FPCTCJ\",\"PAYERSTATUS\":\"verified\",\"FIRSTNAME\":\"Taras\",\"LASTNAME\":\"Terletskij\",\"COUNTRYCODE\":\"US\",\"SHIPTONAME\":\"Taras Terletskij\",\"SHIPTOSTREET\":\"1 Main St\",\"SHIPTOCITY\":\"San Jose\",\"SHIPTOSTATE\":\"CA\",\"SHIPTOZIP\":\"95131\",\"SHIPTOCOUNTRYCODE\":\"US\",\"SHIPTOCOUNTRYNAME\":\"United States\",\"ADDRESSSTATUS\":\"Confirmed\",\"INSURANCEOPTIONOFFERED\":\"false\",\"PAYMENTREQUEST_0_SELLERPAYPALACCOUNTID\":\"paypal.bimmertech-facilitator@gmail.com\",\"PAYMENTREQUEST_0_SHIPTONAME\":\"Taras Terletskij\",\"PAYMENTREQUEST_0_SHIPTOSTREET\":\"1 Main St\",\"PAYMENTREQUEST_0_SHIPTOCITY\":\"San Jose\",\"PAYMENTREQUEST_0_SHIPTOSTATE\":\"CA\",\"PAYMENTREQUEST_0_SHIPTOZIP\":\"95131\",\"PAYMENTREQUEST_0_SHIPTOCOUNTRYCODE\":\"US\",\"PAYMENTREQUEST_0_SHIPTOCOUNTRYNAME\":\"United States\",\"PAYMENTREQUEST_0_ADDRESSSTATUS\":\"Confirmed\",\"SUCCESSPAGEREDIRECTREQUESTED\":\"false\",\"INSURANCEOPTIONSELECTED\":\"false\",\"SHIPPINGOPTIONISDEFAULT\":\"false\",\"PAYMENTINFO_0_TRANSACTIONID\":\"2WY54200SW994735F\",\"PAYMENTINFO_0_TRANSACTIONTYPE\":\"cart\",\"PAYMENTINFO_0_PAYMENTTYPE\":\"instant\",\"PAYMENTINFO_0_ORDERTIME\":\"2019-05-16T09:57:26Z\",\"PAYMENTINFO_0_AMT\":\"2747.00\",\"PAYMENTINFO_0_FEEAMT\":\"79.96\",\"PAYMENTINFO_0_TAXAMT\":\"0.00\",\"PAYMENTINFO_0_CURRENCYCODE\":\"USD\",\"PAYMENTINFO_0_PAYMENTSTATUS\":\"Completed\",\"PAYMENTINFO_0_PENDINGREASON\":\"None\",\"PAYMENTINFO_0_REASONCODE\":\"None\",\"PAYMENTINFO_0_PROTECTIONELIGIBILITY\":\"Eligible\",\"PAYMENTINFO_0_PROTECTIONELIGIBILITYTYPE\":\"ItemNotReceivedEligible,UnauthorizedPaymentEligible\",\"PAYMENTINFO_0_SELLERPAYPALACCOUNTID\":\"paypal.bimmertech-facilitator@gmail.com\",\"PAYMENTINFO_0_ERRORCODE\":\"0\",\"PAYMENTINFO_0_ACK\":\"Success\",\"TRANSACTIONID\":\"2WY54200SW994735F\",\"PAYMENTREQUEST_0_TRANSACTIONID\":\"2WY54200SW994735F\",\"PAYMENTREQUESTINFO_0_TRANSACTIONID\":\"2WY54200SW994735F\",\"PAYMENTREQUEST_0_TRANSACTIONTYPE\":\"cart\",\"PAYMENTREQUEST_0_PAYMENTTYPE\":\"instant\",\"PAYMENTREQUEST_0_ORDERTIME\":\"2019-05-16T09:57:26Z\",\"PAYMENTREQUEST_0_FEEAMT\":\"79.96\",\"PAYMENTREQUEST_0_PAYMENTSTATUS\":\"Completed\",\"PAYMENTREQUEST_0_PENDINGREASON\":\"None\",\"PAYMENTREQUEST_0_REASONCODE\":\"None\"}', '2019-05-16 09:57:03', '2019-05-16 09:57:36'),
(85, 20, 734, 'USD', 559400, 'completed', '{\"PAYMENTREQUEST_0_INVNUM\":\"734-85\",\"PAYMENTREQUEST_0_CURRENCYCODE\":\"USD\",\"PAYMENTREQUEST_0_AMT\":\"5594.00\",\"PAYMENTREQUEST_0_ITEMAMT\":\"5594.00\",\"L_PAYMENTREQUEST_0_NAME0\":\"Remote Control Parking System\",\"L_PAYMENTREQUEST_0_AMT0\":\"999.00\",\"L_PAYMENTREQUEST_0_QTY0\":\"1\",\"L_PAYMENTREQUEST_0_NAME1\":\"1 Year Standard Warranty\",\"L_PAYMENTREQUEST_0_AMT1\":\"0.00\",\"L_PAYMENTREQUEST_0_QTY1\":\"1\",\"L_PAYMENTREQUEST_0_NAME2\":\"BDC Module\",\"L_PAYMENTREQUEST_0_AMT2\":\"799.00\",\"L_PAYMENTREQUEST_0_QTY2\":\"1\",\"L_PAYMENTREQUEST_0_NAME3\":\"BMW Parking Assistant Retrofit\",\"L_PAYMENTREQUEST_0_AMT3\":\"1099.00\",\"L_PAYMENTREQUEST_0_QTY3\":\"1\",\"L_PAYMENTREQUEST_0_NAME4\":\"1 Year Standard Warranty\",\"L_PAYMENTREQUEST_0_AMT4\":\"0.00\",\"L_PAYMENTREQUEST_0_QTY4\":\"1\",\"L_PAYMENTREQUEST_0_NAME5\":\"BDC Module\",\"L_PAYMENTREQUEST_0_AMT5\":\"799.00\",\"L_PAYMENTREQUEST_0_QTY5\":\"1\",\"L_PAYMENTREQUEST_0_NAME6\":\"BMW Parking Assistant Retrofit\",\"L_PAYMENTREQUEST_0_AMT6\":\"1099.00\",\"L_PAYMENTREQUEST_0_QTY6\":\"1\",\"L_PAYMENTREQUEST_0_NAME7\":\"1 Year Standard Warranty\",\"L_PAYMENTREQUEST_0_AMT7\":\"0.00\",\"L_PAYMENTREQUEST_0_QTY7\":\"1\",\"L_PAYMENTREQUEST_0_NAME8\":\"BDC Module\",\"L_PAYMENTREQUEST_0_AMT8\":\"799.00\",\"L_PAYMENTREQUEST_0_QTY8\":\"1\",\"PAYMENTREQUEST_0_PAYMENTACTION\":\"Sale\",\"AUTHORIZE_TOKEN_USERACTION\":\"commit\",\"RETURNURL\":\"http:\\/\\/testshop.bimmer-tech.net\\/payment\\/capture\\/ZKWf1mGhhB-1sBRO-zommgaNCXquNEQXVksbr55KE8I\",\"CANCELURL\":\"http:\\/\\/testshop.bimmer-tech.net\\/payment\\/capture\\/ZKWf1mGhhB-1sBRO-zommgaNCXquNEQXVksbr55KE8I?cancelled=1\",\"PAYMENTREQUEST_0_NOTIFYURL\":\"http:\\/\\/testshop.bimmer-tech.net\\/payment\\/notify\\/nwahAkAIntyuz0LTGpTyIOlJMkwElIqzeDRHCRG2wlQ\",\"TOKEN\":\"EC-58E82093H4987171F\",\"TIMESTAMP\":\"2019-05-16T10:10:00Z\",\"CORRELATIONID\":\"401d3b1732a09\",\"ACK\":\"Success\",\"VERSION\":\"65.1\",\"BUILD\":\"52747458\",\"BILLINGAGREEMENTACCEPTEDSTATUS\":\"0\",\"CHECKOUTSTATUS\":\"PaymentActionCompleted\",\"CURRENCYCODE\":\"USD\",\"AMT\":\"5594.00\",\"ITEMAMT\":\"5594.00\",\"SHIPPINGAMT\":\"0.00\",\"HANDLINGAMT\":\"0.00\",\"TAXAMT\":\"0.00\",\"INVNUM\":\"734-85\",\"NOTIFYURL\":\"http:\\/\\/testshop.bimmer-tech.net\\/payment\\/notify\\/nwahAkAIntyuz0LTGpTyIOlJMkwElIqzeDRHCRG2wlQ\",\"INSURANCEAMT\":\"0.00\",\"SHIPDISCAMT\":\"0.00\",\"L_NAME0\":\"Remote Control Parking System\",\"L_NAME1\":\"1 Year Standard Warranty\",\"L_NAME2\":\"BDC Module\",\"L_NAME3\":\"BMW Parking Assistant Retrofit\",\"L_NAME4\":\"1 Year Standard Warranty\",\"L_NAME5\":\"BDC Module\",\"L_NAME6\":\"BMW Parking Assistant Retrofit\",\"L_NAME7\":\"1 Year Standard Warranty\",\"L_NAME8\":\"BDC Module\",\"L_QTY0\":\"1\",\"L_QTY1\":\"1\",\"L_QTY2\":\"1\",\"L_QTY3\":\"1\",\"L_QTY4\":\"1\",\"L_QTY5\":\"1\",\"L_QTY6\":\"1\",\"L_QTY7\":\"1\",\"L_QTY8\":\"1\",\"L_TAXAMT0\":\"0.00\",\"L_TAXAMT1\":\"0.00\",\"L_TAXAMT2\":\"0.00\",\"L_TAXAMT3\":\"0.00\",\"L_TAXAMT4\":\"0.00\",\"L_TAXAMT5\":\"0.00\",\"L_TAXAMT6\":\"0.00\",\"L_TAXAMT7\":\"0.00\",\"L_TAXAMT8\":\"0.00\",\"L_AMT0\":\"999.00\",\"L_AMT1\":\"0.00\",\"L_AMT2\":\"799.00\",\"L_AMT3\":\"1099.00\",\"L_AMT4\":\"0.00\",\"L_AMT5\":\"799.00\",\"L_AMT6\":\"1099.00\",\"L_AMT7\":\"0.00\",\"L_AMT8\":\"799.00\",\"L_ITEMWEIGHTVALUE0\":\"   0.00000\",\"L_ITEMWEIGHTVALUE1\":\"   0.00000\",\"L_ITEMWEIGHTVALUE2\":\"   0.00000\",\"L_ITEMWEIGHTVALUE3\":\"   0.00000\",\"L_ITEMWEIGHTVALUE4\":\"   0.00000\",\"L_ITEMWEIGHTVALUE5\":\"   0.00000\",\"L_ITEMWEIGHTVALUE6\":\"   0.00000\",\"L_ITEMWEIGHTVALUE7\":\"   0.00000\",\"L_ITEMWEIGHTVALUE8\":\"   0.00000\",\"L_ITEMLENGTHVALUE0\":\"   0.00000\",\"L_ITEMLENGTHVALUE1\":\"   0.00000\",\"L_ITEMLENGTHVALUE2\":\"   0.00000\",\"L_ITEMLENGTHVALUE3\":\"   0.00000\",\"L_ITEMLENGTHVALUE4\":\"   0.00000\",\"L_ITEMLENGTHVALUE5\":\"   0.00000\",\"L_ITEMLENGTHVALUE6\":\"   0.00000\",\"L_ITEMLENGTHVALUE7\":\"   0.00000\",\"L_ITEMLENGTHVALUE8\":\"   0.00000\",\"L_ITEMWIDTHVALUE0\":\"   0.00000\",\"L_ITEMWIDTHVALUE1\":\"   0.00000\",\"L_ITEMWIDTHVALUE2\":\"   0.00000\",\"L_ITEMWIDTHVALUE3\":\"   0.00000\",\"L_ITEMWIDTHVALUE4\":\"   0.00000\",\"L_ITEMWIDTHVALUE5\":\"   0.00000\",\"L_ITEMWIDTHVALUE6\":\"   0.00000\",\"L_ITEMWIDTHVALUE7\":\"   0.00000\",\"L_ITEMWIDTHVALUE8\":\"   0.00000\",\"L_ITEMHEIGHTVALUE0\":\"   0.00000\",\"L_ITEMHEIGHTVALUE1\":\"   0.00000\",\"L_ITEMHEIGHTVALUE2\":\"   0.00000\",\"L_ITEMHEIGHTVALUE3\":\"   0.00000\",\"L_ITEMHEIGHTVALUE4\":\"   0.00000\",\"L_ITEMHEIGHTVALUE5\":\"   0.00000\",\"L_ITEMHEIGHTVALUE6\":\"   0.00000\",\"L_ITEMHEIGHTVALUE7\":\"   0.00000\",\"L_ITEMHEIGHTVALUE8\":\"   0.00000\",\"PAYMENTREQUEST_0_SHIPPINGAMT\":\"0.00\",\"PAYMENTREQUEST_0_HANDLINGAMT\":\"0.00\",\"PAYMENTREQUEST_0_TAXAMT\":\"0.00\",\"PAYMENTREQUEST_0_INSURANCEAMT\":\"0.00\",\"PAYMENTREQUEST_0_SHIPDISCAMT\":\"0.00\",\"PAYMENTREQUEST_0_INSURANCEOPTIONOFFERED\":\"false\",\"L_PAYMENTREQUEST_0_TAXAMT0\":\"0.00\",\"L_PAYMENTREQUEST_0_TAXAMT1\":\"0.00\",\"L_PAYMENTREQUEST_0_TAXAMT2\":\"0.00\",\"L_PAYMENTREQUEST_0_TAXAMT3\":\"0.00\",\"L_PAYMENTREQUEST_0_TAXAMT4\":\"0.00\",\"L_PAYMENTREQUEST_0_TAXAMT5\":\"0.00\",\"L_PAYMENTREQUEST_0_TAXAMT6\":\"0.00\",\"L_PAYMENTREQUEST_0_TAXAMT7\":\"0.00\",\"L_PAYMENTREQUEST_0_TAXAMT8\":\"0.00\",\"L_PAYMENTREQUEST_0_ITEMWEIGHTVALUE0\":\"   0.00000\",\"L_PAYMENTREQUEST_0_ITEMWEIGHTVALUE1\":\"   0.00000\",\"L_PAYMENTREQUEST_0_ITEMWEIGHTVALUE2\":\"   0.00000\",\"L_PAYMENTREQUEST_0_ITEMWEIGHTVALUE3\":\"   0.00000\",\"L_PAYMENTREQUEST_0_ITEMWEIGHTVALUE4\":\"   0.00000\",\"L_PAYMENTREQUEST_0_ITEMWEIGHTVALUE5\":\"   0.00000\",\"L_PAYMENTREQUEST_0_ITEMWEIGHTVALUE6\":\"   0.00000\",\"L_PAYMENTREQUEST_0_ITEMWEIGHTVALUE7\":\"   0.00000\",\"L_PAYMENTREQUEST_0_ITEMWEIGHTVALUE8\":\"   0.00000\",\"L_PAYMENTREQUEST_0_ITEMLENGTHVALUE0\":\"   0.00000\",\"L_PAYMENTREQUEST_0_ITEMLENGTHVALUE1\":\"   0.00000\",\"L_PAYMENTREQUEST_0_ITEMLENGTHVALUE2\":\"   0.00000\",\"L_PAYMENTREQUEST_0_ITEMLENGTHVALUE3\":\"   0.00000\",\"L_PAYMENTREQUEST_0_ITEMLENGTHVALUE4\":\"   0.00000\",\"L_PAYMENTREQUEST_0_ITEMLENGTHVALUE5\":\"   0.00000\",\"L_PAYMENTREQUEST_0_ITEMLENGTHVALUE6\":\"   0.00000\",\"L_PAYMENTREQUEST_0_ITEMLENGTHVALUE7\":\"   0.00000\",\"L_PAYMENTREQUEST_0_ITEMLENGTHVALUE8\":\"   0.00000\",\"L_PAYMENTREQUEST_0_ITEMWIDTHVALUE0\":\"   0.00000\",\"L_PAYMENTREQUEST_0_ITEMWIDTHVALUE1\":\"   0.00000\",\"L_PAYMENTREQUEST_0_ITEMWIDTHVALUE2\":\"   0.00000\",\"L_PAYMENTREQUEST_0_ITEMWIDTHVALUE3\":\"   0.00000\",\"L_PAYMENTREQUEST_0_ITEMWIDTHVALUE4\":\"   0.00000\",\"L_PAYMENTREQUEST_0_ITEMWIDTHVALUE5\":\"   0.00000\",\"L_PAYMENTREQUEST_0_ITEMWIDTHVALUE6\":\"   0.00000\",\"L_PAYMENTREQUEST_0_ITEMWIDTHVALUE7\":\"   0.00000\",\"L_PAYMENTREQUEST_0_ITEMWIDTHVALUE8\":\"   0.00000\",\"L_PAYMENTREQUEST_0_ITEMHEIGHTVALUE0\":\"   0.00000\",\"L_PAYMENTREQUEST_0_ITEMHEIGHTVALUE1\":\"   0.00000\",\"L_PAYMENTREQUEST_0_ITEMHEIGHTVALUE2\":\"   0.00000\",\"L_PAYMENTREQUEST_0_ITEMHEIGHTVALUE3\":\"   0.00000\",\"L_PAYMENTREQUEST_0_ITEMHEIGHTVALUE4\":\"   0.00000\",\"L_PAYMENTREQUEST_0_ITEMHEIGHTVALUE5\":\"   0.00000\",\"L_PAYMENTREQUEST_0_ITEMHEIGHTVALUE6\":\"   0.00000\",\"L_PAYMENTREQUEST_0_ITEMHEIGHTVALUE7\":\"   0.00000\",\"L_PAYMENTREQUEST_0_ITEMHEIGHTVALUE8\":\"   0.00000\",\"PAYMENTREQUESTINFO_0_ERRORCODE\":\"0\",\"EMAIL\":\"taras.terletskij@bimmer-tech.net\",\"PAYERID\":\"8UPWNP6FPCTCJ\",\"PAYERSTATUS\":\"verified\",\"FIRSTNAME\":\"Taras\",\"LASTNAME\":\"Terletskij\",\"COUNTRYCODE\":\"US\",\"SHIPTONAME\":\"Taras Terletskij\",\"SHIPTOSTREET\":\"1 Main St\",\"SHIPTOCITY\":\"San Jose\",\"SHIPTOSTATE\":\"CA\",\"SHIPTOZIP\":\"95131\",\"SHIPTOCOUNTRYCODE\":\"US\",\"SHIPTOCOUNTRYNAME\":\"United States\",\"ADDRESSSTATUS\":\"Confirmed\",\"INSURANCEOPTIONOFFERED\":\"false\",\"PAYMENTREQUEST_0_SELLERPAYPALACCOUNTID\":\"paypal.bimmertech-facilitator@gmail.com\",\"PAYMENTREQUEST_0_SHIPTONAME\":\"Taras Terletskij\",\"PAYMENTREQUEST_0_SHIPTOSTREET\":\"1 Main St\",\"PAYMENTREQUEST_0_SHIPTOCITY\":\"San Jose\",\"PAYMENTREQUEST_0_SHIPTOSTATE\":\"CA\",\"PAYMENTREQUEST_0_SHIPTOZIP\":\"95131\",\"PAYMENTREQUEST_0_SHIPTOCOUNTRYCODE\":\"US\",\"PAYMENTREQUEST_0_SHIPTOCOUNTRYNAME\":\"United States\",\"PAYMENTREQUEST_0_ADDRESSSTATUS\":\"Confirmed\",\"SUCCESSPAGEREDIRECTREQUESTED\":\"false\",\"INSURANCEOPTIONSELECTED\":\"false\",\"SHIPPINGOPTIONISDEFAULT\":\"false\",\"PAYMENTINFO_0_TRANSACTIONID\":\"5N977067EJ007513U\",\"PAYMENTINFO_0_TRANSACTIONTYPE\":\"cart\",\"PAYMENTINFO_0_PAYMENTTYPE\":\"instant\",\"PAYMENTINFO_0_ORDERTIME\":\"2019-05-16T10:09:52Z\",\"PAYMENTINFO_0_AMT\":\"5594.00\",\"PAYMENTINFO_0_FEEAMT\":\"162.53\",\"PAYMENTINFO_0_TAXAMT\":\"0.00\",\"PAYMENTINFO_0_CURRENCYCODE\":\"USD\",\"PAYMENTINFO_0_PAYMENTSTATUS\":\"Completed\",\"PAYMENTINFO_0_PENDINGREASON\":\"None\",\"PAYMENTINFO_0_REASONCODE\":\"None\",\"PAYMENTINFO_0_PROTECTIONELIGIBILITY\":\"Eligible\",\"PAYMENTINFO_0_PROTECTIONELIGIBILITYTYPE\":\"ItemNotReceivedEligible,UnauthorizedPaymentEligible\",\"PAYMENTINFO_0_SELLERPAYPALACCOUNTID\":\"paypal.bimmertech-facilitator@gmail.com\",\"PAYMENTINFO_0_ERRORCODE\":\"0\",\"PAYMENTINFO_0_ACK\":\"Success\",\"TRANSACTIONID\":\"5N977067EJ007513U\",\"PAYMENTREQUEST_0_TRANSACTIONID\":\"5N977067EJ007513U\",\"PAYMENTREQUESTINFO_0_TRANSACTIONID\":\"5N977067EJ007513U\",\"PAYMENTREQUEST_0_TRANSACTIONTYPE\":\"cart\",\"PAYMENTREQUEST_0_PAYMENTTYPE\":\"instant\",\"PAYMENTREQUEST_0_ORDERTIME\":\"2019-05-16T10:09:52Z\",\"PAYMENTREQUEST_0_FEEAMT\":\"162.53\",\"PAYMENTREQUEST_0_PAYMENTSTATUS\":\"Completed\",\"PAYMENTREQUEST_0_PENDINGREASON\":\"None\",\"PAYMENTREQUEST_0_REASONCODE\":\"None\"}', '2019-05-16 10:09:21', '2019-05-16 10:10:02'),
(86, 20, 737, 'USD', 112400, 'completed', '{\"PAYMENTREQUEST_0_INVNUM\":\"737-86\",\"PAYMENTREQUEST_0_CURRENCYCODE\":\"USD\",\"PAYMENTREQUEST_0_AMT\":\"1124.00\",\"PAYMENTREQUEST_0_ITEMAMT\":\"1124.00\",\"L_PAYMENTREQUEST_0_NAME0\":\"Front View Camera Retrofit\",\"L_PAYMENTREQUEST_0_AMT0\":\"549.00\",\"L_PAYMENTREQUEST_0_QTY0\":\"1\",\"L_PAYMENTREQUEST_0_NAME1\":\"1 Year Standard Warranty\",\"L_PAYMENTREQUEST_0_AMT1\":\"0.00\",\"L_PAYMENTREQUEST_0_QTY1\":\"1\",\"L_PAYMENTREQUEST_0_NAME2\":\"SmartView HD ATV3\",\"L_PAYMENTREQUEST_0_AMT2\":\"275.00\",\"L_PAYMENTREQUEST_0_QTY2\":\"1\",\"L_PAYMENTREQUEST_0_NAME3\":\"Rear View Camera\",\"L_PAYMENTREQUEST_0_AMT3\":\"300.00\",\"L_PAYMENTREQUEST_0_QTY3\":\"1\",\"PAYMENTREQUEST_0_PAYMENTACTION\":\"Sale\",\"AUTHORIZE_TOKEN_USERACTION\":\"commit\",\"RETURNURL\":\"http:\\/\\/testshop.bimmer-tech.net\\/payment\\/capture\\/u8z_2nLu1GwHb5Sgj6G968AbolSLA8C1qJrl-zpX2Xs\",\"CANCELURL\":\"http:\\/\\/testshop.bimmer-tech.net\\/payment\\/capture\\/u8z_2nLu1GwHb5Sgj6G968AbolSLA8C1qJrl-zpX2Xs?cancelled=1\",\"PAYMENTREQUEST_0_NOTIFYURL\":\"http:\\/\\/testshop.bimmer-tech.net\\/payment\\/notify\\/zdyspSK74ItWYrammuhCpefTxgSJq3iZFI65APz_3kk\",\"TOKEN\":\"EC-4TH742333D831515H\",\"TIMESTAMP\":\"2019-05-16T10:14:13Z\",\"CORRELATIONID\":\"e9ad75954af83\",\"ACK\":\"Success\",\"VERSION\":\"65.1\",\"BUILD\":\"52747458\",\"BILLINGAGREEMENTACCEPTEDSTATUS\":\"0\",\"CHECKOUTSTATUS\":\"PaymentActionCompleted\",\"CURRENCYCODE\":\"USD\",\"AMT\":\"1124.00\",\"ITEMAMT\":\"1124.00\",\"SHIPPINGAMT\":\"0.00\",\"HANDLINGAMT\":\"0.00\",\"TAXAMT\":\"0.00\",\"INVNUM\":\"737-86\",\"NOTIFYURL\":\"http:\\/\\/testshop.bimmer-tech.net\\/payment\\/notify\\/zdyspSK74ItWYrammuhCpefTxgSJq3iZFI65APz_3kk\",\"INSURANCEAMT\":\"0.00\",\"SHIPDISCAMT\":\"0.00\",\"L_NAME0\":\"Front View Camera Retrofit\",\"L_NAME1\":\"1 Year Standard Warranty\",\"L_NAME2\":\"SmartView HD ATV3\",\"L_NAME3\":\"Rear View Camera\",\"L_QTY0\":\"1\",\"L_QTY1\":\"1\",\"L_QTY2\":\"1\",\"L_QTY3\":\"1\",\"L_TAXAMT0\":\"0.00\",\"L_TAXAMT1\":\"0.00\",\"L_TAXAMT2\":\"0.00\",\"L_TAXAMT3\":\"0.00\",\"L_AMT0\":\"549.00\",\"L_AMT1\":\"0.00\",\"L_AMT2\":\"275.00\",\"L_AMT3\":\"300.00\",\"L_ITEMWEIGHTVALUE0\":\"   0.00000\",\"L_ITEMWEIGHTVALUE1\":\"   0.00000\",\"L_ITEMWEIGHTVALUE2\":\"   0.00000\",\"L_ITEMWEIGHTVALUE3\":\"   0.00000\",\"L_ITEMLENGTHVALUE0\":\"   0.00000\",\"L_ITEMLENGTHVALUE1\":\"   0.00000\",\"L_ITEMLENGTHVALUE2\":\"   0.00000\",\"L_ITEMLENGTHVALUE3\":\"   0.00000\",\"L_ITEMWIDTHVALUE0\":\"   0.00000\",\"L_ITEMWIDTHVALUE1\":\"   0.00000\",\"L_ITEMWIDTHVALUE2\":\"   0.00000\",\"L_ITEMWIDTHVALUE3\":\"   0.00000\",\"L_ITEMHEIGHTVALUE0\":\"   0.00000\",\"L_ITEMHEIGHTVALUE1\":\"   0.00000\",\"L_ITEMHEIGHTVALUE2\":\"   0.00000\",\"L_ITEMHEIGHTVALUE3\":\"   0.00000\",\"PAYMENTREQUEST_0_SHIPPINGAMT\":\"0.00\",\"PAYMENTREQUEST_0_HANDLINGAMT\":\"0.00\",\"PAYMENTREQUEST_0_TAXAMT\":\"0.00\",\"PAYMENTREQUEST_0_INSURANCEAMT\":\"0.00\",\"PAYMENTREQUEST_0_SHIPDISCAMT\":\"0.00\",\"PAYMENTREQUEST_0_INSURANCEOPTIONOFFERED\":\"false\",\"L_PAYMENTREQUEST_0_TAXAMT0\":\"0.00\",\"L_PAYMENTREQUEST_0_TAXAMT1\":\"0.00\",\"L_PAYMENTREQUEST_0_TAXAMT2\":\"0.00\",\"L_PAYMENTREQUEST_0_TAXAMT3\":\"0.00\",\"L_PAYMENTREQUEST_0_ITEMWEIGHTVALUE0\":\"   0.00000\",\"L_PAYMENTREQUEST_0_ITEMWEIGHTVALUE1\":\"   0.00000\",\"L_PAYMENTREQUEST_0_ITEMWEIGHTVALUE2\":\"   0.00000\",\"L_PAYMENTREQUEST_0_ITEMWEIGHTVALUE3\":\"   0.00000\",\"L_PAYMENTREQUEST_0_ITEMLENGTHVALUE0\":\"   0.00000\",\"L_PAYMENTREQUEST_0_ITEMLENGTHVALUE1\":\"   0.00000\",\"L_PAYMENTREQUEST_0_ITEMLENGTHVALUE2\":\"   0.00000\",\"L_PAYMENTREQUEST_0_ITEMLENGTHVALUE3\":\"   0.00000\",\"L_PAYMENTREQUEST_0_ITEMWIDTHVALUE0\":\"   0.00000\",\"L_PAYMENTREQUEST_0_ITEMWIDTHVALUE1\":\"   0.00000\",\"L_PAYMENTREQUEST_0_ITEMWIDTHVALUE2\":\"   0.00000\",\"L_PAYMENTREQUEST_0_ITEMWIDTHVALUE3\":\"   0.00000\",\"L_PAYMENTREQUEST_0_ITEMHEIGHTVALUE0\":\"   0.00000\",\"L_PAYMENTREQUEST_0_ITEMHEIGHTVALUE1\":\"   0.00000\",\"L_PAYMENTREQUEST_0_ITEMHEIGHTVALUE2\":\"   0.00000\",\"L_PAYMENTREQUEST_0_ITEMHEIGHTVALUE3\":\"   0.00000\",\"PAYMENTREQUESTINFO_0_ERRORCODE\":\"0\",\"EMAIL\":\"taras.terletskij@bimmer-tech.net\",\"PAYERID\":\"8UPWNP6FPCTCJ\",\"PAYERSTATUS\":\"verified\",\"FIRSTNAME\":\"Taras\",\"LASTNAME\":\"Terletskij\",\"COUNTRYCODE\":\"US\",\"SHIPTONAME\":\"Taras Terletskij\",\"SHIPTOSTREET\":\"1 Main St\",\"SHIPTOCITY\":\"San Jose\",\"SHIPTOSTATE\":\"CA\",\"SHIPTOZIP\":\"95131\",\"SHIPTOCOUNTRYCODE\":\"US\",\"SHIPTOCOUNTRYNAME\":\"United States\",\"ADDRESSSTATUS\":\"Confirmed\",\"INSURANCEOPTIONOFFERED\":\"false\",\"PAYMENTREQUEST_0_SELLERPAYPALACCOUNTID\":\"paypal.bimmertech-facilitator@gmail.com\",\"PAYMENTREQUEST_0_SHIPTONAME\":\"Taras Terletskij\",\"PAYMENTREQUEST_0_SHIPTOSTREET\":\"1 Main St\",\"PAYMENTREQUEST_0_SHIPTOCITY\":\"San Jose\",\"PAYMENTREQUEST_0_SHIPTOSTATE\":\"CA\",\"PAYMENTREQUEST_0_SHIPTOZIP\":\"95131\",\"PAYMENTREQUEST_0_SHIPTOCOUNTRYCODE\":\"US\",\"PAYMENTREQUEST_0_SHIPTOCOUNTRYNAME\":\"United States\",\"PAYMENTREQUEST_0_ADDRESSSTATUS\":\"Confirmed\",\"SUCCESSPAGEREDIRECTREQUESTED\":\"false\",\"INSURANCEOPTIONSELECTED\":\"false\",\"SHIPPINGOPTIONISDEFAULT\":\"false\",\"PAYMENTINFO_0_TRANSACTIONID\":\"34A8286026797873M\",\"PAYMENTINFO_0_TRANSACTIONTYPE\":\"cart\",\"PAYMENTINFO_0_PAYMENTTYPE\":\"instant\",\"PAYMENTINFO_0_ORDERTIME\":\"2019-05-16T10:14:03Z\",\"PAYMENTINFO_0_AMT\":\"1124.00\",\"PAYMENTINFO_0_FEEAMT\":\"32.90\",\"PAYMENTINFO_0_TAXAMT\":\"0.00\",\"PAYMENTINFO_0_CURRENCYCODE\":\"USD\",\"PAYMENTINFO_0_PAYMENTSTATUS\":\"Completed\",\"PAYMENTINFO_0_PENDINGREASON\":\"None\",\"PAYMENTINFO_0_REASONCODE\":\"None\",\"PAYMENTINFO_0_PROTECTIONELIGIBILITY\":\"Eligible\",\"PAYMENTINFO_0_PROTECTIONELIGIBILITYTYPE\":\"ItemNotReceivedEligible,UnauthorizedPaymentEligible\",\"PAYMENTINFO_0_SELLERPAYPALACCOUNTID\":\"paypal.bimmertech-facilitator@gmail.com\",\"PAYMENTINFO_0_ERRORCODE\":\"0\",\"PAYMENTINFO_0_ACK\":\"Success\",\"TRANSACTIONID\":\"34A8286026797873M\",\"PAYMENTREQUEST_0_TRANSACTIONID\":\"34A8286026797873M\",\"PAYMENTREQUESTINFO_0_TRANSACTIONID\":\"34A8286026797873M\",\"PAYMENTREQUEST_0_TRANSACTIONTYPE\":\"cart\",\"PAYMENTREQUEST_0_PAYMENTTYPE\":\"instant\",\"PAYMENTREQUEST_0_ORDERTIME\":\"2019-05-16T10:14:03Z\",\"PAYMENTREQUEST_0_FEEAMT\":\"32.90\",\"PAYMENTREQUEST_0_PAYMENTSTATUS\":\"Completed\",\"PAYMENTREQUEST_0_PENDINGREASON\":\"None\",\"PAYMENTREQUEST_0_REASONCODE\":\"None\"}', '2019-05-16 10:13:38', '2019-05-16 10:14:15'),
(87, 20, 728, 'USD', 116400, 'cart', '[]', '2019-05-16 10:18:09', '2019-05-16 10:18:09'),
(88, 20, 728, 'USD', 191300, 'completed', '{\"PAYMENTREQUEST_0_INVNUM\":\"728-88\",\"PAYMENTREQUEST_0_CURRENCYCODE\":\"USD\",\"PAYMENTREQUEST_0_AMT\":\"1913.00\",\"PAYMENTREQUEST_0_ITEMAMT\":\"1913.00\",\"L_PAYMENTREQUEST_0_NAME0\":\"iDrive Touch Controller Retrofit\",\"L_PAYMENTREQUEST_0_AMT0\":\"899.00\",\"L_PAYMENTREQUEST_0_QTY0\":\"1\",\"L_PAYMENTREQUEST_0_NAME1\":\"1 Year Standard Warranty\",\"L_PAYMENTREQUEST_0_AMT1\":\"0.00\",\"L_PAYMENTREQUEST_0_QTY1\":\"1\",\"L_PAYMENTREQUEST_0_NAME2\":\"Ceramic Version\",\"L_PAYMENTREQUEST_0_AMT2\":\"265.00\",\"L_PAYMENTREQUEST_0_QTY2\":\"1\",\"L_PAYMENTREQUEST_0_NAME3\":\"Front View Camera Retrofit\",\"L_PAYMENTREQUEST_0_AMT3\":\"549.00\",\"L_PAYMENTREQUEST_0_QTY3\":\"1\",\"L_PAYMENTREQUEST_0_NAME4\":\"3 Year Extended Warranty\",\"L_PAYMENTREQUEST_0_AMT4\":\"200.00\",\"L_PAYMENTREQUEST_0_QTY4\":\"1\",\"PAYMENTREQUEST_0_PAYMENTACTION\":\"Sale\",\"AUTHORIZE_TOKEN_USERACTION\":\"commit\",\"RETURNURL\":\"http:\\/\\/testshop.bimmer-tech.net\\/payment\\/capture\\/Mg1flt-_nSRzlcyd07wx-M94ctXQsm5OAa6K7SNDD8s\",\"CANCELURL\":\"http:\\/\\/testshop.bimmer-tech.net\\/payment\\/capture\\/Mg1flt-_nSRzlcyd07wx-M94ctXQsm5OAa6K7SNDD8s?cancelled=1\",\"PAYMENTREQUEST_0_NOTIFYURL\":\"http:\\/\\/testshop.bimmer-tech.net\\/payment\\/notify\\/psiQJQnaPBLj6SCiDPG21haNVJuPChJ_zTOiBltmF-w\",\"TOKEN\":\"EC-5TD40095X1675461R\",\"TIMESTAMP\":\"2019-05-16T10:18:52Z\",\"CORRELATIONID\":\"ddd5826dd192c\",\"ACK\":\"Success\",\"VERSION\":\"65.1\",\"BUILD\":\"52747458\",\"BILLINGAGREEMENTACCEPTEDSTATUS\":\"0\",\"CHECKOUTSTATUS\":\"PaymentActionCompleted\",\"CURRENCYCODE\":\"USD\",\"AMT\":\"1913.00\",\"ITEMAMT\":\"1913.00\",\"SHIPPINGAMT\":\"0.00\",\"HANDLINGAMT\":\"0.00\",\"TAXAMT\":\"0.00\",\"INVNUM\":\"728-88\",\"NOTIFYURL\":\"http:\\/\\/testshop.bimmer-tech.net\\/payment\\/notify\\/psiQJQnaPBLj6SCiDPG21haNVJuPChJ_zTOiBltmF-w\",\"INSURANCEAMT\":\"0.00\",\"SHIPDISCAMT\":\"0.00\",\"L_NAME0\":\"iDrive Touch Controller Retrofit\",\"L_NAME1\":\"1 Year Standard Warranty\",\"L_NAME2\":\"Ceramic Version\",\"L_NAME3\":\"Front View Camera Retrofit\",\"L_NAME4\":\"3 Year Extended Warranty\",\"L_QTY0\":\"1\",\"L_QTY1\":\"1\",\"L_QTY2\":\"1\",\"L_QTY3\":\"1\",\"L_QTY4\":\"1\",\"L_TAXAMT0\":\"0.00\",\"L_TAXAMT1\":\"0.00\",\"L_TAXAMT2\":\"0.00\",\"L_TAXAMT3\":\"0.00\",\"L_TAXAMT4\":\"0.00\",\"L_AMT0\":\"899.00\",\"L_AMT1\":\"0.00\",\"L_AMT2\":\"265.00\",\"L_AMT3\":\"549.00\",\"L_AMT4\":\"200.00\",\"L_ITEMWEIGHTVALUE0\":\"   0.00000\",\"L_ITEMWEIGHTVALUE1\":\"   0.00000\",\"L_ITEMWEIGHTVALUE2\":\"   0.00000\",\"L_ITEMWEIGHTVALUE3\":\"   0.00000\",\"L_ITEMWEIGHTVALUE4\":\"   0.00000\",\"L_ITEMLENGTHVALUE0\":\"   0.00000\",\"L_ITEMLENGTHVALUE1\":\"   0.00000\",\"L_ITEMLENGTHVALUE2\":\"   0.00000\",\"L_ITEMLENGTHVALUE3\":\"   0.00000\",\"L_ITEMLENGTHVALUE4\":\"   0.00000\",\"L_ITEMWIDTHVALUE0\":\"   0.00000\",\"L_ITEMWIDTHVALUE1\":\"   0.00000\",\"L_ITEMWIDTHVALUE2\":\"   0.00000\",\"L_ITEMWIDTHVALUE3\":\"   0.00000\",\"L_ITEMWIDTHVALUE4\":\"   0.00000\",\"L_ITEMHEIGHTVALUE0\":\"   0.00000\",\"L_ITEMHEIGHTVALUE1\":\"   0.00000\",\"L_ITEMHEIGHTVALUE2\":\"   0.00000\",\"L_ITEMHEIGHTVALUE3\":\"   0.00000\",\"L_ITEMHEIGHTVALUE4\":\"   0.00000\",\"PAYMENTREQUEST_0_SHIPPINGAMT\":\"0.00\",\"PAYMENTREQUEST_0_HANDLINGAMT\":\"0.00\",\"PAYMENTREQUEST_0_TAXAMT\":\"0.00\",\"PAYMENTREQUEST_0_INSURANCEAMT\":\"0.00\",\"PAYMENTREQUEST_0_SHIPDISCAMT\":\"0.00\",\"PAYMENTREQUEST_0_INSURANCEOPTIONOFFERED\":\"false\",\"L_PAYMENTREQUEST_0_TAXAMT0\":\"0.00\",\"L_PAYMENTREQUEST_0_TAXAMT1\":\"0.00\",\"L_PAYMENTREQUEST_0_TAXAMT2\":\"0.00\",\"L_PAYMENTREQUEST_0_TAXAMT3\":\"0.00\",\"L_PAYMENTREQUEST_0_TAXAMT4\":\"0.00\",\"L_PAYMENTREQUEST_0_ITEMWEIGHTVALUE0\":\"   0.00000\",\"L_PAYMENTREQUEST_0_ITEMWEIGHTVALUE1\":\"   0.00000\",\"L_PAYMENTREQUEST_0_ITEMWEIGHTVALUE2\":\"   0.00000\",\"L_PAYMENTREQUEST_0_ITEMWEIGHTVALUE3\":\"   0.00000\",\"L_PAYMENTREQUEST_0_ITEMWEIGHTVALUE4\":\"   0.00000\",\"L_PAYMENTREQUEST_0_ITEMLENGTHVALUE0\":\"   0.00000\",\"L_PAYMENTREQUEST_0_ITEMLENGTHVALUE1\":\"   0.00000\",\"L_PAYMENTREQUEST_0_ITEMLENGTHVALUE2\":\"   0.00000\",\"L_PAYMENTREQUEST_0_ITEMLENGTHVALUE3\":\"   0.00000\",\"L_PAYMENTREQUEST_0_ITEMLENGTHVALUE4\":\"   0.00000\",\"L_PAYMENTREQUEST_0_ITEMWIDTHVALUE0\":\"   0.00000\",\"L_PAYMENTREQUEST_0_ITEMWIDTHVALUE1\":\"   0.00000\",\"L_PAYMENTREQUEST_0_ITEMWIDTHVALUE2\":\"   0.00000\",\"L_PAYMENTREQUEST_0_ITEMWIDTHVALUE3\":\"   0.00000\",\"L_PAYMENTREQUEST_0_ITEMWIDTHVALUE4\":\"   0.00000\",\"L_PAYMENTREQUEST_0_ITEMHEIGHTVALUE0\":\"   0.00000\",\"L_PAYMENTREQUEST_0_ITEMHEIGHTVALUE1\":\"   0.00000\",\"L_PAYMENTREQUEST_0_ITEMHEIGHTVALUE2\":\"   0.00000\",\"L_PAYMENTREQUEST_0_ITEMHEIGHTVALUE3\":\"   0.00000\",\"L_PAYMENTREQUEST_0_ITEMHEIGHTVALUE4\":\"   0.00000\",\"PAYMENTREQUESTINFO_0_ERRORCODE\":\"0\",\"EMAIL\":\"taras.terletskij@bimmer-tech.net\",\"PAYERID\":\"8UPWNP6FPCTCJ\",\"PAYERSTATUS\":\"verified\",\"FIRSTNAME\":\"Taras\",\"LASTNAME\":\"Terletskij\",\"COUNTRYCODE\":\"US\",\"SHIPTONAME\":\"Taras Terletskij\",\"SHIPTOSTREET\":\"1 Main St\",\"SHIPTOCITY\":\"San Jose\",\"SHIPTOSTATE\":\"CA\",\"SHIPTOZIP\":\"95131\",\"SHIPTOCOUNTRYCODE\":\"US\",\"SHIPTOCOUNTRYNAME\":\"United States\",\"ADDRESSSTATUS\":\"Confirmed\",\"INSURANCEOPTIONOFFERED\":\"false\",\"PAYMENTREQUEST_0_SELLERPAYPALACCOUNTID\":\"paypal.bimmertech-facilitator@gmail.com\",\"PAYMENTREQUEST_0_SHIPTONAME\":\"Taras Terletskij\",\"PAYMENTREQUEST_0_SHIPTOSTREET\":\"1 Main St\",\"PAYMENTREQUEST_0_SHIPTOCITY\":\"San Jose\",\"PAYMENTREQUEST_0_SHIPTOSTATE\":\"CA\",\"PAYMENTREQUEST_0_SHIPTOZIP\":\"95131\",\"PAYMENTREQUEST_0_SHIPTOCOUNTRYCODE\":\"US\",\"PAYMENTREQUEST_0_SHIPTOCOUNTRYNAME\":\"United States\",\"PAYMENTREQUEST_0_ADDRESSSTATUS\":\"Confirmed\",\"SUCCESSPAGEREDIRECTREQUESTED\":\"false\",\"INSURANCEOPTIONSELECTED\":\"false\",\"SHIPPINGOPTIONISDEFAULT\":\"false\",\"PAYMENTINFO_0_TRANSACTIONID\":\"33R97148NG9904337\",\"PAYMENTINFO_0_TRANSACTIONTYPE\":\"cart\",\"PAYMENTINFO_0_PAYMENTTYPE\":\"instant\",\"PAYMENTINFO_0_ORDERTIME\":\"2019-05-16T10:18:44Z\",\"PAYMENTINFO_0_AMT\":\"1913.00\",\"PAYMENTINFO_0_FEEAMT\":\"55.78\",\"PAYMENTINFO_0_TAXAMT\":\"0.00\",\"PAYMENTINFO_0_CURRENCYCODE\":\"USD\",\"PAYMENTINFO_0_PAYMENTSTATUS\":\"Completed\",\"PAYMENTINFO_0_PENDINGREASON\":\"None\",\"PAYMENTINFO_0_REASONCODE\":\"None\",\"PAYMENTINFO_0_PROTECTIONELIGIBILITY\":\"Eligible\",\"PAYMENTINFO_0_PROTECTIONELIGIBILITYTYPE\":\"ItemNotReceivedEligible,UnauthorizedPaymentEligible\",\"PAYMENTINFO_0_SELLERPAYPALACCOUNTID\":\"paypal.bimmertech-facilitator@gmail.com\",\"PAYMENTINFO_0_ERRORCODE\":\"0\",\"PAYMENTINFO_0_ACK\":\"Success\",\"TRANSACTIONID\":\"33R97148NG9904337\",\"PAYMENTREQUEST_0_TRANSACTIONID\":\"33R97148NG9904337\",\"PAYMENTREQUESTINFO_0_TRANSACTIONID\":\"33R97148NG9904337\",\"PAYMENTREQUEST_0_TRANSACTIONTYPE\":\"cart\",\"PAYMENTREQUEST_0_PAYMENTTYPE\":\"instant\",\"PAYMENTREQUEST_0_ORDERTIME\":\"2019-05-16T10:18:44Z\",\"PAYMENTREQUEST_0_FEEAMT\":\"55.78\",\"PAYMENTREQUEST_0_PAYMENTSTATUS\":\"Completed\",\"PAYMENTREQUEST_0_PENDINGREASON\":\"None\",\"PAYMENTREQUEST_0_REASONCODE\":\"None\"}', '2019-05-16 10:18:18', '2019-05-16 10:18:54'),
(89, 20, 739, 'USD', 74900, 'completed', '{\"PAYMENTREQUEST_0_INVNUM\":\"739-89\",\"PAYMENTREQUEST_0_CURRENCYCODE\":\"USD\",\"PAYMENTREQUEST_0_AMT\":\"749.00\",\"PAYMENTREQUEST_0_ITEMAMT\":\"749.00\",\"L_PAYMENTREQUEST_0_NAME0\":\"Grill-Friendly Front View Camera for F30\",\"L_PAYMENTREQUEST_0_AMT0\":\"549.00\",\"L_PAYMENTREQUEST_0_QTY0\":\"1\",\"L_PAYMENTREQUEST_0_NAME1\":\"3 Year Extended Warranty\",\"L_PAYMENTREQUEST_0_AMT1\":\"200.00\",\"L_PAYMENTREQUEST_0_QTY1\":\"1\",\"PAYMENTREQUEST_0_PAYMENTACTION\":\"Sale\",\"AUTHORIZE_TOKEN_USERACTION\":\"commit\",\"RETURNURL\":\"http:\\/\\/testshop.bimmer-tech.net\\/payment\\/capture\\/ig-yhRvItXOj-gT3nMGIDpd01qYaYnHmbb99KBptMpU\",\"CANCELURL\":\"http:\\/\\/testshop.bimmer-tech.net\\/payment\\/capture\\/ig-yhRvItXOj-gT3nMGIDpd01qYaYnHmbb99KBptMpU?cancelled=1\",\"PAYMENTREQUEST_0_NOTIFYURL\":\"http:\\/\\/testshop.bimmer-tech.net\\/payment\\/notify\\/cJSMYjiosWo-XswUYAyCMyEA7jLs89sTdtYlMaG1yVs\",\"TOKEN\":\"EC-8DM052236R554030H\",\"TIMESTAMP\":\"2019-05-16T10:34:06Z\",\"CORRELATIONID\":\"fc49478abacfb\",\"ACK\":\"Success\",\"VERSION\":\"65.1\",\"BUILD\":\"52747458\",\"BILLINGAGREEMENTACCEPTEDSTATUS\":\"0\",\"CHECKOUTSTATUS\":\"PaymentActionCompleted\",\"CURRENCYCODE\":\"USD\",\"AMT\":\"749.00\",\"ITEMAMT\":\"749.00\",\"SHIPPINGAMT\":\"0.00\",\"HANDLINGAMT\":\"0.00\",\"TAXAMT\":\"0.00\",\"INVNUM\":\"739-89\",\"NOTIFYURL\":\"http:\\/\\/testshop.bimmer-tech.net\\/payment\\/notify\\/cJSMYjiosWo-XswUYAyCMyEA7jLs89sTdtYlMaG1yVs\",\"INSURANCEAMT\":\"0.00\",\"SHIPDISCAMT\":\"0.00\",\"L_NAME0\":\"Grill-Friendly Front View Camera for F30\",\"L_NAME1\":\"3 Year Extended Warranty\",\"L_QTY0\":\"1\",\"L_QTY1\":\"1\",\"L_TAXAMT0\":\"0.00\",\"L_TAXAMT1\":\"0.00\",\"L_AMT0\":\"549.00\",\"L_AMT1\":\"200.00\",\"L_ITEMWEIGHTVALUE0\":\"   0.00000\",\"L_ITEMWEIGHTVALUE1\":\"   0.00000\",\"L_ITEMLENGTHVALUE0\":\"   0.00000\",\"L_ITEMLENGTHVALUE1\":\"   0.00000\",\"L_ITEMWIDTHVALUE0\":\"   0.00000\",\"L_ITEMWIDTHVALUE1\":\"   0.00000\",\"L_ITEMHEIGHTVALUE0\":\"   0.00000\",\"L_ITEMHEIGHTVALUE1\":\"   0.00000\",\"PAYMENTREQUEST_0_SHIPPINGAMT\":\"0.00\",\"PAYMENTREQUEST_0_HANDLINGAMT\":\"0.00\",\"PAYMENTREQUEST_0_TAXAMT\":\"0.00\",\"PAYMENTREQUEST_0_INSURANCEAMT\":\"0.00\",\"PAYMENTREQUEST_0_SHIPDISCAMT\":\"0.00\",\"PAYMENTREQUEST_0_INSURANCEOPTIONOFFERED\":\"false\",\"L_PAYMENTREQUEST_0_TAXAMT0\":\"0.00\",\"L_PAYMENTREQUEST_0_TAXAMT1\":\"0.00\",\"L_PAYMENTREQUEST_0_ITEMWEIGHTVALUE0\":\"   0.00000\",\"L_PAYMENTREQUEST_0_ITEMWEIGHTVALUE1\":\"   0.00000\",\"L_PAYMENTREQUEST_0_ITEMLENGTHVALUE0\":\"   0.00000\",\"L_PAYMENTREQUEST_0_ITEMLENGTHVALUE1\":\"   0.00000\",\"L_PAYMENTREQUEST_0_ITEMWIDTHVALUE0\":\"   0.00000\",\"L_PAYMENTREQUEST_0_ITEMWIDTHVALUE1\":\"   0.00000\",\"L_PAYMENTREQUEST_0_ITEMHEIGHTVALUE0\":\"   0.00000\",\"L_PAYMENTREQUEST_0_ITEMHEIGHTVALUE1\":\"   0.00000\",\"PAYMENTREQUESTINFO_0_ERRORCODE\":\"0\",\"EMAIL\":\"taras.terletskij@bimmer-tech.net\",\"PAYERID\":\"8UPWNP6FPCTCJ\",\"PAYERSTATUS\":\"verified\",\"FIRSTNAME\":\"Taras\",\"LASTNAME\":\"Terletskij\",\"COUNTRYCODE\":\"US\",\"SHIPTONAME\":\"Taras Terletskij\",\"SHIPTOSTREET\":\"1 Main St\",\"SHIPTOCITY\":\"San Jose\",\"SHIPTOSTATE\":\"CA\",\"SHIPTOZIP\":\"95131\",\"SHIPTOCOUNTRYCODE\":\"US\",\"SHIPTOCOUNTRYNAME\":\"United States\",\"ADDRESSSTATUS\":\"Confirmed\",\"INSURANCEOPTIONOFFERED\":\"false\",\"PAYMENTREQUEST_0_SELLERPAYPALACCOUNTID\":\"paypal.bimmertech-facilitator@gmail.com\",\"PAYMENTREQUEST_0_SHIPTONAME\":\"Taras Terletskij\",\"PAYMENTREQUEST_0_SHIPTOSTREET\":\"1 Main St\",\"PAYMENTREQUEST_0_SHIPTOCITY\":\"San Jose\",\"PAYMENTREQUEST_0_SHIPTOSTATE\":\"CA\",\"PAYMENTREQUEST_0_SHIPTOZIP\":\"95131\",\"PAYMENTREQUEST_0_SHIPTOCOUNTRYCODE\":\"US\",\"PAYMENTREQUEST_0_SHIPTOCOUNTRYNAME\":\"United States\",\"PAYMENTREQUEST_0_ADDRESSSTATUS\":\"Confirmed\",\"SUCCESSPAGEREDIRECTREQUESTED\":\"false\",\"INSURANCEOPTIONSELECTED\":\"false\",\"SHIPPINGOPTIONISDEFAULT\":\"false\",\"PAYMENTINFO_0_TRANSACTIONID\":\"0R854862263950501\",\"PAYMENTINFO_0_TRANSACTIONTYPE\":\"cart\",\"PAYMENTINFO_0_PAYMENTTYPE\":\"instant\",\"PAYMENTINFO_0_ORDERTIME\":\"2019-05-16T10:33:55Z\",\"PAYMENTINFO_0_AMT\":\"749.00\",\"PAYMENTINFO_0_FEEAMT\":\"22.02\",\"PAYMENTINFO_0_TAXAMT\":\"0.00\",\"PAYMENTINFO_0_CURRENCYCODE\":\"USD\",\"PAYMENTINFO_0_PAYMENTSTATUS\":\"Completed\",\"PAYMENTINFO_0_PENDINGREASON\":\"None\",\"PAYMENTINFO_0_REASONCODE\":\"None\",\"PAYMENTINFO_0_PROTECTIONELIGIBILITY\":\"Eligible\",\"PAYMENTINFO_0_PROTECTIONELIGIBILITYTYPE\":\"ItemNotReceivedEligible,UnauthorizedPaymentEligible\",\"PAYMENTINFO_0_SELLERPAYPALACCOUNTID\":\"paypal.bimmertech-facilitator@gmail.com\",\"PAYMENTINFO_0_ERRORCODE\":\"0\",\"PAYMENTINFO_0_ACK\":\"Success\",\"TRANSACTIONID\":\"0R854862263950501\",\"PAYMENTREQUEST_0_TRANSACTIONID\":\"0R854862263950501\",\"PAYMENTREQUESTINFO_0_TRANSACTIONID\":\"0R854862263950501\",\"PAYMENTREQUEST_0_TRANSACTIONTYPE\":\"cart\",\"PAYMENTREQUEST_0_PAYMENTTYPE\":\"instant\",\"PAYMENTREQUEST_0_ORDERTIME\":\"2019-05-16T10:33:55Z\",\"PAYMENTREQUEST_0_FEEAMT\":\"22.02\",\"PAYMENTREQUEST_0_PAYMENTSTATUS\":\"Completed\",\"PAYMENTREQUEST_0_PENDINGREASON\":\"None\",\"PAYMENTREQUEST_0_REASONCODE\":\"None\"}', '2019-05-16 10:21:07', '2019-05-16 10:34:08');
INSERT INTO `sylius_payment` (`id`, `method_id`, `order_id`, `currency_code`, `amount`, `state`, `details`, `created_at`, `updated_at`) VALUES
(90, 20, 741, 'USD', 71399, 'completed', '{\"PAYMENTREQUEST_0_INVNUM\":\"741-90\",\"PAYMENTREQUEST_0_CURRENCYCODE\":\"USD\",\"PAYMENTREQUEST_0_AMT\":\"713.99\",\"PAYMENTREQUEST_0_ITEMAMT\":\"713.99\",\"L_PAYMENTREQUEST_0_NAME0\":\"SmartView HD Flex\",\"L_PAYMENTREQUEST_0_AMT0\":\"599.00\",\"L_PAYMENTREQUEST_0_QTY0\":\"1\",\"L_PAYMENTREQUEST_0_NAME1\":\"2 Year Extended Warranty\",\"L_PAYMENTREQUEST_0_AMT1\":\"100.00\",\"L_PAYMENTREQUEST_0_QTY1\":\"1\",\"L_PAYMENTREQUEST_0_NAME2\":\"Trim Tool Kit\",\"L_PAYMENTREQUEST_0_AMT2\":\"14.99\",\"L_PAYMENTREQUEST_0_QTY2\":\"1\",\"PAYMENTREQUEST_0_PAYMENTACTION\":\"Sale\",\"AUTHORIZE_TOKEN_USERACTION\":\"commit\",\"RETURNURL\":\"http:\\/\\/testshop.bimmer-tech.net\\/payment\\/capture\\/Ma6qspTUW3lnHOIRFoJOcI2pXqtiV1gI3uTWIsFMlrA\",\"CANCELURL\":\"http:\\/\\/testshop.bimmer-tech.net\\/payment\\/capture\\/Ma6qspTUW3lnHOIRFoJOcI2pXqtiV1gI3uTWIsFMlrA?cancelled=1\",\"PAYMENTREQUEST_0_NOTIFYURL\":\"http:\\/\\/testshop.bimmer-tech.net\\/payment\\/notify\\/I0mChYXqX9Dv2n-2RYgdJdKekFcGm0QBvpe8MrGmvWI\",\"TOKEN\":\"EC-1VH7193205050950J\",\"TIMESTAMP\":\"2019-05-16T12:54:59Z\",\"CORRELATIONID\":\"73af9a9339447\",\"ACK\":\"Success\",\"VERSION\":\"65.1\",\"BUILD\":\"52747458\",\"BILLINGAGREEMENTACCEPTEDSTATUS\":\"0\",\"CHECKOUTSTATUS\":\"PaymentActionCompleted\",\"CURRENCYCODE\":\"USD\",\"AMT\":\"713.99\",\"ITEMAMT\":\"713.99\",\"SHIPPINGAMT\":\"0.00\",\"HANDLINGAMT\":\"0.00\",\"TAXAMT\":\"0.00\",\"INVNUM\":\"741-90\",\"NOTIFYURL\":\"http:\\/\\/testshop.bimmer-tech.net\\/payment\\/notify\\/I0mChYXqX9Dv2n-2RYgdJdKekFcGm0QBvpe8MrGmvWI\",\"INSURANCEAMT\":\"0.00\",\"SHIPDISCAMT\":\"0.00\",\"L_NAME0\":\"SmartView HD Flex\",\"L_NAME1\":\"2 Year Extended Warranty\",\"L_NAME2\":\"Trim Tool Kit\",\"L_QTY0\":\"1\",\"L_QTY1\":\"1\",\"L_QTY2\":\"1\",\"L_TAXAMT0\":\"0.00\",\"L_TAXAMT1\":\"0.00\",\"L_TAXAMT2\":\"0.00\",\"L_AMT0\":\"599.00\",\"L_AMT1\":\"100.00\",\"L_AMT2\":\"14.99\",\"L_ITEMWEIGHTVALUE0\":\"   0.00000\",\"L_ITEMWEIGHTVALUE1\":\"   0.00000\",\"L_ITEMWEIGHTVALUE2\":\"   0.00000\",\"L_ITEMLENGTHVALUE0\":\"   0.00000\",\"L_ITEMLENGTHVALUE1\":\"   0.00000\",\"L_ITEMLENGTHVALUE2\":\"   0.00000\",\"L_ITEMWIDTHVALUE0\":\"   0.00000\",\"L_ITEMWIDTHVALUE1\":\"   0.00000\",\"L_ITEMWIDTHVALUE2\":\"   0.00000\",\"L_ITEMHEIGHTVALUE0\":\"   0.00000\",\"L_ITEMHEIGHTVALUE1\":\"   0.00000\",\"L_ITEMHEIGHTVALUE2\":\"   0.00000\",\"PAYMENTREQUEST_0_SHIPPINGAMT\":\"0.00\",\"PAYMENTREQUEST_0_HANDLINGAMT\":\"0.00\",\"PAYMENTREQUEST_0_TAXAMT\":\"0.00\",\"PAYMENTREQUEST_0_INSURANCEAMT\":\"0.00\",\"PAYMENTREQUEST_0_SHIPDISCAMT\":\"0.00\",\"PAYMENTREQUEST_0_INSURANCEOPTIONOFFERED\":\"false\",\"L_PAYMENTREQUEST_0_TAXAMT0\":\"0.00\",\"L_PAYMENTREQUEST_0_TAXAMT1\":\"0.00\",\"L_PAYMENTREQUEST_0_TAXAMT2\":\"0.00\",\"L_PAYMENTREQUEST_0_ITEMWEIGHTVALUE0\":\"   0.00000\",\"L_PAYMENTREQUEST_0_ITEMWEIGHTVALUE1\":\"   0.00000\",\"L_PAYMENTREQUEST_0_ITEMWEIGHTVALUE2\":\"   0.00000\",\"L_PAYMENTREQUEST_0_ITEMLENGTHVALUE0\":\"   0.00000\",\"L_PAYMENTREQUEST_0_ITEMLENGTHVALUE1\":\"   0.00000\",\"L_PAYMENTREQUEST_0_ITEMLENGTHVALUE2\":\"   0.00000\",\"L_PAYMENTREQUEST_0_ITEMWIDTHVALUE0\":\"   0.00000\",\"L_PAYMENTREQUEST_0_ITEMWIDTHVALUE1\":\"   0.00000\",\"L_PAYMENTREQUEST_0_ITEMWIDTHVALUE2\":\"   0.00000\",\"L_PAYMENTREQUEST_0_ITEMHEIGHTVALUE0\":\"   0.00000\",\"L_PAYMENTREQUEST_0_ITEMHEIGHTVALUE1\":\"   0.00000\",\"L_PAYMENTREQUEST_0_ITEMHEIGHTVALUE2\":\"   0.00000\",\"PAYMENTREQUESTINFO_0_ERRORCODE\":\"0\",\"EMAIL\":\"taras.terletskij@bimmer-tech.net\",\"PAYERID\":\"8UPWNP6FPCTCJ\",\"PAYERSTATUS\":\"verified\",\"FIRSTNAME\":\"Taras\",\"LASTNAME\":\"Terletskij\",\"COUNTRYCODE\":\"US\",\"SHIPTONAME\":\"Taras Terletskij\",\"SHIPTOSTREET\":\"1 Main St\",\"SHIPTOCITY\":\"San Jose\",\"SHIPTOSTATE\":\"CA\",\"SHIPTOZIP\":\"95131\",\"SHIPTOCOUNTRYCODE\":\"US\",\"SHIPTOCOUNTRYNAME\":\"United States\",\"ADDRESSSTATUS\":\"Confirmed\",\"INSURANCEOPTIONOFFERED\":\"false\",\"PAYMENTREQUEST_0_SELLERPAYPALACCOUNTID\":\"paypal.bimmertech-facilitator@gmail.com\",\"PAYMENTREQUEST_0_SHIPTONAME\":\"Taras Terletskij\",\"PAYMENTREQUEST_0_SHIPTOSTREET\":\"1 Main St\",\"PAYMENTREQUEST_0_SHIPTOCITY\":\"San Jose\",\"PAYMENTREQUEST_0_SHIPTOSTATE\":\"CA\",\"PAYMENTREQUEST_0_SHIPTOZIP\":\"95131\",\"PAYMENTREQUEST_0_SHIPTOCOUNTRYCODE\":\"US\",\"PAYMENTREQUEST_0_SHIPTOCOUNTRYNAME\":\"United States\",\"PAYMENTREQUEST_0_ADDRESSSTATUS\":\"Confirmed\",\"SUCCESSPAGEREDIRECTREQUESTED\":\"false\",\"INSURANCEOPTIONSELECTED\":\"false\",\"SHIPPINGOPTIONISDEFAULT\":\"false\",\"PAYMENTINFO_0_TRANSACTIONID\":\"1K8562442B271431A\",\"PAYMENTINFO_0_TRANSACTIONTYPE\":\"cart\",\"PAYMENTINFO_0_PAYMENTTYPE\":\"instant\",\"PAYMENTINFO_0_ORDERTIME\":\"2019-05-16T11:08:44Z\",\"PAYMENTINFO_0_AMT\":\"713.99\",\"PAYMENTINFO_0_FEEAMT\":\"21.01\",\"PAYMENTINFO_0_TAXAMT\":\"0.00\",\"PAYMENTINFO_0_CURRENCYCODE\":\"USD\",\"PAYMENTINFO_0_PAYMENTSTATUS\":\"Completed\",\"PAYMENTINFO_0_PENDINGREASON\":\"None\",\"PAYMENTINFO_0_REASONCODE\":\"None\",\"PAYMENTINFO_0_PROTECTIONELIGIBILITY\":\"Eligible\",\"PAYMENTINFO_0_PROTECTIONELIGIBILITYTYPE\":\"ItemNotReceivedEligible,UnauthorizedPaymentEligible\",\"PAYMENTINFO_0_SELLERPAYPALACCOUNTID\":\"paypal.bimmertech-facilitator@gmail.com\",\"PAYMENTINFO_0_ERRORCODE\":\"0\",\"PAYMENTINFO_0_ACK\":\"Success\",\"TRANSACTIONID\":\"1K8562442B271431A\",\"PAYMENTREQUEST_0_TRANSACTIONID\":\"1K8562442B271431A\",\"PAYMENTREQUESTINFO_0_TRANSACTIONID\":\"1K8562442B271431A\",\"PAYMENTREQUEST_0_TRANSACTIONTYPE\":\"cart\",\"PAYMENTREQUEST_0_PAYMENTTYPE\":\"instant\",\"PAYMENTREQUEST_0_ORDERTIME\":\"2019-05-16T11:08:44Z\",\"PAYMENTREQUEST_0_FEEAMT\":\"21.01\",\"PAYMENTREQUEST_0_PAYMENTSTATUS\":\"Refunded\",\"PAYMENTREQUEST_0_PENDINGREASON\":\"None\",\"PAYMENTREQUEST_0_REASONCODE\":\"refund\"}', '2019-05-16 11:08:08', '2019-05-16 12:55:01'),
(91, 20, 743, 'USD', 25000, 'completed', '{\"PAYMENTREQUEST_0_INVNUM\":\"743-91\",\"PAYMENTREQUEST_0_CURRENCYCODE\":\"USD\",\"PAYMENTREQUEST_0_AMT\":\"250.00\",\"PAYMENTREQUEST_0_ITEMAMT\":\"250.00\",\"L_PAYMENTREQUEST_0_NAME0\":\"BMW CIC Remote Software Activation\",\"L_PAYMENTREQUEST_0_AMT0\":\"250.00\",\"L_PAYMENTREQUEST_0_QTY0\":\"1\",\"PAYMENTREQUEST_0_PAYMENTACTION\":\"Sale\",\"AUTHORIZE_TOKEN_USERACTION\":\"commit\",\"RETURNURL\":\"http:\\/\\/testshop.bimmer-tech.net\\/payment\\/capture\\/eGQef0noTuG68nkdaZAe45GWVCPkk91pLqCpVP3kLoQ\",\"CANCELURL\":\"http:\\/\\/testshop.bimmer-tech.net\\/payment\\/capture\\/eGQef0noTuG68nkdaZAe45GWVCPkk91pLqCpVP3kLoQ?cancelled=1\",\"PAYMENTREQUEST_0_NOTIFYURL\":\"http:\\/\\/testshop.bimmer-tech.net\\/payment\\/notify\\/TNQYyB67iVFIvgN1sluHpu9lbmXLhkiSUdeuEDiwVfo\",\"TOKEN\":\"EC-2EC435404A793202K\",\"TIMESTAMP\":\"2019-05-16T12:56:05Z\",\"CORRELATIONID\":\"92e509bc6f396\",\"ACK\":\"Success\",\"VERSION\":\"65.1\",\"BUILD\":\"52747458\",\"BILLINGAGREEMENTACCEPTEDSTATUS\":\"0\",\"CHECKOUTSTATUS\":\"PaymentActionCompleted\",\"CURRENCYCODE\":\"USD\",\"AMT\":\"250.00\",\"ITEMAMT\":\"250.00\",\"SHIPPINGAMT\":\"0.00\",\"HANDLINGAMT\":\"0.00\",\"TAXAMT\":\"0.00\",\"INVNUM\":\"743-91\",\"NOTIFYURL\":\"http:\\/\\/testshop.bimmer-tech.net\\/payment\\/notify\\/TNQYyB67iVFIvgN1sluHpu9lbmXLhkiSUdeuEDiwVfo\",\"INSURANCEAMT\":\"0.00\",\"SHIPDISCAMT\":\"0.00\",\"L_NAME0\":\"BMW CIC Remote Software Activation\",\"L_QTY0\":\"1\",\"L_TAXAMT0\":\"0.00\",\"L_AMT0\":\"250.00\",\"L_ITEMWEIGHTVALUE0\":\"   0.00000\",\"L_ITEMLENGTHVALUE0\":\"   0.00000\",\"L_ITEMWIDTHVALUE0\":\"   0.00000\",\"L_ITEMHEIGHTVALUE0\":\"   0.00000\",\"PAYMENTREQUEST_0_SHIPPINGAMT\":\"0.00\",\"PAYMENTREQUEST_0_HANDLINGAMT\":\"0.00\",\"PAYMENTREQUEST_0_TAXAMT\":\"0.00\",\"PAYMENTREQUEST_0_INSURANCEAMT\":\"0.00\",\"PAYMENTREQUEST_0_SHIPDISCAMT\":\"0.00\",\"PAYMENTREQUEST_0_INSURANCEOPTIONOFFERED\":\"false\",\"L_PAYMENTREQUEST_0_TAXAMT0\":\"0.00\",\"L_PAYMENTREQUEST_0_ITEMWEIGHTVALUE0\":\"   0.00000\",\"L_PAYMENTREQUEST_0_ITEMLENGTHVALUE0\":\"   0.00000\",\"L_PAYMENTREQUEST_0_ITEMWIDTHVALUE0\":\"   0.00000\",\"L_PAYMENTREQUEST_0_ITEMHEIGHTVALUE0\":\"   0.00000\",\"PAYMENTREQUESTINFO_0_ERRORCODE\":\"0\",\"EMAIL\":\"taras.terletskij@bimmer-tech.net\",\"PAYERID\":\"8UPWNP6FPCTCJ\",\"PAYERSTATUS\":\"verified\",\"FIRSTNAME\":\"Taras\",\"LASTNAME\":\"Terletskij\",\"COUNTRYCODE\":\"US\",\"SHIPTONAME\":\"Taras Terletskij\",\"SHIPTOSTREET\":\"1 Main St\",\"SHIPTOCITY\":\"San Jose\",\"SHIPTOSTATE\":\"CA\",\"SHIPTOZIP\":\"95131\",\"SHIPTOCOUNTRYCODE\":\"US\",\"SHIPTOCOUNTRYNAME\":\"United States\",\"ADDRESSSTATUS\":\"Confirmed\",\"INSURANCEOPTIONOFFERED\":\"false\",\"PAYMENTREQUEST_0_SELLERPAYPALACCOUNTID\":\"paypal.bimmertech-facilitator@gmail.com\",\"PAYMENTREQUEST_0_SHIPTONAME\":\"Taras Terletskij\",\"PAYMENTREQUEST_0_SHIPTOSTREET\":\"1 Main St\",\"PAYMENTREQUEST_0_SHIPTOCITY\":\"San Jose\",\"PAYMENTREQUEST_0_SHIPTOSTATE\":\"CA\",\"PAYMENTREQUEST_0_SHIPTOZIP\":\"95131\",\"PAYMENTREQUEST_0_SHIPTOCOUNTRYCODE\":\"US\",\"PAYMENTREQUEST_0_SHIPTOCOUNTRYNAME\":\"United States\",\"PAYMENTREQUEST_0_ADDRESSSTATUS\":\"Confirmed\",\"SUCCESSPAGEREDIRECTREQUESTED\":\"false\",\"INSURANCEOPTIONSELECTED\":\"false\",\"SHIPPINGOPTIONISDEFAULT\":\"false\",\"PAYMENTINFO_0_TRANSACTIONID\":\"3Y6079742A0210050\",\"PAYMENTINFO_0_TRANSACTIONTYPE\":\"cart\",\"PAYMENTINFO_0_PAYMENTTYPE\":\"instant\",\"PAYMENTINFO_0_ORDERTIME\":\"2019-05-16T11:56:05Z\",\"PAYMENTINFO_0_AMT\":\"250.00\",\"PAYMENTINFO_0_FEEAMT\":\"7.55\",\"PAYMENTINFO_0_TAXAMT\":\"0.00\",\"PAYMENTINFO_0_CURRENCYCODE\":\"USD\",\"PAYMENTINFO_0_PAYMENTSTATUS\":\"Completed\",\"PAYMENTINFO_0_PENDINGREASON\":\"None\",\"PAYMENTINFO_0_REASONCODE\":\"None\",\"PAYMENTINFO_0_PROTECTIONELIGIBILITY\":\"Eligible\",\"PAYMENTINFO_0_PROTECTIONELIGIBILITYTYPE\":\"ItemNotReceivedEligible,UnauthorizedPaymentEligible\",\"PAYMENTINFO_0_SELLERPAYPALACCOUNTID\":\"paypal.bimmertech-facilitator@gmail.com\",\"PAYMENTINFO_0_ERRORCODE\":\"0\",\"PAYMENTINFO_0_ACK\":\"Success\",\"TRANSACTIONID\":\"3Y6079742A0210050\",\"PAYMENTREQUEST_0_TRANSACTIONID\":\"3Y6079742A0210050\",\"PAYMENTREQUESTINFO_0_TRANSACTIONID\":\"3Y6079742A0210050\",\"PAYMENTREQUEST_0_TRANSACTIONTYPE\":\"cart\",\"PAYMENTREQUEST_0_PAYMENTTYPE\":\"instant\",\"PAYMENTREQUEST_0_ORDERTIME\":\"2019-05-16T11:56:05Z\",\"PAYMENTREQUEST_0_FEEAMT\":\"7.55\",\"PAYMENTREQUEST_0_PAYMENTSTATUS\":\"Refunded\",\"PAYMENTREQUEST_0_PENDINGREASON\":\"None\",\"PAYMENTREQUEST_0_REASONCODE\":\"refund\"}', '2019-05-16 11:54:37', '2019-05-16 12:56:07'),
(92, 20, 744, 'USD', 179900, 'new', '{\"PAYMENTREQUEST_0_INVNUM\":\"744-92\",\"PAYMENTREQUEST_0_CURRENCYCODE\":\"USD\",\"PAYMENTREQUEST_0_AMT\":\"1799.00\",\"PAYMENTREQUEST_0_ITEMAMT\":\"1799.00\",\"L_PAYMENTREQUEST_0_NAME0\":\"NBT EVO ID4 Navigation System Retrofit\",\"L_PAYMENTREQUEST_0_AMT0\":\"1799.00\",\"L_PAYMENTREQUEST_0_QTY0\":\"1\",\"L_PAYMENTREQUEST_0_NAME1\":\"1 Year Standard Warranty\",\"L_PAYMENTREQUEST_0_AMT1\":\"0.00\",\"L_PAYMENTREQUEST_0_QTY1\":\"1\",\"PAYMENTREQUEST_0_PAYMENTACTION\":\"Sale\",\"AUTHORIZE_TOKEN_USERACTION\":\"commit\",\"RETURNURL\":\"http:\\/\\/testshop.bimmer-tech.net\\/payment\\/capture\\/JmXME3QuyoOd3BcPnRlVm5HdEPtvH011cv1GbgKi2ZM\",\"CANCELURL\":\"http:\\/\\/testshop.bimmer-tech.net\\/payment\\/capture\\/JmXME3QuyoOd3BcPnRlVm5HdEPtvH011cv1GbgKi2ZM?cancelled=1\",\"PAYMENTREQUEST_0_NOTIFYURL\":\"http:\\/\\/testshop.bimmer-tech.net\\/payment\\/notify\\/qAaBiVMF1m1bws_QptNsOHUox-eXie4Cus8L9EFn2m8\",\"TOKEN\":\"EC-3NF09076T7291742J\",\"TIMESTAMP\":\"2019-05-17T12:54:17Z\",\"CORRELATIONID\":\"e913843f9b86c\",\"ACK\":\"Success\",\"VERSION\":\"65.1\",\"BUILD\":\"52747458\",\"BILLINGAGREEMENTACCEPTEDSTATUS\":\"0\",\"CHECKOUTSTATUS\":\"PaymentActionNotInitiated\",\"CURRENCYCODE\":\"USD\",\"AMT\":\"1799.00\",\"ITEMAMT\":\"1799.00\",\"SHIPPINGAMT\":\"0.00\",\"HANDLINGAMT\":\"0.00\",\"TAXAMT\":\"0.00\",\"INVNUM\":\"744-92\",\"NOTIFYURL\":\"http:\\/\\/testshop.bimmer-tech.net\\/payment\\/notify\\/qAaBiVMF1m1bws_QptNsOHUox-eXie4Cus8L9EFn2m8\",\"INSURANCEAMT\":\"0.00\",\"SHIPDISCAMT\":\"0.00\",\"L_NAME0\":\"NBT EVO ID4 Navigation System Retrofit\",\"L_NAME1\":\"1 Year Standard Warranty\",\"L_QTY0\":\"1\",\"L_QTY1\":\"1\",\"L_TAXAMT0\":\"0.00\",\"L_TAXAMT1\":\"0.00\",\"L_AMT0\":\"1799.00\",\"L_AMT1\":\"0.00\",\"L_ITEMWEIGHTVALUE0\":\"   0.00000\",\"L_ITEMWEIGHTVALUE1\":\"   0.00000\",\"L_ITEMLENGTHVALUE0\":\"   0.00000\",\"L_ITEMLENGTHVALUE1\":\"   0.00000\",\"L_ITEMWIDTHVALUE0\":\"   0.00000\",\"L_ITEMWIDTHVALUE1\":\"   0.00000\",\"L_ITEMHEIGHTVALUE0\":\"   0.00000\",\"L_ITEMHEIGHTVALUE1\":\"   0.00000\",\"PAYMENTREQUEST_0_SHIPPINGAMT\":\"0.00\",\"PAYMENTREQUEST_0_HANDLINGAMT\":\"0.00\",\"PAYMENTREQUEST_0_TAXAMT\":\"0.00\",\"PAYMENTREQUEST_0_INSURANCEAMT\":\"0.00\",\"PAYMENTREQUEST_0_SHIPDISCAMT\":\"0.00\",\"PAYMENTREQUEST_0_INSURANCEOPTIONOFFERED\":\"false\",\"L_PAYMENTREQUEST_0_TAXAMT0\":\"0.00\",\"L_PAYMENTREQUEST_0_TAXAMT1\":\"0.00\",\"L_PAYMENTREQUEST_0_ITEMWEIGHTVALUE0\":\"   0.00000\",\"L_PAYMENTREQUEST_0_ITEMWEIGHTVALUE1\":\"   0.00000\",\"L_PAYMENTREQUEST_0_ITEMLENGTHVALUE0\":\"   0.00000\",\"L_PAYMENTREQUEST_0_ITEMLENGTHVALUE1\":\"   0.00000\",\"L_PAYMENTREQUEST_0_ITEMWIDTHVALUE0\":\"   0.00000\",\"L_PAYMENTREQUEST_0_ITEMWIDTHVALUE1\":\"   0.00000\",\"L_PAYMENTREQUEST_0_ITEMHEIGHTVALUE0\":\"   0.00000\",\"L_PAYMENTREQUEST_0_ITEMHEIGHTVALUE1\":\"   0.00000\",\"PAYMENTREQUESTINFO_0_ERRORCODE\":\"0\",\"INSURANCEOPTIONOFFERED\":\"false\",\"PAYMENTREQUEST_0_SELLERPAYPALACCOUNTID\":\"paypal.bimmertech-facilitator@gmail.com\"}', '2019-05-16 12:31:04', '2019-05-17 12:54:18'),
(93, 20, 745, 'USD', 179900, 'new', '{\"PAYMENTREQUEST_0_INVNUM\":\"745-93\",\"PAYMENTREQUEST_0_CURRENCYCODE\":\"USD\",\"PAYMENTREQUEST_0_AMT\":\"1799.00\",\"PAYMENTREQUEST_0_ITEMAMT\":\"1799.00\",\"L_PAYMENTREQUEST_0_NAME0\":\"NBT EVO ID4 Navigation System Retrofit\",\"L_PAYMENTREQUEST_0_AMT0\":\"1799.00\",\"L_PAYMENTREQUEST_0_QTY0\":\"1\",\"L_PAYMENTREQUEST_0_NAME1\":\"1 Year Standard Warranty\",\"L_PAYMENTREQUEST_0_AMT1\":\"0.00\",\"L_PAYMENTREQUEST_0_QTY1\":\"1\",\"PAYMENTREQUEST_0_PAYMENTACTION\":\"Sale\",\"AUTHORIZE_TOKEN_USERACTION\":\"commit\",\"RETURNURL\":\"http:\\/\\/testshop.bimmer-tech.net\\/payment\\/capture\\/oyuqT2rTGK2X-46SOvI3ApXcLhR9KE6Q8i-x9ImDkZ4\",\"CANCELURL\":\"http:\\/\\/testshop.bimmer-tech.net\\/payment\\/capture\\/oyuqT2rTGK2X-46SOvI3ApXcLhR9KE6Q8i-x9ImDkZ4?cancelled=1\",\"PAYMENTREQUEST_0_NOTIFYURL\":\"http:\\/\\/testshop.bimmer-tech.net\\/payment\\/notify\\/U6jOGe7kVjc0TKkAzLpkdxn_Nnqfl_jPWlwwsWS2Yow\",\"TOKEN\":\"EC-3U437808TF511371Y\",\"TIMESTAMP\":\"2019-05-17T12:54:39Z\",\"CORRELATIONID\":\"c454cf8514df5\",\"ACK\":\"Success\",\"VERSION\":\"65.1\",\"BUILD\":\"52747458\",\"BILLINGAGREEMENTACCEPTEDSTATUS\":\"0\",\"CHECKOUTSTATUS\":\"PaymentActionNotInitiated\",\"CURRENCYCODE\":\"USD\",\"AMT\":\"1799.00\",\"ITEMAMT\":\"1799.00\",\"SHIPPINGAMT\":\"0.00\",\"HANDLINGAMT\":\"0.00\",\"TAXAMT\":\"0.00\",\"INVNUM\":\"745-93\",\"NOTIFYURL\":\"http:\\/\\/testshop.bimmer-tech.net\\/payment\\/notify\\/U6jOGe7kVjc0TKkAzLpkdxn_Nnqfl_jPWlwwsWS2Yow\",\"INSURANCEAMT\":\"0.00\",\"SHIPDISCAMT\":\"0.00\",\"L_NAME0\":\"NBT EVO ID4 Navigation System Retrofit\",\"L_NAME1\":\"1 Year Standard Warranty\",\"L_QTY0\":\"1\",\"L_QTY1\":\"1\",\"L_TAXAMT0\":\"0.00\",\"L_TAXAMT1\":\"0.00\",\"L_AMT0\":\"1799.00\",\"L_AMT1\":\"0.00\",\"L_ITEMWEIGHTVALUE0\":\"   0.00000\",\"L_ITEMWEIGHTVALUE1\":\"   0.00000\",\"L_ITEMLENGTHVALUE0\":\"   0.00000\",\"L_ITEMLENGTHVALUE1\":\"   0.00000\",\"L_ITEMWIDTHVALUE0\":\"   0.00000\",\"L_ITEMWIDTHVALUE1\":\"   0.00000\",\"L_ITEMHEIGHTVALUE0\":\"   0.00000\",\"L_ITEMHEIGHTVALUE1\":\"   0.00000\",\"PAYMENTREQUEST_0_SHIPPINGAMT\":\"0.00\",\"PAYMENTREQUEST_0_HANDLINGAMT\":\"0.00\",\"PAYMENTREQUEST_0_TAXAMT\":\"0.00\",\"PAYMENTREQUEST_0_INSURANCEAMT\":\"0.00\",\"PAYMENTREQUEST_0_SHIPDISCAMT\":\"0.00\",\"PAYMENTREQUEST_0_INSURANCEOPTIONOFFERED\":\"false\",\"L_PAYMENTREQUEST_0_TAXAMT0\":\"0.00\",\"L_PAYMENTREQUEST_0_TAXAMT1\":\"0.00\",\"L_PAYMENTREQUEST_0_ITEMWEIGHTVALUE0\":\"   0.00000\",\"L_PAYMENTREQUEST_0_ITEMWEIGHTVALUE1\":\"   0.00000\",\"L_PAYMENTREQUEST_0_ITEMLENGTHVALUE0\":\"   0.00000\",\"L_PAYMENTREQUEST_0_ITEMLENGTHVALUE1\":\"   0.00000\",\"L_PAYMENTREQUEST_0_ITEMWIDTHVALUE0\":\"   0.00000\",\"L_PAYMENTREQUEST_0_ITEMWIDTHVALUE1\":\"   0.00000\",\"L_PAYMENTREQUEST_0_ITEMHEIGHTVALUE0\":\"   0.00000\",\"L_PAYMENTREQUEST_0_ITEMHEIGHTVALUE1\":\"   0.00000\",\"PAYMENTREQUESTINFO_0_ERRORCODE\":\"0\",\"INSURANCEOPTIONOFFERED\":\"false\",\"PAYMENTREQUEST_0_SELLERPAYPALACCOUNTID\":\"paypal.bimmertech-facilitator@gmail.com\"}', '2019-05-16 12:39:11', '2019-05-17 12:54:39'),
(94, 20, 746, 'USD', 83899, 'completed', '{\"PAYMENTREQUEST_0_INVNUM\":\"746-94\",\"PAYMENTREQUEST_0_CURRENCYCODE\":\"USD\",\"PAYMENTREQUEST_0_AMT\":\"838.99\",\"PAYMENTREQUEST_0_ITEMAMT\":\"838.99\",\"L_PAYMENTREQUEST_0_NAME0\":\"SmartView HD Apple TV3\",\"L_PAYMENTREQUEST_0_AMT0\":\"624.00\",\"L_PAYMENTREQUEST_0_QTY0\":\"1\",\"L_PAYMENTREQUEST_0_NAME1\":\"3 Year Extended Warranty\",\"L_PAYMENTREQUEST_0_AMT1\":\"200.00\",\"L_PAYMENTREQUEST_0_QTY1\":\"1\",\"L_PAYMENTREQUEST_0_NAME2\":\"Trim Tool Kit\",\"L_PAYMENTREQUEST_0_AMT2\":\"14.99\",\"L_PAYMENTREQUEST_0_QTY2\":\"1\",\"PAYMENTREQUEST_0_PAYMENTACTION\":\"Sale\",\"AUTHORIZE_TOKEN_USERACTION\":\"commit\",\"RETURNURL\":\"http:\\/\\/testshop.bimmer-tech.net\\/payment\\/capture\\/u5vBH5K5_XihpxKuqvNJBgc84WnpJ2gizM_mS_EggmE\",\"CANCELURL\":\"http:\\/\\/testshop.bimmer-tech.net\\/payment\\/capture\\/u5vBH5K5_XihpxKuqvNJBgc84WnpJ2gizM_mS_EggmE?cancelled=1\",\"PAYMENTREQUEST_0_NOTIFYURL\":\"http:\\/\\/testshop.bimmer-tech.net\\/payment\\/notify\\/JGmQ0Ls1SRHmXLHvW0cMY0aGWVTVSUPbdP3qDLz6Jgc\",\"TOKEN\":\"EC-63147942TB3250341\",\"TIMESTAMP\":\"2019-05-16T12:59:09Z\",\"CORRELATIONID\":\"5cee9f114b4a4\",\"ACK\":\"Success\",\"VERSION\":\"65.1\",\"BUILD\":\"52747458\",\"BILLINGAGREEMENTACCEPTEDSTATUS\":\"0\",\"CHECKOUTSTATUS\":\"PaymentActionCompleted\",\"CURRENCYCODE\":\"USD\",\"AMT\":\"838.99\",\"ITEMAMT\":\"838.99\",\"SHIPPINGAMT\":\"0.00\",\"HANDLINGAMT\":\"0.00\",\"TAXAMT\":\"0.00\",\"INVNUM\":\"746-94\",\"NOTIFYURL\":\"http:\\/\\/testshop.bimmer-tech.net\\/payment\\/notify\\/JGmQ0Ls1SRHmXLHvW0cMY0aGWVTVSUPbdP3qDLz6Jgc\",\"INSURANCEAMT\":\"0.00\",\"SHIPDISCAMT\":\"0.00\",\"L_NAME0\":\"SmartView HD Apple TV3\",\"L_NAME1\":\"3 Year Extended Warranty\",\"L_NAME2\":\"Trim Tool Kit\",\"L_QTY0\":\"1\",\"L_QTY1\":\"1\",\"L_QTY2\":\"1\",\"L_TAXAMT0\":\"0.00\",\"L_TAXAMT1\":\"0.00\",\"L_TAXAMT2\":\"0.00\",\"L_AMT0\":\"624.00\",\"L_AMT1\":\"200.00\",\"L_AMT2\":\"14.99\",\"L_ITEMWEIGHTVALUE0\":\"   0.00000\",\"L_ITEMWEIGHTVALUE1\":\"   0.00000\",\"L_ITEMWEIGHTVALUE2\":\"   0.00000\",\"L_ITEMLENGTHVALUE0\":\"   0.00000\",\"L_ITEMLENGTHVALUE1\":\"   0.00000\",\"L_ITEMLENGTHVALUE2\":\"   0.00000\",\"L_ITEMWIDTHVALUE0\":\"   0.00000\",\"L_ITEMWIDTHVALUE1\":\"   0.00000\",\"L_ITEMWIDTHVALUE2\":\"   0.00000\",\"L_ITEMHEIGHTVALUE0\":\"   0.00000\",\"L_ITEMHEIGHTVALUE1\":\"   0.00000\",\"L_ITEMHEIGHTVALUE2\":\"   0.00000\",\"PAYMENTREQUEST_0_SHIPPINGAMT\":\"0.00\",\"PAYMENTREQUEST_0_HANDLINGAMT\":\"0.00\",\"PAYMENTREQUEST_0_TAXAMT\":\"0.00\",\"PAYMENTREQUEST_0_INSURANCEAMT\":\"0.00\",\"PAYMENTREQUEST_0_SHIPDISCAMT\":\"0.00\",\"PAYMENTREQUEST_0_INSURANCEOPTIONOFFERED\":\"false\",\"L_PAYMENTREQUEST_0_TAXAMT0\":\"0.00\",\"L_PAYMENTREQUEST_0_TAXAMT1\":\"0.00\",\"L_PAYMENTREQUEST_0_TAXAMT2\":\"0.00\",\"L_PAYMENTREQUEST_0_ITEMWEIGHTVALUE0\":\"   0.00000\",\"L_PAYMENTREQUEST_0_ITEMWEIGHTVALUE1\":\"   0.00000\",\"L_PAYMENTREQUEST_0_ITEMWEIGHTVALUE2\":\"   0.00000\",\"L_PAYMENTREQUEST_0_ITEMLENGTHVALUE0\":\"   0.00000\",\"L_PAYMENTREQUEST_0_ITEMLENGTHVALUE1\":\"   0.00000\",\"L_PAYMENTREQUEST_0_ITEMLENGTHVALUE2\":\"   0.00000\",\"L_PAYMENTREQUEST_0_ITEMWIDTHVALUE0\":\"   0.00000\",\"L_PAYMENTREQUEST_0_ITEMWIDTHVALUE1\":\"   0.00000\",\"L_PAYMENTREQUEST_0_ITEMWIDTHVALUE2\":\"   0.00000\",\"L_PAYMENTREQUEST_0_ITEMHEIGHTVALUE0\":\"   0.00000\",\"L_PAYMENTREQUEST_0_ITEMHEIGHTVALUE1\":\"   0.00000\",\"L_PAYMENTREQUEST_0_ITEMHEIGHTVALUE2\":\"   0.00000\",\"PAYMENTREQUESTINFO_0_ERRORCODE\":\"0\",\"EMAIL\":\"taras.terletskij@bimmer-tech.net\",\"PAYERID\":\"8UPWNP6FPCTCJ\",\"PAYERSTATUS\":\"verified\",\"FIRSTNAME\":\"Taras\",\"LASTNAME\":\"Terletskij\",\"COUNTRYCODE\":\"US\",\"SHIPTONAME\":\"Taras Terletskij\",\"SHIPTOSTREET\":\"1 Main St\",\"SHIPTOCITY\":\"San Jose\",\"SHIPTOSTATE\":\"CA\",\"SHIPTOZIP\":\"95131\",\"SHIPTOCOUNTRYCODE\":\"US\",\"SHIPTOCOUNTRYNAME\":\"United States\",\"ADDRESSSTATUS\":\"Confirmed\",\"INSURANCEOPTIONOFFERED\":\"false\",\"PAYMENTREQUEST_0_SELLERPAYPALACCOUNTID\":\"paypal.bimmertech-facilitator@gmail.com\",\"PAYMENTREQUEST_0_SHIPTONAME\":\"Taras Terletskij\",\"PAYMENTREQUEST_0_SHIPTOSTREET\":\"1 Main St\",\"PAYMENTREQUEST_0_SHIPTOCITY\":\"San Jose\",\"PAYMENTREQUEST_0_SHIPTOSTATE\":\"CA\",\"PAYMENTREQUEST_0_SHIPTOZIP\":\"95131\",\"PAYMENTREQUEST_0_SHIPTOCOUNTRYCODE\":\"US\",\"PAYMENTREQUEST_0_SHIPTOCOUNTRYNAME\":\"United States\",\"PAYMENTREQUEST_0_ADDRESSSTATUS\":\"Confirmed\",\"SUCCESSPAGEREDIRECTREQUESTED\":\"false\",\"INSURANCEOPTIONSELECTED\":\"false\",\"SHIPPINGOPTIONISDEFAULT\":\"false\",\"PAYMENTINFO_0_TRANSACTIONID\":\"49T15555VE030304P\",\"PAYMENTINFO_0_TRANSACTIONTYPE\":\"cart\",\"PAYMENTINFO_0_PAYMENTTYPE\":\"instant\",\"PAYMENTINFO_0_ORDERTIME\":\"2019-05-16T12:59:02Z\",\"PAYMENTINFO_0_AMT\":\"838.99\",\"PAYMENTINFO_0_FEEAMT\":\"24.63\",\"PAYMENTINFO_0_TAXAMT\":\"0.00\",\"PAYMENTINFO_0_CURRENCYCODE\":\"USD\",\"PAYMENTINFO_0_PAYMENTSTATUS\":\"Completed\",\"PAYMENTINFO_0_PENDINGREASON\":\"None\",\"PAYMENTINFO_0_REASONCODE\":\"None\",\"PAYMENTINFO_0_PROTECTIONELIGIBILITY\":\"Eligible\",\"PAYMENTINFO_0_PROTECTIONELIGIBILITYTYPE\":\"ItemNotReceivedEligible,UnauthorizedPaymentEligible\",\"PAYMENTINFO_0_SELLERPAYPALACCOUNTID\":\"paypal.bimmertech-facilitator@gmail.com\",\"PAYMENTINFO_0_ERRORCODE\":\"0\",\"PAYMENTINFO_0_ACK\":\"Success\",\"TRANSACTIONID\":\"49T15555VE030304P\",\"PAYMENTREQUEST_0_TRANSACTIONID\":\"49T15555VE030304P\",\"PAYMENTREQUESTINFO_0_TRANSACTIONID\":\"49T15555VE030304P\",\"PAYMENTREQUEST_0_TRANSACTIONTYPE\":\"cart\",\"PAYMENTREQUEST_0_PAYMENTTYPE\":\"instant\",\"PAYMENTREQUEST_0_ORDERTIME\":\"2019-05-16T12:59:02Z\",\"PAYMENTREQUEST_0_FEEAMT\":\"24.63\",\"PAYMENTREQUEST_0_PAYMENTSTATUS\":\"Completed\",\"PAYMENTREQUEST_0_PENDINGREASON\":\"None\",\"PAYMENTREQUEST_0_REASONCODE\":\"None\"}', '2019-05-16 12:58:31', '2019-05-16 12:59:11'),
(95, 20, 747, 'USD', 29900, 'completed', '{\"PAYMENTREQUEST_0_INVNUM\":\"747-95\",\"PAYMENTREQUEST_0_CURRENCYCODE\":\"USD\",\"PAYMENTREQUEST_0_AMT\":\"299.00\",\"PAYMENTREQUEST_0_ITEMAMT\":\"299.00\",\"L_PAYMENTREQUEST_0_NAME0\":\"BMW CIC Remote Software Activation\",\"L_PAYMENTREQUEST_0_AMT0\":\"250.00\",\"L_PAYMENTREQUEST_0_QTY0\":\"1\",\"L_PAYMENTREQUEST_0_NAME1\":\"Coding Cable\",\"L_PAYMENTREQUEST_0_AMT1\":\"49.00\",\"L_PAYMENTREQUEST_0_QTY1\":\"1\",\"PAYMENTREQUEST_0_PAYMENTACTION\":\"Sale\",\"AUTHORIZE_TOKEN_USERACTION\":\"commit\",\"RETURNURL\":\"http:\\/\\/testshop.bimmer-tech.net\\/payment\\/capture\\/QAL_JY5nB--jbqROddlEFADAkennpLx84x9KQefL-CM\",\"CANCELURL\":\"http:\\/\\/testshop.bimmer-tech.net\\/payment\\/capture\\/QAL_JY5nB--jbqROddlEFADAkennpLx84x9KQefL-CM?cancelled=1\",\"PAYMENTREQUEST_0_NOTIFYURL\":\"http:\\/\\/testshop.bimmer-tech.net\\/payment\\/notify\\/WDGiiItVte0Tkjl8hJACCSR9fZt6vyl5ObwwCqzj4B4\",\"TOKEN\":\"EC-60503752GA678931U\",\"TIMESTAMP\":\"2019-05-16T13:10:24Z\",\"CORRELATIONID\":\"cdf0f75b8c13\",\"ACK\":\"Success\",\"VERSION\":\"65.1\",\"BUILD\":\"52747458\",\"BILLINGAGREEMENTACCEPTEDSTATUS\":\"0\",\"CHECKOUTSTATUS\":\"PaymentActionCompleted\",\"CURRENCYCODE\":\"USD\",\"AMT\":\"299.00\",\"ITEMAMT\":\"299.00\",\"SHIPPINGAMT\":\"0.00\",\"HANDLINGAMT\":\"0.00\",\"TAXAMT\":\"0.00\",\"INVNUM\":\"747-95\",\"NOTIFYURL\":\"http:\\/\\/testshop.bimmer-tech.net\\/payment\\/notify\\/WDGiiItVte0Tkjl8hJACCSR9fZt6vyl5ObwwCqzj4B4\",\"INSURANCEAMT\":\"0.00\",\"SHIPDISCAMT\":\"0.00\",\"L_NAME0\":\"BMW CIC Remote Software Activation\",\"L_NAME1\":\"Coding Cable\",\"L_QTY0\":\"1\",\"L_QTY1\":\"1\",\"L_TAXAMT0\":\"0.00\",\"L_TAXAMT1\":\"0.00\",\"L_AMT0\":\"250.00\",\"L_AMT1\":\"49.00\",\"L_ITEMWEIGHTVALUE0\":\"   0.00000\",\"L_ITEMWEIGHTVALUE1\":\"   0.00000\",\"L_ITEMLENGTHVALUE0\":\"   0.00000\",\"L_ITEMLENGTHVALUE1\":\"   0.00000\",\"L_ITEMWIDTHVALUE0\":\"   0.00000\",\"L_ITEMWIDTHVALUE1\":\"   0.00000\",\"L_ITEMHEIGHTVALUE0\":\"   0.00000\",\"L_ITEMHEIGHTVALUE1\":\"   0.00000\",\"PAYMENTREQUEST_0_SHIPPINGAMT\":\"0.00\",\"PAYMENTREQUEST_0_HANDLINGAMT\":\"0.00\",\"PAYMENTREQUEST_0_TAXAMT\":\"0.00\",\"PAYMENTREQUEST_0_INSURANCEAMT\":\"0.00\",\"PAYMENTREQUEST_0_SHIPDISCAMT\":\"0.00\",\"PAYMENTREQUEST_0_INSURANCEOPTIONOFFERED\":\"false\",\"L_PAYMENTREQUEST_0_TAXAMT0\":\"0.00\",\"L_PAYMENTREQUEST_0_TAXAMT1\":\"0.00\",\"L_PAYMENTREQUEST_0_ITEMWEIGHTVALUE0\":\"   0.00000\",\"L_PAYMENTREQUEST_0_ITEMWEIGHTVALUE1\":\"   0.00000\",\"L_PAYMENTREQUEST_0_ITEMLENGTHVALUE0\":\"   0.00000\",\"L_PAYMENTREQUEST_0_ITEMLENGTHVALUE1\":\"   0.00000\",\"L_PAYMENTREQUEST_0_ITEMWIDTHVALUE0\":\"   0.00000\",\"L_PAYMENTREQUEST_0_ITEMWIDTHVALUE1\":\"   0.00000\",\"L_PAYMENTREQUEST_0_ITEMHEIGHTVALUE0\":\"   0.00000\",\"L_PAYMENTREQUEST_0_ITEMHEIGHTVALUE1\":\"   0.00000\",\"PAYMENTREQUESTINFO_0_ERRORCODE\":\"0\",\"EMAIL\":\"taras.terletskij@bimmer-tech.net\",\"PAYERID\":\"8UPWNP6FPCTCJ\",\"PAYERSTATUS\":\"verified\",\"FIRSTNAME\":\"Taras\",\"LASTNAME\":\"Terletskij\",\"COUNTRYCODE\":\"US\",\"SHIPTONAME\":\"Taras Terletskij\",\"SHIPTOSTREET\":\"1 Main St\",\"SHIPTOCITY\":\"San Jose\",\"SHIPTOSTATE\":\"CA\",\"SHIPTOZIP\":\"95131\",\"SHIPTOCOUNTRYCODE\":\"US\",\"SHIPTOCOUNTRYNAME\":\"United States\",\"ADDRESSSTATUS\":\"Confirmed\",\"INSURANCEOPTIONOFFERED\":\"false\",\"PAYMENTREQUEST_0_SELLERPAYPALACCOUNTID\":\"paypal.bimmertech-facilitator@gmail.com\",\"PAYMENTREQUEST_0_SHIPTONAME\":\"Taras Terletskij\",\"PAYMENTREQUEST_0_SHIPTOSTREET\":\"1 Main St\",\"PAYMENTREQUEST_0_SHIPTOCITY\":\"San Jose\",\"PAYMENTREQUEST_0_SHIPTOSTATE\":\"CA\",\"PAYMENTREQUEST_0_SHIPTOZIP\":\"95131\",\"PAYMENTREQUEST_0_SHIPTOCOUNTRYCODE\":\"US\",\"PAYMENTREQUEST_0_SHIPTOCOUNTRYNAME\":\"United States\",\"PAYMENTREQUEST_0_ADDRESSSTATUS\":\"Confirmed\",\"SUCCESSPAGEREDIRECTREQUESTED\":\"false\",\"INSURANCEOPTIONSELECTED\":\"false\",\"SHIPPINGOPTIONISDEFAULT\":\"false\",\"PAYMENTINFO_0_TRANSACTIONID\":\"5XS06428TE6802038\",\"PAYMENTINFO_0_TRANSACTIONTYPE\":\"cart\",\"PAYMENTINFO_0_PAYMENTTYPE\":\"instant\",\"PAYMENTINFO_0_ORDERTIME\":\"2019-05-16T13:10:17Z\",\"PAYMENTINFO_0_AMT\":\"299.00\",\"PAYMENTINFO_0_FEEAMT\":\"8.97\",\"PAYMENTINFO_0_TAXAMT\":\"0.00\",\"PAYMENTINFO_0_CURRENCYCODE\":\"USD\",\"PAYMENTINFO_0_PAYMENTSTATUS\":\"Completed\",\"PAYMENTINFO_0_PENDINGREASON\":\"None\",\"PAYMENTINFO_0_REASONCODE\":\"None\",\"PAYMENTINFO_0_PROTECTIONELIGIBILITY\":\"Eligible\",\"PAYMENTINFO_0_PROTECTIONELIGIBILITYTYPE\":\"ItemNotReceivedEligible,UnauthorizedPaymentEligible\",\"PAYMENTINFO_0_SELLERPAYPALACCOUNTID\":\"paypal.bimmertech-facilitator@gmail.com\",\"PAYMENTINFO_0_ERRORCODE\":\"0\",\"PAYMENTINFO_0_ACK\":\"Success\",\"TRANSACTIONID\":\"5XS06428TE6802038\",\"PAYMENTREQUEST_0_TRANSACTIONID\":\"5XS06428TE6802038\",\"PAYMENTREQUESTINFO_0_TRANSACTIONID\":\"5XS06428TE6802038\",\"PAYMENTREQUEST_0_TRANSACTIONTYPE\":\"cart\",\"PAYMENTREQUEST_0_PAYMENTTYPE\":\"instant\",\"PAYMENTREQUEST_0_ORDERTIME\":\"2019-05-16T13:10:17Z\",\"PAYMENTREQUEST_0_FEEAMT\":\"8.97\",\"PAYMENTREQUEST_0_PAYMENTSTATUS\":\"Completed\",\"PAYMENTREQUEST_0_PENDINGREASON\":\"None\",\"PAYMENTREQUEST_0_REASONCODE\":\"None\"}', '2019-05-16 13:09:47', '2019-05-16 13:10:26'),
(96, 20, 748, 'USD', 29900, 'new', '{\"PAYMENTREQUEST_0_INVNUM\":\"748-96\",\"PAYMENTREQUEST_0_CURRENCYCODE\":\"USD\",\"PAYMENTREQUEST_0_AMT\":\"299.00\",\"PAYMENTREQUEST_0_ITEMAMT\":\"299.00\",\"L_PAYMENTREQUEST_0_NAME0\":\"NBT\\/NBT Evo Remote Software Activation\",\"L_PAYMENTREQUEST_0_AMT0\":\"250.00\",\"L_PAYMENTREQUEST_0_QTY0\":\"1\",\"L_PAYMENTREQUEST_0_NAME1\":\"Coding Cable\",\"L_PAYMENTREQUEST_0_AMT1\":\"49.00\",\"L_PAYMENTREQUEST_0_QTY1\":\"1\",\"PAYMENTREQUEST_0_PAYMENTACTION\":\"Sale\",\"AUTHORIZE_TOKEN_USERACTION\":\"commit\",\"RETURNURL\":\"http:\\/\\/testshop.bimmer-tech.net\\/payment\\/capture\\/QQ9UraKqrccn0KZkfEENHBeaMVjoi1JDs2KQDLA4Eb0\",\"CANCELURL\":\"http:\\/\\/testshop.bimmer-tech.net\\/payment\\/capture\\/QQ9UraKqrccn0KZkfEENHBeaMVjoi1JDs2KQDLA4Eb0?cancelled=1\",\"PAYMENTREQUEST_0_NOTIFYURL\":\"http:\\/\\/testshop.bimmer-tech.net\\/payment\\/notify\\/5Kbu7s7_D7300dJ_W-65F2U2Qt5lB_lnbEAMzWbeUw0\",\"TOKEN\":\"EC-8S826063U9745293T\",\"TIMESTAMP\":\"2019-05-16T13:18:08Z\",\"CORRELATIONID\":\"b2f082a34175\",\"ACK\":\"Success\",\"VERSION\":\"65.1\",\"BUILD\":\"52747458\",\"BILLINGAGREEMENTACCEPTEDSTATUS\":\"0\",\"CHECKOUTSTATUS\":\"PaymentActionNotInitiated\",\"CURRENCYCODE\":\"USD\",\"AMT\":\"299.00\",\"ITEMAMT\":\"299.00\",\"SHIPPINGAMT\":\"0.00\",\"HANDLINGAMT\":\"0.00\",\"TAXAMT\":\"0.00\",\"INVNUM\":\"748-96\",\"NOTIFYURL\":\"http:\\/\\/testshop.bimmer-tech.net\\/payment\\/notify\\/5Kbu7s7_D7300dJ_W-65F2U2Qt5lB_lnbEAMzWbeUw0\",\"INSURANCEAMT\":\"0.00\",\"SHIPDISCAMT\":\"0.00\",\"L_NAME0\":\"NBT\\/NBT Evo Remote Software Activation\",\"L_NAME1\":\"Coding Cable\",\"L_QTY0\":\"1\",\"L_QTY1\":\"1\",\"L_TAXAMT0\":\"0.00\",\"L_TAXAMT1\":\"0.00\",\"L_AMT0\":\"250.00\",\"L_AMT1\":\"49.00\",\"L_ITEMWEIGHTVALUE0\":\"   0.00000\",\"L_ITEMWEIGHTVALUE1\":\"   0.00000\",\"L_ITEMLENGTHVALUE0\":\"   0.00000\",\"L_ITEMLENGTHVALUE1\":\"   0.00000\",\"L_ITEMWIDTHVALUE0\":\"   0.00000\",\"L_ITEMWIDTHVALUE1\":\"   0.00000\",\"L_ITEMHEIGHTVALUE0\":\"   0.00000\",\"L_ITEMHEIGHTVALUE1\":\"   0.00000\",\"PAYMENTREQUEST_0_SHIPPINGAMT\":\"0.00\",\"PAYMENTREQUEST_0_HANDLINGAMT\":\"0.00\",\"PAYMENTREQUEST_0_TAXAMT\":\"0.00\",\"PAYMENTREQUEST_0_INSURANCEAMT\":\"0.00\",\"PAYMENTREQUEST_0_SHIPDISCAMT\":\"0.00\",\"PAYMENTREQUEST_0_INSURANCEOPTIONOFFERED\":\"false\",\"L_PAYMENTREQUEST_0_TAXAMT0\":\"0.00\",\"L_PAYMENTREQUEST_0_TAXAMT1\":\"0.00\",\"L_PAYMENTREQUEST_0_ITEMWEIGHTVALUE0\":\"   0.00000\",\"L_PAYMENTREQUEST_0_ITEMWEIGHTVALUE1\":\"   0.00000\",\"L_PAYMENTREQUEST_0_ITEMLENGTHVALUE0\":\"   0.00000\",\"L_PAYMENTREQUEST_0_ITEMLENGTHVALUE1\":\"   0.00000\",\"L_PAYMENTREQUEST_0_ITEMWIDTHVALUE0\":\"   0.00000\",\"L_PAYMENTREQUEST_0_ITEMWIDTHVALUE1\":\"   0.00000\",\"L_PAYMENTREQUEST_0_ITEMHEIGHTVALUE0\":\"   0.00000\",\"L_PAYMENTREQUEST_0_ITEMHEIGHTVALUE1\":\"   0.00000\",\"PAYMENTREQUESTINFO_0_ERRORCODE\":\"0\",\"INSURANCEOPTIONOFFERED\":\"false\",\"PAYMENTREQUEST_0_SELLERPAYPALACCOUNTID\":\"paypal.bimmertech-facilitator@gmail.com\"}', '2019-05-16 13:11:13', '2019-05-16 13:18:08'),
(97, 20, 749, 'USD', 56499, 'completed', '{\"PAYMENTREQUEST_0_INVNUM\":\"749-97\",\"PAYMENTREQUEST_0_CURRENCYCODE\":\"USD\",\"PAYMENTREQUEST_0_AMT\":\"564.99\",\"PAYMENTREQUEST_0_ITEMAMT\":\"564.99\",\"L_PAYMENTREQUEST_0_NAME0\":\"SmartView HD Apple TV4\",\"L_PAYMENTREQUEST_0_AMT0\":\"350.00\",\"L_PAYMENTREQUEST_0_QTY0\":\"1\",\"L_PAYMENTREQUEST_0_NAME1\":\"3 Year Extended Warranty\",\"L_PAYMENTREQUEST_0_AMT1\":\"200.00\",\"L_PAYMENTREQUEST_0_QTY1\":\"1\",\"L_PAYMENTREQUEST_0_NAME2\":\"Trim Tool Kit\",\"L_PAYMENTREQUEST_0_AMT2\":\"14.99\",\"L_PAYMENTREQUEST_0_QTY2\":\"1\",\"PAYMENTREQUEST_0_PAYMENTACTION\":\"Sale\",\"AUTHORIZE_TOKEN_USERACTION\":\"commit\",\"RETURNURL\":\"http:\\/\\/testshop.bimmer-tech.net\\/payment\\/capture\\/FGdMo13e2VJPxoTsI3XlIQ7rcc_-zOVKGbOmPpVsTME\",\"CANCELURL\":\"http:\\/\\/testshop.bimmer-tech.net\\/payment\\/capture\\/FGdMo13e2VJPxoTsI3XlIQ7rcc_-zOVKGbOmPpVsTME?cancelled=1\",\"PAYMENTREQUEST_0_NOTIFYURL\":\"http:\\/\\/testshop.bimmer-tech.net\\/payment\\/notify\\/me3gzwUvyBfKUBt79ej4DJdwWTW1BQR4PnsyeM9X2EI\",\"TOKEN\":\"EC-9RJ27111L89064828\",\"TIMESTAMP\":\"2019-05-16T13:24:08Z\",\"CORRELATIONID\":\"faa25ef0ebd52\",\"ACK\":\"Success\",\"VERSION\":\"65.1\",\"BUILD\":\"52747458\",\"BILLINGAGREEMENTACCEPTEDSTATUS\":\"0\",\"CHECKOUTSTATUS\":\"PaymentActionCompleted\",\"CURRENCYCODE\":\"USD\",\"AMT\":\"564.99\",\"ITEMAMT\":\"564.99\",\"SHIPPINGAMT\":\"0.00\",\"HANDLINGAMT\":\"0.00\",\"TAXAMT\":\"0.00\",\"INVNUM\":\"749-97\",\"NOTIFYURL\":\"http:\\/\\/testshop.bimmer-tech.net\\/payment\\/notify\\/me3gzwUvyBfKUBt79ej4DJdwWTW1BQR4PnsyeM9X2EI\",\"INSURANCEAMT\":\"0.00\",\"SHIPDISCAMT\":\"0.00\",\"L_NAME0\":\"SmartView HD Apple TV4\",\"L_NAME1\":\"3 Year Extended Warranty\",\"L_NAME2\":\"Trim Tool Kit\",\"L_QTY0\":\"1\",\"L_QTY1\":\"1\",\"L_QTY2\":\"1\",\"L_TAXAMT0\":\"0.00\",\"L_TAXAMT1\":\"0.00\",\"L_TAXAMT2\":\"0.00\",\"L_AMT0\":\"350.00\",\"L_AMT1\":\"200.00\",\"L_AMT2\":\"14.99\",\"L_ITEMWEIGHTVALUE0\":\"   0.00000\",\"L_ITEMWEIGHTVALUE1\":\"   0.00000\",\"L_ITEMWEIGHTVALUE2\":\"   0.00000\",\"L_ITEMLENGTHVALUE0\":\"   0.00000\",\"L_ITEMLENGTHVALUE1\":\"   0.00000\",\"L_ITEMLENGTHVALUE2\":\"   0.00000\",\"L_ITEMWIDTHVALUE0\":\"   0.00000\",\"L_ITEMWIDTHVALUE1\":\"   0.00000\",\"L_ITEMWIDTHVALUE2\":\"   0.00000\",\"L_ITEMHEIGHTVALUE0\":\"   0.00000\",\"L_ITEMHEIGHTVALUE1\":\"   0.00000\",\"L_ITEMHEIGHTVALUE2\":\"   0.00000\",\"PAYMENTREQUEST_0_SHIPPINGAMT\":\"0.00\",\"PAYMENTREQUEST_0_HANDLINGAMT\":\"0.00\",\"PAYMENTREQUEST_0_TAXAMT\":\"0.00\",\"PAYMENTREQUEST_0_INSURANCEAMT\":\"0.00\",\"PAYMENTREQUEST_0_SHIPDISCAMT\":\"0.00\",\"PAYMENTREQUEST_0_INSURANCEOPTIONOFFERED\":\"false\",\"L_PAYMENTREQUEST_0_TAXAMT0\":\"0.00\",\"L_PAYMENTREQUEST_0_TAXAMT1\":\"0.00\",\"L_PAYMENTREQUEST_0_TAXAMT2\":\"0.00\",\"L_PAYMENTREQUEST_0_ITEMWEIGHTVALUE0\":\"   0.00000\",\"L_PAYMENTREQUEST_0_ITEMWEIGHTVALUE1\":\"   0.00000\",\"L_PAYMENTREQUEST_0_ITEMWEIGHTVALUE2\":\"   0.00000\",\"L_PAYMENTREQUEST_0_ITEMLENGTHVALUE0\":\"   0.00000\",\"L_PAYMENTREQUEST_0_ITEMLENGTHVALUE1\":\"   0.00000\",\"L_PAYMENTREQUEST_0_ITEMLENGTHVALUE2\":\"   0.00000\",\"L_PAYMENTREQUEST_0_ITEMWIDTHVALUE0\":\"   0.00000\",\"L_PAYMENTREQUEST_0_ITEMWIDTHVALUE1\":\"   0.00000\",\"L_PAYMENTREQUEST_0_ITEMWIDTHVALUE2\":\"   0.00000\",\"L_PAYMENTREQUEST_0_ITEMHEIGHTVALUE0\":\"   0.00000\",\"L_PAYMENTREQUEST_0_ITEMHEIGHTVALUE1\":\"   0.00000\",\"L_PAYMENTREQUEST_0_ITEMHEIGHTVALUE2\":\"   0.00000\",\"PAYMENTREQUESTINFO_0_ERRORCODE\":\"0\",\"EMAIL\":\"taras.terletskij@bimmer-tech.net\",\"PAYERID\":\"8UPWNP6FPCTCJ\",\"PAYERSTATUS\":\"verified\",\"FIRSTNAME\":\"Taras\",\"LASTNAME\":\"Terletskij\",\"COUNTRYCODE\":\"US\",\"SHIPTONAME\":\"Taras Terletskij\",\"SHIPTOSTREET\":\"1 Main St\",\"SHIPTOCITY\":\"San Jose\",\"SHIPTOSTATE\":\"CA\",\"SHIPTOZIP\":\"95131\",\"SHIPTOCOUNTRYCODE\":\"US\",\"SHIPTOCOUNTRYNAME\":\"United States\",\"ADDRESSSTATUS\":\"Confirmed\",\"INSURANCEOPTIONOFFERED\":\"false\",\"PAYMENTREQUEST_0_SELLERPAYPALACCOUNTID\":\"paypal.bimmertech-facilitator@gmail.com\",\"PAYMENTREQUEST_0_SHIPTONAME\":\"Taras Terletskij\",\"PAYMENTREQUEST_0_SHIPTOSTREET\":\"1 Main St\",\"PAYMENTREQUEST_0_SHIPTOCITY\":\"San Jose\",\"PAYMENTREQUEST_0_SHIPTOSTATE\":\"CA\",\"PAYMENTREQUEST_0_SHIPTOZIP\":\"95131\",\"PAYMENTREQUEST_0_SHIPTOCOUNTRYCODE\":\"US\",\"PAYMENTREQUEST_0_SHIPTOCOUNTRYNAME\":\"United States\",\"PAYMENTREQUEST_0_ADDRESSSTATUS\":\"Confirmed\",\"SUCCESSPAGEREDIRECTREQUESTED\":\"false\",\"INSURANCEOPTIONSELECTED\":\"false\",\"SHIPPINGOPTIONISDEFAULT\":\"false\",\"PAYMENTINFO_0_TRANSACTIONID\":\"85941246RL0320120\",\"PAYMENTINFO_0_TRANSACTIONTYPE\":\"cart\",\"PAYMENTINFO_0_PAYMENTTYPE\":\"instant\",\"PAYMENTINFO_0_ORDERTIME\":\"2019-05-16T13:24:00Z\",\"PAYMENTINFO_0_AMT\":\"564.99\",\"PAYMENTINFO_0_FEEAMT\":\"16.68\",\"PAYMENTINFO_0_TAXAMT\":\"0.00\",\"PAYMENTINFO_0_CURRENCYCODE\":\"USD\",\"PAYMENTINFO_0_PAYMENTSTATUS\":\"Completed\",\"PAYMENTINFO_0_PENDINGREASON\":\"None\",\"PAYMENTINFO_0_REASONCODE\":\"None\",\"PAYMENTINFO_0_PROTECTIONELIGIBILITY\":\"Eligible\",\"PAYMENTINFO_0_PROTECTIONELIGIBILITYTYPE\":\"ItemNotReceivedEligible,UnauthorizedPaymentEligible\",\"PAYMENTINFO_0_SELLERPAYPALACCOUNTID\":\"paypal.bimmertech-facilitator@gmail.com\",\"PAYMENTINFO_0_ERRORCODE\":\"0\",\"PAYMENTINFO_0_ACK\":\"Success\",\"TRANSACTIONID\":\"85941246RL0320120\",\"PAYMENTREQUEST_0_TRANSACTIONID\":\"85941246RL0320120\",\"PAYMENTREQUESTINFO_0_TRANSACTIONID\":\"85941246RL0320120\",\"PAYMENTREQUEST_0_TRANSACTIONTYPE\":\"cart\",\"PAYMENTREQUEST_0_PAYMENTTYPE\":\"instant\",\"PAYMENTREQUEST_0_ORDERTIME\":\"2019-05-16T13:24:00Z\",\"PAYMENTREQUEST_0_FEEAMT\":\"16.68\",\"PAYMENTREQUEST_0_PAYMENTSTATUS\":\"Completed\",\"PAYMENTREQUEST_0_PENDINGREASON\":\"None\",\"PAYMENTREQUEST_0_REASONCODE\":\"None\"}', '2019-05-16 13:23:07', '2019-05-16 13:24:09'),
(98, 20, 750, 'USD', 229800, 'completed', '{\"PAYMENTREQUEST_0_INVNUM\":\"750-98\",\"PAYMENTREQUEST_0_CURRENCYCODE\":\"USD\",\"PAYMENTREQUEST_0_AMT\":\"2298.00\",\"PAYMENTREQUEST_0_ITEMAMT\":\"2298.00\",\"L_PAYMENTREQUEST_0_NAME0\":\"SmartView HD Flex\",\"L_PAYMENTREQUEST_0_AMT0\":\"599.00\",\"L_PAYMENTREQUEST_0_QTY0\":\"1\",\"L_PAYMENTREQUEST_0_NAME1\":\"1 Year Standard Warranty\",\"L_PAYMENTREQUEST_0_AMT1\":\"0.00\",\"L_PAYMENTREQUEST_0_QTY1\":\"1\",\"L_PAYMENTREQUEST_0_NAME2\":\"VividScreen\",\"L_PAYMENTREQUEST_0_AMT2\":\"200.00\",\"L_PAYMENTREQUEST_0_QTY2\":\"1\",\"L_PAYMENTREQUEST_0_NAME3\":\"Rear View Camera\",\"L_PAYMENTREQUEST_0_AMT3\":\"300.00\",\"L_PAYMENTREQUEST_0_QTY3\":\"1\",\"L_PAYMENTREQUEST_0_NAME4\":\"6WA Hybrid Instrument Cluster\",\"L_PAYMENTREQUEST_0_AMT4\":\"1199.00\",\"L_PAYMENTREQUEST_0_QTY4\":\"1\",\"L_PAYMENTREQUEST_0_NAME5\":\"1 Year Standard Warranty\",\"L_PAYMENTREQUEST_0_AMT5\":\"0.00\",\"L_PAYMENTREQUEST_0_QTY5\":\"1\",\"PAYMENTREQUEST_0_PAYMENTACTION\":\"Sale\",\"AUTHORIZE_TOKEN_USERACTION\":\"commit\",\"RETURNURL\":\"http:\\/\\/testshop.bimmer-tech.net\\/payment\\/capture\\/47meo91iX1rp0goG1PuslYKpd7UOG92qkoPE5Ji1Y6Y\",\"CANCELURL\":\"http:\\/\\/testshop.bimmer-tech.net\\/payment\\/capture\\/47meo91iX1rp0goG1PuslYKpd7UOG92qkoPE5Ji1Y6Y?cancelled=1\",\"PAYMENTREQUEST_0_NOTIFYURL\":\"http:\\/\\/testshop.bimmer-tech.net\\/payment\\/notify\\/MhbSK1BuvDhITOpM4eSS4BREWssdhvp5vvMxnbzDy70\",\"TOKEN\":\"EC-99R6107840696850L\",\"TIMESTAMP\":\"2019-05-16T13:39:42Z\",\"CORRELATIONID\":\"51fd30a2e0314\",\"ACK\":\"Success\",\"VERSION\":\"65.1\",\"BUILD\":\"52747458\",\"BILLINGAGREEMENTACCEPTEDSTATUS\":\"0\",\"CHECKOUTSTATUS\":\"PaymentActionCompleted\",\"CURRENCYCODE\":\"USD\",\"AMT\":\"2298.00\",\"ITEMAMT\":\"2298.00\",\"SHIPPINGAMT\":\"0.00\",\"HANDLINGAMT\":\"0.00\",\"TAXAMT\":\"0.00\",\"INVNUM\":\"750-98\",\"NOTIFYURL\":\"http:\\/\\/testshop.bimmer-tech.net\\/payment\\/notify\\/MhbSK1BuvDhITOpM4eSS4BREWssdhvp5vvMxnbzDy70\",\"INSURANCEAMT\":\"0.00\",\"SHIPDISCAMT\":\"0.00\",\"L_NAME0\":\"SmartView HD Flex\",\"L_NAME1\":\"1 Year Standard Warranty\",\"L_NAME2\":\"VividScreen\",\"L_NAME3\":\"Rear View Camera\",\"L_NAME4\":\"6WA Hybrid Instrument Cluster\",\"L_NAME5\":\"1 Year Standard Warranty\",\"L_QTY0\":\"1\",\"L_QTY1\":\"1\",\"L_QTY2\":\"1\",\"L_QTY3\":\"1\",\"L_QTY4\":\"1\",\"L_QTY5\":\"1\",\"L_TAXAMT0\":\"0.00\",\"L_TAXAMT1\":\"0.00\",\"L_TAXAMT2\":\"0.00\",\"L_TAXAMT3\":\"0.00\",\"L_TAXAMT4\":\"0.00\",\"L_TAXAMT5\":\"0.00\",\"L_AMT0\":\"599.00\",\"L_AMT1\":\"0.00\",\"L_AMT2\":\"200.00\",\"L_AMT3\":\"300.00\",\"L_AMT4\":\"1199.00\",\"L_AMT5\":\"0.00\",\"L_ITEMWEIGHTVALUE0\":\"   0.00000\",\"L_ITEMWEIGHTVALUE1\":\"   0.00000\",\"L_ITEMWEIGHTVALUE2\":\"   0.00000\",\"L_ITEMWEIGHTVALUE3\":\"   0.00000\",\"L_ITEMWEIGHTVALUE4\":\"   0.00000\",\"L_ITEMWEIGHTVALUE5\":\"   0.00000\",\"L_ITEMLENGTHVALUE0\":\"   0.00000\",\"L_ITEMLENGTHVALUE1\":\"   0.00000\",\"L_ITEMLENGTHVALUE2\":\"   0.00000\",\"L_ITEMLENGTHVALUE3\":\"   0.00000\",\"L_ITEMLENGTHVALUE4\":\"   0.00000\",\"L_ITEMLENGTHVALUE5\":\"   0.00000\",\"L_ITEMWIDTHVALUE0\":\"   0.00000\",\"L_ITEMWIDTHVALUE1\":\"   0.00000\",\"L_ITEMWIDTHVALUE2\":\"   0.00000\",\"L_ITEMWIDTHVALUE3\":\"   0.00000\",\"L_ITEMWIDTHVALUE4\":\"   0.00000\",\"L_ITEMWIDTHVALUE5\":\"   0.00000\",\"L_ITEMHEIGHTVALUE0\":\"   0.00000\",\"L_ITEMHEIGHTVALUE1\":\"   0.00000\",\"L_ITEMHEIGHTVALUE2\":\"   0.00000\",\"L_ITEMHEIGHTVALUE3\":\"   0.00000\",\"L_ITEMHEIGHTVALUE4\":\"   0.00000\",\"L_ITEMHEIGHTVALUE5\":\"   0.00000\",\"PAYMENTREQUEST_0_SHIPPINGAMT\":\"0.00\",\"PAYMENTREQUEST_0_HANDLINGAMT\":\"0.00\",\"PAYMENTREQUEST_0_TAXAMT\":\"0.00\",\"PAYMENTREQUEST_0_INSURANCEAMT\":\"0.00\",\"PAYMENTREQUEST_0_SHIPDISCAMT\":\"0.00\",\"PAYMENTREQUEST_0_INSURANCEOPTIONOFFERED\":\"false\",\"L_PAYMENTREQUEST_0_TAXAMT0\":\"0.00\",\"L_PAYMENTREQUEST_0_TAXAMT1\":\"0.00\",\"L_PAYMENTREQUEST_0_TAXAMT2\":\"0.00\",\"L_PAYMENTREQUEST_0_TAXAMT3\":\"0.00\",\"L_PAYMENTREQUEST_0_TAXAMT4\":\"0.00\",\"L_PAYMENTREQUEST_0_TAXAMT5\":\"0.00\",\"L_PAYMENTREQUEST_0_ITEMWEIGHTVALUE0\":\"   0.00000\",\"L_PAYMENTREQUEST_0_ITEMWEIGHTVALUE1\":\"   0.00000\",\"L_PAYMENTREQUEST_0_ITEMWEIGHTVALUE2\":\"   0.00000\",\"L_PAYMENTREQUEST_0_ITEMWEIGHTVALUE3\":\"   0.00000\",\"L_PAYMENTREQUEST_0_ITEMWEIGHTVALUE4\":\"   0.00000\",\"L_PAYMENTREQUEST_0_ITEMWEIGHTVALUE5\":\"   0.00000\",\"L_PAYMENTREQUEST_0_ITEMLENGTHVALUE0\":\"   0.00000\",\"L_PAYMENTREQUEST_0_ITEMLENGTHVALUE1\":\"   0.00000\",\"L_PAYMENTREQUEST_0_ITEMLENGTHVALUE2\":\"   0.00000\",\"L_PAYMENTREQUEST_0_ITEMLENGTHVALUE3\":\"   0.00000\",\"L_PAYMENTREQUEST_0_ITEMLENGTHVALUE4\":\"   0.00000\",\"L_PAYMENTREQUEST_0_ITEMLENGTHVALUE5\":\"   0.00000\",\"L_PAYMENTREQUEST_0_ITEMWIDTHVALUE0\":\"   0.00000\",\"L_PAYMENTREQUEST_0_ITEMWIDTHVALUE1\":\"   0.00000\",\"L_PAYMENTREQUEST_0_ITEMWIDTHVALUE2\":\"   0.00000\",\"L_PAYMENTREQUEST_0_ITEMWIDTHVALUE3\":\"   0.00000\",\"L_PAYMENTREQUEST_0_ITEMWIDTHVALUE4\":\"   0.00000\",\"L_PAYMENTREQUEST_0_ITEMWIDTHVALUE5\":\"   0.00000\",\"L_PAYMENTREQUEST_0_ITEMHEIGHTVALUE0\":\"   0.00000\",\"L_PAYMENTREQUEST_0_ITEMHEIGHTVALUE1\":\"   0.00000\",\"L_PAYMENTREQUEST_0_ITEMHEIGHTVALUE2\":\"   0.00000\",\"L_PAYMENTREQUEST_0_ITEMHEIGHTVALUE3\":\"   0.00000\",\"L_PAYMENTREQUEST_0_ITEMHEIGHTVALUE4\":\"   0.00000\",\"L_PAYMENTREQUEST_0_ITEMHEIGHTVALUE5\":\"   0.00000\",\"PAYMENTREQUESTINFO_0_ERRORCODE\":\"0\",\"EMAIL\":\"taras.terletskij@bimmer-tech.net\",\"PAYERID\":\"8UPWNP6FPCTCJ\",\"PAYERSTATUS\":\"verified\",\"FIRSTNAME\":\"Taras\",\"LASTNAME\":\"Terletskij\",\"COUNTRYCODE\":\"US\",\"SHIPTONAME\":\"Taras Terletskij\",\"SHIPTOSTREET\":\"1 Main St\",\"SHIPTOCITY\":\"San Jose\",\"SHIPTOSTATE\":\"CA\",\"SHIPTOZIP\":\"95131\",\"SHIPTOCOUNTRYCODE\":\"US\",\"SHIPTOCOUNTRYNAME\":\"United States\",\"ADDRESSSTATUS\":\"Confirmed\",\"INSURANCEOPTIONOFFERED\":\"false\",\"PAYMENTREQUEST_0_SELLERPAYPALACCOUNTID\":\"paypal.bimmertech-facilitator@gmail.com\",\"PAYMENTREQUEST_0_SHIPTONAME\":\"Taras Terletskij\",\"PAYMENTREQUEST_0_SHIPTOSTREET\":\"1 Main St\",\"PAYMENTREQUEST_0_SHIPTOCITY\":\"San Jose\",\"PAYMENTREQUEST_0_SHIPTOSTATE\":\"CA\",\"PAYMENTREQUEST_0_SHIPTOZIP\":\"95131\",\"PAYMENTREQUEST_0_SHIPTOCOUNTRYCODE\":\"US\",\"PAYMENTREQUEST_0_SHIPTOCOUNTRYNAME\":\"United States\",\"PAYMENTREQUEST_0_ADDRESSSTATUS\":\"Confirmed\",\"SUCCESSPAGEREDIRECTREQUESTED\":\"false\",\"INSURANCEOPTIONSELECTED\":\"false\",\"SHIPPINGOPTIONISDEFAULT\":\"false\",\"PAYMENTINFO_0_TRANSACTIONID\":\"5US39141LV550603V\",\"PAYMENTINFO_0_TRANSACTIONTYPE\":\"cart\",\"PAYMENTINFO_0_PAYMENTTYPE\":\"instant\",\"PAYMENTINFO_0_ORDERTIME\":\"2019-05-16T13:39:34Z\",\"PAYMENTINFO_0_AMT\":\"2298.00\",\"PAYMENTINFO_0_FEEAMT\":\"66.94\",\"PAYMENTINFO_0_TAXAMT\":\"0.00\",\"PAYMENTINFO_0_CURRENCYCODE\":\"USD\",\"PAYMENTINFO_0_PAYMENTSTATUS\":\"Completed\",\"PAYMENTINFO_0_PENDINGREASON\":\"None\",\"PAYMENTINFO_0_REASONCODE\":\"None\",\"PAYMENTINFO_0_PROTECTIONELIGIBILITY\":\"Eligible\",\"PAYMENTINFO_0_PROTECTIONELIGIBILITYTYPE\":\"ItemNotReceivedEligible,UnauthorizedPaymentEligible\",\"PAYMENTINFO_0_SELLERPAYPALACCOUNTID\":\"paypal.bimmertech-facilitator@gmail.com\",\"PAYMENTINFO_0_ERRORCODE\":\"0\",\"PAYMENTINFO_0_ACK\":\"Success\",\"TRANSACTIONID\":\"5US39141LV550603V\",\"PAYMENTREQUEST_0_TRANSACTIONID\":\"5US39141LV550603V\",\"PAYMENTREQUESTINFO_0_TRANSACTIONID\":\"5US39141LV550603V\",\"PAYMENTREQUEST_0_TRANSACTIONTYPE\":\"cart\",\"PAYMENTREQUEST_0_PAYMENTTYPE\":\"instant\",\"PAYMENTREQUEST_0_ORDERTIME\":\"2019-05-16T13:39:34Z\",\"PAYMENTREQUEST_0_FEEAMT\":\"66.94\",\"PAYMENTREQUEST_0_PAYMENTSTATUS\":\"Completed\",\"PAYMENTREQUEST_0_PENDINGREASON\":\"None\",\"PAYMENTREQUEST_0_REASONCODE\":\"None\"}', '2019-05-16 13:38:36', '2019-05-16 13:39:43'),
(99, 20, 751, 'USD', 69900, 'completed', '{\"PAYMENTREQUEST_0_INVNUM\":\"751-99\",\"PAYMENTREQUEST_0_CURRENCYCODE\":\"USD\",\"PAYMENTREQUEST_0_AMT\":\"699.00\",\"PAYMENTREQUEST_0_ITEMAMT\":\"699.00\",\"L_PAYMENTREQUEST_0_NAME0\":\"SmartView HD Apple TV4\",\"L_PAYMENTREQUEST_0_AMT0\":\"699.00\",\"L_PAYMENTREQUEST_0_QTY0\":\"1\",\"L_PAYMENTREQUEST_0_NAME1\":\"1 Year Standard Warranty\",\"L_PAYMENTREQUEST_0_AMT1\":\"0.00\",\"L_PAYMENTREQUEST_0_QTY1\":\"1\",\"PAYMENTREQUEST_0_PAYMENTACTION\":\"Sale\",\"AUTHORIZE_TOKEN_USERACTION\":\"commit\",\"RETURNURL\":\"http:\\/\\/testshop.bimmer-tech.net\\/payment\\/capture\\/3KzKjd71t-TfUntGRrz0CAwbG1Xt12DvTBFLjJ6FUFc\",\"CANCELURL\":\"http:\\/\\/testshop.bimmer-tech.net\\/payment\\/capture\\/3KzKjd71t-TfUntGRrz0CAwbG1Xt12DvTBFLjJ6FUFc?cancelled=1\",\"PAYMENTREQUEST_0_NOTIFYURL\":\"http:\\/\\/testshop.bimmer-tech.net\\/payment\\/notify\\/yP73YjfWl2_Y-BEjOg_M5BjTgHE8BLcAreFMTru0f_k\",\"TOKEN\":\"EC-98N43558EX310501F\",\"TIMESTAMP\":\"2019-05-17T07:29:16Z\",\"CORRELATIONID\":\"b9dd05f4d136b\",\"ACK\":\"Success\",\"VERSION\":\"65.1\",\"BUILD\":\"52747458\",\"BILLINGAGREEMENTACCEPTEDSTATUS\":\"0\",\"CHECKOUTSTATUS\":\"PaymentActionCompleted\",\"CURRENCYCODE\":\"USD\",\"AMT\":\"699.00\",\"ITEMAMT\":\"699.00\",\"SHIPPINGAMT\":\"0.00\",\"HANDLINGAMT\":\"0.00\",\"TAXAMT\":\"0.00\",\"INVNUM\":\"751-99\",\"NOTIFYURL\":\"http:\\/\\/testshop.bimmer-tech.net\\/payment\\/notify\\/yP73YjfWl2_Y-BEjOg_M5BjTgHE8BLcAreFMTru0f_k\",\"INSURANCEAMT\":\"0.00\",\"SHIPDISCAMT\":\"0.00\",\"L_NAME0\":\"SmartView HD Apple TV4\",\"L_NAME1\":\"1 Year Standard Warranty\",\"L_QTY0\":\"1\",\"L_QTY1\":\"1\",\"L_TAXAMT0\":\"0.00\",\"L_TAXAMT1\":\"0.00\",\"L_AMT0\":\"699.00\",\"L_AMT1\":\"0.00\",\"L_ITEMWEIGHTVALUE0\":\"   0.00000\",\"L_ITEMWEIGHTVALUE1\":\"   0.00000\",\"L_ITEMLENGTHVALUE0\":\"   0.00000\",\"L_ITEMLENGTHVALUE1\":\"   0.00000\",\"L_ITEMWIDTHVALUE0\":\"   0.00000\",\"L_ITEMWIDTHVALUE1\":\"   0.00000\",\"L_ITEMHEIGHTVALUE0\":\"   0.00000\",\"L_ITEMHEIGHTVALUE1\":\"   0.00000\",\"PAYMENTREQUEST_0_SHIPPINGAMT\":\"0.00\",\"PAYMENTREQUEST_0_HANDLINGAMT\":\"0.00\",\"PAYMENTREQUEST_0_TAXAMT\":\"0.00\",\"PAYMENTREQUEST_0_INSURANCEAMT\":\"0.00\",\"PAYMENTREQUEST_0_SHIPDISCAMT\":\"0.00\",\"PAYMENTREQUEST_0_INSURANCEOPTIONOFFERED\":\"false\",\"L_PAYMENTREQUEST_0_TAXAMT0\":\"0.00\",\"L_PAYMENTREQUEST_0_TAXAMT1\":\"0.00\",\"L_PAYMENTREQUEST_0_ITEMWEIGHTVALUE0\":\"   0.00000\",\"L_PAYMENTREQUEST_0_ITEMWEIGHTVALUE1\":\"   0.00000\",\"L_PAYMENTREQUEST_0_ITEMLENGTHVALUE0\":\"   0.00000\",\"L_PAYMENTREQUEST_0_ITEMLENGTHVALUE1\":\"   0.00000\",\"L_PAYMENTREQUEST_0_ITEMWIDTHVALUE0\":\"   0.00000\",\"L_PAYMENTREQUEST_0_ITEMWIDTHVALUE1\":\"   0.00000\",\"L_PAYMENTREQUEST_0_ITEMHEIGHTVALUE0\":\"   0.00000\",\"L_PAYMENTREQUEST_0_ITEMHEIGHTVALUE1\":\"   0.00000\",\"PAYMENTREQUESTINFO_0_ERRORCODE\":\"0\",\"EMAIL\":\"taras.terletskij@bimmer-tech.net\",\"PAYERID\":\"8UPWNP6FPCTCJ\",\"PAYERSTATUS\":\"verified\",\"FIRSTNAME\":\"Taras\",\"LASTNAME\":\"Terletskij\",\"COUNTRYCODE\":\"US\",\"SHIPTONAME\":\"Taras Terletskij\",\"SHIPTOSTREET\":\"1 Main St\",\"SHIPTOCITY\":\"San Jose\",\"SHIPTOSTATE\":\"CA\",\"SHIPTOZIP\":\"95131\",\"SHIPTOCOUNTRYCODE\":\"US\",\"SHIPTOCOUNTRYNAME\":\"United States\",\"ADDRESSSTATUS\":\"Confirmed\",\"INSURANCEOPTIONOFFERED\":\"false\",\"PAYMENTREQUEST_0_SELLERPAYPALACCOUNTID\":\"paypal.bimmertech-facilitator@gmail.com\",\"PAYMENTREQUEST_0_SHIPTONAME\":\"Taras Terletskij\",\"PAYMENTREQUEST_0_SHIPTOSTREET\":\"1 Main St\",\"PAYMENTREQUEST_0_SHIPTOCITY\":\"San Jose\",\"PAYMENTREQUEST_0_SHIPTOSTATE\":\"CA\",\"PAYMENTREQUEST_0_SHIPTOZIP\":\"95131\",\"PAYMENTREQUEST_0_SHIPTOCOUNTRYCODE\":\"US\",\"PAYMENTREQUEST_0_SHIPTOCOUNTRYNAME\":\"United States\",\"PAYMENTREQUEST_0_ADDRESSSTATUS\":\"Confirmed\",\"SUCCESSPAGEREDIRECTREQUESTED\":\"false\",\"INSURANCEOPTIONSELECTED\":\"false\",\"SHIPPINGOPTIONISDEFAULT\":\"false\",\"PAYMENTINFO_0_TRANSACTIONID\":\"8X318323TY340763Y\",\"PAYMENTINFO_0_TRANSACTIONTYPE\":\"cart\",\"PAYMENTINFO_0_PAYMENTTYPE\":\"instant\",\"PAYMENTINFO_0_ORDERTIME\":\"2019-05-17T07:29:08Z\",\"PAYMENTINFO_0_AMT\":\"699.00\",\"PAYMENTINFO_0_FEEAMT\":\"20.57\",\"PAYMENTINFO_0_TAXAMT\":\"0.00\",\"PAYMENTINFO_0_CURRENCYCODE\":\"USD\",\"PAYMENTINFO_0_PAYMENTSTATUS\":\"Completed\",\"PAYMENTINFO_0_PENDINGREASON\":\"None\",\"PAYMENTINFO_0_REASONCODE\":\"None\",\"PAYMENTINFO_0_PROTECTIONELIGIBILITY\":\"Eligible\",\"PAYMENTINFO_0_PROTECTIONELIGIBILITYTYPE\":\"ItemNotReceivedEligible,UnauthorizedPaymentEligible\",\"PAYMENTINFO_0_SELLERPAYPALACCOUNTID\":\"paypal.bimmertech-facilitator@gmail.com\",\"PAYMENTINFO_0_ERRORCODE\":\"0\",\"PAYMENTINFO_0_ACK\":\"Success\",\"TRANSACTIONID\":\"8X318323TY340763Y\",\"PAYMENTREQUEST_0_TRANSACTIONID\":\"8X318323TY340763Y\",\"PAYMENTREQUESTINFO_0_TRANSACTIONID\":\"8X318323TY340763Y\",\"PAYMENTREQUEST_0_TRANSACTIONTYPE\":\"cart\",\"PAYMENTREQUEST_0_PAYMENTTYPE\":\"instant\",\"PAYMENTREQUEST_0_ORDERTIME\":\"2019-05-17T07:29:08Z\",\"PAYMENTREQUEST_0_FEEAMT\":\"20.57\",\"PAYMENTREQUEST_0_PAYMENTSTATUS\":\"Completed\",\"PAYMENTREQUEST_0_PENDINGREASON\":\"None\",\"PAYMENTREQUEST_0_REASONCODE\":\"None\"}', '2019-05-17 07:27:59', '2019-05-17 07:29:18');
INSERT INTO `sylius_payment` (`id`, `method_id`, `order_id`, `currency_code`, `amount`, `state`, `details`, `created_at`, `updated_at`) VALUES
(100, 20, 752, 'USD', 66399, 'new', '{\"PAYMENTREQUEST_0_INVNUM\":\"752-100\",\"PAYMENTREQUEST_0_CURRENCYCODE\":\"USD\",\"PAYMENTREQUEST_0_AMT\":\"663.99\",\"PAYMENTREQUEST_0_ITEMAMT\":\"663.99\",\"L_PAYMENTREQUEST_0_NAME0\":\"Front View Camera Retrofit\",\"L_PAYMENTREQUEST_0_AMT0\":\"549.00\",\"L_PAYMENTREQUEST_0_QTY0\":\"1\",\"L_PAYMENTREQUEST_0_NAME1\":\"2 Year Extended Warranty\",\"L_PAYMENTREQUEST_0_AMT1\":\"100.00\",\"L_PAYMENTREQUEST_0_QTY1\":\"1\",\"L_PAYMENTREQUEST_0_NAME2\":\"Trim Tool Kit\",\"L_PAYMENTREQUEST_0_AMT2\":\"14.99\",\"L_PAYMENTREQUEST_0_QTY2\":\"1\",\"PAYMENTREQUEST_0_PAYMENTACTION\":\"Sale\",\"AUTHORIZE_TOKEN_USERACTION\":\"commit\",\"RETURNURL\":\"http:\\/\\/testshop.bimmer-tech.net\\/payment\\/capture\\/nM9PxgivUytYpKU7A-TsNu02s0Iukb2m6Q34b78ic-Y\",\"CANCELURL\":\"http:\\/\\/testshop.bimmer-tech.net\\/payment\\/capture\\/nM9PxgivUytYpKU7A-TsNu02s0Iukb2m6Q34b78ic-Y?cancelled=1\",\"PAYMENTREQUEST_0_NOTIFYURL\":\"http:\\/\\/testshop.bimmer-tech.net\\/payment\\/notify\\/R-_O70PjyHqoFOtxic_mrmk5zY_7z8GtTCpHs_lrPpg\",\"TOKEN\":\"EC-2WX01394EX0057600\",\"TIMESTAMP\":\"2019-05-17T09:36:17Z\",\"CORRELATIONID\":\"ae235aed59cc9\",\"ACK\":\"Success\",\"VERSION\":\"65.1\",\"BUILD\":\"52747458\",\"BILLINGAGREEMENTACCEPTEDSTATUS\":\"0\",\"CHECKOUTSTATUS\":\"PaymentActionNotInitiated\",\"CURRENCYCODE\":\"USD\",\"AMT\":\"663.99\",\"ITEMAMT\":\"663.99\",\"SHIPPINGAMT\":\"0.00\",\"HANDLINGAMT\":\"0.00\",\"TAXAMT\":\"0.00\",\"INVNUM\":\"752-100\",\"NOTIFYURL\":\"http:\\/\\/testshop.bimmer-tech.net\\/payment\\/notify\\/R-_O70PjyHqoFOtxic_mrmk5zY_7z8GtTCpHs_lrPpg\",\"INSURANCEAMT\":\"0.00\",\"SHIPDISCAMT\":\"0.00\",\"L_NAME0\":\"Front View Camera Retrofit\",\"L_NAME1\":\"2 Year Extended Warranty\",\"L_NAME2\":\"Trim Tool Kit\",\"L_QTY0\":\"1\",\"L_QTY1\":\"1\",\"L_QTY2\":\"1\",\"L_TAXAMT0\":\"0.00\",\"L_TAXAMT1\":\"0.00\",\"L_TAXAMT2\":\"0.00\",\"L_AMT0\":\"549.00\",\"L_AMT1\":\"100.00\",\"L_AMT2\":\"14.99\",\"L_ITEMWEIGHTVALUE0\":\"   0.00000\",\"L_ITEMWEIGHTVALUE1\":\"   0.00000\",\"L_ITEMWEIGHTVALUE2\":\"   0.00000\",\"L_ITEMLENGTHVALUE0\":\"   0.00000\",\"L_ITEMLENGTHVALUE1\":\"   0.00000\",\"L_ITEMLENGTHVALUE2\":\"   0.00000\",\"L_ITEMWIDTHVALUE0\":\"   0.00000\",\"L_ITEMWIDTHVALUE1\":\"   0.00000\",\"L_ITEMWIDTHVALUE2\":\"   0.00000\",\"L_ITEMHEIGHTVALUE0\":\"   0.00000\",\"L_ITEMHEIGHTVALUE1\":\"   0.00000\",\"L_ITEMHEIGHTVALUE2\":\"   0.00000\",\"PAYMENTREQUEST_0_SHIPPINGAMT\":\"0.00\",\"PAYMENTREQUEST_0_HANDLINGAMT\":\"0.00\",\"PAYMENTREQUEST_0_TAXAMT\":\"0.00\",\"PAYMENTREQUEST_0_INSURANCEAMT\":\"0.00\",\"PAYMENTREQUEST_0_SHIPDISCAMT\":\"0.00\",\"PAYMENTREQUEST_0_INSURANCEOPTIONOFFERED\":\"false\",\"L_PAYMENTREQUEST_0_TAXAMT0\":\"0.00\",\"L_PAYMENTREQUEST_0_TAXAMT1\":\"0.00\",\"L_PAYMENTREQUEST_0_TAXAMT2\":\"0.00\",\"L_PAYMENTREQUEST_0_ITEMWEIGHTVALUE0\":\"   0.00000\",\"L_PAYMENTREQUEST_0_ITEMWEIGHTVALUE1\":\"   0.00000\",\"L_PAYMENTREQUEST_0_ITEMWEIGHTVALUE2\":\"   0.00000\",\"L_PAYMENTREQUEST_0_ITEMLENGTHVALUE0\":\"   0.00000\",\"L_PAYMENTREQUEST_0_ITEMLENGTHVALUE1\":\"   0.00000\",\"L_PAYMENTREQUEST_0_ITEMLENGTHVALUE2\":\"   0.00000\",\"L_PAYMENTREQUEST_0_ITEMWIDTHVALUE0\":\"   0.00000\",\"L_PAYMENTREQUEST_0_ITEMWIDTHVALUE1\":\"   0.00000\",\"L_PAYMENTREQUEST_0_ITEMWIDTHVALUE2\":\"   0.00000\",\"L_PAYMENTREQUEST_0_ITEMHEIGHTVALUE0\":\"   0.00000\",\"L_PAYMENTREQUEST_0_ITEMHEIGHTVALUE1\":\"   0.00000\",\"L_PAYMENTREQUEST_0_ITEMHEIGHTVALUE2\":\"   0.00000\",\"PAYMENTREQUESTINFO_0_ERRORCODE\":\"0\"}', '2019-05-17 09:36:15', '2019-05-17 09:36:17');

-- --------------------------------------------------------

--
-- Table structure for table `sylius_payment_method`
--

CREATE TABLE `sylius_payment_method` (
  `id` int(11) NOT NULL,
  `gateway_config_id` int(11) DEFAULT NULL,
  `code` varchar(255) COLLATE utf8_unicode_ci NOT NULL,
  `environment` varchar(255) COLLATE utf8_unicode_ci DEFAULT NULL,
  `is_enabled` tinyint(1) NOT NULL,
  `position` int(11) NOT NULL,
  `created_at` datetime NOT NULL,
  `updated_at` datetime DEFAULT NULL
) ENGINE=InnoDB DEFAULT CHARSET=utf8 COLLATE=utf8_unicode_ci;

--
-- Dumping data for table `sylius_payment_method`
--

INSERT INTO `sylius_payment_method` (`id`, `gateway_config_id`, `code`, `environment`, `is_enabled`, `position`, `created_at`, `updated_at`) VALUES
(20, 20, 'paypal', NULL, 1, 0, '2018-08-17 13:51:54', '2018-08-17 13:51:54');

-- --------------------------------------------------------

--
-- Table structure for table `sylius_payment_method_channels`
--

CREATE TABLE `sylius_payment_method_channels` (
  `payment_method_id` int(11) NOT NULL,
  `channel_id` int(11) NOT NULL
) ENGINE=InnoDB DEFAULT CHARSET=utf8 COLLATE=utf8_unicode_ci;

--
-- Dumping data for table `sylius_payment_method_channels`
--

INSERT INTO `sylius_payment_method_channels` (`payment_method_id`, `channel_id`) VALUES
(20, 57);

-- --------------------------------------------------------

--
-- Table structure for table `sylius_payment_method_translation`
--

CREATE TABLE `sylius_payment_method_translation` (
  `id` int(11) NOT NULL,
  `translatable_id` int(11) NOT NULL,
  `name` varchar(255) COLLATE utf8_unicode_ci NOT NULL,
  `description` longtext COLLATE utf8_unicode_ci DEFAULT NULL,
  `instructions` longtext COLLATE utf8_unicode_ci DEFAULT NULL,
  `locale` varchar(255) COLLATE utf8_unicode_ci NOT NULL
) ENGINE=InnoDB DEFAULT CHARSET=utf8 COLLATE=utf8_unicode_ci;

--
-- Dumping data for table `sylius_payment_method_translation`
--

INSERT INTO `sylius_payment_method_translation` (`id`, `translatable_id`, `name`, `description`, `instructions`, `locale`) VALUES
(20, 20, 'paypal', 'Repudiandae omnis quam nulla sequi explicabo et.', NULL, 'en_US');

-- --------------------------------------------------------

--
-- Table structure for table `sylius_payment_security_token`
--

CREATE TABLE `sylius_payment_security_token` (
  `hash` varchar(255) COLLATE utf8_unicode_ci NOT NULL,
  `details` longtext COLLATE utf8_unicode_ci DEFAULT NULL COMMENT '(DC2Type:object)',
  `after_url` longtext COLLATE utf8_unicode_ci DEFAULT NULL,
  `target_url` longtext COLLATE utf8_unicode_ci NOT NULL,
  `gateway_name` varchar(255) COLLATE utf8_unicode_ci NOT NULL
) ENGINE=InnoDB DEFAULT CHARSET=utf8 COLLATE=utf8_unicode_ci;

--
-- Dumping data for table `sylius_payment_security_token`
--

INSERT INTO `sylius_payment_security_token` (`hash`, `details`, `after_url`, `target_url`, `gateway_name`) VALUES
('_2N2XGsyVbfW4qlvrGB1tp9C6Uofla8DdHw1EG2tu0c', 'C:25:\"Payum\\Core\\Model\\Identity\":61:{a:2:{i:0;i:6;i:1;s:35:\"Sylius\\Component\\Core\\Model\\Payment\";}}', NULL, 'http://testshop.bimmer-tech.net/payment/notify/_2N2XGsyVbfW4qlvrGB1tp9C6Uofla8DdHw1EG2tu0c', 'online'),
('_g2EK2f13H9g6y441H8Httbx3IRsd93ffwBrlcYZgMA', 'C:25:\"Payum\\Core\\Model\\Identity\":62:{a:2:{i:0;i:21;i:1;s:35:\"Sylius\\Component\\Core\\Model\\Payment\";}}', 'http://testshop.bimmer-tech.net/order/after-pay?payum_token=mVo_9ep34qN2vqriAkT_wBDwmEnRAiEeb188z6UexkE', 'http://testshop.bimmer-tech.net/payment/capture/_g2EK2f13H9g6y441H8Httbx3IRsd93ffwBrlcYZgMA', 'online'),
('--QHLJcjqiyE82FxgOkUDk33QtraNZKWnSwjH0DLCtQ', 'C:25:\"Payum\\Core\\Model\\Identity\":62:{a:2:{i:0;i:34;i:1;s:35:\"Sylius\\Component\\Core\\Model\\Payment\";}}', 'http://testshop.bimmer-tech.net/order/after-pay?payum_token=uejJSlxmp7zt0fw5Laerp2zpns_ZcapPTrrMonyJlPA', 'http://testshop.bimmer-tech.net/payment/capture/--QHLJcjqiyE82FxgOkUDk33QtraNZKWnSwjH0DLCtQ', 'online'),
('-alK60bYLJziFmxzHvJ39qmszKwiq3Pyjx7-QHd0e1A', 'C:25:\"Payum\\Core\\Model\\Identity\":61:{a:2:{i:0;i:9;i:1;s:35:\"Sylius\\Component\\Core\\Model\\Payment\";}}', NULL, 'http://testshop.bimmer-tech.net/payment/notify/-alK60bYLJziFmxzHvJ39qmszKwiq3Pyjx7-QHd0e1A', 'online'),
('-eBxU-j6VO4mdocZr-fgwwgbTNejF63HWSlTDdqcV8I', 'C:25:\"Payum\\Core\\Model\\Identity\":62:{a:2:{i:0;i:54;i:1;s:35:\"Sylius\\Component\\Core\\Model\\Payment\";}}', NULL, 'http://testshop.bimmer-tech.net/payment/notify/-eBxU-j6VO4mdocZr-fgwwgbTNejF63HWSlTDdqcV8I', 'online'),
('-HnhLBpd0uRlbnFoJ0VshC4brEPxjP-7GG9jYFu4gkw', 'C:25:\"Payum\\Core\\Model\\Identity\":62:{a:2:{i:0;i:31;i:1;s:35:\"Sylius\\Component\\Core\\Model\\Payment\";}}', NULL, 'http://testshop.bimmer-tech.net/order/after-pay?payum_token=-HnhLBpd0uRlbnFoJ0VshC4brEPxjP-7GG9jYFu4gkw', 'online'),
('055XVZCOlzqNeHLy_TaNGVqhHKBv4SRS6VcZrfVOBK4', 'C:25:\"Payum\\Core\\Model\\Identity\":62:{a:2:{i:0;i:96;i:1;s:35:\"Sylius\\Component\\Core\\Model\\Payment\";}}', NULL, 'http://testshop.bimmer-tech.net/order/after-pay?payum_token=055XVZCOlzqNeHLy_TaNGVqhHKBv4SRS6VcZrfVOBK4', 'online'),
('0TEj20LsopXKb8LQvRTzuyp4PvfV_tCrYghN9HLM63I', 'C:25:\"Payum\\Core\\Model\\Identity\":62:{a:2:{i:0;i:55;i:1;s:35:\"Sylius\\Component\\Core\\Model\\Payment\";}}', 'http://testshop.bimmer-tech.net/order/after-pay?payum_token=pBHfiJGJHnYEecL-7AdP1KAmmsUU4_7r6oj8Se_h9aU', 'http://testshop.bimmer-tech.net/payment/capture/0TEj20LsopXKb8LQvRTzuyp4PvfV_tCrYghN9HLM63I', 'online'),
('1-vHh3vkpArfterBEIpvi6LiYl5WLSjuKw4rknaav58', 'C:25:\"Payum\\Core\\Model\\Identity\":62:{a:2:{i:0;i:59;i:1;s:35:\"Sylius\\Component\\Core\\Model\\Payment\";}}', 'http://testshop.bimmer-tech.net/order/after-pay?payum_token=HgEQcP7UhZ2j8zQ48aRhUicLTO1QLYXq6r-Uao3DYCs', 'http://testshop.bimmer-tech.net/payment/capture/1-vHh3vkpArfterBEIpvi6LiYl5WLSjuKw4rknaav58', 'online'),
('1dg2AcCbd2y_2OhxtFZOYKcysKleyeJ2OtvIAzi36oI', 'C:25:\"Payum\\Core\\Model\\Identity\":62:{a:2:{i:0;i:93;i:1;s:35:\"Sylius\\Component\\Core\\Model\\Payment\";}}', 'http://testshop.bimmer-tech.net/order/after-pay?payum_token=pid5L2VeNI5VvFsKWkdcSEUJh_c8Uu57scbNcNkDBLo', 'http://testshop.bimmer-tech.net/payment/capture/1dg2AcCbd2y_2OhxtFZOYKcysKleyeJ2OtvIAzi36oI', 'online'),
('1r_320mdQKFi-rBLFsvx5BbwQoXqlrcYZeITDxIKPpQ', 'C:25:\"Payum\\Core\\Model\\Identity\":62:{a:2:{i:0;i:25;i:1;s:35:\"Sylius\\Component\\Core\\Model\\Payment\";}}', NULL, 'http://testshop.bimmer-tech.net/payment/notify/1r_320mdQKFi-rBLFsvx5BbwQoXqlrcYZeITDxIKPpQ', 'online'),
('1RfHm7uB6dOHUClOJI8h_t4hiUqGqgLvL1JSFs36Zvk', 'C:25:\"Payum\\Core\\Model\\Identity\":62:{a:2:{i:0;i:16;i:1;s:35:\"Sylius\\Component\\Core\\Model\\Payment\";}}', NULL, 'http://testshop.bimmer-tech.net/order/after-pay?payum_token=1RfHm7uB6dOHUClOJI8h_t4hiUqGqgLvL1JSFs36Zvk', 'online'),
('1wlGkLdaT2DAWD_B0JIck9afQqhs5wpt8yHJgfs-fh4', 'C:25:\"Payum\\Core\\Model\\Identity\":62:{a:2:{i:0;i:16;i:1;s:35:\"Sylius\\Component\\Core\\Model\\Payment\";}}', 'http://testshop.bimmer-tech.net/order/after-pay?payum_token=1RfHm7uB6dOHUClOJI8h_t4hiUqGqgLvL1JSFs36Zvk', 'http://testshop.bimmer-tech.net/payment/capture/1wlGkLdaT2DAWD_B0JIck9afQqhs5wpt8yHJgfs-fh4', 'online'),
('2mbnTIO6GA6yjphb0vT3PAhmREQVEZRVktd4ojDVy3U', 'C:25:\"Payum\\Core\\Model\\Identity\":62:{a:2:{i:0;i:83;i:1;s:35:\"Sylius\\Component\\Core\\Model\\Payment\";}}', NULL, 'http://testshop.bimmer-tech.net/order/after-pay?payum_token=2mbnTIO6GA6yjphb0vT3PAhmREQVEZRVktd4ojDVy3U', 'online'),
('2QTGM0fcbRjQpfF3IIif-uWTJ_UY1iwGziUK95y84dM', 'C:25:\"Payum\\Core\\Model\\Identity\":62:{a:2:{i:0;i:53;i:1;s:35:\"Sylius\\Component\\Core\\Model\\Payment\";}}', NULL, 'http://testshop.bimmer-tech.net/payment/notify/2QTGM0fcbRjQpfF3IIif-uWTJ_UY1iwGziUK95y84dM', 'online'),
('2TQsiUGZDdRisZFuhgTU-w1ANQ1tNlraQf30DSZsmPM', 'C:25:\"Payum\\Core\\Model\\Identity\":61:{a:2:{i:0;i:3;i:1;s:35:\"Sylius\\Component\\Core\\Model\\Payment\";}}', NULL, 'http://testshop.bimmer-tech.net/payment/notify/2TQsiUGZDdRisZFuhgTU-w1ANQ1tNlraQf30DSZsmPM', 'online'),
('3-JWWSSjZdCdmHEg17cwwMVL7hsxEW6xoz6OKfbVrjE', 'C:25:\"Payum\\Core\\Model\\Identity\":62:{a:2:{i:0;i:16;i:1;s:35:\"Sylius\\Component\\Core\\Model\\Payment\";}}', 'http://testshop.bimmer-tech.net/order/after-pay?payum_token=C6--wzJABkZzWtBBnaYhmWkXc7YRwtL3TsrNwg0HsnQ', 'http://testshop.bimmer-tech.net/payment/capture/3-JWWSSjZdCdmHEg17cwwMVL7hsxEW6xoz6OKfbVrjE', 'online'),
('3AgWGtJlXda2t9g9PfuN3fEnH6NI_YEHoS99zz5bpS4', 'C:25:\"Payum\\Core\\Model\\Identity\":62:{a:2:{i:0;i:51;i:1;s:35:\"Sylius\\Component\\Core\\Model\\Payment\";}}', NULL, 'http://testshop.bimmer-tech.net/payment/notify/3AgWGtJlXda2t9g9PfuN3fEnH6NI_YEHoS99zz5bpS4', 'online'),
('3irJVCk8UzpSymhxlcb5o8AncWUtOpqLZQcvLA1J3gY', 'C:25:\"Payum\\Core\\Model\\Identity\":62:{a:2:{i:0;i:15;i:1;s:35:\"Sylius\\Component\\Core\\Model\\Payment\";}}', NULL, 'http://testshop.bimmer-tech.net/order/after-pay?payum_token=3irJVCk8UzpSymhxlcb5o8AncWUtOpqLZQcvLA1J3gY', 'online'),
('3sVlF_vUv03AVBeoRj8xamohKd89o1NTQgbE9-wkAW4', 'C:25:\"Payum\\Core\\Model\\Identity\":62:{a:2:{i:0;i:44;i:1;s:35:\"Sylius\\Component\\Core\\Model\\Payment\";}}', NULL, 'http://testshop.bimmer-tech.net/payment/notify/3sVlF_vUv03AVBeoRj8xamohKd89o1NTQgbE9-wkAW4', 'online'),
('4gvp4p8hxcCF0guTwCL_1LhKgM4Zq9-SSducA6FLWPo', 'C:25:\"Payum\\Core\\Model\\Identity\":62:{a:2:{i:0;i:93;i:1;s:35:\"Sylius\\Component\\Core\\Model\\Payment\";}}', NULL, 'http://testshop.bimmer-tech.net/order/after-pay?payum_token=4gvp4p8hxcCF0guTwCL_1LhKgM4Zq9-SSducA6FLWPo', 'online'),
('4Oxil761KfLfcDmu2Ofzd4Su1hBEygkx0sj-hkAIOAI', 'C:25:\"Payum\\Core\\Model\\Identity\":62:{a:2:{i:0;i:93;i:1;s:35:\"Sylius\\Component\\Core\\Model\\Payment\";}}', 'http://testshop.bimmer-tech.net/order/after-pay?payum_token=4gvp4p8hxcCF0guTwCL_1LhKgM4Zq9-SSducA6FLWPo', 'http://testshop.bimmer-tech.net/payment/capture/4Oxil761KfLfcDmu2Ofzd4Su1hBEygkx0sj-hkAIOAI', 'online'),
('5-TVRlWtKLTHBkowA8KW5aYCko7MfAsv6dYi6nY9r6s', 'C:25:\"Payum\\Core\\Model\\Identity\":62:{a:2:{i:0;i:69;i:1;s:35:\"Sylius\\Component\\Core\\Model\\Payment\";}}', NULL, 'http://testshop.bimmer-tech.net/payment/notify/5-TVRlWtKLTHBkowA8KW5aYCko7MfAsv6dYi6nY9r6s', 'online'),
('5Kbu7s7_D7300dJ_W-65F2U2Qt5lB_lnbEAMzWbeUw0', 'C:25:\"Payum\\Core\\Model\\Identity\":62:{a:2:{i:0;i:96;i:1;s:35:\"Sylius\\Component\\Core\\Model\\Payment\";}}', NULL, 'http://testshop.bimmer-tech.net/payment/notify/5Kbu7s7_D7300dJ_W-65F2U2Qt5lB_lnbEAMzWbeUw0', 'online'),
('5PW6A2LcBtA6ZvjsECPs223cRwSJf57u32Hwutk_wgk', 'C:25:\"Payum\\Core\\Model\\Identity\":62:{a:2:{i:0;i:15;i:1;s:35:\"Sylius\\Component\\Core\\Model\\Payment\";}}', NULL, 'http://testshop.bimmer-tech.net/payment/notify/5PW6A2LcBtA6ZvjsECPs223cRwSJf57u32Hwutk_wgk', 'online'),
('5zwTUgjttKSRKQiExG46jbOq9TlwioXlfrtR-i--wpY', 'C:25:\"Payum\\Core\\Model\\Identity\":62:{a:2:{i:0;i:48;i:1;s:35:\"Sylius\\Component\\Core\\Model\\Payment\";}}', NULL, 'http://testshop.bimmer-tech.net/order/after-pay?payum_token=5zwTUgjttKSRKQiExG46jbOq9TlwioXlfrtR-i--wpY', 'online'),
('6FcyCoDaEnl2adx6n09TBVHcUKH7vN9vKpsx9Pj0YrI', 'C:25:\"Payum\\Core\\Model\\Identity\":62:{a:2:{i:0;i:81;i:1;s:35:\"Sylius\\Component\\Core\\Model\\Payment\";}}', NULL, 'http://testshop.bimmer-tech.net/payment/notify/6FcyCoDaEnl2adx6n09TBVHcUKH7vN9vKpsx9Pj0YrI', 'online'),
('7_Bukhhz5At-y4oe_DuG4fRuHKYyYD2Xd5ia3EXH9Ds', 'C:25:\"Payum\\Core\\Model\\Identity\":62:{a:2:{i:0;i:19;i:1;s:35:\"Sylius\\Component\\Core\\Model\\Payment\";}}', NULL, 'http://testshop.bimmer-tech.net/payment/notify/7_Bukhhz5At-y4oe_DuG4fRuHKYyYD2Xd5ia3EXH9Ds', 'online'),
('8i77MaWUeQHlkmxQZvOhDnUguVorRfkiimaIdlB2C1k', 'C:25:\"Payum\\Core\\Model\\Identity\":62:{a:2:{i:0;i:79;i:1;s:35:\"Sylius\\Component\\Core\\Model\\Payment\";}}', NULL, 'http://testshop.bimmer-tech.net/payment/notify/8i77MaWUeQHlkmxQZvOhDnUguVorRfkiimaIdlB2C1k', 'online'),
('8pm14L4akSsioerEnPSOtESzrghbCzlOwSQCwqD_qdA', 'C:25:\"Payum\\Core\\Model\\Identity\":62:{a:2:{i:0;i:96;i:1;s:35:\"Sylius\\Component\\Core\\Model\\Payment\";}}', NULL, 'http://testshop.bimmer-tech.net/order/after-pay?payum_token=8pm14L4akSsioerEnPSOtESzrghbCzlOwSQCwqD_qdA', 'online'),
('9weg49gja7zhCsf-z30yz25J1PJXrPWRnh4osnxvb78', 'C:25:\"Payum\\Core\\Model\\Identity\":62:{a:2:{i:0;i:42;i:1;s:35:\"Sylius\\Component\\Core\\Model\\Payment\";}}', NULL, 'http://testshop.bimmer-tech.net/payment/notify/9weg49gja7zhCsf-z30yz25J1PJXrPWRnh4osnxvb78', 'online'),
('As-1BcF8OP5X3eMheHxOokqmgO064SpOqoM8K4eRjCQ', 'C:25:\"Payum\\Core\\Model\\Identity\":62:{a:2:{i:0;i:69;i:1;s:35:\"Sylius\\Component\\Core\\Model\\Payment\";}}', NULL, 'http://testshop.bimmer-tech.net/order/after-pay?payum_token=As-1BcF8OP5X3eMheHxOokqmgO064SpOqoM8K4eRjCQ', 'online'),
('BUh2NRElmuzvemxEix-expvGxl8WwrdXg0AzXsUTyP8', 'C:25:\"Payum\\Core\\Model\\Identity\":62:{a:2:{i:0;i:73;i:1;s:35:\"Sylius\\Component\\Core\\Model\\Payment\";}}', NULL, 'http://testshop.bimmer-tech.net/payment/notify/BUh2NRElmuzvemxEix-expvGxl8WwrdXg0AzXsUTyP8', 'online'),
('C6--wzJABkZzWtBBnaYhmWkXc7YRwtL3TsrNwg0HsnQ', 'C:25:\"Payum\\Core\\Model\\Identity\":62:{a:2:{i:0;i:16;i:1;s:35:\"Sylius\\Component\\Core\\Model\\Payment\";}}', NULL, 'http://testshop.bimmer-tech.net/order/after-pay?payum_token=C6--wzJABkZzWtBBnaYhmWkXc7YRwtL3TsrNwg0HsnQ', 'online'),
('cJSMYjiosWo-XswUYAyCMyEA7jLs89sTdtYlMaG1yVs', 'C:25:\"Payum\\Core\\Model\\Identity\":62:{a:2:{i:0;i:89;i:1;s:35:\"Sylius\\Component\\Core\\Model\\Payment\";}}', NULL, 'http://testshop.bimmer-tech.net/payment/notify/cJSMYjiosWo-XswUYAyCMyEA7jLs89sTdtYlMaG1yVs', 'online'),
('Cn_euHyAz-l6ClOdxN46Ay-HvJJMiNYcAaSKkEOFxCM', 'C:25:\"Payum\\Core\\Model\\Identity\":62:{a:2:{i:0;i:31;i:1;s:35:\"Sylius\\Component\\Core\\Model\\Payment\";}}', NULL, 'http://testshop.bimmer-tech.net/payment/notify/Cn_euHyAz-l6ClOdxN46Ay-HvJJMiNYcAaSKkEOFxCM', 'online'),
('cXg8HRdHI4Rl5vRg1hO642DfC-EbNOTIWT3N0KqCYXg', 'C:25:\"Payum\\Core\\Model\\Identity\":62:{a:2:{i:0;i:44;i:1;s:35:\"Sylius\\Component\\Core\\Model\\Payment\";}}', NULL, 'http://testshop.bimmer-tech.net/order/after-pay?payum_token=cXg8HRdHI4Rl5vRg1hO642DfC-EbNOTIWT3N0KqCYXg', 'online'),
('Cxym3mCJgOESMm9tCCxY2c94-k6Db6TzbHFAIzdXUpM', 'C:25:\"Payum\\Core\\Model\\Identity\":61:{a:2:{i:0;i:9;i:1;s:35:\"Sylius\\Component\\Core\\Model\\Payment\";}}', NULL, 'http://testshop.bimmer-tech.net/order/after-pay?payum_token=Cxym3mCJgOESMm9tCCxY2c94-k6Db6TzbHFAIzdXUpM', 'online'),
('DC6yY9O-4ZQkmDHfS0lA-jAbK8qkT2TaONrrTFoJxtQ', 'C:25:\"Payum\\Core\\Model\\Identity\":62:{a:2:{i:0;i:57;i:1;s:35:\"Sylius\\Component\\Core\\Model\\Payment\";}}', NULL, 'http://testshop.bimmer-tech.net/order/after-pay?payum_token=DC6yY9O-4ZQkmDHfS0lA-jAbK8qkT2TaONrrTFoJxtQ', 'online'),
('dRyWh3AfYn66Ac0oSYiRWz7w4B3jttK2sO4W_YlZh1w', 'C:25:\"Payum\\Core\\Model\\Identity\":62:{a:2:{i:0;i:67;i:1;s:35:\"Sylius\\Component\\Core\\Model\\Payment\";}}', NULL, 'http://testshop.bimmer-tech.net/order/after-pay?payum_token=dRyWh3AfYn66Ac0oSYiRWz7w4B3jttK2sO4W_YlZh1w', 'online'),
('dxR5FqlWjxlmyxA8SFTzYHrK7BV3mKby2fwGgLYqkyA', 'C:25:\"Payum\\Core\\Model\\Identity\":62:{a:2:{i:0;i:67;i:1;s:35:\"Sylius\\Component\\Core\\Model\\Payment\";}}', 'http://testshop.bimmer-tech.net/order/after-pay?payum_token=gjycpn-apSs7Ldlt6qX0CVZbVu9lU8c6hzlKJGXUbLg', 'http://testshop.bimmer-tech.net/payment/capture/dxR5FqlWjxlmyxA8SFTzYHrK7BV3mKby2fwGgLYqkyA', 'online'),
('dz6Fu_9sSjMCVQC4V-JwRGBlHLv-FtcZazWT-ay7ChQ', 'C:25:\"Payum\\Core\\Model\\Identity\":62:{a:2:{i:0;i:50;i:1;s:35:\"Sylius\\Component\\Core\\Model\\Payment\";}}', NULL, 'http://testshop.bimmer-tech.net/payment/notify/dz6Fu_9sSjMCVQC4V-JwRGBlHLv-FtcZazWT-ay7ChQ', 'online'),
('Ee7fFdtfUDqwdJHVqHg3p45dLCdletFgdbKvrfUKiZ0', 'C:25:\"Payum\\Core\\Model\\Identity\":62:{a:2:{i:0;i:77;i:1;s:35:\"Sylius\\Component\\Core\\Model\\Payment\";}}', NULL, 'http://testshop.bimmer-tech.net/payment/notify/Ee7fFdtfUDqwdJHVqHg3p45dLCdletFgdbKvrfUKiZ0', 'online'),
('EGKrZjc1pHDosjx8wx3hsWRVswPXTgnyvRqp5agsTNU', 'C:25:\"Payum\\Core\\Model\\Identity\":62:{a:2:{i:0;i:67;i:1;s:35:\"Sylius\\Component\\Core\\Model\\Payment\";}}', 'http://testshop.bimmer-tech.net/order/after-pay?payum_token=Lvzq5amjZG77GGBZlRFtgW-oUiWmcXJQlOX6vtupbzs', 'http://testshop.bimmer-tech.net/payment/capture/EGKrZjc1pHDosjx8wx3hsWRVswPXTgnyvRqp5agsTNU', 'online'),
('fe-hLx57J0Rpv4Bv5W3Jq5rIkXKtsYGWADT8HMAOT40', 'C:25:\"Payum\\Core\\Model\\Identity\":62:{a:2:{i:0;i:23;i:1;s:35:\"Sylius\\Component\\Core\\Model\\Payment\";}}', NULL, 'http://testshop.bimmer-tech.net/payment/notify/fe-hLx57J0Rpv4Bv5W3Jq5rIkXKtsYGWADT8HMAOT40', 'online'),
('FsCxnFRg0TlrxGnV2x_BED-_C0trHNBJz0OWQhFkqAo', 'C:25:\"Payum\\Core\\Model\\Identity\":62:{a:2:{i:0;i:31;i:1;s:35:\"Sylius\\Component\\Core\\Model\\Payment\";}}', NULL, 'http://testshop.bimmer-tech.net/order/after-pay?payum_token=FsCxnFRg0TlrxGnV2x_BED-_C0trHNBJz0OWQhFkqAo', 'online'),
('g6UvupU-IxPEVoaqCFZtVlzuNsxbt16n3UPBrgw6JeQ', 'C:25:\"Payum\\Core\\Model\\Identity\":62:{a:2:{i:0;i:16;i:1;s:35:\"Sylius\\Component\\Core\\Model\\Payment\";}}', 'http://testshop.bimmer-tech.net/order/after-pay?payum_token=o7AmCdXncNdSlwV65yv7jz4D3horhpCjwEjnRBP9f9s', 'http://testshop.bimmer-tech.net/payment/capture/g6UvupU-IxPEVoaqCFZtVlzuNsxbt16n3UPBrgw6JeQ', 'online'),
('gfLh7_GKqIr_jtA5sw5r46CMSIl8glZ7xXOlSgo1jZM', 'C:25:\"Payum\\Core\\Model\\Identity\":62:{a:2:{i:0;i:19;i:1;s:35:\"Sylius\\Component\\Core\\Model\\Payment\";}}', 'http://testshop.bimmer-tech.net/order/after-pay?payum_token=hNRnQ1XUCf4KdKfhJvOvU9gP0ax90vZYIs4SWG1Ffto', 'http://testshop.bimmer-tech.net/payment/capture/gfLh7_GKqIr_jtA5sw5r46CMSIl8glZ7xXOlSgo1jZM', 'online'),
('gjycpn-apSs7Ldlt6qX0CVZbVu9lU8c6hzlKJGXUbLg', 'C:25:\"Payum\\Core\\Model\\Identity\":62:{a:2:{i:0;i:67;i:1;s:35:\"Sylius\\Component\\Core\\Model\\Payment\";}}', NULL, 'http://testshop.bimmer-tech.net/order/after-pay?payum_token=gjycpn-apSs7Ldlt6qX0CVZbVu9lU8c6hzlKJGXUbLg', 'online'),
('gKw0iJD-HXuvZLFMxCoqc7fDR8gik-_C1MsHUeK8l0I', 'C:25:\"Payum\\Core\\Model\\Identity\":62:{a:2:{i:0;i:67;i:1;s:35:\"Sylius\\Component\\Core\\Model\\Payment\";}}', NULL, 'http://testshop.bimmer-tech.net/order/after-pay?payum_token=gKw0iJD-HXuvZLFMxCoqc7fDR8gik-_C1MsHUeK8l0I', 'online'),
('gl_u0YlNLMaw_pQoauPClpcipjO-jGC597qyagvMv50', 'C:25:\"Payum\\Core\\Model\\Identity\":62:{a:2:{i:0;i:38;i:1;s:35:\"Sylius\\Component\\Core\\Model\\Payment\";}}', NULL, 'http://testshop.bimmer-tech.net/payment/notify/gl_u0YlNLMaw_pQoauPClpcipjO-jGC597qyagvMv50', 'online'),
('gUqeKhyZXzS0hurMYKEBjlcUtkG6ZNGBkAmY-oHvP2g', 'C:25:\"Payum\\Core\\Model\\Identity\":62:{a:2:{i:0;i:74;i:1;s:35:\"Sylius\\Component\\Core\\Model\\Payment\";}}', NULL, 'http://testshop.bimmer-tech.net/payment/notify/gUqeKhyZXzS0hurMYKEBjlcUtkG6ZNGBkAmY-oHvP2g', 'online'),
('gWgrfMxBeWK5Sf7eYce_AsCW-K2Ab7Zb2NvpqVIoaBo', 'C:25:\"Payum\\Core\\Model\\Identity\":62:{a:2:{i:0;i:69;i:1;s:35:\"Sylius\\Component\\Core\\Model\\Payment\";}}', 'http://testshop.bimmer-tech.net/order/after-pay?payum_token=kW-ElC6qHWl1t_Z5rmLRh2qI8U7HLbBIyBPGvibAk1M', 'http://testshop.bimmer-tech.net/payment/capture/gWgrfMxBeWK5Sf7eYce_AsCW-K2Ab7Zb2NvpqVIoaBo', 'online'),
('gYCD-lML2nMHbMGF0lo_O-4M8omYXMqep2mRHrL_W-s', 'C:25:\"Payum\\Core\\Model\\Identity\":62:{a:2:{i:0;i:93;i:1;s:35:\"Sylius\\Component\\Core\\Model\\Payment\";}}', NULL, 'http://testshop.bimmer-tech.net/order/after-pay?payum_token=gYCD-lML2nMHbMGF0lo_O-4M8omYXMqep2mRHrL_W-s', 'online'),
('H7E-ocElVSQVgYdAmlzs4E1m4e0zaWehnUPSBdEWIn4', 'C:25:\"Payum\\Core\\Model\\Identity\":63:{a:2:{i:0;i:100;i:1;s:35:\"Sylius\\Component\\Core\\Model\\Payment\";}}', NULL, 'http://testshop.bimmer-tech.net/order/after-pay?payum_token=H7E-ocElVSQVgYdAmlzs4E1m4e0zaWehnUPSBdEWIn4', 'online'),
('HgEQcP7UhZ2j8zQ48aRhUicLTO1QLYXq6r-Uao3DYCs', 'C:25:\"Payum\\Core\\Model\\Identity\":62:{a:2:{i:0;i:59;i:1;s:35:\"Sylius\\Component\\Core\\Model\\Payment\";}}', NULL, 'http://testshop.bimmer-tech.net/order/after-pay?payum_token=HgEQcP7UhZ2j8zQ48aRhUicLTO1QLYXq6r-Uao3DYCs', 'online'),
('hIhV95QwjDtq07K3uQGf8hQpJNah7qsQ5qdbRXI_sg4', 'C:25:\"Payum\\Core\\Model\\Identity\":62:{a:2:{i:0;i:27;i:1;s:35:\"Sylius\\Component\\Core\\Model\\Payment\";}}', NULL, 'http://testshop.bimmer-tech.net/payment/notify/hIhV95QwjDtq07K3uQGf8hQpJNah7qsQ5qdbRXI_sg4', 'online'),
('hJBcm6NeAbaZBKu4PukKcfB-X1Rcr6A2OAVkmqodzU8', 'C:25:\"Payum\\Core\\Model\\Identity\":62:{a:2:{i:0;i:24;i:1;s:35:\"Sylius\\Component\\Core\\Model\\Payment\";}}', NULL, 'http://testshop.bimmer-tech.net/payment/notify/hJBcm6NeAbaZBKu4PukKcfB-X1Rcr6A2OAVkmqodzU8', 'online'),
('hNRnQ1XUCf4KdKfhJvOvU9gP0ax90vZYIs4SWG1Ffto', 'C:25:\"Payum\\Core\\Model\\Identity\":62:{a:2:{i:0;i:19;i:1;s:35:\"Sylius\\Component\\Core\\Model\\Payment\";}}', NULL, 'http://testshop.bimmer-tech.net/order/after-pay?payum_token=hNRnQ1XUCf4KdKfhJvOvU9gP0ax90vZYIs4SWG1Ffto', 'online'),
('ho6hJvZV35lzb2SLC1dw9eq9qunmhS7p0X4PNr5m21o', 'C:25:\"Payum\\Core\\Model\\Identity\":62:{a:2:{i:0;i:48;i:1;s:35:\"Sylius\\Component\\Core\\Model\\Payment\";}}', NULL, 'http://testshop.bimmer-tech.net/payment/notify/ho6hJvZV35lzb2SLC1dw9eq9qunmhS7p0X4PNr5m21o', 'online'),
('I0mChYXqX9Dv2n-2RYgdJdKekFcGm0QBvpe8MrGmvWI', 'C:25:\"Payum\\Core\\Model\\Identity\":62:{a:2:{i:0;i:90;i:1;s:35:\"Sylius\\Component\\Core\\Model\\Payment\";}}', NULL, 'http://testshop.bimmer-tech.net/payment/notify/I0mChYXqX9Dv2n-2RYgdJdKekFcGm0QBvpe8MrGmvWI', 'online'),
('iiSKTw3o4xCacJxkw51Zg8lUzi0MRzkGPeamTqkmWwU', 'C:25:\"Payum\\Core\\Model\\Identity\":61:{a:2:{i:0;i:6;i:1;s:35:\"Sylius\\Component\\Core\\Model\\Payment\";}}', 'http://testshop.bimmer-tech.net/order/after-pay?payum_token=zQIvwGyUVWhdgS8OuugmI6Ism8JuVDb8m3Xf0oljDBA', 'http://testshop.bimmer-tech.net/payment/capture/iiSKTw3o4xCacJxkw51Zg8lUzi0MRzkGPeamTqkmWwU', 'online'),
('Jc8RhBfFretkE6dfI60Gj7DoV23SjZzoDH4wXD0Jzo0', 'C:25:\"Payum\\Core\\Model\\Identity\":61:{a:2:{i:0;i:9;i:1;s:35:\"Sylius\\Component\\Core\\Model\\Payment\";}}', 'http://testshop.bimmer-tech.net/order/after-pay?payum_token=wWxZJfk014Dmjr-0bwd4V8aREKwRk048LM6xKdRxunk', 'http://testshop.bimmer-tech.net/payment/capture/Jc8RhBfFretkE6dfI60Gj7DoV23SjZzoDH4wXD0Jzo0', 'online'),
('JGmQ0Ls1SRHmXLHvW0cMY0aGWVTVSUPbdP3qDLz6Jgc', 'C:25:\"Payum\\Core\\Model\\Identity\":62:{a:2:{i:0;i:94;i:1;s:35:\"Sylius\\Component\\Core\\Model\\Payment\";}}', NULL, 'http://testshop.bimmer-tech.net/payment/notify/JGmQ0Ls1SRHmXLHvW0cMY0aGWVTVSUPbdP3qDLz6Jgc', 'online'),
('JmXME3QuyoOd3BcPnRlVm5HdEPtvH011cv1GbgKi2ZM', 'C:25:\"Payum\\Core\\Model\\Identity\":62:{a:2:{i:0;i:92;i:1;s:35:\"Sylius\\Component\\Core\\Model\\Payment\";}}', 'http://testshop.bimmer-tech.net/order/after-pay?payum_token=QEsRCXI9s8lmAKGJSxq9XzSZG09hnWL0BRopSGhtvFk', 'http://testshop.bimmer-tech.net/payment/capture/JmXME3QuyoOd3BcPnRlVm5HdEPtvH011cv1GbgKi2ZM', 'online'),
('jPe_kBW3DfF8GXg_sXWeo9wJXaeZXDhlvHFCp1C4lrE', 'C:25:\"Payum\\Core\\Model\\Identity\":62:{a:2:{i:0;i:34;i:1;s:35:\"Sylius\\Component\\Core\\Model\\Payment\";}}', NULL, 'http://testshop.bimmer-tech.net/order/after-pay?payum_token=jPe_kBW3DfF8GXg_sXWeo9wJXaeZXDhlvHFCp1C4lrE', 'online'),
('jW9JZ6Vcs7Cw6LOtHm67Z3Rd4bIZHg0oPWTz2g8Wk5c', 'C:25:\"Payum\\Core\\Model\\Identity\":62:{a:2:{i:0;i:57;i:1;s:35:\"Sylius\\Component\\Core\\Model\\Payment\";}}', NULL, 'http://testshop.bimmer-tech.net/payment/notify/jW9JZ6Vcs7Cw6LOtHm67Z3Rd4bIZHg0oPWTz2g8Wk5c', 'online'),
('K6himlqz3VXxJHC3hR2djt02624xlf0zHUKnlU6sxUY', 'C:25:\"Payum\\Core\\Model\\Identity\":62:{a:2:{i:0;i:72;i:1;s:35:\"Sylius\\Component\\Core\\Model\\Payment\";}}', NULL, 'http://testshop.bimmer-tech.net/payment/notify/K6himlqz3VXxJHC3hR2djt02624xlf0zHUKnlU6sxUY', 'online'),
('kdR2vIo8so_thW_cJVwD2kr1FBwIIvbN1izixP2TPXM', 'C:25:\"Payum\\Core\\Model\\Identity\":62:{a:2:{i:0;i:36;i:1;s:35:\"Sylius\\Component\\Core\\Model\\Payment\";}}', NULL, 'http://testshop.bimmer-tech.net/payment/notify/kdR2vIo8so_thW_cJVwD2kr1FBwIIvbN1izixP2TPXM', 'online'),
('KpsQWcHnmmAqLEbfdiUvBBB5tWgEKoJTvnx5X__VLLc', 'C:25:\"Payum\\Core\\Model\\Identity\":62:{a:2:{i:0;i:31;i:1;s:35:\"Sylius\\Component\\Core\\Model\\Payment\";}}', 'http://testshop.bimmer-tech.net/order/after-pay?payum_token=FsCxnFRg0TlrxGnV2x_BED-_C0trHNBJz0OWQhFkqAo', 'http://testshop.bimmer-tech.net/payment/capture/KpsQWcHnmmAqLEbfdiUvBBB5tWgEKoJTvnx5X__VLLc', 'online'),
('kW-ElC6qHWl1t_Z5rmLRh2qI8U7HLbBIyBPGvibAk1M', 'C:25:\"Payum\\Core\\Model\\Identity\":62:{a:2:{i:0;i:69;i:1;s:35:\"Sylius\\Component\\Core\\Model\\Payment\";}}', NULL, 'http://testshop.bimmer-tech.net/order/after-pay?payum_token=kW-ElC6qHWl1t_Z5rmLRh2qI8U7HLbBIyBPGvibAk1M', 'online'),
('lCgv48gv5vS6Z0wAP8RYcg3-ErrjKBDlw8BL_2HP48s', 'C:25:\"Payum\\Core\\Model\\Identity\":62:{a:2:{i:0;i:15;i:1;s:35:\"Sylius\\Component\\Core\\Model\\Payment\";}}', 'http://testshop.bimmer-tech.net/order/after-pay?payum_token=3irJVCk8UzpSymhxlcb5o8AncWUtOpqLZQcvLA1J3gY', 'http://testshop.bimmer-tech.net/payment/capture/lCgv48gv5vS6Z0wAP8RYcg3-ErrjKBDlw8BL_2HP48s', 'online'),
('lerEbVuQJmv8nmwV0LIL3Na-Ei6F_saqEJZmhBaNJHg', 'C:25:\"Payum\\Core\\Model\\Identity\":62:{a:2:{i:0;i:34;i:1;s:35:\"Sylius\\Component\\Core\\Model\\Payment\";}}', 'http://testshop.bimmer-tech.net/order/after-pay?payum_token=jPe_kBW3DfF8GXg_sXWeo9wJXaeZXDhlvHFCp1C4lrE', 'http://testshop.bimmer-tech.net/payment/capture/lerEbVuQJmv8nmwV0LIL3Na-Ei6F_saqEJZmhBaNJHg', 'online'),
('LtuWbmTuQ9Tm_l0cK8nWDvsjwbvv0D7jHg9bOfryHqM', 'C:25:\"Payum\\Core\\Model\\Identity\":62:{a:2:{i:0;i:51;i:1;s:35:\"Sylius\\Component\\Core\\Model\\Payment\";}}', NULL, 'http://testshop.bimmer-tech.net/order/after-pay?payum_token=LtuWbmTuQ9Tm_l0cK8nWDvsjwbvv0D7jHg9bOfryHqM', 'online'),
('Lvzq5amjZG77GGBZlRFtgW-oUiWmcXJQlOX6vtupbzs', 'C:25:\"Payum\\Core\\Model\\Identity\":62:{a:2:{i:0;i:67;i:1;s:35:\"Sylius\\Component\\Core\\Model\\Payment\";}}', NULL, 'http://testshop.bimmer-tech.net/order/after-pay?payum_token=Lvzq5amjZG77GGBZlRFtgW-oUiWmcXJQlOX6vtupbzs', 'online'),
('me3gzwUvyBfKUBt79ej4DJdwWTW1BQR4PnsyeM9X2EI', 'C:25:\"Payum\\Core\\Model\\Identity\":62:{a:2:{i:0;i:97;i:1;s:35:\"Sylius\\Component\\Core\\Model\\Payment\";}}', NULL, 'http://testshop.bimmer-tech.net/payment/notify/me3gzwUvyBfKUBt79ej4DJdwWTW1BQR4PnsyeM9X2EI', 'online'),
('MhbSK1BuvDhITOpM4eSS4BREWssdhvp5vvMxnbzDy70', 'C:25:\"Payum\\Core\\Model\\Identity\":62:{a:2:{i:0;i:98;i:1;s:35:\"Sylius\\Component\\Core\\Model\\Payment\";}}', NULL, 'http://testshop.bimmer-tech.net/payment/notify/MhbSK1BuvDhITOpM4eSS4BREWssdhvp5vvMxnbzDy70', 'online'),
('mVo_9ep34qN2vqriAkT_wBDwmEnRAiEeb188z6UexkE', 'C:25:\"Payum\\Core\\Model\\Identity\":62:{a:2:{i:0;i:21;i:1;s:35:\"Sylius\\Component\\Core\\Model\\Payment\";}}', NULL, 'http://testshop.bimmer-tech.net/order/after-pay?payum_token=mVo_9ep34qN2vqriAkT_wBDwmEnRAiEeb188z6UexkE', 'online'),
('na55TmgUIhmI-8JYEw44a-ZFZHgWh5DRdDVynKsWemc', 'C:25:\"Payum\\Core\\Model\\Identity\":62:{a:2:{i:0;i:64;i:1;s:35:\"Sylius\\Component\\Core\\Model\\Payment\";}}', NULL, 'http://testshop.bimmer-tech.net/order/after-pay?payum_token=na55TmgUIhmI-8JYEw44a-ZFZHgWh5DRdDVynKsWemc', 'online'),
('nDcKk6YCZ8rN8_EYjP4S7HsumDEFw7vqpOYhjLLIZQs', 'C:25:\"Payum\\Core\\Model\\Identity\":62:{a:2:{i:0;i:18;i:1;s:35:\"Sylius\\Component\\Core\\Model\\Payment\";}}', NULL, 'http://testshop.bimmer-tech.net/payment/notify/nDcKk6YCZ8rN8_EYjP4S7HsumDEFw7vqpOYhjLLIZQs', 'online'),
('nM9PxgivUytYpKU7A-TsNu02s0Iukb2m6Q34b78ic-Y', 'C:25:\"Payum\\Core\\Model\\Identity\":63:{a:2:{i:0;i:100;i:1;s:35:\"Sylius\\Component\\Core\\Model\\Payment\";}}', 'http://testshop.bimmer-tech.net/order/after-pay?payum_token=H7E-ocElVSQVgYdAmlzs4E1m4e0zaWehnUPSBdEWIn4', 'http://testshop.bimmer-tech.net/payment/capture/nM9PxgivUytYpKU7A-TsNu02s0Iukb2m6Q34b78ic-Y', 'online'),
('NrHuShJoHzmShUZkK_papV3Utuf4f-ck-nXmReLREFg', 'C:25:\"Payum\\Core\\Model\\Identity\":62:{a:2:{i:0;i:34;i:1;s:35:\"Sylius\\Component\\Core\\Model\\Payment\";}}', NULL, 'http://testshop.bimmer-tech.net/payment/notify/NrHuShJoHzmShUZkK_papV3Utuf4f-ck-nXmReLREFg', 'online'),
('NvHy0f-JLyET5lLNcKpel3UZoSGSfWd-FRa1jbnT8IA', 'C:25:\"Payum\\Core\\Model\\Identity\":62:{a:2:{i:0;i:84;i:1;s:35:\"Sylius\\Component\\Core\\Model\\Payment\";}}', NULL, 'http://testshop.bimmer-tech.net/payment/notify/NvHy0f-JLyET5lLNcKpel3UZoSGSfWd-FRa1jbnT8IA', 'online'),
('nwahAkAIntyuz0LTGpTyIOlJMkwElIqzeDRHCRG2wlQ', 'C:25:\"Payum\\Core\\Model\\Identity\":62:{a:2:{i:0;i:85;i:1;s:35:\"Sylius\\Component\\Core\\Model\\Payment\";}}', NULL, 'http://testshop.bimmer-tech.net/payment/notify/nwahAkAIntyuz0LTGpTyIOlJMkwElIqzeDRHCRG2wlQ', 'online'),
('o7AmCdXncNdSlwV65yv7jz4D3horhpCjwEjnRBP9f9s', 'C:25:\"Payum\\Core\\Model\\Identity\":62:{a:2:{i:0;i:16;i:1;s:35:\"Sylius\\Component\\Core\\Model\\Payment\";}}', NULL, 'http://testshop.bimmer-tech.net/order/after-pay?payum_token=o7AmCdXncNdSlwV65yv7jz4D3horhpCjwEjnRBP9f9s', 'online'),
('oaR7qBYDzaknqHx1bPjiGijsMje8_BSBVGsHvTQpQCE', 'C:25:\"Payum\\Core\\Model\\Identity\":62:{a:2:{i:0;i:31;i:1;s:35:\"Sylius\\Component\\Core\\Model\\Payment\";}}', 'http://testshop.bimmer-tech.net/order/after-pay?payum_token=-HnhLBpd0uRlbnFoJ0VshC4brEPxjP-7GG9jYFu4gkw', 'http://testshop.bimmer-tech.net/payment/capture/oaR7qBYDzaknqHx1bPjiGijsMje8_BSBVGsHvTQpQCE', 'online'),
('oHbfLavnUCouFa1854949qkbq9XKl1wzQYZVUxYg5AM', 'C:25:\"Payum\\Core\\Model\\Identity\":62:{a:2:{i:0;i:65;i:1;s:35:\"Sylius\\Component\\Core\\Model\\Payment\";}}', NULL, 'http://testshop.bimmer-tech.net/payment/notify/oHbfLavnUCouFa1854949qkbq9XKl1wzQYZVUxYg5AM', 'online'),
('Onxa8T76vSeAANw-9snhoJ9hg2f2Cakq0iHgX7pE7X0', 'C:25:\"Payum\\Core\\Model\\Identity\":62:{a:2:{i:0;i:62;i:1;s:35:\"Sylius\\Component\\Core\\Model\\Payment\";}}', NULL, 'http://testshop.bimmer-tech.net/payment/notify/Onxa8T76vSeAANw-9snhoJ9hg2f2Cakq0iHgX7pE7X0', 'online'),
('OVyegWwD65VXf-H_o8tyzhQkjsRIJE0AXd-32IuUrkI', 'C:25:\"Payum\\Core\\Model\\Identity\":62:{a:2:{i:0;i:48;i:1;s:35:\"Sylius\\Component\\Core\\Model\\Payment\";}}', 'http://testshop.bimmer-tech.net/order/after-pay?payum_token=5zwTUgjttKSRKQiExG46jbOq9TlwioXlfrtR-i--wpY', 'http://testshop.bimmer-tech.net/payment/capture/OVyegWwD65VXf-H_o8tyzhQkjsRIJE0AXd-32IuUrkI', 'online'),
('oyuqT2rTGK2X-46SOvI3ApXcLhR9KE6Q8i-x9ImDkZ4', 'C:25:\"Payum\\Core\\Model\\Identity\":62:{a:2:{i:0;i:93;i:1;s:35:\"Sylius\\Component\\Core\\Model\\Payment\";}}', 'http://testshop.bimmer-tech.net/order/after-pay?payum_token=gYCD-lML2nMHbMGF0lo_O-4M8omYXMqep2mRHrL_W-s', 'http://testshop.bimmer-tech.net/payment/capture/oyuqT2rTGK2X-46SOvI3ApXcLhR9KE6Q8i-x9ImDkZ4', 'online'),
('p0o0YjXhj38h8agkg1dgsEQQqkBuDcVsF0wHOauC0iQ', 'C:25:\"Payum\\Core\\Model\\Identity\":62:{a:2:{i:0;i:60;i:1;s:35:\"Sylius\\Component\\Core\\Model\\Payment\";}}', NULL, 'http://testshop.bimmer-tech.net/payment/notify/p0o0YjXhj38h8agkg1dgsEQQqkBuDcVsF0wHOauC0iQ', 'online'),
('PaUwm1HTROdpTs9W2yQX6hnVA0piTeH_pH2BK5gtnis', 'C:25:\"Payum\\Core\\Model\\Identity\":62:{a:2:{i:0;i:82;i:1;s:35:\"Sylius\\Component\\Core\\Model\\Payment\";}}', NULL, 'http://testshop.bimmer-tech.net/payment/notify/PaUwm1HTROdpTs9W2yQX6hnVA0piTeH_pH2BK5gtnis', 'online'),
('pBHfiJGJHnYEecL-7AdP1KAmmsUU4_7r6oj8Se_h9aU', 'C:25:\"Payum\\Core\\Model\\Identity\":62:{a:2:{i:0;i:55;i:1;s:35:\"Sylius\\Component\\Core\\Model\\Payment\";}}', NULL, 'http://testshop.bimmer-tech.net/order/after-pay?payum_token=pBHfiJGJHnYEecL-7AdP1KAmmsUU4_7r6oj8Se_h9aU', 'online'),
('pid5L2VeNI5VvFsKWkdcSEUJh_c8Uu57scbNcNkDBLo', 'C:25:\"Payum\\Core\\Model\\Identity\":62:{a:2:{i:0;i:93;i:1;s:35:\"Sylius\\Component\\Core\\Model\\Payment\";}}', NULL, 'http://testshop.bimmer-tech.net/order/after-pay?payum_token=pid5L2VeNI5VvFsKWkdcSEUJh_c8Uu57scbNcNkDBLo', 'online'),
('pj9Z5Y8pvC9C-aLaLzyJb93--qIcK0efGAbq4uhY9Jc', 'C:25:\"Payum\\Core\\Model\\Identity\":62:{a:2:{i:0;i:96;i:1;s:35:\"Sylius\\Component\\Core\\Model\\Payment\";}}', 'http://testshop.bimmer-tech.net/order/after-pay?payum_token=055XVZCOlzqNeHLy_TaNGVqhHKBv4SRS6VcZrfVOBK4', 'http://testshop.bimmer-tech.net/payment/capture/pj9Z5Y8pvC9C-aLaLzyJb93--qIcK0efGAbq4uhY9Jc', 'online'),
('pMNEpzcV8izH0-_F9_A1lMpC5pW2xpEuwy44cpMHrrs', 'C:25:\"Payum\\Core\\Model\\Identity\":62:{a:2:{i:0;i:67;i:1;s:35:\"Sylius\\Component\\Core\\Model\\Payment\";}}', 'http://testshop.bimmer-tech.net/order/after-pay?payum_token=dRyWh3AfYn66Ac0oSYiRWz7w4B3jttK2sO4W_YlZh1w', 'http://testshop.bimmer-tech.net/payment/capture/pMNEpzcV8izH0-_F9_A1lMpC5pW2xpEuwy44cpMHrrs', 'online'),
('psiQJQnaPBLj6SCiDPG21haNVJuPChJ_zTOiBltmF-w', 'C:25:\"Payum\\Core\\Model\\Identity\":62:{a:2:{i:0;i:88;i:1;s:35:\"Sylius\\Component\\Core\\Model\\Payment\";}}', NULL, 'http://testshop.bimmer-tech.net/payment/notify/psiQJQnaPBLj6SCiDPG21haNVJuPChJ_zTOiBltmF-w', 'online'),
('PxUFjpxTp7IUHBB2kbHSNUhY9Jf6IWyKNKRXXT2S5dU', 'C:25:\"Payum\\Core\\Model\\Identity\":62:{a:2:{i:0;i:78;i:1;s:35:\"Sylius\\Component\\Core\\Model\\Payment\";}}', NULL, 'http://testshop.bimmer-tech.net/payment/notify/PxUFjpxTp7IUHBB2kbHSNUhY9Jf6IWyKNKRXXT2S5dU', 'online'),
('Q5g3eOHdAMBgbfTJ4CU_Mv7NodKN7uNf26GcoZivweI', 'C:25:\"Payum\\Core\\Model\\Identity\":62:{a:2:{i:0;i:57;i:1;s:35:\"Sylius\\Component\\Core\\Model\\Payment\";}}', 'http://testshop.bimmer-tech.net/order/after-pay?payum_token=DC6yY9O-4ZQkmDHfS0lA-jAbK8qkT2TaONrrTFoJxtQ', 'http://testshop.bimmer-tech.net/payment/capture/Q5g3eOHdAMBgbfTJ4CU_Mv7NodKN7uNf26GcoZivweI', 'online'),
('qAaBiVMF1m1bws_QptNsOHUox-eXie4Cus8L9EFn2m8', 'C:25:\"Payum\\Core\\Model\\Identity\":62:{a:2:{i:0;i:92;i:1;s:35:\"Sylius\\Component\\Core\\Model\\Payment\";}}', NULL, 'http://testshop.bimmer-tech.net/payment/notify/qAaBiVMF1m1bws_QptNsOHUox-eXie4Cus8L9EFn2m8', 'online'),
('QAL_JY5nB--jbqROddlEFADAkennpLx84x9KQefL-CM', 'C:25:\"Payum\\Core\\Model\\Identity\":62:{a:2:{i:0;i:95;i:1;s:35:\"Sylius\\Component\\Core\\Model\\Payment\";}}', 'http://testshop.bimmer-tech.net/order/after-pay?payum_token=zG34cUW4vYfdCB03HmkFa4rn6yaBSw8eWE0zmRht1KU', 'http://testshop.bimmer-tech.net/payment/capture/QAL_JY5nB--jbqROddlEFADAkennpLx84x9KQefL-CM', 'online'),
('QEsRCXI9s8lmAKGJSxq9XzSZG09hnWL0BRopSGhtvFk', 'C:25:\"Payum\\Core\\Model\\Identity\":62:{a:2:{i:0;i:92;i:1;s:35:\"Sylius\\Component\\Core\\Model\\Payment\";}}', NULL, 'http://testshop.bimmer-tech.net/order/after-pay?payum_token=QEsRCXI9s8lmAKGJSxq9XzSZG09hnWL0BRopSGhtvFk', 'online'),
('qHFtpiLQGRPyKHxUGU_kqDJFjL4ogqzFoLadsBMcMog', 'C:25:\"Payum\\Core\\Model\\Identity\":62:{a:2:{i:0;i:46;i:1;s:35:\"Sylius\\Component\\Core\\Model\\Payment\";}}', NULL, 'http://testshop.bimmer-tech.net/payment/notify/qHFtpiLQGRPyKHxUGU_kqDJFjL4ogqzFoLadsBMcMog', 'online'),
('QQ9UraKqrccn0KZkfEENHBeaMVjoi1JDs2KQDLA4Eb0', 'C:25:\"Payum\\Core\\Model\\Identity\":62:{a:2:{i:0;i:96;i:1;s:35:\"Sylius\\Component\\Core\\Model\\Payment\";}}', 'http://testshop.bimmer-tech.net/order/after-pay?payum_token=8pm14L4akSsioerEnPSOtESzrghbCzlOwSQCwqD_qdA', 'http://testshop.bimmer-tech.net/payment/capture/QQ9UraKqrccn0KZkfEENHBeaMVjoi1JDs2KQDLA4Eb0', 'online'),
('R-_O70PjyHqoFOtxic_mrmk5zY_7z8GtTCpHs_lrPpg', 'C:25:\"Payum\\Core\\Model\\Identity\":63:{a:2:{i:0;i:100;i:1;s:35:\"Sylius\\Component\\Core\\Model\\Payment\";}}', NULL, 'http://testshop.bimmer-tech.net/payment/notify/R-_O70PjyHqoFOtxic_mrmk5zY_7z8GtTCpHs_lrPpg', 'online'),
('rh7cUxZcP-F5OOwLBzL1dlXEE0bK9dYb5ajAh_MFfNo', 'C:25:\"Payum\\Core\\Model\\Identity\":62:{a:2:{i:0;i:32;i:1;s:35:\"Sylius\\Component\\Core\\Model\\Payment\";}}', NULL, 'http://testshop.bimmer-tech.net/payment/notify/rh7cUxZcP-F5OOwLBzL1dlXEE0bK9dYb5ajAh_MFfNo', 'online'),
('RxJcftr0oIy1iqYl6LTYyqufGYoycHhPf-PDX8TQhlM', 'C:25:\"Payum\\Core\\Model\\Identity\":62:{a:2:{i:0;i:59;i:1;s:35:\"Sylius\\Component\\Core\\Model\\Payment\";}}', NULL, 'http://testshop.bimmer-tech.net/payment/notify/RxJcftr0oIy1iqYl6LTYyqufGYoycHhPf-PDX8TQhlM', 'online'),
('s7gEkRu-ZL1i448wk3P5LerO6UrzXC5HTDv86Qi0Alk', 'C:25:\"Payum\\Core\\Model\\Identity\":62:{a:2:{i:0;i:92;i:1;s:35:\"Sylius\\Component\\Core\\Model\\Payment\";}}', 'http://testshop.bimmer-tech.net/order/after-pay?payum_token=Tng3UG7WhW4ytl-gSjsl7_2rsX8lcIE3p9CEvxT2zdM', 'http://testshop.bimmer-tech.net/payment/capture/s7gEkRu-ZL1i448wk3P5LerO6UrzXC5HTDv86Qi0Alk', 'online'),
('sAdDY6kHd982UkqnmiFdEQWn7QzgKxsJbRqbugwg3SI', 'C:25:\"Payum\\Core\\Model\\Identity\":62:{a:2:{i:0;i:40;i:1;s:35:\"Sylius\\Component\\Core\\Model\\Payment\";}}', NULL, 'http://testshop.bimmer-tech.net/payment/notify/sAdDY6kHd982UkqnmiFdEQWn7QzgKxsJbRqbugwg3SI', 'online'),
('SEFEjwfy1y9cEODnS8mlx4zStAzg8ItJN7WWFsB952Y', 'C:25:\"Payum\\Core\\Model\\Identity\":61:{a:2:{i:0;i:9;i:1;s:35:\"Sylius\\Component\\Core\\Model\\Payment\";}}', 'http://testshop.bimmer-tech.net/order/after-pay?payum_token=Cxym3mCJgOESMm9tCCxY2c94-k6Db6TzbHFAIzdXUpM', 'http://testshop.bimmer-tech.net/payment/capture/SEFEjwfy1y9cEODnS8mlx4zStAzg8ItJN7WWFsB952Y', 'online'),
('SiOtnyVTY1IWEMdxmT8CWl2qEAnKhhs2MXv8M0Y718g', 'C:25:\"Payum\\Core\\Model\\Identity\":62:{a:2:{i:0;i:67;i:1;s:35:\"Sylius\\Component\\Core\\Model\\Payment\";}}', NULL, 'http://testshop.bimmer-tech.net/order/after-pay?payum_token=SiOtnyVTY1IWEMdxmT8CWl2qEAnKhhs2MXv8M0Y718g', 'online'),
('svFkElspnewfywt0Vdlhx_ObB1czWgttuWuiuSFZZGU', 'C:25:\"Payum\\Core\\Model\\Identity\":62:{a:2:{i:0;i:44;i:1;s:35:\"Sylius\\Component\\Core\\Model\\Payment\";}}', NULL, 'http://testshop.bimmer-tech.net/order/after-pay?payum_token=svFkElspnewfywt0Vdlhx_ObB1czWgttuWuiuSFZZGU', 'online'),
('sWnrH_zOttqxZMxEahV1FusvAZHiL9MBfMDGPIvQQE8', 'C:25:\"Payum\\Core\\Model\\Identity\":62:{a:2:{i:0;i:19;i:1;s:35:\"Sylius\\Component\\Core\\Model\\Payment\";}}', 'http://testshop.bimmer-tech.net/order/after-pay?payum_token=UyvPMvu6CBsBk16zYlmY6Xs2_ErokmZ1Uu0kpPUmdKc', 'http://testshop.bimmer-tech.net/payment/capture/sWnrH_zOttqxZMxEahV1FusvAZHiL9MBfMDGPIvQQE8', 'online'),
('t-DSjN8YIIalXkH65UbNjKhgvBfhmS6nWGAPzS5ffuc', 'C:25:\"Payum\\Core\\Model\\Identity\":62:{a:2:{i:0;i:67;i:1;s:35:\"Sylius\\Component\\Core\\Model\\Payment\";}}', 'http://testshop.bimmer-tech.net/order/after-pay?payum_token=gKw0iJD-HXuvZLFMxCoqc7fDR8gik-_C1MsHUeK8l0I', 'http://testshop.bimmer-tech.net/payment/capture/t-DSjN8YIIalXkH65UbNjKhgvBfhmS6nWGAPzS5ffuc', 'online'),
('Tng3UG7WhW4ytl-gSjsl7_2rsX8lcIE3p9CEvxT2zdM', 'C:25:\"Payum\\Core\\Model\\Identity\":62:{a:2:{i:0;i:92;i:1;s:35:\"Sylius\\Component\\Core\\Model\\Payment\";}}', NULL, 'http://testshop.bimmer-tech.net/order/after-pay?payum_token=Tng3UG7WhW4ytl-gSjsl7_2rsX8lcIE3p9CEvxT2zdM', 'online'),
('TNQYyB67iVFIvgN1sluHpu9lbmXLhkiSUdeuEDiwVfo', 'C:25:\"Payum\\Core\\Model\\Identity\":62:{a:2:{i:0;i:91;i:1;s:35:\"Sylius\\Component\\Core\\Model\\Payment\";}}', NULL, 'http://testshop.bimmer-tech.net/payment/notify/TNQYyB67iVFIvgN1sluHpu9lbmXLhkiSUdeuEDiwVfo', 'online'),
('u1_61frO8xJzkDnFTeYAeqVIqApCbSlbGmRor73WKFU', 'C:25:\"Payum\\Core\\Model\\Identity\":62:{a:2:{i:0;i:44;i:1;s:35:\"Sylius\\Component\\Core\\Model\\Payment\";}}', 'http://testshop.bimmer-tech.net/order/after-pay?payum_token=svFkElspnewfywt0Vdlhx_ObB1czWgttuWuiuSFZZGU', 'http://testshop.bimmer-tech.net/payment/capture/u1_61frO8xJzkDnFTeYAeqVIqApCbSlbGmRor73WKFU', 'online'),
('U6jOGe7kVjc0TKkAzLpkdxn_Nnqfl_jPWlwwsWS2Yow', 'C:25:\"Payum\\Core\\Model\\Identity\":62:{a:2:{i:0;i:93;i:1;s:35:\"Sylius\\Component\\Core\\Model\\Payment\";}}', NULL, 'http://testshop.bimmer-tech.net/payment/notify/U6jOGe7kVjc0TKkAzLpkdxn_Nnqfl_jPWlwwsWS2Yow', 'online'),
('uejJSlxmp7zt0fw5Laerp2zpns_ZcapPTrrMonyJlPA', 'C:25:\"Payum\\Core\\Model\\Identity\":62:{a:2:{i:0;i:34;i:1;s:35:\"Sylius\\Component\\Core\\Model\\Payment\";}}', NULL, 'http://testshop.bimmer-tech.net/order/after-pay?payum_token=uejJSlxmp7zt0fw5Laerp2zpns_ZcapPTrrMonyJlPA', 'online'),
('uUz7gSYUW21ZdskeclYPqR04NKR9NABLt2edwTp_0rI', 'C:25:\"Payum\\Core\\Model\\Identity\":62:{a:2:{i:0;i:49;i:1;s:35:\"Sylius\\Component\\Core\\Model\\Payment\";}}', NULL, 'http://testshop.bimmer-tech.net/order/after-pay?payum_token=uUz7gSYUW21ZdskeclYPqR04NKR9NABLt2edwTp_0rI', 'online'),
('UWQ92hdnmmMH2WADtVf-tELCUG0fLrBekGc2G0kg6UQ', 'C:25:\"Payum\\Core\\Model\\Identity\":62:{a:2:{i:0;i:56;i:1;s:35:\"Sylius\\Component\\Core\\Model\\Payment\";}}', NULL, 'http://testshop.bimmer-tech.net/payment/notify/UWQ92hdnmmMH2WADtVf-tELCUG0fLrBekGc2G0kg6UQ', 'online'),
('UyvPMvu6CBsBk16zYlmY6Xs2_ErokmZ1Uu0kpPUmdKc', 'C:25:\"Payum\\Core\\Model\\Identity\":62:{a:2:{i:0;i:19;i:1;s:35:\"Sylius\\Component\\Core\\Model\\Payment\";}}', NULL, 'http://testshop.bimmer-tech.net/order/after-pay?payum_token=UyvPMvu6CBsBk16zYlmY6Xs2_ErokmZ1Uu0kpPUmdKc', 'online'),
('VmiadNQE5Y-Tck05ju5qvucFZ_u9AT_KlqSIiUKQEos', 'C:25:\"Payum\\Core\\Model\\Identity\":62:{a:2:{i:0;i:21;i:1;s:35:\"Sylius\\Component\\Core\\Model\\Payment\";}}', NULL, 'http://testshop.bimmer-tech.net/payment/notify/VmiadNQE5Y-Tck05ju5qvucFZ_u9AT_KlqSIiUKQEos', 'online'),
('vO42i63BfvXEIvFkHGgqqh3B2F4DKQOCd6SKHPciGmE', 'C:25:\"Payum\\Core\\Model\\Identity\":62:{a:2:{i:0;i:49;i:1;s:35:\"Sylius\\Component\\Core\\Model\\Payment\";}}', 'http://testshop.bimmer-tech.net/order/after-pay?payum_token=uUz7gSYUW21ZdskeclYPqR04NKR9NABLt2edwTp_0rI', 'http://testshop.bimmer-tech.net/payment/capture/vO42i63BfvXEIvFkHGgqqh3B2F4DKQOCd6SKHPciGmE', 'online'),
('VRwK-uXLVrOEC_yuKfTgtD_AffYLaI5ujE_g-5-mdDc', 'C:25:\"Payum\\Core\\Model\\Identity\":62:{a:2:{i:0;i:16;i:1;s:35:\"Sylius\\Component\\Core\\Model\\Payment\";}}', NULL, 'http://testshop.bimmer-tech.net/payment/notify/VRwK-uXLVrOEC_yuKfTgtD_AffYLaI5ujE_g-5-mdDc', 'online'),
('WDGiiItVte0Tkjl8hJACCSR9fZt6vyl5ObwwCqzj4B4', 'C:25:\"Payum\\Core\\Model\\Identity\":62:{a:2:{i:0;i:95;i:1;s:35:\"Sylius\\Component\\Core\\Model\\Payment\";}}', NULL, 'http://testshop.bimmer-tech.net/payment/notify/WDGiiItVte0Tkjl8hJACCSR9fZt6vyl5ObwwCqzj4B4', 'online'),
('wGwO14IiXaqYe9_S340xrxLdaMEc9_ovjv-xjE5as-k', 'C:25:\"Payum\\Core\\Model\\Identity\":62:{a:2:{i:0;i:67;i:1;s:35:\"Sylius\\Component\\Core\\Model\\Payment\";}}', 'http://testshop.bimmer-tech.net/order/after-pay?payum_token=SiOtnyVTY1IWEMdxmT8CWl2qEAnKhhs2MXv8M0Y718g', 'http://testshop.bimmer-tech.net/payment/capture/wGwO14IiXaqYe9_S340xrxLdaMEc9_ovjv-xjE5as-k', 'online'),
('WOGDW7NPVT3EmsMHPV3_Jr3_SQgrnaPD1IOPOlupRdk', 'C:25:\"Payum\\Core\\Model\\Identity\":62:{a:2:{i:0;i:30;i:1;s:35:\"Sylius\\Component\\Core\\Model\\Payment\";}}', NULL, 'http://testshop.bimmer-tech.net/payment/notify/WOGDW7NPVT3EmsMHPV3_Jr3_SQgrnaPD1IOPOlupRdk', 'online'),
('wr8TvoO24fk753s09QWyuSeHSzOjBQj52BKCMIGhhuI', 'C:25:\"Payum\\Core\\Model\\Identity\":62:{a:2:{i:0;i:67;i:1;s:35:\"Sylius\\Component\\Core\\Model\\Payment\";}}', NULL, 'http://testshop.bimmer-tech.net/payment/notify/wr8TvoO24fk753s09QWyuSeHSzOjBQj52BKCMIGhhuI', 'online'),
('WsgJemhXoAizdrM-remkcJINaqOBnAW7RBk74xwGs7Y', 'C:25:\"Payum\\Core\\Model\\Identity\":62:{a:2:{i:0;i:69;i:1;s:35:\"Sylius\\Component\\Core\\Model\\Payment\";}}', 'http://testshop.bimmer-tech.net/order/after-pay?payum_token=As-1BcF8OP5X3eMheHxOokqmgO064SpOqoM8K4eRjCQ', 'http://testshop.bimmer-tech.net/payment/capture/WsgJemhXoAizdrM-remkcJINaqOBnAW7RBk74xwGs7Y', 'online'),
('wwqBwUjbT8NDc3z1UGIAMIGasuouRwz0_KPwmwgqUoQ', 'C:25:\"Payum\\Core\\Model\\Identity\":62:{a:2:{i:0;i:55;i:1;s:35:\"Sylius\\Component\\Core\\Model\\Payment\";}}', NULL, 'http://testshop.bimmer-tech.net/payment/notify/wwqBwUjbT8NDc3z1UGIAMIGasuouRwz0_KPwmwgqUoQ', 'online'),
('wWxZJfk014Dmjr-0bwd4V8aREKwRk048LM6xKdRxunk', 'C:25:\"Payum\\Core\\Model\\Identity\":61:{a:2:{i:0;i:9;i:1;s:35:\"Sylius\\Component\\Core\\Model\\Payment\";}}', NULL, 'http://testshop.bimmer-tech.net/order/after-pay?payum_token=wWxZJfk014Dmjr-0bwd4V8aREKwRk048LM6xKdRxunk', 'online'),
('X-BoAWccCR55ScVdn32PWTDy4zbctXJNbwE9bA8Ibjk', 'C:25:\"Payum\\Core\\Model\\Identity\":62:{a:2:{i:0;i:67;i:1;s:35:\"Sylius\\Component\\Core\\Model\\Payment\";}}', 'http://testshop.bimmer-tech.net/order/after-pay?payum_token=YLp0MWCKxe4oooHW5Ckr9OQ2L6WgAunIJDSPOVy765c', 'http://testshop.bimmer-tech.net/payment/capture/X-BoAWccCR55ScVdn32PWTDy4zbctXJNbwE9bA8Ibjk', 'online'),
('XdWXxgCygdTXTfA3Uu1OvtSJSFic8gc4hEfCA4TMM60', 'C:25:\"Payum\\Core\\Model\\Identity\":61:{a:2:{i:0;i:4;i:1;s:35:\"Sylius\\Component\\Core\\Model\\Payment\";}}', NULL, 'http://testshop.bimmer-tech.net/payment/notify/XdWXxgCygdTXTfA3Uu1OvtSJSFic8gc4hEfCA4TMM60', 'online'),
('xEszENQDWEk19Z6-MHMZAJiDiTlsBgBqkyKNqoz617s', 'C:25:\"Payum\\Core\\Model\\Identity\":61:{a:2:{i:0;i:3;i:1;s:35:\"Sylius\\Component\\Core\\Model\\Payment\";}}', NULL, 'http://testshop.bimmer-tech.net/order/after-pay?payum_token=xEszENQDWEk19Z6-MHMZAJiDiTlsBgBqkyKNqoz617s', 'online'),
('xF5aEq2LVlddABVJDRNeaHOn_x9rBDo5BTPLguvKuyU', 'C:25:\"Payum\\Core\\Model\\Identity\":62:{a:2:{i:0;i:64;i:1;s:35:\"Sylius\\Component\\Core\\Model\\Payment\";}}', NULL, 'http://testshop.bimmer-tech.net/payment/notify/xF5aEq2LVlddABVJDRNeaHOn_x9rBDo5BTPLguvKuyU', 'online'),
('XLNePQTBfbC-CD7CewlJXSvC_PXJ2NOL6JwY5oFaHzA', 'C:25:\"Payum\\Core\\Model\\Identity\":61:{a:2:{i:0;i:3;i:1;s:35:\"Sylius\\Component\\Core\\Model\\Payment\";}}', 'http://testshop.bimmer-tech.net/order/after-pay?payum_token=xEszENQDWEk19Z6-MHMZAJiDiTlsBgBqkyKNqoz617s', 'http://testshop.bimmer-tech.net/payment/capture/XLNePQTBfbC-CD7CewlJXSvC_PXJ2NOL6JwY5oFaHzA', 'online'),
('xVnGxqV-dq90PyqwKppafOQStjTVL3BYgEvuNgIAEKA', 'C:25:\"Payum\\Core\\Model\\Identity\":62:{a:2:{i:0;i:49;i:1;s:35:\"Sylius\\Component\\Core\\Model\\Payment\";}}', NULL, 'http://testshop.bimmer-tech.net/payment/notify/xVnGxqV-dq90PyqwKppafOQStjTVL3BYgEvuNgIAEKA', 'online'),
('yfhcx2JbDZDW_9g960RG--XF_QIIPJxi1fFLEeK_wcg', 'C:25:\"Payum\\Core\\Model\\Identity\":62:{a:2:{i:0;i:11;i:1;s:35:\"Sylius\\Component\\Core\\Model\\Payment\";}}', NULL, 'http://testshop.bimmer-tech.net/payment/notify/yfhcx2JbDZDW_9g960RG--XF_QIIPJxi1fFLEeK_wcg', 'online'),
('yJWOXKFu0ia-59vFRrh6a673kYDq2tEqxdHlM1PwTW8', 'C:25:\"Payum\\Core\\Model\\Identity\":62:{a:2:{i:0;i:64;i:1;s:35:\"Sylius\\Component\\Core\\Model\\Payment\";}}', 'http://testshop.bimmer-tech.net/order/after-pay?payum_token=na55TmgUIhmI-8JYEw44a-ZFZHgWh5DRdDVynKsWemc', 'http://testshop.bimmer-tech.net/payment/capture/yJWOXKFu0ia-59vFRrh6a673kYDq2tEqxdHlM1PwTW8', 'online'),
('YLp0MWCKxe4oooHW5Ckr9OQ2L6WgAunIJDSPOVy765c', 'C:25:\"Payum\\Core\\Model\\Identity\":62:{a:2:{i:0;i:67;i:1;s:35:\"Sylius\\Component\\Core\\Model\\Payment\";}}', NULL, 'http://testshop.bimmer-tech.net/order/after-pay?payum_token=YLp0MWCKxe4oooHW5Ckr9OQ2L6WgAunIJDSPOVy765c', 'online'),
('yP73YjfWl2_Y-BEjOg_M5BjTgHE8BLcAreFMTru0f_k', 'C:25:\"Payum\\Core\\Model\\Identity\":62:{a:2:{i:0;i:99;i:1;s:35:\"Sylius\\Component\\Core\\Model\\Payment\";}}', NULL, 'http://testshop.bimmer-tech.net/payment/notify/yP73YjfWl2_Y-BEjOg_M5BjTgHE8BLcAreFMTru0f_k', 'online'),
('z5nbVetyQ_CPvNisqv3BPc5SI8M4wWRcsPqBd5LmXFQ', 'C:25:\"Payum\\Core\\Model\\Identity\":62:{a:2:{i:0;i:83;i:1;s:35:\"Sylius\\Component\\Core\\Model\\Payment\";}}', NULL, 'http://testshop.bimmer-tech.net/payment/notify/z5nbVetyQ_CPvNisqv3BPc5SI8M4wWRcsPqBd5LmXFQ', 'online'),
('zbsszdBVu-zcZsv5UQkffzktZFDQBK9v1kKRlzXiUTQ', 'C:25:\"Payum\\Core\\Model\\Identity\":62:{a:2:{i:0;i:51;i:1;s:35:\"Sylius\\Component\\Core\\Model\\Payment\";}}', 'http://testshop.bimmer-tech.net/order/after-pay?payum_token=LtuWbmTuQ9Tm_l0cK8nWDvsjwbvv0D7jHg9bOfryHqM', 'http://testshop.bimmer-tech.net/payment/capture/zbsszdBVu-zcZsv5UQkffzktZFDQBK9v1kKRlzXiUTQ', 'online'),
('zdyspSK74ItWYrammuhCpefTxgSJq3iZFI65APz_3kk', 'C:25:\"Payum\\Core\\Model\\Identity\":62:{a:2:{i:0;i:86;i:1;s:35:\"Sylius\\Component\\Core\\Model\\Payment\";}}', NULL, 'http://testshop.bimmer-tech.net/payment/notify/zdyspSK74ItWYrammuhCpefTxgSJq3iZFI65APz_3kk', 'online'),
('zG34cUW4vYfdCB03HmkFa4rn6yaBSw8eWE0zmRht1KU', 'C:25:\"Payum\\Core\\Model\\Identity\":62:{a:2:{i:0;i:95;i:1;s:35:\"Sylius\\Component\\Core\\Model\\Payment\";}}', NULL, 'http://testshop.bimmer-tech.net/order/after-pay?payum_token=zG34cUW4vYfdCB03HmkFa4rn6yaBSw8eWE0zmRht1KU', 'online'),
('ZmnDGPo-Pj6jgFF-9Yvlx5qY61KxrPQMOucG3damGYE', 'C:25:\"Payum\\Core\\Model\\Identity\":62:{a:2:{i:0;i:13;i:1;s:35:\"Sylius\\Component\\Core\\Model\\Payment\";}}', NULL, 'http://testshop.bimmer-tech.net/payment/notify/ZmnDGPo-Pj6jgFF-9Yvlx5qY61KxrPQMOucG3damGYE', 'online'),
('zQIvwGyUVWhdgS8OuugmI6Ism8JuVDb8m3Xf0oljDBA', 'C:25:\"Payum\\Core\\Model\\Identity\":61:{a:2:{i:0;i:6;i:1;s:35:\"Sylius\\Component\\Core\\Model\\Payment\";}}', NULL, 'http://testshop.bimmer-tech.net/order/after-pay?payum_token=zQIvwGyUVWhdgS8OuugmI6Ism8JuVDb8m3Xf0oljDBA', 'online');

-- --------------------------------------------------------

--
-- Table structure for table `sylius_product`
--

CREATE TABLE `sylius_product` (
  `id` int(11) NOT NULL,
  `main_taxon_id` int(11) DEFAULT NULL,
  `code` varchar(255) COLLATE utf8_unicode_ci NOT NULL,
  `created_at` datetime NOT NULL,
  `updated_at` datetime DEFAULT NULL,
  `enabled` tinyint(1) NOT NULL,
  `variant_selection_method` varchar(255) COLLATE utf8_unicode_ci NOT NULL,
  `average_rating` double NOT NULL DEFAULT 0,
  `taxon_decription` longtext COLLATE utf8_unicode_ci DEFAULT NULL,
  `recomended` tinyint(1) NOT NULL,
  `buyers_footer_content` longtext COLLATE utf8_unicode_ci DEFAULT NULL,
  `buyers_header_content` longtext COLLATE utf8_unicode_ci DEFAULT NULL,
  `addon_information` longtext COLLATE utf8_unicode_ci DEFAULT NULL,
  `type` longtext COLLATE utf8_unicode_ci DEFAULT NULL,
  `description` longtext COLLATE utf8_unicode_ci DEFAULT NULL,
  `installer` longtext COLLATE utf8_unicode_ci DEFAULT NULL,
  `flagName` varchar(255) COLLATE utf8_unicode_ci DEFAULT NULL,
  `flagColor_id` int(11) DEFAULT NULL
) ENGINE=InnoDB DEFAULT CHARSET=utf8 COLLATE=utf8_unicode_ci;

--
-- Dumping data for table `sylius_product`
--

INSERT INTO `sylius_product` (`id`, `main_taxon_id`, `code`, `created_at`, `updated_at`, `enabled`, `variant_selection_method`, `average_rating`, `taxon_decription`, `recomended`, `buyers_footer_content`, `buyers_header_content`, `addon_information`, `type`, `description`, `installer`, `flagName`, `flagColor_id`) VALUES
(417, 198, 'MapUpdateLiveENAVEVO', '2019-04-15 09:13:31', '2019-05-13 14:39:44', 1, 'choice', 0, 'Plan your rides and detours with precision thanks to a map that’s always spot-on.', 1, NULL, NULL, NULL, NULL, '<p><span style=\"font-weight: 400;\">They say time is money, so finding your way around as quickly as possible should be a priority. And keeping your map up-to-date ensures you\'ll always know the best and fastest routes to get to your destination. </span></p>\r\n<p><span style=\"font-weight: 400;\">When you regularly refresh your BMW navigation, your map shows you:</span></p>\r\n<ul>\r\n<li style=\"font-weight: 400;\"><span style=\"font-weight: 400;\">New roads opened or existing ones closed</span></li>\r\n<li style=\"font-weight: 400;\"><span style=\"font-weight: 400;\">Time-saving detours for your usual rides </span></li>\r\n<li style=\"font-weight: 400;\"><span style=\"font-weight: 400;\">Almost 300 000 new points of interest added each year (hotels, gas stations, cafes, etc.)</span></li>\r\n</ul>\r\n<p><span style=\"font-weight: 400;\">BMW recommends performing a BMW navigation system map update at least once a year. For anybody who drives a lot, though, it&rsquo;s better to get new information every three to six months. </span></p>\r\n<p><span style=\"font-weight: 400;\">You are free to purchase a LIVE map update as a:</span></p>\r\n<ol>\r\n<li style=\"font-weight: 400;\"><span style=\"font-weight: 400;\">Standard one-time update &nbsp;</span></li>\r\n<li style=\"font-weight: 400;\"><span style=\"font-weight: 400;\">Two-time repeat update </span></li>\r\n<li style=\"font-weight: 400;\"><span style=\"font-weight: 400;\">Three-time repeat update &nbsp;</span></li>\r\n</ol>\r\n<p><span style=\"font-weight: 400;\">In case of our repeat options, the upgrade schedule is very flexible. You can:</span></p>\r\n<ul>\r\n<li style=\"font-weight: 400;\"><span style=\"font-weight: 400;\">Update the BMW GPS map system once a year</span></li>\r\n<li style=\"font-weight: 400;\"><span style=\"font-weight: 400;\">Request a BMW road map update every three/six months if it&rsquo;s available from BMW itself &nbsp;(in some regions BMW releases the update just once a year)</span></li>\r\n</ul>\r\n<p><span style=\"font-weight: 400;\">Due to this flexibility, BMW GPS map updates are NOT sent automatically. You will need to contact us with your order number and VIN informing us that it&rsquo;s time for a new BMW navigation update. </span></p>', '<p><span style=\"font-weight: 400;\">The</span> BMW map update USB<span style=\"font-weight: 400;\"> process is effortless and straightforward. The kit has all the elements necessary for the navigation system upgrade:</span></p>\r\n<ul>\r\n<li style=\"font-weight: 400;\"><span style=\"font-weight: 400;\">A USB stick with the latest map data </span></li>\r\n<li style=\"font-weight: 400;\"><span style=\"font-weight: 400;\">A</span> BMW Navigation Map Certificate Release Code (FSC code)</li>\r\n</ul>\r\n<p><span style=\"font-weight: 400;\">Depending on your BMW model, you will be required to insert the USB stick into the USB port either in the armrest. To start the update, you will need to type in the FSC activation code. The</span> BMW map download<span style=\"font-weight: 400;\"> from the pendrive to your head unit might take about 5&ndash;30 minutes &mdash; it depends on when the last </span>BMW iDrive map update<span style=\"font-weight: 400;\"> was. </span></p>\r\n<p><span style=\"font-weight: 400;\">When the process is finished, the confirmation will appear on your screen. Here is a quick video overview of the process:</span></p>\r\n<p><custom-iframe style=\"margin: auto;\" src=\"https://www.youtube.com/embed/nshmUd4-XVU\" frameborder=\"0\" width=\"560\" height=\"315\" allow=\"accelerometer; autoplay; encrypted-media; gyroscope; picture-in-picture\" position=\"center\" contenteditable=\"false\"></custom-iframe><a href=\"https://www.youtube.com/watch?v=nshmUd4-XVU\"></a><a></a></p>\r\n<p><span style=\"font-weight: 400;\">If you would like to change the map region in your iDrive system, please contact us with your VIN to get an exact quote. The price specified here covers only the update to the latest map version for the region set in your iDrive by default. &nbsp;&nbsp;</span></p>', NULL, NULL),
(418, 174, 'FrontCam', '2019-04-16 08:53:15', '2019-05-14 08:09:27', 1, 'choice', 0, 'Handle hard-to-see objects and low obstacles in front of your BMW like a pro!', 1, NULL, '<p>Check our 2 types of front view cameras and choose the park assist kit that suits you.</p>\r\n\r\n<p>To find out whether your vehicle is compatible with one, all or none of the upgrades, please provide your VIN.</p>', NULL, NULL, '<p>While parking or navigating through narrow roadways, the front of your BMW can become a real magnet for scratches, dents and other damage. Avoid the heartbreak with our Front View Camera mounted into the mesh grill.</p>\r\n<p>This BMW aftermarket front view camera allows you to:</p>\r\n<ul>\r\n<li style=\"font-weight: 400;\">See the full width of the front of your vehicle thanks to the wide-angle lens</li>\r\n<li style=\"font-weight: 400;\">Notice obstacles that are normally hidden from your vision</li>\r\n<li style=\"font-weight: 400;\">Observe the front view full screen on your native iDrive display</li>\r\n<li style=\"font-weight: 400;\">Save money on expensive bumper repairs</li>\r\n</ul>\r\n<p>The BMW front view camera retrofit automatically overrides the screen when the car is shifted from reverse into drive. You can also change the settings to activate or deactivate it manually by holding a button on the iDrive Controller, steering wheel, or radio face plate.</p>\r\n<p><custom-iframe style=\"margin: auto;\" src=\"https://www.youtube.com/embed/4gO8V1yNKPk\" frameborder=\"0\" width=\"560\" height=\"315\" allow=\"accelerometer; autoplay; encrypted-media; gyroscope; picture-in-picture\" position=\"center\" contenteditable=\"false\"></custom-iframe></p>\r\n<p>The BMW front view camera kit is ideal for drivers looking for a flexible park assist solution that leaves room for customizing and expanding your vehicle&rsquo;s features. This kit includes a Multimedia Interface (MMI), a BimmerTech original module that makes it easy to add a Rear View Camera or one of our mirroring devices (SmartView HD Flex, SmartView Apple TV3 or SmartView Apple TV4).</p>', '<p>In order to add front view camera to BMW, you need to have about 3+ hours available. During the DIY front view camera installation, apart from mounting and setting up all the kit parts, in some cases you will need to cut a small hole in the mesh grill to fit in the camera itself.</p>\r\n<p>We provide all parts necessary to add this retrofit to your BMW:</p>\r\n<ul>\r\n<ul>\r\n<li style=\"font-weight: 400;\">Front view camera</li>\r\n<li style=\"font-weight: 400;\">Multimedia interface (MMI)</li>\r\n<li style=\"font-weight: 400;\">Front view camera wiring harness</li>\r\n</ul>\r\n</ul>\r\n<p>To learn more about the installation, watch this video:</p>\r\n<p><custom-iframe style=\"margin: auto;\" src=\"https://www.youtube.com/embed/ia6YKmxC6Fw\" frameborder=\"0\" width=\"560\" height=\"315\" allow=\"accelerometer; autoplay; encrypted-media; gyroscope; picture-in-picture\" position=\"center\" contenteditable=\"false\"></custom-iframe><a href=\"https://www.youtube.com/watch?v=ia6YKmxC6Fw\"></a></p>\r\n<p>You will receive an installation manual for your specific model via email within 72 hours after the purchase is complete and the product is shipped. It will include all the stages of mounting the exterior parking camera<span style=\"font-weight: 400;\"> with the details necessary concerning the installation in your specific car. </span></p>', NULL, NULL),
(420, 174, 'FrontCamF30', '2019-04-17 08:30:49', '2019-05-17 14:50:01', 1, 'choice', 0, 'A camera created to perfectly fit the F30 kidney grill and minimize front bumper damages.', 1, NULL, '<p>Check our 2 types of front view cameras and choose the park assist kit that suits you.</p>\r\n\r\n<p>To find out whether your vehicle is compatible with one, all or none of the upgrades, please provide your VIN.</p>', NULL, NULL, '<p>Our front view camera specifically created for your BMW F30 is the only front camera you will want to install in your vehicle. It stands out for its lease-friendly design, letting you mount the camera module without making any modifications to your bumper.</p>\r\n<p>This BMW 3-series BMW aftermarket front view camera allows you to:</p>\r\n<ul>\r\n<li style=\"font-weight: 400;\">See the full width of the front of your vehicle thanks to the wide-angle lens</li>\r\n<li style=\"font-weight: 400;\">Notice obstacles that are normally hidden from your vision</li>\r\n<li style=\"font-weight: 400;\">Observe the front view full screen on your native iDrive display</li>\r\n<li style=\"font-weight: 400;\">Save money on expensive bumper repairs</li>\r\n</ul>\r\n<p>This BMW front view camera retrofit automatically overrides the screen when the car is shifted from reverse into drive. You can also change the settings to activate or deactivate it manually by holding a button on the iDrive Controller, steering wheel, or radio face plate.</p>\r\n<p><custom-iframe style=\"margin: auto;\" src=\"https://www.youtube.com/embed/4gO8V1yNKPk\" frameborder=\"0\" width=\"560\" height=\"315\" allow=\"accelerometer; autoplay; encrypted-media; gyroscope; picture-in-picture\" position=\"center\" contenteditable=\"false\"></custom-iframe></p>\r\n<p>The front view camera is ideal for drivers looking for a flexible exterior parking camera solution that leaves room for customizing and expanding your vehicle&rsquo;s features. This kit includes a Multimedia Interface (MMI), a BimmerTech original module that makes it easy to add a Rear View Camera or one of our mirroring devices (SmartView HD Flex, SmartView Apple TV3 or SmartView Apple TV4).</p>', '<p>The installation instructions on how to add front view camera to BMW will appear in your personal account within 72 hours after we ship the product to you. They are created and customized for each specific model. But in case of any additional questions, our technical support is always ready to help.</p>\r\n<p>The BMW front view camera kit takes about 2.5&ndash;3 hours to install. We provide all parts necessary to add this retrofit to your BMW:</p>\r\n<ul>\r\n<li style=\"font-weight: 400;\">Front view camera</li>\r\n<li style=\"font-weight: 400;\">Multimedia interface (MMI)</li>\r\n<li style=\"font-weight: 400;\">Front view camera wiring harness</li>\r\n</ul>\r\n<p>The installation is 100% reversible and doesn&rsquo;t require any internal or external modifications to your car.</p>\r\n<p>IMPORTANT: This is a custom DIY front view camera kit created specifically for the F30 kidney grill &mdash; it can&rsquo;t be mounted on any other model. Before buying it, please make sure that your kidney grill looks exactly the same as in the picture below. In case it doesn&rsquo;t match your vehicle, we don&rsquo;t take any responsibility.</p>\r\n<p><custom-img class=\"center\" style=\"margin: auto; background-image: url(\'http://testshop.bimmer-tech.net/media/image/c6/35/7abf7c76772f858adf5bdca87d2d.png\');\" position=\"center\" src=\"http://testshop.bimmer-tech.net/media/image/c6/35/7abf7c76772f858adf5bdca87d2d.png\" contenteditable=\"false\"></custom-img></p>', NULL, NULL),
(422, 190, 'SiriusActivationUSB', '2019-04-17 09:36:16', '2019-05-14 08:04:57', 1, 'choice', 0, 'Get up to 150 satellite radio channels activated in your car in less than 30 minutes.', 1, NULL, NULL, NULL, 'usb_coding', '<p>Looking for the easiest way to add Sirius XM car subscription to your BMW or MINI? Our remote SiriusXM activation process means you&rsquo;ll be enjoying satellite radio in less than 30 minutes, without even leaving your home.</p>\r\n<p>With around 150 <a rel=\"noopener\" href=\"https://www.bimmer-tech.net/blog/item/51-4-satellite-radio-stations-worth-activating-siriusxm-in-your-bmw-for\" target=\"_blank\">XM radio channels</a> to choose from, including news, music, sports and entertainment, you and your family will always find something worth listening to.</p>\r\n<p>BMW owners often ask: &ldquo;How to get Sirius radio in my car for free for a year?&rdquo;, and the answer is that with BimmerTech it&rsquo;s pretty simple. We use a genuine BMW activation code to add satellite radio to your vehicle, meaning you can benefit from the <a rel=\"noopener\" href=\"https://www.siriusxm.com/sxm-learnmore?intcmp=hp_cta_0218_learn&amp;hpid=HP_NEW_LearnAboutMyTrial\" target=\"_blank\">Sirius XM free trial period</a>. If you&rsquo;re the original owner of the car, you may receive the All Access SiriusXM subscription free of charge for up to 12 months (or 2 months in case the BMW/MINI is Certified Pre-Owned).</p>\r\n<p>What XM radio stations are available for your car depends on its hardware. Visit the <a rel=\"noopener\" href=\"http://www.siriusxm.com/channellineup\" target=\"_blank\">SiriusXM official website</a> to check the lineup for your BMW/MINI. Also, have a look at the <a rel=\"noopener\" href=\"https://www.siriusxm.com/servlet/Satellite?blobcol=urlimage&amp;blobheadername1=Content-Type&amp;blobheadervalue1=application%2Fpdf&amp;blobkey=id&amp;blobtable=ImageAsset&amp;blobwhere=1283879646761&amp;ssbinary=true\" target=\"_blank\">Sirius XM channels list 2019</a><span style=\"font-weight: 400;\">. </span></p>', '<p>SiriusXM Satellite Radio is activated with the help of a USB stick and 15 minutes of your time. All you need to do is to save the coding file (that we send to you in an email) to a USB drive and connect it to your car. After following some easy instructions, the Satellite Radio will be unlocked. Of course, as the last step you will need to call SiriusXM directly and get your subscription activated.</p>\r\n<p>Here is a video overview of the USB activation process:</p>\r\n<p><custom-iframe style=\"margin: auto;\" src=\"https://www.youtube.com/embed/i9CggqPkhzE\" frameborder=\"0\" width=\"560\" height=\"315\" allow=\"accelerometer; autoplay; encrypted-media; gyroscope; picture-in-picture\" position=\"center\" contenteditable=\"false\"></custom-iframe><a href=\"https://www.youtube.com/watch?v=i9CggqPkhzE\"></a></p>\r\n<p>Please note that to unlock Sirius streaming in your car, we use an activation code generated specifically for your model. Delivery of the activation file takes 2-3 business days. If you want to enjoy SiriusXM in your BMW sooner, our Express delivery option guarantees delivery of the activation file within only 5 business hours (8am - 4pm Eastern Time).</p>', NULL, NULL),
(423, 190, 'SiriusActivationCableESeries', '2019-04-17 11:49:00', '2019-05-15 13:36:50', 1, 'choice', 0, 'Get up to 150 satellite radio channels activated in your car in less than 30 minutes.', 1, NULL, NULL, NULL, 'codding', '<p>Looking for the easiest way to add Sirius XM car subscription to your BMW or MINI? Our remote SiriusXM activation process means you&rsquo;ll be enjoying satellite radio in less than 30 minutes, without even leaving your home.</p>\r\n<p>With around 150 <a rel=\"noopener\" href=\"https://www.bimmer-tech.net/blog/item/51-4-satellite-radio-stations-worth-activating-siriusxm-in-your-bmw-for\" target=\"_blank\">XM radio channels</a> to choose from, including news, music, sports and entertainment, you and your family will always find something worth listening to.</p>\r\n<p>BMW owners often ask: &ldquo;How to get Sirius radio in my car for free for a year?&rdquo;, and the answer is that with BimmerTech it&rsquo;s pretty simple. We use a genuine BMW activation code to add satellite radio to your vehicle, meaning you can benefit from the <a rel=\"noopener\" href=\"https://www.siriusxm.com/sxm-learnmore?intcmp=hp_cta_0218_learn&amp;hpid=HP_NEW_LearnAboutMyTrial\" target=\"_blank\">Sirius XM free trial period</a>. If you&rsquo;re the original owner of the car, you may receive the All Access SiriusXM subscription free of charge for up to 12 months (or 2 months in case the BMW/MINI is Certified Pre-Owned).</p>\r\n<p>What XM radio stations are available for your car depends on its hardware. All BMWs and MINIs without factory navigation, in addition to F48 X1 and i8 vehicles even with navigation, will receive only the Sirius channel lineup. 2017/2018/2019 BMWs or MINIs with factory navigation will have all SiriusXM channels available. Visit the <a rel=\"noopener\" href=\"http://www.siriusxm.com/channellineup\" target=\"_blank\">SiriusXM official website</a> to check the lineup for your car. Also, have a look at the <a rel=\"noopener\" href=\"https://www.siriusxm.com/servlet/Satellite?blobcol=urlimage&amp;blobheadername1=Content-Type&amp;blobheadervalue1=application%2Fpdf&amp;blobkey=id&amp;blobtable=ImageAsset&amp;blobwhere=1283879646761&amp;ssbinary=true\" target=\"_blank\">Sirius XM channels list 2019</a><span style=\"font-weight: 400;\">. </span></p>', '<p><span style=\"font-weight: 400;\">SiriusXM Satellite Radio is activated through a remote cable coding session. It is a very simple process that takes no more than 30 minutes. After you complete your order, we send you </span><span style=\"font-weight: 400;\">a </span><span style=\"font-weight: 400;\">coding cable (if you don\'t have one and add it in the top <em>Option</em> section). Once you receive it, you will be able to schedule a coding session for the time that suits you best. During the session, just plug in the cable, follow the instructions from our technician and SiriusXM will be added to your radio options.</span></p>\r\n<p><span style=\"font-weight: 400;\">To prepare for your coding session you will need a laptop running Microsoft Windows and a WiFi internet network that you can connect to in your car. A Mac computer running Windows should work too, but it may not be compatible with some E-series vehicles. The coding cable must be plugged into </span><span style=\"font-weight: 400;\">a regular USB port. </span></p>\r\n<p><span style=\"font-weight: 400;\">The last step to enjoying your All Access subscription is to call SiriusXM directly and specify your</span> <span style=\"font-weight: 400;\">activation code. </span></p>\r\n<p><span style=\"font-weight: 400;\">Watch the video to understand the cable activation process better.</span></p>\r\n<p><custom-iframe style=\"margin: auto;\" src=\"https://www.youtube.com/embed/ua7O1oOp4Io\" frameborder=\"0\" width=\"560\" height=\"315\" allow=\"accelerometer; autoplay; encrypted-media; gyroscope; picture-in-picture\" position=\"center\" contenteditable=\"false\"></custom-iframe></p>\r\n<p><span style=\"font-weight: 400;\">The SiriusXM cable package includes everything necessary for adding satellite radio to your radio options:</span></p>\r\n<ul>\r\n<li style=\"font-weight: 400;\"><span style=\"font-weight: 400;\">Remote activation service</span></li>\r\n<li style=\"font-weight: 400;\"><span style=\"font-weight: 400;\">Coding interface (if you add it to your order in the top <em>Option</em> section)</span></li>\r\n<li style=\"font-weight: 400;\">SiriusXM activation number</li>\r\n</ul>', NULL, NULL),
(424, NULL, 'TrimToolKitAddOn', '2019-04-17 12:05:01', '2019-04-24 08:06:26', 1, 'choice', 0, NULL, 0, NULL, NULL, 'The kit is designed to remove door panels, molding and interior trim. Trim tools offer leverage – they won’t break or scratch non-metal trim surfaces. The set is sold in a compact bag for handy storage.', NULL, NULL, NULL, NULL, NULL),
(426, 177, 'SmartViewFlexNoVividScreenAddOn', '2019-04-18 12:33:42', '2019-05-06 10:39:16', 1, 'choice', 0, NULL, 0, NULL, NULL, 'It’s a screen mirroring device that lets you cast the screen of both Android and iOS devices onto your BMW’s display. It has its own WiFi network to connect the smartphone to the iDrive and plays audio through the BMW’s AUX port.', NULL, NULL, NULL, NULL, NULL),
(440, 177, 'SmartViewATV4NoVividScreenAddOn', '2019-04-18 13:32:32', '2019-05-06 10:29:08', 1, 'choice', 0, NULL, 0, NULL, NULL, 'Iphone screen mirroring and Apple TV4 with an inbuilt App Store will let you use your favorite applications on the BMW iDrive screen in different ways. You can either mirror some apps or use them through the iDrive system without engaging your iPhone. There is also a possibility to use Siri virtual assistant not to take your eyes of the road.', NULL, NULL, NULL, NULL, NULL),
(441, 177, 'SmartViewATV3NoVividScreenAddOn', '2019-04-18 13:35:05', '2019-05-06 10:29:02', 1, 'choice', 0, NULL, 0, NULL, NULL, 'This upgrade allows for iPhone screen mirroring which means that you can cast the screen of your iOS device onto the BMW iDrive display. This gives you a chance to show photos or play videos on a hi-res display, as well as play music through your BMW’s speakers.', NULL, NULL, NULL, NULL, NULL),
(442, NULL, 'VividScreenAddOn', '2019-04-19 09:03:44', '2019-04-24 08:06:44', 1, 'choice', 0, NULL, 0, NULL, NULL, 'BimmerTech iDrive screen replacement enhances the quality of the image and provides twice the display resolution compared to the OEM screen. It’s a perfect aftermarket retrofit to refresh a BMW with a small stock display.', NULL, NULL, NULL, NULL, NULL),
(443, 190, 'SiriusActivationUSB_conv', '2019-04-19 10:08:53', '2019-05-14 08:07:04', 1, 'choice', 0, 'Get up to 150 satellite radio channels activated in your car in less than 30 minutes.', 1, NULL, NULL, NULL, 'usb_coding', '<p>Looking for the easiest way to add Sirius XM car subscription to your BMW or MINI? Our remote SiriusXM activation process means you&rsquo;ll be enjoying satellite radio in less than 30 minutes, without even leaving your home.</p>\r\n<p>With around 150 <a rel=\"noopener\" href=\"https://www.bimmer-tech.net/blog/item/51-4-satellite-radio-stations-worth-activating-siriusxm-in-your-bmw-for\" target=\"_blank\">XM radio channels</a> to choose from, including news, music, sports and entertainment, you and your family will always find something worth listening to.</p>\r\n<p>BMW owners often ask: &ldquo;How to get Sirius radio in my car for free for a year?&rdquo;, and the answer is that with BimmerTech it&rsquo;s pretty simple. We use a genuine BMW activation code to add satellite radio to your vehicle, meaning you can benefit from the <a rel=\"noopener\" href=\"https://www.siriusxm.com/sxm-learnmore?intcmp=hp_cta_0218_learn&amp;hpid=HP_NEW_LearnAboutMyTrial\" target=\"_blank\">Sirius XM free trial period</a>. If you&rsquo;re the original owner of the car, you may receive the All Access SiriusXM subscription free of charge for up to 12 months (or 2 months in case the BMW/MINI is Certified Pre-Owned).</p>\r\n<p>What XM radio stations are available for your car depends on its hardware. Visit the <a rel=\"noopener\" href=\"http://www.siriusxm.com/channellineup\" target=\"_blank\">SiriusXM official website</a> to check the lineup for your BMW/MINI. Also, have a look at the <a rel=\"noopener\" href=\"https://www.siriusxm.com/servlet/Satellite?blobcol=urlimage&amp;blobheadername1=Content-Type&amp;blobheadervalue1=application%2Fpdf&amp;blobkey=id&amp;blobtable=ImageAsset&amp;blobwhere=1283879646761&amp;ssbinary=true\" target=\"_blank\">Sirius XM channels list 2019</a><span style=\"font-weight: 400;\">. </span></p>', '<p>SiriusXM Satellite Radio is activated with the help of a USB stick and 15 minutes of your time. All you need to do is to save the coding file (that we send to you in an email) to a USB drive and connect it to your car. After following some easy instructions, the Satellite Radio will be unlocked. Of course, as the last step you will need to call SiriusXM directly and get your subscription activated.</p>\r\n<p>Here is a video overview of the USB activation process:</p>\r\n<p><a href=\"https://www.youtube.com/watch?v=i9CggqPkhzE\"><custom-iframe style=\"margin: auto;\" src=\"https://www.youtube.com/embed/i9CggqPkhzE\" frameborder=\"0\" width=\"560\" height=\"315\" allow=\"accelerometer; autoplay; encrypted-media; gyroscope; picture-in-picture\" position=\"center\" contenteditable=\"false\"></custom-iframe></a></p>\r\n<p>Please note that to unlock Sirius streaming in your car, we use an activation code generated specifically for your model. Delivery of the activation file takes 2-3 business days. If you want to enjoy SiriusXM in your BMW sooner, our Express delivery option guarantees delivery of the activation file within only 5 business hours (8am - 4pm Eastern Time)</p>\r\n<p>IMPORTANT: For the satellite radio to work, the vehicle must be equipped with the Sirius car radio antenna. Your BMW doesn&rsquo;t come with it from factory, but you can add a BMW original antenna to your order at the top <em>Options </em><span style=\"font-weight: 400;\">section during the purchase. It takes just minutes to install it (in case you buy it, the installation instructions will be added to your BimmerTech customer account). </span></p>', NULL, NULL),
(444, NULL, 'SiriusAntennaAddOn', '2019-04-19 10:17:35', '2019-04-24 08:01:31', 1, 'choice', 0, NULL, 0, NULL, NULL, 'It’s a BMW original antenna which allows SiriusXM Satellite Radio to work in vehicles, not equipped with it from factory.', NULL, NULL, NULL, NULL, NULL),
(445, 190, 'SiriusActivationCable_convESeries', '2019-04-19 10:29:10', '2019-05-15 13:37:39', 1, 'choice', 0, 'Get up to 150 satellite radio channels activated in your car in less than 30 minutes.', 1, NULL, NULL, NULL, 'codding', '<p>Looking for the easiest way to add Sirius XM car subscription to your BMW or MINI? Our remote SiriusXM activation process means you&rsquo;ll be enjoying satellite radio in less than 30 minutes, without even leaving your home.</p>\r\n<p>With around 150 <a rel=\"noopener\" href=\"https://www.bimmer-tech.net/blog/item/51-4-satellite-radio-stations-worth-activating-siriusxm-in-your-bmw-for\" target=\"_blank\">XM radio channels</a> to choose from, including news, music, sports and entertainment, you and your family will always find something worth listening to.</p>\r\n<p>BMW owners often ask: &ldquo;How to get Sirius radio in my car for free for a year?&rdquo;, and the answer is that with BimmerTech it&rsquo;s pretty simple. We use a genuine BMW activation code to add satellite radio to your vehicle, meaning you can benefit from the <a rel=\"noopener\" href=\"https://www.siriusxm.com/sxm-learnmore?intcmp=hp_cta_0218_learn&amp;hpid=HP_NEW_LearnAboutMyTrial\" target=\"_blank\">Sirius XM free trial period</a>. If you&rsquo;re the original owner of the car, you may receive the All Access SiriusXM subscription free of charge for up to 12 months (or 2 months in case the BMW/MINI is Certified Pre-Owned).</p>\r\n<p>What XM radio stations are available for your car depends on its hardware. Visit the <a rel=\"noopener\" href=\"http://www.siriusxm.com/channellineup\" target=\"_blank\">SiriusXM official website</a> to check the lineup for your BMW/MINI. Also, have a look at the <a rel=\"noopener\" href=\"https://www.siriusxm.com/servlet/Satellite?blobcol=urlimage&amp;blobheadername1=Content-Type&amp;blobheadervalue1=application%2Fpdf&amp;blobkey=id&amp;blobtable=ImageAsset&amp;blobwhere=1283879646761&amp;ssbinary=true\" target=\"_blank\">Sirius XM channels list 2019</a><span style=\"font-weight: 400;\">. </span></p>', '<p><span style=\"font-weight: 400;\">SiriusXM Satellite Radio is activated through a remote cable coding session. It is a very simple process that takes no more than 30 minutes. After you complete your order, we send you </span><span style=\"font-weight: 400;\">a </span><span style=\"font-weight: 400;\">coding cable (if you don\'t have one and add it in the top <em>Option</em> section). Once you receive it, you will be able to schedule a coding session for the time that suits you best. During the session, just plug in the cable, follow the instructions from our technician and SiriusXM will be added to your radio options.</span></p>\r\n<p>To prepare for your coding session you will need a laptop running Microsoft Windows and a WiFi internet network that you can connect to in your car. A Mac computer running Windows should work too, but it may not be compatible with some E-series vehicles. The coding cable must be plugged into a regular USB port.</p>\r\n<p>The last step to enjoying your All Access subscription is to call SiriusXM directly and specify your activation code.</p>\r\n<p>Watch the video to understand the cable activation process better.</p>\r\n<p><custom-iframe style=\"margin: auto;\" src=\"https://www.youtube.com/embed/ua7O1oOp4Io\" frameborder=\"0\" width=\"560\" height=\"315\" allow=\"accelerometer; autoplay; encrypted-media; gyroscope; picture-in-picture\" position=\"center\" contenteditable=\"false\"></custom-iframe></p>\r\n<p><span style=\"font-weight: 400;\">The SiriusXM cable package includes everything necessary for adding satellite radio to your radio options:</span></p>\r\n<ul>\r\n<li style=\"font-weight: 400;\"><span style=\"font-weight: 400;\">Remote activation service</span></li>\r\n<li style=\"font-weight: 400;\"><span style=\"font-weight: 400;\">Coding interface (if you add it to your order in the top <em>Option</em> section)</span></li>\r\n<li style=\"font-weight: 400;\">SiriusXM activation number</li>\r\n</ul>\r\n<p>IMPORTANT: For the satellite radio to work, the vehicle must be equipped with the Sirius car radio antenna. Your BMW doesn&rsquo;t come with it from factory, but you can add a BMW original antenna to your order at the top <em>Option </em><span style=\"font-weight: 400;\">section during the purchase. It takes just minutes to install it (in case you buy it, the installation instructions will be added to your BimmerTech customer account).</span></p>', NULL, NULL),
(446, 190, 'SiriusActivationCable_2009', '2019-04-19 10:41:31', '2019-05-15 13:41:53', 1, 'choice', 0, 'Get up to 150 satellite radio channels activated in your car in less than 30 minutes', 1, NULL, NULL, NULL, 'codding', '<p>Looking for the easiest way to add Sirius XM car subscription to your BMW or MINI? Our remote SiriusXM activation process means you&rsquo;ll be enjoying satellite radio in less than 30 minutes, without even leaving your home.</p>\r\n<p>With around 150 <a rel=\"noopener\" href=\"https://www.bimmer-tech.net/blog/item/51-4-satellite-radio-stations-worth-activating-siriusxm-in-your-bmw-for\" target=\"_blank\">XM radio channels</a> to choose from, including news, music, sports and entertainment, you and your family will always find something worth listening to.</p>\r\n<p>BMW owners often ask: &ldquo;How to get Sirius radio in my car for free for a year?&rdquo;, and the answer is that with BimmerTech it&rsquo;s pretty simple. We use a genuine BMW activation code to add satellite radio to your vehicle, meaning you can benefit from the <a rel=\"noopener\" href=\"https://www.siriusxm.com/sxm-learnmore?intcmp=hp_cta_0218_learn&amp;hpid=HP_NEW_LearnAboutMyTrial\" target=\"_blank\">Sirius XM free trial period</a>. If you&rsquo;re the original owner of the car, you may receive the All Access SiriusXM subscription free of charge for up to 12 months (or 2 months in case the BMW/MINI is Certified Pre-Owned).</p>\r\n<p>What XM radio stations are available for your car depends on its hardware. Visit the <a rel=\"noopener\" href=\"http://www.siriusxm.com/channellineup\" target=\"_blank\">SiriusXM official website</a> to check the lineup for your BMW/MINI. Also, have a look at the <a rel=\"noopener\" href=\"https://www.siriusxm.com/servlet/Satellite?blobcol=urlimage&amp;blobheadername1=Content-Type&amp;blobheadervalue1=application%2Fpdf&amp;blobkey=id&amp;blobtable=ImageAsset&amp;blobwhere=1283879646761&amp;ssbinary=true\" target=\"_blank\">Sirius XM channels list 2019</a><span style=\"font-weight: 400;\">. </span></p>', '<p><span style=\"font-weight: 400;\">SiriusXM Satellite Radio is activated through a remote cable coding session. It is a very simple process that takes no more than 30 minutes. After you complete your order, we send you </span><span style=\"font-weight: 400;\">a </span><span style=\"font-weight: 400;\">coding cable (if you don\'t have one and add it in the top <em>Option</em> section). Once you receive it, you will be able to schedule a coding session for the time that suits you best. During the session, just plug in the cable, follow the instructions from our technician and SiriusXM will be added to your radio options.</span></p>\r\n<p>To prepare for your coding session you will need a laptop running Microsoft Windows and a WiFi internet network that you can connect to in your car. A Mac computer running Windows should work too, but it may not be compatible with some E-series vehicles. The coding cable must be plugged into a regular USB port.</p>\r\n<p>The last step to enjoying your All Access subscription is to call SiriusXM directly and specify your activation code.</p>\r\n<p>Watch the video to understand the cable activation process better.<custom-iframe style=\"margin: auto;\" src=\"https://www.youtube.com/embed/ua7O1oOp4Io\" frameborder=\"0\" width=\"560\" height=\"315\" allow=\"accelerometer; autoplay; encrypted-media; gyroscope; picture-in-picture\" position=\"center\" contenteditable=\"false\"></custom-iframe></p>\r\n<p><span style=\"font-weight: 400;\">The SiriusXM cable package includes everything necessary for adding satellite radio to your radio options:</span></p>\r\n<ul>\r\n<li style=\"font-weight: 400;\"><span style=\"font-weight: 400;\">Remote activation service</span></li>\r\n<li style=\"font-weight: 400;\"><span style=\"font-weight: 400;\">Coding interface (if you add it to your order in the top <em>Option</em> section)</span></li>\r\n<li style=\"font-weight: 400;\">SiriusXM activation number</li>\r\n</ul>\r\n<p><span style=\"font-weight: 400;\">IMPORTANT: For the satellite radio to work, you must equip your BMW with an extra Sirius tuner. <a rel=\"noopener\" href=\"http://testshop.bimmer-tech.net/contact\" target=\"_blank\">Contact us</a> for more details. </span></p>', NULL, NULL),
(447, NULL, 'SiriusExpressDeliveryAddOn', '2019-04-19 11:55:08', '2019-04-24 08:04:54', 1, 'choice', 0, NULL, 0, NULL, NULL, 'Our Express delivery option guarantees that you\'ll have the activation file within only 5 business hours (8am - 4pm Eastern Time). Standard delivery takes 2-3 business days.', 'usb_coding', NULL, NULL, NULL, NULL),
(448, 190, 'SiriusActivationCableFGSeries', '2019-04-19 12:43:45', '2019-05-15 13:37:11', 1, 'choice', 0, 'Get up to 150 satellite radio channels activated in your car in less than 30 minutes.', 1, NULL, NULL, NULL, 'codding', '<p>Looking for the easiest way to add Sirius XM car subscription to your BMW or MINI? Our remote SiriusXM activation process means you&rsquo;ll be enjoying satellite radio in less than 30 minutes, without even leaving your home.</p>\r\n<p>With around 150 <a href=\"https://www.bimmer-tech.net/blog/item/51-4-satellite-radio-stations-worth-activating-siriusxm-in-your-bmw-for\">XM radio channels</a> to choose from, including news, music, sports and entertainment, you and your family will always find something worth listening to.</p>\r\n<p>BMW owners often ask: &ldquo;How to get Sirius radio in my car for free for a year?&rdquo;, and the answer is that with BimmerTech it&rsquo;s pretty simple. We use a genuine BMW activation code to add satellite radio to your vehicle, meaning you can benefit from the <a href=\"https://www.siriusxm.com/sxm-learnmore?intcmp=hp_cta_0218_learn&amp;hpid=HP_NEW_LearnAboutMyTrial\">Sirius XM free trial period</a>. If you&rsquo;re the original owner of the car, you may receive the All Access SiriusXM subscription free of charge for up to 12 months (or 2 months in case the BMW/MINI is Certified Pre-Owned).</p>\r\n<p>What XM radio stations are available for your car depends on its hardware. All BMWs and MINIs without factory navigation, in addition to F48 X1 and i8 vehicles even with navigation, will receive only the Sirius channel lineup. 2017/2018/2019 BMWs or MINIs with factory navigation will have all SiriusXM channels available. Visit the <a href=\"http://www.siriusxm.com/channellineup\">SiriusXM official website</a> to check the lineup for your car. Also, have a look at the <a href=\"https://www.siriusxm.com/servlet/Satellite?blobcol=urlimage&amp;blobheadername1=Content-Type&amp;blobheadervalue1=application%2Fpdf&amp;blobkey=id&amp;blobtable=ImageAsset&amp;blobwhere=1283879646761&amp;ssbinary=true\">Sirius XM channels list 2019</a><span style=\"font-weight: 400;\">.</span></p>', '<p><span style=\"font-weight: 400;\">SiriusXM Satellite Radio is activated through a remote cable coding session. It is a very simple process that takes no more than 30 minutes. After you complete your order, we send you </span><span style=\"font-weight: 400;\">a </span><span style=\"font-weight: 400;\">coding cable (if you don\'t have one and add it in the top <em>Option</em> section). Once you receive it, you will be able to schedule a coding session for the time that suits you best. During the session, just plug in the cable, follow the instructions from our technician and SiriusXM will be added to your radio options.</span></p>\r\n<p><span style=\"font-weight: 400;\">To prepare for your coding session you will need a laptop running Microsoft Windows and a WiFi internet network that you can connect to in your car. A Mac computer running Windows should work too. The coding cable must be plugged into y</span><span style=\"font-weight: 400;\"><span>our laptop&rsquo;s&nbsp;</span><a rel=\"noopener\" href=\"https://www.bimmer-tech.net/customer_support/Remote_coding/Instructions/EthernetPort.jpg\" target=\"_blank\"><span>Ethernet port</span></a><span>&nbsp;(if you don&rsquo;t have one, you can use an&nbsp;</span><a rel=\"noopener\" href=\"https://www.bimmer-tech.net/customer_support/Remote_coding/Instructions/LAN_MAC.jpg\" target=\"_blank\"><span>adapter</span></a><span>).</span></span></p>\r\n<p><span style=\"font-weight: 400;\">The last step to enjoying your All Access subscription is to call SiriusXM directly and specify your</span> <span style=\"font-weight: 400;\">activation code. </span></p>\r\n<p><span style=\"font-weight: 400;\">Watch the video to understand the cable activation process better.</span></p>\r\n<p><custom-iframe style=\"margin: auto;\" src=\"https://www.youtube.com/embed/ua7O1oOp4Io\" frameborder=\"0\" width=\"560\" height=\"315\" allow=\"accelerometer; autoplay; encrypted-media; gyroscope; picture-in-picture\" position=\"center\" contenteditable=\"false\"></custom-iframe></p>\r\n<p><span style=\"font-weight: 400;\">The SiriusXM cable package includes everything necessary for adding satellite radio to your radio options:</span></p>\r\n<ul>\r\n<li style=\"font-weight: 400;\"><span style=\"font-weight: 400;\">Remote activation service</span></li>\r\n<li style=\"font-weight: 400;\"><span style=\"font-weight: 400;\">Coding interface (if you add it to your order in the top <em>Option</em> section)</span></li>\r\n<li style=\"font-weight: 400;\">SiriusXM activation number</li>\r\n</ul>', NULL, NULL),
(449, 190, 'SiriusActivationCable_convFGSeries', '2019-04-19 12:56:56', '2019-05-15 13:40:59', 1, 'choice', 0, 'Get up to 150 satellite radio channels activated in your car in less than 30 minutes.', 1, NULL, NULL, NULL, 'codding', '<p>Looking for the easiest way to add Sirius XM car subscription to your BMW or MINI? Our remote SiriusXM activation process means you&rsquo;ll be enjoying satellite radio in less than 30 minutes, without even leaving your home.</p>\r\n<p>With around 150 <a rel=\"noopener\" href=\"https://www.bimmer-tech.net/blog/item/51-4-satellite-radio-stations-worth-activating-siriusxm-in-your-bmw-for\" target=\"_blank\">XM radio channels</a> to choose from, including news, music, sports and entertainment, you and your family will always find something worth listening to.</p>\r\n<p>BMW owners often ask: &ldquo;How to get Sirius radio in my car for free for a year?&rdquo;, and the answer is that with BimmerTech it&rsquo;s pretty simple. We use a genuine BMW activation code to add satellite radio to your vehicle, meaning you can benefit from the <a rel=\"noopener\" href=\"https://www.siriusxm.com/sxm-learnmore?intcmp=hp_cta_0218_learn&amp;hpid=HP_NEW_LearnAboutMyTrial\" target=\"_blank\">Sirius XM free trial period</a>. If you&rsquo;re the original owner of the car, you may receive the All Access SiriusXM subscription free of charge for up to 12 months (or 2 months in case the BMW/MINI is Certified Pre-Owned).</p>\r\n<p>What XM radio stations are available for your car depends on its hardware. Visit the <a rel=\"noopener\" href=\"http://www.siriusxm.com/channellineup\" target=\"_blank\">SiriusXM official website</a> to check the lineup for your BMW/MINI. Also, have a look at the <a rel=\"noopener\" href=\"https://www.siriusxm.com/servlet/Satellite?blobcol=urlimage&amp;blobheadername1=Content-Type&amp;blobheadervalue1=application%2Fpdf&amp;blobkey=id&amp;blobtable=ImageAsset&amp;blobwhere=1283879646761&amp;ssbinary=true\" target=\"_blank\">Sirius XM channels list 2019</a><span style=\"font-weight: 400;\">.</span></p>', '<p><span style=\"font-weight: 400;\">SiriusXM Satellite Radio is activated through a remote cable coding session. It is a very simple process that takes no more than 30 minutes. After you complete your order, we send you </span><span style=\"font-weight: 400;\">a </span><span style=\"font-weight: 400;\">coding cable (if you don\'t have one and add it in the top <em>Option</em> section). Once you receive it, you will be able to schedule a coding session for the time that suits you best. During the session, just plug in the cable, follow the instructions from our technician and SiriusXM will be added to your radio options.</span></p>\r\n<p><span style=\"font-weight: 400;\">To prepare for your coding session you will need a laptop running Microsoft Windows and a WiFi internet network that you can connect to in your car. A Mac computer running Windows should work too. The coding cable must be plugged into y</span><span style=\"font-weight: 400;\"><span>our laptop&rsquo;s&nbsp;</span><a rel=\"noopener\" href=\"https://www.bimmer-tech.net/customer_support/Remote_coding/Instructions/EthernetPort.jpg\" target=\"_blank\"><span>Ethernet port</span></a><span>&nbsp;(if you don&rsquo;t have one, you can use an&nbsp;</span><a rel=\"noopener\" href=\"https://www.bimmer-tech.net/customer_support/Remote_coding/Instructions/LAN_MAC.jpg\" target=\"_blank\"><span>adapter</span></a><span>).</span></span></p>\r\n<p>The last step to enjoying your All Access subscription is to call SiriusXM directly and specify your activation code.</p>\r\n<p>Watch the video to understand the cable activation process better.</p>\r\n<p><custom-iframe style=\"margin: auto;\" src=\"https://www.youtube.com/embed/ua7O1oOp4Io\" frameborder=\"0\" width=\"560\" height=\"315\" allow=\"accelerometer; autoplay; encrypted-media; gyroscope; picture-in-picture\" position=\"center\" contenteditable=\"false\"></custom-iframe></p>\r\n<p><span style=\"font-weight: 400;\">The SiriusXM cable package includes everything necessary for adding satellite radio to your radio options:</span></p>\r\n<ul>\r\n<li style=\"font-weight: 400;\"><span style=\"font-weight: 400;\">Remote activation service</span></li>\r\n<li style=\"font-weight: 400;\"><span style=\"font-weight: 400;\">Coding interface (if you add it to your order in the top <em>Option</em> section)</span></li>\r\n<li style=\"font-weight: 400;\">SiriusXM activation number</li>\r\n</ul>\r\n<p>IMPORTANT: For the satellite radio to work, the vehicle must be equipped with the Sirius car radio antenna. Your BMW doesn&rsquo;t come with it from factory, but you can add a BMW original antenna to your order at the top <em>Option </em><span style=\"font-weight: 400;\">section during the purchase. It takes just minutes to install it (in case you buy it, the installation instructions will be added to your BimmerTech customer account).</span></p>', NULL, NULL),
(452, 187, 'TESTPRODUCT1', '2019-04-23 09:38:08', '2019-05-08 07:50:07', 1, 'choice', 0, NULL, 0, NULL, NULL, NULL, NULL, NULL, NULL, NULL, NULL),
(453, 187, 'TESTPRODUCT2', '2019-04-23 09:40:10', '2019-04-23 09:44:16', 1, 'choice', 0, NULL, 0, NULL, NULL, NULL, NULL, NULL, NULL, NULL, NULL),
(454, 191, 'CarPlayMMI', '2019-04-23 11:02:31', '2019-04-23 13:33:00', 1, 'choice', 0, 'Not compatible with original Apple CarPlay? Our CarPlay MMI will save the day.', 1, NULL, NULL, NULL, NULL, '<p><span style=\"font-weight: 400;\">Looking for an upgrade that will let you use your iPhone apps on the factory dashboard display? Our BMW CarPlay MMI retrofit is an ideal aftermarket solution to do just that. </span></p>\r\n<p><span style=\"font-weight: 400;\">Our BMW CarPlay upgrade supports devices running iOS up to version 12. With the newest iOS, you can take advantage of Google Maps and Waze while navigating through the city. You\'ll be able to use the best features from both apps like getting the quickest rerouting that will save your time (Waze) or using the navigation even if you\'re offline (Google Maps).</span></p>\r\n<p><custom-iframe style=\"margin: auto;\" src=\"https://www.youtube.com/embed/KmfDZHQXUTM\" frameborder=\"0\" width=\"560\" height=\"315\" allow=\"accelerometer; autoplay; encrypted-media; gyroscope; picture-in-picture\" position=\"center\" contenteditable=\"false\"></custom-iframe></p>\r\n<p><span style=\"font-weight: 400;\">BMW CarPlay retrofit will also let you benefit from Apple Maps, Spotify, Siri and other applications on the iDrive screen without actually using the phone. It comes with a USB cable that has a socket at its end. Apart from connecting the device to the iDrive system to use BMW CarPlay apps and charging your iPhone, you can use it to </span>play videos from a USB thumb drive<span style=\"font-weight: 400;\">! It is advised, though, to use an original Apple cable for better transmission quality.</span></p>\r\n<p><custom-iframe style=\"margin: auto;\" src=\"https://www.youtube.com/embed/rhtbr1D9rnc\" frameborder=\"0\" width=\"560\" height=\"315\" allow=\"accelerometer; autoplay; encrypted-media; gyroscope; picture-in-picture\" position=\"center\" contenteditable=\"false\"></custom-iframe><a href=\"https://www.youtube.com/watch?v=rhtbr1D9rnc\"></a></p>\r\n<p><span style=\"font-weight: 400;\">CarPlay MMI gives you the chance to play music through the BMW stereo system with the help of the AUX input. In case you don&rsquo;t have an AUX port, we can code your car to enable the input. </span></p>\r\n<p><span style=\"font-weight: 400;\">Our BimmerTech original CarPlay also uses the factory car microphone for Siri Voice commands. This means that you can access your iTunes library, learn the latest news or send texts hands-free. </span></p>\r\n<p><custom-iframe style=\"margin: auto;\" src=\"https://www.youtube.com/embed/NE0oAxqBRYg\" frameborder=\"0\" width=\"560\" height=\"315\" allow=\"accelerometer; autoplay; encrypted-media; gyroscope; picture-in-picture\" position=\"center\" contenteditable=\"false\"></custom-iframe><a href=\"https://www.youtube.com/watch?v=NE0oAxqBRYg&amp;feature=youtu.be\"></a></p>\r\n<p><span style=\"font-weight: 400;\">The kit contains a Multimedia Interface (MMI), an original BimmerTech module that makes it easy to add a Rear View Camera to your order for a much lower price. </span></p>\r\n<p><span style=\"font-weight: 400;\">Please note that if you want to use such features of BMW CarPlay iPhone integration like Siri, your iPhone can\'t be connected to your BMW via Bluetooth, but only through the cable. Otherwise, it will not work. Hands-Free Calling will not work if your iPhone is connected to CarPlay and Bluetooth simultaneously.</span></p>', '<p><span style=\"font-weight: 400;\">The installation instructions appear in the personal account within 72 hours after the purchased product is shipped. They are created and customized for each specific model. But in case of any additional questions, our technical support is always ready to help.</span></p>\r\n<p><span style=\"font-weight: 400;\">BMW CarPlay setup is absolutely plug &amp; play. It doesn&rsquo;t require any remote coding and takes up to 2h. Moreover, no permanent modifications are needed, so the kit is completely lease-friendly. </span></p>\r\n<p><span style=\"font-weight: 400;\">The kit includes all parts necessary for a complete installation:</span></p>\r\n<ul>\r\n<li style=\"font-weight: 400;\"><span style=\"font-weight: 400;\">MMI</span></li>\r\n<li style=\"font-weight: 400;\"><span style=\"font-weight: 400;\">Wiring harness</span></li>\r\n</ul>', NULL, NULL);
INSERT INTO `sylius_product` (`id`, `main_taxon_id`, `code`, `created_at`, `updated_at`, `enabled`, `variant_selection_method`, `average_rating`, `taxon_decription`, `recomended`, `buyers_footer_content`, `buyers_header_content`, `addon_information`, `type`, `description`, `installer`, `flagName`, `flagColor_id`) VALUES
(455, 191, 'CarPlayMMIi3', '2019-04-23 12:11:18', '2019-05-16 09:05:28', 1, 'choice', 0, 'Not compatible with original Apple CarPlay? Our CarPlay MMI will save the day.', 1, NULL, NULL, NULL, NULL, '<p><span style=\"font-weight: 400;\">Looking for an upgrade that will let you use your iPhone apps on the factory dashboard display? Our BMW CarPlay MMI retrofit is an ideal aftermarket solution to do just that. </span></p>\r\n<p><span style=\"font-weight: 400;\">Our BMW CarPlay upgrade supports devices running iOS up to version 12. With the newest iOS, you can take advantage of Google Maps and Waze while navigating through the city. You\'ll be able to use the best features from both apps like getting the quickest rerouting that will save your time (Waze) or using the navigation even if you\'re offline (Google Maps).</span></p>\r\n<p><custom-iframe style=\"margin: auto;\" src=\"https://www.youtube.com/embed/KmfDZHQXUTM\" frameborder=\"0\" width=\"560\" height=\"315\" allow=\"accelerometer; autoplay; encrypted-media; gyroscope; picture-in-picture\" position=\"center\" contenteditable=\"false\"></custom-iframe></p>\r\n<p><span style=\"font-weight: 400;\">BMW CarPlay retrofit will also let you benefit from Apple Maps, Spotify, Siri and other applications on the iDrive screen without actually using the phone. It comes with a USB cable that has a socket at its end. Apart from connecting the device to the iDrive system to use BMW CarPlay apps and charging your iPhone, you can use it to </span>play videos from a USB thumb drive<span style=\"font-weight: 400;\">! It is advised, though, to use an original Apple cable for better transmission quality.</span></p>\r\n<p><custom-iframe style=\"margin: auto;\" src=\"https://www.youtube.com/embed/rhtbr1D9rnc\" frameborder=\"0\" width=\"560\" height=\"315\" allow=\"accelerometer; autoplay; encrypted-media; gyroscope; picture-in-picture\" position=\"center\" contenteditable=\"false\"></custom-iframe><a href=\"https://www.youtube.com/watch?v=rhtbr1D9rnc\"></a></p>\r\n<p><span style=\"font-weight: 400;\">CarPlay MMI gives you the chance to play music through the BMW stereo system with the help of the AUX input. In case you don&rsquo;t have an AUX port, we can code your car to enable the input. </span></p>\r\n<p><span style=\"font-weight: 400;\">Our BimmerTech original CarPlay also uses the factory car microphone for Siri Voice commands. This means that you can access your iTunes library, learn the latest news or send texts hands-free. </span></p>\r\n<p><custom-iframe style=\"margin: auto;\" src=\"https://www.youtube.com/embed/NE0oAxqBRYg\" frameborder=\"0\" width=\"560\" height=\"315\" allow=\"accelerometer; autoplay; encrypted-media; gyroscope; picture-in-picture\" position=\"center\" contenteditable=\"false\"></custom-iframe><a href=\"https://www.youtube.com/watch?v=NE0oAxqBRYg&amp;feature=youtu.be\"></a></p>\r\n<p><span style=\"font-weight: 400;\">The kit contains a Multimedia Interface (MMI), an original BimmerTech module that makes it easy to add a Rear View Camera to your order for a much lower price. </span></p>\r\n<p><span style=\"font-weight: 400;\">Please note that if you want to use such features of BMW CarPlay iPhone integration like Siri, your iPhone can\'t be connected to your BMW via Bluetooth, but only through the cable. Otherwise, it will not work. Hands-Free Calling will not work if your iPhone is connected to CarPlay and Bluetooth simultaneously.</span></p>', '<p><span style=\"font-weight: 400;\">The installation instructions appear in the personal account within 72 hours after the purchased product is shipped. They are created and customized for each specific model. But in case of any additional questions, our technical support is always ready to help.</span></p>\r\n<p><span style=\"font-weight: 400;\">BMW CarPlay setup is absolutely plug &amp; play. It doesn&rsquo;t require any remote coding and takes up to 2h. Moreover, no permanent modifications are needed, so the kit is completely lease-friendly. </span></p>\r\n<p><span style=\"font-weight: 400;\">The kit includes all parts necessary for a complete installation:</span></p>\r\n<ul>\r\n<li style=\"font-weight: 400;\"><span style=\"font-weight: 400;\">MMI</span></li>\r\n<li style=\"font-weight: 400;\"><span style=\"font-weight: 400;\">Wiring harness</span></li>\r\n</ul>', NULL, NULL),
(456, NULL, 'RearViewCamAddOn', '2019-04-23 13:28:20', '2019-04-23 13:30:07', 1, 'choice', 0, NULL, 0, NULL, NULL, 'This BMW backup camera overrides the native iDrive display with a full-screen high-quality  camera image. It’s mounted into the trunk handle just like an OEM rear view camera and supports Static/Dynamic Parking Lines.', NULL, NULL, NULL, NULL, NULL),
(457, NULL, 'Warranty1year', '2019-04-23 13:59:58', '2019-05-10 13:58:13', 1, 'choice', 0, NULL, 0, NULL, NULL, NULL, NULL, NULL, NULL, NULL, NULL),
(458, NULL, 'Warranty2years', '2019-04-23 14:01:43', '2019-05-10 13:45:19', 1, 'choice', 0, NULL, 0, NULL, NULL, NULL, NULL, NULL, NULL, NULL, NULL),
(459, NULL, 'Warranty3years', '2019-04-23 14:09:33', '2019-05-10 13:59:07', 1, 'choice', 0, NULL, 0, NULL, NULL, NULL, NULL, NULL, NULL, NULL, NULL),
(462, 196, 'VividScreenE60_E61_6', '2019-04-24 06:58:42', '2019-04-24 07:22:16', 1, 'choice', 0, 'A big, beautiful, high-res screen that will extend your BMW’s multimedia capabilities.', 1, NULL, NULL, NULL, NULL, '<p><span style=\"font-weight: 400;\">Want to revitalize your iDrive system? There is no need to replace it with a newer generation. All you need to do is swap your stock display for BimmerTech&rsquo;s VividScreen &mdash; a BMW display upgrade that lets you add the latest technology upgrades to your car and realize its potential. </span></p>\r\n<p><span style=\"font-weight: 400;\">The new 8.8&Prime; 1280x480</span> <span style=\"font-weight: 400;\">display doubles or triples the pixel density of the stock screen options, as well as sporting noticeably improved contrast for a better overall image quality. It&rsquo;s completely compatible with the BMW iDrive system and designed to look the same as a factory installed screen to smoothly fit into your interior. </span></p>\r\n<p><span style=\"font-weight: 400;\">With this BMW screen upgrade your car becomes compatible with SmartView mirroring devices. It means that you can choose among SmartView Apple TV3 and SmartView Apple TV4, both of which will let you stream the screen of your iOS phone onto the dashboard display. You can also opt for SmartView HD Flex that makes it possible to mirror the Android as well as iOS devices onto the BMW native screen. If you opt for one of the mirroring upgrades, make sure your car is equipped with the AUX port responsible for better sound transferring. If your vehicle doesn&rsquo;t have it, you can add it to your order in the top </span><em><span style=\"font-weight: 400;\">Options </span></em><span style=\"font-weight: 400;\">section. </span></p>\r\n<p><span style=\"font-weight: 400;\">Thanks to the inbuilt Multimedia Interface (MMI), you can also add our rear &amp; front view cameras as well as the above mentioned streaming devices for a much lower price.</span></p>\r\n<p><custom-iframe style=\"margin: auto;\" src=\"https://www.youtube.com/embed/KmLpZSdKbSc\" frameborder=\"0\" width=\"560\" height=\"315\" allow=\"accelerometer; autoplay; encrypted-media; gyroscope; picture-in-picture\" position=\"center\" contenteditable=\"false\"></custom-iframe></p>\r\n<p><span style=\"font-weight: 400;\">Please note that due to the higher resolution of the replacement screen, after the installation the images will appear slightly bigger.</span></p>', '<p><span style=\"font-weight: 400;\">The installation instructions appear in the personal account within 72 hours after the purchased product is shipped. They are created and customized for each specific model. In case of any additional questions, our technical support is always ready to help. </span></p>\r\n<p><span style=\"font-weight: 400;\">The installation process takes up to 2 hours and is fully plug &amp; play. The kit includes all parts necessary for a complete installation:</span></p>\r\n<ul>\r\n<li style=\"font-weight: 400;\"><span style=\"font-weight: 400;\">VividScreen with inbuilt MMI</span></li>\r\n<li style=\"font-weight: 400;\"><span style=\"font-weight: 400;\">Wiring harness</span></li>\r\n</ul>\r\n<p><span style=\"font-weight: 400;\">To learn more about the installation, watch this video:</span></p>\r\n<p><custom-iframe style=\"margin: auto;\" src=\"https://www.youtube.com/embed/20r7ZpkXddw\" frameborder=\"0\" width=\"560\" height=\"315\" allow=\"accelerometer; autoplay; encrypted-media; gyroscope; picture-in-picture\" position=\"center\" contenteditable=\"false\"></custom-iframe></p>', NULL, NULL),
(463, NULL, 'FrontCamAddOn', '2019-04-24 07:24:03', '2019-04-30 09:44:56', 1, 'choice', 0, NULL, 0, NULL, NULL, 'With the help of the BimmerTech front view camera you will avoid scratches, dents and other damages on your bumper. The wide angle lens will help you avoid all the low obstacles in front of your BMW and save loads of money on repairs.', NULL, NULL, NULL, NULL, NULL),
(464, NULL, 'AUXportAddOn', '2019-04-24 07:26:58', '2019-04-24 07:32:47', 1, 'choice', 0, NULL, 0, NULL, NULL, 'It’s a retrofit that provides better sound transferring through BMW’s stereo system and allows you to connect almost any audio device to your car.', NULL, NULL, NULL, NULL, NULL),
(465, 196, 'VividScreen_E60_E61_8', '2019-04-24 07:36:56', '2019-05-14 08:22:41', 1, 'choice', 0, 'A big, beautiful, high-res screen and extend your BMW’s multimedia capabilities.', 1, NULL, NULL, NULL, NULL, '<p><span style=\"font-weight: 400;\">Want to revitalize your iDrive system? There is no need to replace the whole iDrive system with a newer generation. All you need to do is swap your stock display for BimmerTech&rsquo;s VividScreen &mdash; a BMW display upgrade that lets you add the latest technology upgrades to your car and realize its potential. </span></p>\r\n<p><span style=\"font-weight: 400;\">The new 8.8&Prime; 1280x480</span> <span style=\"font-weight: 400;\">display doubles or triples the pixel density of the stock screen options, as well as sporting noticeably improved contrast for a better overall image quality. It&rsquo;s completely compatible with the BMW iDrive system and designed to look the same as a factory installed screen to smoothly fit into your interior. </span></p>\r\n<p><span style=\"font-weight: 400;\">With this BMW screen upgrade your car becomes compatible with SmartView mirroring functionality. It means that you can choose among SmartView Apple TV3 and SmartView Apple TV4, both of which will let you stream the screen of your iOS device onto the dashboard display. You can also opt for SmartView HD Flex that makes it possible to mirror the Android as well as iOS devices onto the BMW native screen. If you opt for one of the mirroring upgrades, make sure your car is equipped with the AUX port responsible for sound transferring. If your vehicle doesn&rsquo;t have it, you can add it to your order in the top </span><em><span style=\"font-weight: 400;\">Options </span></em><span style=\"font-weight: 400;\">section. </span></p>\r\n<p><span style=\"font-weight: 400;\">Thanks to the inbuilt Multimedia Interface (MMI), you can also add our rear &amp; front view cameras as well as the above mentioned streaming devices for a much lower price.</span></p>\r\n<p><custom-iframe style=\"margin: auto;\" src=\"https://www.youtube.com/embed/KmLpZSdKbSc\" frameborder=\"0\" width=\"560\" height=\"315\" allow=\"accelerometer; autoplay; encrypted-media; gyroscope; picture-in-picture\" position=\"center\" contenteditable=\"false\"></custom-iframe></p>', '<p><span style=\"font-weight: 400;\">The installation instructions appear in the personal account within 72 hours after the purchased product is shipped. They are created and customized for each specific model. But in case of any additional questions, our technical support is always ready to help. </span></p>\r\n<p><span style=\"font-weight: 400;\">The process takes up to 2 hours and is fully plug &amp; play. The kit includes all parts necessary for a complete installation:</span></p>\r\n<ul>\r\n<li style=\"font-weight: 400;\"><span style=\"font-weight: 400;\">VividScreen with inbuilt MMI</span></li>\r\n<li style=\"font-weight: 400;\"><span style=\"font-weight: 400;\">Wiring harness</span></li>\r\n</ul>\r\n<p><span style=\"font-weight: 400;\">To learn more about the installation, watch this video:</span></p>\r\n<p><custom-iframe style=\"margin: auto;\" src=\"https://www.youtube.com/embed/20r7ZpkXddw\" frameborder=\"0\" width=\"560\" height=\"315\" allow=\"accelerometer; autoplay; encrypted-media; gyroscope; picture-in-picture\" position=\"center\" contenteditable=\"false\"></custom-iframe></p>', NULL, NULL),
(466, 196, 'VividScreenE9x_E63_E64_6', '2019-04-24 08:02:33', '2019-05-14 08:33:13', 1, 'choice', 0, 'A big, beautiful, high-res screen that will extend your BMW’s multimedia capabilities.', 1, NULL, NULL, NULL, NULL, '<p><span style=\"font-weight: 400;\">Want to revitalize your iDrive system? There is no need to replace it with a newer generation. All you need to do is swap your stock display for BimmerTech&rsquo;s VividScreen &mdash; a BMW display upgrade that lets you add the latest technology upgrades to your car and realize its potential. </span></p>\r\n<p><span style=\"font-weight: 400;\">The new 8.8&Prime; 1280x480</span> <span style=\"font-weight: 400;\">display doubles or triples the pixel density of the stock screen options, as well as sporting noticeably improved contrast for a better overall image quality. It&rsquo;s completely compatible with the BMW iDrive system and designed to look the same as a factory installed screen to smoothly fit into your interior. </span></p>\r\n<p><span style=\"font-weight: 400;\">With this BMW screen upgrade your car becomes compatible with SmartView mirroring devices. It means that you can choose among SmartView Apple TV3 and SmartView Apple TV4, both of which will let you stream the screen of your iOS phone onto the dashboard display. You can also opt for SmartView HD Flex that makes it possible to mirror the Android as well as iOS devices onto the BMW native screen. Thanks to the inbuilt Multimedia Interface (MMI), you can also add our rear &amp; front view cameras as well as the above mentioned streaming devices for a much lower price.</span></p>\r\n<p><custom-iframe style=\"margin: auto;\" src=\"https://www.youtube.com/embed/KmLpZSdKbSc\" frameborder=\"0\" width=\"560\" height=\"315\" allow=\"accelerometer; autoplay; encrypted-media; gyroscope; picture-in-picture\" position=\"center\" contenteditable=\"false\"></custom-iframe></p>\r\n<p><span style=\"font-weight: 400;\">Please note that due to the higher resolution of the replacement screen, after the installation the images will appear slightly bigger.</span></p>', '<p><span style=\"font-weight: 400;\">The installation instructions appear in the personal account within 72 hours after the purchased product is shipped. They are created and customized for each specific model. In case of any additional questions, our technical support is always ready to help. </span></p>\r\n<p><span style=\"font-weight: 400;\">The installation process takes up to 2 hours and is fully plug &amp; play. The kit includes all parts necessary for a complete installation:</span></p>\r\n<ul>\r\n<li style=\"font-weight: 400;\"><span style=\"font-weight: 400;\">VividScreen with inbuilt MMI</span></li>\r\n<li style=\"font-weight: 400;\"><span style=\"font-weight: 400;\">Wiring harness</span></li>\r\n</ul>\r\n<p><span style=\"font-weight: 400;\">To learn more about the installation, watch this video:</span></p>\r\n<p><custom-iframe style=\"margin: auto;\" src=\"https://www.youtube.com/embed/20r7ZpkXddw\" frameborder=\"0\" width=\"560\" height=\"315\" allow=\"accelerometer; autoplay; encrypted-media; gyroscope; picture-in-picture\" position=\"center\" contenteditable=\"false\"></custom-iframe></p>', NULL, NULL),
(467, 196, 'VividScreenE9x_E63_E64_8', '2019-04-24 08:24:50', '2019-05-14 08:34:53', 1, 'choice', 0, 'A big, beautiful, high-res screen and extend your BMW’s multimedia capabilities (for cars with 6″ displays).', 1, NULL, NULL, NULL, NULL, '<p><span style=\"font-weight: 400;\">Want to revitalize your iDrive system? There is no need to replace the whole iDrive system with a newer generation. All you need to do is swap your stock display for BimmerTech&rsquo;s VividScreen &mdash; a BMW display upgrade that lets you add the latest technology upgrades to your car and realize its potential. </span></p>\r\n<p><span style=\"font-weight: 400;\">The new 8.8&Prime; 1280x480</span> <span style=\"font-weight: 400;\">display doubles or triples the pixel density of the stock screen options, as well as sporting noticeably improved contrast for a better overall image quality. It&rsquo;s completely compatible with the BMW iDrive system and designed to look the same as a factory installed screen to smoothly fit into your interior. </span></p>\r\n<p><span style=\"font-weight: 400;\">With this BMW screen upgrade your car becomes compatible with SmartView mirroring devices. It means that you can choose among SmartView Apple TV3 and SmartView Apple TV4, both of which will let you stream the screen of your iPhone onto the dashboard display. You can also opt for SmartView HD Flex that makes it possible to mirror the Android as well as iOS devices onto the BMW native screen. Thanks to the inbuilt Multimedia Interface (MMI), you can also add our rear &amp; front view cameras as well as the above mentioned streaming devices for a much lower price.</span></p>\r\n<p><custom-iframe style=\"margin: auto;\" src=\"https://www.youtube.com/embed/KmLpZSdKbSc\" frameborder=\"0\" width=\"560\" height=\"315\" allow=\"accelerometer; autoplay; encrypted-media; gyroscope; picture-in-picture\" position=\"center\" contenteditable=\"false\"></custom-iframe></p>', '<p><span style=\"font-weight: 400;\">The installation instructions appear in the personal account within 72 hours after the purchased product is shipped. They are created and customized for each specific model. But in case of any additional questions, our technical support is always ready to help. </span></p>\r\n<p><span style=\"font-weight: 400;\">The process takes up to 2 hours and is fully plug &amp; play. The kit includes all parts necessary for a complete installation:</span></p>\r\n<ul>\r\n<li style=\"font-weight: 400;\"><span style=\"font-weight: 400;\">VividScreen with inbuilt MMI</span></li>\r\n<li style=\"font-weight: 400;\"><span style=\"font-weight: 400;\">Wiring harness</span></li>\r\n</ul>\r\n<p><span style=\"font-weight: 400;\">To learn more about the installation, watch this video:</span></p>\r\n<p><custom-iframe style=\"margin: auto;\" src=\"https://www.youtube.com/embed/20r7ZpkXddw\" frameborder=\"0\" width=\"560\" height=\"315\" allow=\"accelerometer; autoplay; encrypted-media; gyroscope; picture-in-picture\" position=\"center\" contenteditable=\"false\"></custom-iframe></p>', NULL, NULL),
(468, 196, 'VividScreenF3x_6_CHAMP2_ENTRY', '2019-04-24 08:38:03', '2019-05-14 08:36:09', 1, 'choice', 0, 'A big, beautiful, high-res screen and extend your BMW’s multimedia capabilities (for cars with 6” displays).', 1, NULL, NULL, NULL, NULL, '<p><span style=\"font-weight: 400;\">Want to revitalize your iDrive system? There is no need to replace the whole iDrive system with a newer generation. All you need to do is swap your stock display for BimmerTech&rsquo;s VividScreen &mdash; a BMW display upgrade that lets you add the latest technology upgrades to your car and realize its potential. </span></p>\r\n<p><span style=\"font-weight: 400;\">The new 8.8&Prime; 1280x480</span> <span style=\"font-weight: 400;\">display doubles or triples the pixel density of the stock screen options, as well as sporting noticeably improved contrast for a better overall image quality. It&rsquo;s completely compatible with the BMW iDrive system and designed to look the same as a factory installed screen to smoothly fit into your interior. </span></p>\r\n<p><span style=\"font-weight: 400;\">With this BMW screen upgrade your car becomes compatible with SmartView mirroring devices. It means that you can choose among SmartView Apple TV3 and SmartView Apple TV4, both of which will let you stream the screen of your iOS device onto the dashboard display. You can also opt for SmartView HD Flex that makes it possible to mirror the Android as well as iOS devices onto the BMW native screen. Thanks to the inbuilt Multimedia Interface (MMI), you can also add our rear &amp; front view cameras and the above mentioned streaming devices for a much lower price.</span><custom-iframe style=\"margin: auto;\" src=\"https://www.youtube.com/embed/KmLpZSdKbSc\" frameborder=\"0\" width=\"560\" height=\"315\" allow=\"accelerometer; autoplay; encrypted-media; gyroscope; picture-in-picture\" position=\"center\" contenteditable=\"false\"></custom-iframe></p>\r\n<p><span style=\"font-weight: 400;\">Please note that due to the higher resolution of the replacement screen, after the installation the images will appear slightly bigger.</span></p>', '<p><span style=\"font-weight: 400;\">The installation instructions appear in the personal account within 72 hours after the purchased product is shipped. They are created and customized for each specific model. But in case of any additional questions, our technical support is always ready to help. </span></p>\r\n<p><span style=\"font-weight: 400;\">The process takes up to 2 hours and is fully plug &amp; play. The kit includes all parts necessary for a complete installation:</span></p>\r\n<ul>\r\n<li style=\"font-weight: 400;\"><span style=\"font-weight: 400;\">VividScreen with inbuilt MMI</span></li>\r\n<li style=\"font-weight: 400;\"><span style=\"font-weight: 400;\">Wiring harness</span></li>\r\n</ul>\r\n<p><span style=\"font-weight: 400;\">If you add a screen resolution correction to your order, you&rsquo;ll also receive a coding interface. You will need to schedule a remote coding session during which our technician will adjust the image and make sure it&rsquo;s not stretched on your new screen. </span></p>\r\n<p><span style=\"font-weight: 400;\">To learn more about the installation, watch this video:</span></p>\r\n<p><custom-iframe style=\"margin: auto;\" src=\"https://www.youtube.com/embed/VTsmg2-oKUA\" frameborder=\"0\" width=\"560\" height=\"315\" allow=\"accelerometer; autoplay; encrypted-media; gyroscope; picture-in-picture\" position=\"center\" contenteditable=\"false\"></custom-iframe></p>', NULL, NULL),
(469, 196, 'VividScreenF3x_6_ENTRYNAV', '2019-04-24 08:51:02', '2019-05-14 08:50:23', 1, 'choice', 0, 'A big, beautiful, high-res screen and extend your BMW’s multimedia capabilities (for cars with 6” displays).', 1, NULL, NULL, NULL, NULL, '<p><span style=\"font-weight: 400;\">Want to revitalize your iDrive system? There is no need to replace the whole iDrive system with a newer generation. All you need to do is swap your stock display for BimmerTech&rsquo;s VividScreen &mdash; a BMW display upgrade that lets you add the latest technology upgrades to your car and realize its potential. </span></p>\r\n<p><span style=\"font-weight: 400;\">The new 8.8&Prime; 1280x480</span> <span style=\"font-weight: 400;\">display doubles or triples the pixel density of the stock screen options, as well as sporting noticeably improved contrast for a better overall image quality. It&rsquo;s completely compatible with the BMW iDrive system and designed to look the same as a factory installed screen to smoothly fit into your interior. </span></p>\r\n<p><span style=\"font-weight: 400;\">With this BMW screen upgrade your car becomes compatible with SmartView mirroring devices. It means that you can choose among SmartView Apple TV3 and SmartView Apple TV4, both of which will let you stream the screen of your iOS device onto the dashboard display. You can also opt for SmartView HD Flex that makes it possible to mirror the Android as well as iOS devices onto the BMW native screen. Thanks to the inbuilt Multimedia Interface (MMI), you can also add our rear &amp; front view cameras and the above mentioned streaming devices for a much lower price.</span></p>\r\n<p><custom-iframe style=\"margin: auto;\" src=\"https://www.youtube.com/embed/KmLpZSdKbSc\" frameborder=\"0\" width=\"560\" height=\"315\" allow=\"accelerometer; autoplay; encrypted-media; gyroscope; picture-in-picture\" position=\"center\" contenteditable=\"false\"></custom-iframe></p>\r\n<p><span style=\"font-weight: 400;\">Please note that due to the higher resolution of the replacement screen, after the installation the image will be slightly stretched. However, it can be corrected during a remote coding session. You can add this service (<em>Stretch Correction</em>) to your order at the top </span><em><span style=\"font-weight: 400;\">Options </span></em><span style=\"font-weight: 400;\">section. </span></p>', '<p><span style=\"font-weight: 400;\">The installation instructions appear in the personal account within 72 hours after the purchased product is shipped. They are created and customized for each specific model. But in case of any additional questions, our technical support is always ready to help. </span></p>\r\n<p><span style=\"font-weight: 400;\">The process takes up to 2 hours and is fully plug &amp; play. The kit includes all parts necessary for a complete installation:</span></p>\r\n<ul>\r\n<li style=\"font-weight: 400;\"><span style=\"font-weight: 400;\">VividScreen with inbuilt MMI</span></li>\r\n<li style=\"font-weight: 400;\"><span style=\"font-weight: 400;\">Wiring harness</span></li>\r\n</ul>\r\n<p><span style=\"font-weight: 400;\">If you add a screen resolution correction to your order, you&rsquo;ll also receive a coding interface. You will need to schedule a remote coding session during which our technician will adjust the image and make sure it&rsquo;s not stretched on your new screen. </span></p>\r\n<p><span style=\"font-weight: 400;\">To learn more about the installation, watch this video:</span></p>\r\n<p><custom-iframe style=\"margin: auto;\" src=\"https://www.youtube.com/embed/VTsmg2-oKUA\" frameborder=\"0\" width=\"560\" height=\"315\" allow=\"accelerometer; autoplay; encrypted-media; gyroscope; picture-in-picture\" position=\"center\" contenteditable=\"false\"></custom-iframe></p>', NULL, NULL),
(471, NULL, 'StretchCorrectionAddOn', '2019-04-24 09:29:45', '2019-04-24 09:34:09', 1, 'choice', 0, NULL, 0, NULL, NULL, 'Screen resolution is corrected during a remote coding session with a BimmerTech technician.', 'codding', NULL, NULL, NULL, NULL),
(472, NULL, 'CodingCableAddOn', '2019-04-24 09:31:38', '2019-04-24 09:33:41', 1, 'choice', 0, NULL, 0, NULL, NULL, 'A coding cable is required for a remote coding session to connect the car to the laptop. If you already have a suitable cable, you don’t need to add it.', NULL, NULL, NULL, NULL, NULL),
(474, 179, 'CarPlayActivationUSB', '2019-04-24 13:27:46', '2019-04-24 13:29:38', 1, 'choice', 0, NULL, 0, NULL, NULL, NULL, 'usb_coding', NULL, NULL, NULL, NULL),
(476, 197, 'Power-Trunk-Retrofit-F30F80F10', '2019-04-25 09:34:18', '2019-05-13 14:17:10', 1, 'choice', 0, 'A push of a button is all you’ll need to open & close your car trunk.', 1, NULL, NULL, NULL, NULL, '<p><span style=\"font-weight: 400;\">When your hands are full of packages, bags and kids, what could be better than being able to close your trunk just by pressing a button? You will say &ldquo;nothing&rdquo; after you experience the convenience of BimmerTech&rsquo;s Power Trunk retrofit.</span></p>\r\n<p><span style=\"font-weight: 400;\">With this kit installed in your BMW, you&rsquo;ll be able to control the lid with:</span></p>\r\n<ul>\r\n<li style=\"font-weight: 400;\"><span style=\"font-weight: 400;\">The trunk release button on the remote key fob</span></li>\r\n<li style=\"font-weight: 400;\"><span style=\"font-weight: 400;\">The button in the trunk handle, and an additional button built in to the inside of the trunk lid</span></li>\r\n<li style=\"font-weight: 400;\"><span style=\"font-weight: 400;\">The trunk release button on the dashboard (if your vehicle has it)</span></li>\r\n<li style=\"font-weight: 400;\"><span style=\"font-weight: 400;\">The kick feature if your car is equipped with &nbsp;a factory or retrofitted Comfort Access system with this functionality</span></li>\r\n</ul>\r\n<p><span style=\"font-weight: 400;\">You can easily operate the trunk whenever you are around your car, and despite the convenience of using the key fob, you&rsquo;re not bound only to it. </span></p>\r\n<p><custom-iframe style=\"margin: auto;\" src=\"https://www.youtube.com/embed/kRAhlbDViWY\" frameborder=\"0\" width=\"560\" height=\"315\" allow=\"accelerometer; autoplay; encrypted-media; gyroscope; picture-in-picture\" position=\"center\" contenteditable=\"false\"></custom-iframe></p>\r\n<p><span style=\"font-weight: 400;\">You can customize the upgrade and choose the position the trunk lid opens to. Just set the lid to the preferred position with your hands and hold the button in the trunk lid for five seconds.</span></p>\r\n<p><span style=\"font-weight: 400;\">In addition, our Power Trunk features anti-pinch technology. It means that the lid will stop closing automatically in case there is any obstacle on its way, whether it&rsquo;s your or your children\'s hand, or you\'ve just overloaded your trunk.</span></p>', '<p><span style=\"font-weight: 400;\">The installation instructions appear in the personal account within 72 hours after the purchased product is shipped. They are created and customized for each specific model. But in case of any additional questions, our technical support is always ready to help.</span></p>\r\n<p><span style=\"font-weight: 400;\">The process takes up to 3 hours and is fully plug &amp; play. The kit includes all parts necessary for a complete installation:</span></p>\r\n<ul>\r\n<li style=\"font-weight: 400;\"><span style=\"font-weight: 400;\">Actuator </span></li>\r\n<li style=\"font-weight: 400;\"><span style=\"font-weight: 400;\">Lock </span></li>\r\n<li style=\"font-weight: 400;\"><span style=\"font-weight: 400;\">Trunk lid button </span></li>\r\n<li style=\"font-weight: 400;\"><span style=\"font-weight: 400;\">Module</span></li>\r\n<li style=\"font-weight: 400;\"><span style=\"font-weight: 400;\">Wiring harness </span></li>\r\n</ul>\r\n<p><span style=\"font-weight: 400;\">To learn more about the installation, watch this video:</span></p>\r\n<p><custom-iframe style=\"margin: auto;\" src=\"https://www.youtube.com/embed/pEVYHW6-41c\" frameborder=\"0\" width=\"560\" height=\"315\" allow=\"accelerometer; autoplay; encrypted-media; gyroscope; picture-in-picture\" position=\"center\" contenteditable=\"false\"></custom-iframe></p>', NULL, NULL),
(477, 197, 'Power-Trunk-Retrofit-F25', '2019-04-25 12:29:01', '2019-04-25 12:36:45', 1, 'choice', 0, 'A push of a button is all you’ll need to open & close your car trunk.', 1, NULL, NULL, NULL, NULL, '<p><span style=\"font-weight: 400;\">When your hands are full of packages, bags and kids, what could be better than being able to close your trunk just by pressing a button? You will say &ldquo;nothing&rdquo; after you experience the convenience of BimmerTech&rsquo;s Power Trunk retrofit.</span></p>\r\n<p><span style=\"font-weight: 400;\">With this kit installed in your BMW, you&rsquo;ll be able to control the lid with:</span></p>\r\n<ul>\r\n<li style=\"font-weight: 400;\"><span style=\"font-weight: 400;\">The trunk release button on the remote key fob</span></li>\r\n<li style=\"font-weight: 400;\"><span style=\"font-weight: 400;\">The button in the trunk handle, and an additional button built in to the inside of the trunk lid</span></li>\r\n<li style=\"font-weight: 400;\"><span style=\"font-weight: 400;\">The trunk release button on the dashboard (if your vehicle has it)</span></li>\r\n<li style=\"font-weight: 400;\"><span style=\"font-weight: 400;\">The kick feature if your car is equipped with &nbsp;a factory or retrofitted Comfort Access system with this functionality</span></li>\r\n</ul>\r\n<p><span style=\"font-weight: 400;\">You can easily operate the trunk whenever you are around your car, and despite the convenience of using the key fob, you&rsquo;re not bound only to it. </span></p>\r\n<p><custom-iframe style=\"margin: auto;\" src=\"https://www.youtube.com/embed/IQ9k3ryFs6U\" frameborder=\"0\" width=\"560\" height=\"315\" allow=\"accelerometer; autoplay; encrypted-media; gyroscope; picture-in-picture\" position=\"center\" contenteditable=\"false\"></custom-iframe><a href=\"https://www.youtube.com/watch?v=IQ9k3ryFs6U\"></a></p>\r\n<p><span style=\"font-weight: 400;\">You can customize the upgrade and choose the position the trunk lid opens to. Just set the lid to the preferred position with your hands and hold the button in the trunk lid for five seconds. </span></p>\r\n<p><span style=\"font-weight: 400;\">What&rsquo;s more, our Power Trunk is equipped with the soft close feature that prevents the lid from slamming. </span></p>\r\n<p><span style=\"font-weight: 400;\">In addition, our Power Trunk features anti-pinch technology. It means that the lid will stop closing automatically in case there is any obstacle on its way, whether it&rsquo;s your or your children\'s hand, or you\'ve just overloaded your trunk.</span></p>', '<p><span style=\"font-weight: 400;\">The installation instructions appear in the personal account within 72 hours after the purchased product is shipped. They are created and customized for each specific model. But in case of any additional questions, our technical support is always ready to help. </span></p>\r\n<p><span style=\"font-weight: 400;\">The process takes up to 3 hours and is fully plug &amp; play. The kit includes all parts necessary for a complete installation:</span></p>\r\n<ul>\r\n<li style=\"font-weight: 400;\"><span style=\"font-weight: 400;\">Actuator </span></li>\r\n<li style=\"font-weight: 400;\"><span style=\"font-weight: 400;\">Lock </span></li>\r\n<li style=\"font-weight: 400;\"><span style=\"font-weight: 400;\">Trunk lid button </span></li>\r\n<li style=\"font-weight: 400;\"><span style=\"font-weight: 400;\">Module</span></li>\r\n<li style=\"font-weight: 400;\"><span style=\"font-weight: 400;\">Wiring harness </span></li>\r\n</ul>\r\n<p><span style=\"font-weight: 400;\">To learn more about the installation, watch this video:</span></p>\r\n<p><custom-iframe style=\"margin: auto;\" src=\"https://www.youtube.com/embed/pEVYHW6-41c\" frameborder=\"0\" width=\"560\" height=\"315\" allow=\"accelerometer; autoplay; encrypted-media; gyroscope; picture-in-picture\" position=\"center\" contenteditable=\"false\"></custom-iframe></p>', NULL, NULL),
(478, 197, 'Power-Trunk-Retrofit-G30', '2019-04-25 12:38:04', '2019-05-13 14:21:52', 1, 'choice', 0, 'A push of a button is all you’ll need to open & close your car trunk.', 1, NULL, NULL, NULL, NULL, '<p><span style=\"font-weight: 400;\">When your hands are full of packages, bags and kids, what could be better than being able to close your trunk just by pressing a button? You will say &ldquo;nothing&rdquo; after you experience the convenience of BimmerTech&rsquo;s Power Trunk retrofit.</span></p>\r\n<p><custom-iframe style=\"margin: auto;\" src=\"https://www.youtube.com/embed/MrLa7FuaKTw\" frameborder=\"0\" width=\"560\" height=\"315\" allow=\"accelerometer; autoplay; encrypted-media; gyroscope; picture-in-picture\" position=\"center\" contenteditable=\"false\"></custom-iframe></p>\r\n<p><span style=\"font-weight: 400;\">With this kit installed in your BMW, you&rsquo;ll be able to control the lid with:</span></p>\r\n<p><a href=\"https://www.youtube.com/watch?v=MrLa7FuaKTw\"></a></p>\r\n<ul>\r\n<li style=\"font-weight: 400;\"><span style=\"font-weight: 400;\">The trunk release button on the remote key fob</span></li>\r\n<li style=\"font-weight: 400;\"><span style=\"font-weight: 400;\">The button in the trunk handle, and an additional button built in to the inside of the trunk lid</span></li>\r\n<li style=\"font-weight: 400;\"><span style=\"font-weight: 400;\">The trunk release button on the dashboard (if your vehicle has it)</span></li>\r\n<li style=\"font-weight: 400;\"><span style=\"font-weight: 400;\">The kick feature if your car is equipped with a factory or retrofitted Comfort Access system with this functionality</span></li>\r\n</ul>\r\n<p><span style=\"font-weight: 400;\">You can easily operate the trunk whenever you are around your car, and despite the convenience of using the key fob, you&rsquo;re not bound only to it.</span></p>\r\n<p><custom-iframe style=\"margin: auto;\" src=\"https://www.youtube.com/embed/kRAhlbDViWY\" frameborder=\"0\" width=\"560\" height=\"315\" allow=\"accelerometer; autoplay; encrypted-media; gyroscope; picture-in-picture\" position=\"center\" contenteditable=\"false\"></custom-iframe></p>\r\n<p><span style=\"font-weight: 400;\">You can customize the upgrade and choose the position the trunk lid opens to. Just set the lid to the preferred position with your hands and hold the button in the trunk lid for five seconds.</span></p>\r\n<p><span style=\"font-weight: 400;\">In addition, our Power Trunk features anti-pinch technology. It means that the lid will stop closing automatically in case there is any obstacle on its way, whether it&rsquo;s your or your children\'s hand, or you\'ve just overloaded your trunk.</span></p>', '<p><span style=\"font-weight: 400;\">The installation instructions appear in the personal account within 72 hours after the purchased product is shipped. They are created and customized for each specific model. But in case of any additional questions, our technical support is always ready to help. </span></p>\r\n<p><span style=\"font-weight: 400;\">The process takes up to 3 hours and is fully plug &amp; play. The kit includes all parts necessary for a complete installation:</span></p>\r\n<ul>\r\n<li style=\"font-weight: 400;\"><span style=\"font-weight: 400;\">Actuator </span></li>\r\n<li style=\"font-weight: 400;\"><span style=\"font-weight: 400;\">Lock </span></li>\r\n<li style=\"font-weight: 400;\"><span style=\"font-weight: 400;\">Trunk lid button </span></li>\r\n<li style=\"font-weight: 400;\"><span style=\"font-weight: 400;\">Module</span></li>\r\n<li style=\"font-weight: 400;\"><span style=\"font-weight: 400;\">Wiring harness </span></li>\r\n</ul>', NULL, NULL),
(483, 198, 'MapUpdatePremiumCICCICR', '2019-04-26 12:50:54', '2019-05-13 14:31:16', 1, 'choice', 0, 'Plan your rides and detours with precision thanks to a map that’s always spot-on.', 1, NULL, NULL, NULL, NULL, '<p><span style=\"font-weight: 400;\">They say time is money, so finding your way around as quickly as possible should be a priority. And keeping your map up-to-date ensures you\'ll always know the best and fastest routes to get to your destination. </span></p>\r\n<p><span style=\"font-weight: 400;\">When you regularly refresh your BMW navigation, your map shows you:</span></p>\r\n<ul>\r\n<li style=\"font-weight: 400;\"><span style=\"font-weight: 400;\">New roads opened or existing ones closed</span></li>\r\n<li style=\"font-weight: 400;\"><span style=\"font-weight: 400;\">Time-saving detours for your usual rides </span></li>\r\n<li style=\"font-weight: 400;\"><span style=\"font-weight: 400;\">Almost 300 000 new points of interest added each year (hotels, gas stations, cafes, etc.)</span></li>\r\n</ul>\r\n<p><span style=\"font-weight: 400;\">BMW recommends performing a BMW navigation system map update at least once a year. For anybody who drives a lot, though, it&rsquo;s better to get new information every three to six months. </span></p>\r\n<p><span style=\"font-weight: 400;\">You are free to purchase a PREMIUM map update as a:</span></p>\r\n<ol>\r\n<li style=\"font-weight: 400;\"><span style=\"font-weight: 400;\">Standard one-time update &nbsp;</span></li>\r\n<li style=\"font-weight: 400;\"><span style=\"font-weight: 400;\">Two-time repeat update </span></li>\r\n<li style=\"font-weight: 400;\"><span style=\"font-weight: 400;\">Three-time repeat update &nbsp;</span></li>\r\n</ol>\r\n<p><span style=\"font-weight: 400;\">In case of our repeat options, the upgrade schedule is very flexible. You can:</span></p>\r\n<ul>\r\n<li style=\"font-weight: 400;\"><span style=\"font-weight: 400;\">Update the BMW GPS map system once a year</span></li>\r\n<li style=\"font-weight: 400;\"><span style=\"font-weight: 400;\">Request a BMW road map update every three/six months if it&rsquo;s available from BMW itself &nbsp;(in some regions BMW releases the update just once a year)</span></li>\r\n</ul>\r\n<p><span style=\"font-weight: 400;\">Due to this flexibility, BMW GPS map updates are NOT sent automatically. You will need to contact us with your order number and VIN informing us that it&rsquo;s time for a new BMW navigation update. </span></p>', '<p><span style=\"font-weight: 400;\">The BMW map update USB process is effortless and straightforward. The kit has all the elements necessary for the navigation system upgrade:</span></p>\r\n<ul>\r\n<li style=\"font-weight: 400;\"><span style=\"font-weight: 400;\">A USB stick with the latest map data </span></li>\r\n<li style=\"font-weight: 400;\"><span style=\"font-weight: 400;\">A BMW Navigation Map Certificate Release Code (FSC code)</span></li>\r\n</ul>\r\n<p><span style=\"font-weight: 400;\">You will be required to insert the USB stick into the USB port in the glove compartment. To start the update, you will need to type in the FSC activation code. The BMW map download from the pendrive to your head unit might take about 5&ndash;30 minutes &mdash; it depends on when the last BMW iDrive map update was. </span></p>\r\n<p><span style=\"font-weight: 400;\">When the process is finished, the confirmation will appear on your screen.</span></p>\r\n<p><a href=\"https://www.youtube.com/watch?v=nshmUd4-XVU\"><custom-iframe style=\"margin: auto;\" src=\"https://www.youtube.com/embed/nshmUd4-XVU\" frameborder=\"0\" width=\"560\" height=\"315\" allow=\"accelerometer; autoplay; encrypted-media; gyroscope; picture-in-picture\" position=\"center\" contenteditable=\"false\"></custom-iframe></a></p>\r\n<p><span style=\"font-weight: 400;\">If you would like to change the map region in your iDrive system, please contact us with your VIN to get an exact quote. The price specified here covers only the update to the latest map version for the region set in your iDrive by default. &nbsp;&nbsp;</span></p>', NULL, NULL),
(484, 198, 'MapUpdateMotionMASK2', '2019-04-26 13:09:25', '2019-05-13 14:34:01', 1, 'choice', 0, 'Plan your rides and detours with precision thanks to a map that’s always spot-on.', 1, NULL, NULL, NULL, NULL, '<p><span style=\"font-weight: 400;\">They say time is money, so finding your way around as quickly as possible should be a priority. And keeping your map up-to-date ensures you\'ll always know the best and fastest routes to get to your destination. </span></p>\r\n<p><span style=\"font-weight: 400;\">When you regularly refresh your BMW navigation, your map shows you:</span></p>\r\n<ul>\r\n<li style=\"font-weight: 400;\"><span style=\"font-weight: 400;\">New roads opened or existing ones closed</span></li>\r\n<li style=\"font-weight: 400;\"><span style=\"font-weight: 400;\">Time-saving detours for your usual rides </span></li>\r\n<li style=\"font-weight: 400;\"><span style=\"font-weight: 400;\">Almost 300 000 new points of interest added each year (hotels, gas stations, cafes, etc.)</span></li>\r\n</ul>\r\n<p><span style=\"font-weight: 400;\">BMW recommends performing a BMW navigation system map update at least once a year. For anybody who drives a lot, though, it&rsquo;s better to get new information every three to six months. </span></p>\r\n<p><span style=\"font-weight: 400;\">You are free to purchase a MOTION map update as a:</span></p>\r\n<ol>\r\n<li style=\"font-weight: 400;\"><span style=\"font-weight: 400;\">Standard one-time update &nbsp;</span></li>\r\n<li style=\"font-weight: 400;\"><span style=\"font-weight: 400;\">Two-time repeat update </span></li>\r\n<li style=\"font-weight: 400;\"><span style=\"font-weight: 400;\">Three-time repeat update &nbsp;</span></li>\r\n</ol>\r\n<p><span style=\"font-weight: 400;\">In case of our repeat options, the upgrade schedule is very flexible. You can:</span></p>\r\n<ul>\r\n<li style=\"font-weight: 400;\"><span style=\"font-weight: 400;\">Update the BMW GPS map system once a year</span></li>\r\n<li style=\"font-weight: 400;\"><span style=\"font-weight: 400;\">Request a BMW road map update every three/six months if it&rsquo;s available from BMW itself &nbsp;(in some regions BMW releases the update just once a year)</span></li>\r\n</ul>\r\n<p><span style=\"font-weight: 400;\">Due to this flexibility, BMW GPS map updates are NOT sent automatically. You will need to contact us with your order number and VIN informing us that it&rsquo;s time for a new BMW navigation update. </span></p>', '<p><span style=\"font-weight: 400;\">The BMW map update USB process is effortless and straightforward. The kit has all the elements necessary for the navigation system upgrade:</span></p>\r\n<ul>\r\n<li style=\"font-weight: 400;\"><span style=\"font-weight: 400;\">A USB stick with the latest map data </span></li>\r\n<li style=\"font-weight: 400;\"><span style=\"font-weight: 400;\">A BMW Navigation Map Certificate Release Code (FSC code)</span></li>\r\n</ul>\r\n<p><span style=\"font-weight: 400;\">You will be required to insert the USB stick into the USB port in the glove compartment. To start the update, you will need to type in the FSC activation code. The BMW map download from the pendrive to your head unit might take about 5&ndash;30 minutes &mdash; it depends on when the last BMW iDrive map update was. </span></p>\r\n<p><span style=\"font-weight: 400;\">When the process is finished, the confirmation will appear on your screen.</span></p>\r\n<p><a href=\"https://www.youtube.com/watch?v=nshmUd4-XVU\"><custom-iframe style=\"margin: auto;\" src=\"https://www.youtube.com/embed/nshmUd4-XVU\" frameborder=\"0\" width=\"560\" height=\"315\" allow=\"accelerometer; autoplay; encrypted-media; gyroscope; picture-in-picture\" position=\"center\" contenteditable=\"false\"></custom-iframe></a></p>\r\n<p><span style=\"font-weight: 400;\">If you would like to change the map region in your iDrive system, please contact us with your VIN to get an exact quote. The price specified here covers only the update to the latest map version for the region set in your iDrive by default. &nbsp;&nbsp;</span></p>', NULL, NULL);
INSERT INTO `sylius_product` (`id`, `main_taxon_id`, `code`, `created_at`, `updated_at`, `enabled`, `variant_selection_method`, `average_rating`, `taxon_decription`, `recomended`, `buyers_footer_content`, `buyers_header_content`, `addon_information`, `type`, `description`, `installer`, `flagName`, `flagColor_id`) VALUES
(485, 198, 'MapUpdateMoveCHAMP2', '2019-04-26 13:13:31', '2019-05-13 14:35:33', 1, 'choice', 0, 'Plan your rides and detours with precision thanks to a map that’s always spot-on.', 1, NULL, NULL, NULL, NULL, '<p><span style=\"font-weight: 400;\">They say time is money, so finding your way around as quickly as possible should be a priority. And keeping your map up-to-date ensures you\'ll always know the best and fastest routes to get to your destination. </span></p>\r\n<p><span style=\"font-weight: 400;\">When you regularly refresh your BMW navigation, your map shows you:</span></p>\r\n<ul>\r\n<li style=\"font-weight: 400;\"><span style=\"font-weight: 400;\">New roads opened or existing ones closed</span></li>\r\n<li style=\"font-weight: 400;\"><span style=\"font-weight: 400;\">Time-saving detours for your usual rides </span></li>\r\n<li style=\"font-weight: 400;\"><span style=\"font-weight: 400;\">Almost 300 000 new points of interest added each year (hotels, gas stations, cafes, etc.)</span></li>\r\n</ul>\r\n<p><span style=\"font-weight: 400;\">BMW recommends performing a BMW navigation system map update at least once a year. For anybody who drives a lot, though, it&rsquo;s better to get new information every three to six months. </span></p>\r\n<p><span style=\"font-weight: 400;\">You are free to purchase a MOVE map update as a:</span></p>\r\n<ol>\r\n<li style=\"font-weight: 400;\"><span style=\"font-weight: 400;\">Standard one-time update &nbsp;</span></li>\r\n<li style=\"font-weight: 400;\"><span style=\"font-weight: 400;\">Two-time repeat update </span></li>\r\n<li style=\"font-weight: 400;\"><span style=\"font-weight: 400;\">Three-time repeat update &nbsp;</span></li>\r\n</ol>\r\n<p><span style=\"font-weight: 400;\">In case of our repeat options, the upgrade schedule is very flexible. You can:</span></p>\r\n<ul>\r\n<li style=\"font-weight: 400;\"><span style=\"font-weight: 400;\">Update the BMW GPS map system once a year</span></li>\r\n<li style=\"font-weight: 400;\"><span style=\"font-weight: 400;\">Request a BMW road map update every three/six months if it&rsquo;s available from BMW itself &nbsp;(in some regions BMW releases the update just once a year)</span></li>\r\n</ul>\r\n<p><span style=\"font-weight: 400;\">Due to this flexibility, BMW GPS map updates are NOT sent automatically. You will need to contact us with your order number and VIN informing us that it&rsquo;s time for a new BMW navigation update. </span></p>', '<p><span style=\"font-weight: 400;\">The BMW map update USB process is effortless and straightforward. The kit has all the elements necessary for the navigation system upgrade:</span></p>\r\n<ul>\r\n<li style=\"font-weight: 400;\"><span style=\"font-weight: 400;\">A USB stick with the latest map data </span></li>\r\n<li style=\"font-weight: 400;\"><span style=\"font-weight: 400;\">A BMW Navigation Map Certificate Release Code (FSC code)</span></li>\r\n</ul>\r\n<p><span style=\"font-weight: 400;\">You will be required to insert the USB stick into the USB port in the armrest. To start the update, you will need to type in the FSC activation code. The BMW map download from the pendrive to your head unit might take about 5&ndash;30 minutes &mdash; it depends on when the last BMW iDrive map update was. </span></p>\r\n<p><span style=\"font-weight: 400;\">When the process is finished, the confirmation will appear on your screen.</span></p>\r\n<p><custom-iframe style=\"margin: auto;\" src=\"https://www.youtube.com/embed/nshmUd4-XVU\" frameborder=\"0\" width=\"560\" height=\"315\" allow=\"accelerometer; autoplay; encrypted-media; gyroscope; picture-in-picture\" position=\"center\" contenteditable=\"false\"></custom-iframe></p>\r\n<p><span style=\"font-weight: 400;\">If you would like to change the map region in your iDrive system, please contact us with your VIN to get an exact quote. The price specified here covers only the update to the latest map version for the region set in your iDrive by default. &nbsp;&nbsp;</span></p>\r\n<p></p>', NULL, NULL),
(486, 198, 'MapUpdateRouteEntryNav', '2019-04-26 13:16:53', '2019-05-13 14:36:57', 1, 'choice', 0, 'Plan your rides and detours with precision thanks to a map that’s always spot-on.', 1, NULL, NULL, NULL, NULL, '<p><span style=\"font-weight: 400;\">They say time is money, so finding your way around as quickly as possible should be a priority. And keeping your map up-to-date ensures you\'ll always know the best and fastest routes to get to your destination. </span></p>\r\n<p><span style=\"font-weight: 400;\">When you regularly refresh your BMW navigation, your map shows you:</span></p>\r\n<ul>\r\n<li style=\"font-weight: 400;\"><span style=\"font-weight: 400;\">New roads opened or existing ones closed</span></li>\r\n<li style=\"font-weight: 400;\"><span style=\"font-weight: 400;\">Time-saving detours for your usual rides </span></li>\r\n<li style=\"font-weight: 400;\"><span style=\"font-weight: 400;\">Almost 300 000 new points of interest added each year (hotels, gas stations, cafes, etc.)</span></li>\r\n</ul>\r\n<p><span style=\"font-weight: 400;\">BMW recommends performing a BMW navigation system map update at least once a year. For anybody who drives a lot, though, it&rsquo;s better to get new information every three to six months. </span></p>\r\n<p><span style=\"font-weight: 400;\">You are free to purchase a ROUTE map update as a:</span></p>\r\n<ol>\r\n<li style=\"font-weight: 400;\"><span style=\"font-weight: 400;\">Standard one-time update &nbsp;</span></li>\r\n<li style=\"font-weight: 400;\"><span style=\"font-weight: 400;\">Two-time repeat update </span></li>\r\n<li style=\"font-weight: 400;\"><span style=\"font-weight: 400;\">Three-time repeat update &nbsp;</span></li>\r\n</ol>\r\n<p><span style=\"font-weight: 400;\">In case of our repeat options, the upgrade schedule is very flexible. You can:</span></p>\r\n<ul>\r\n<li style=\"font-weight: 400;\"><span style=\"font-weight: 400;\">Update the BMW GPS map system once a year</span></li>\r\n<li style=\"font-weight: 400;\"><span style=\"font-weight: 400;\">Request a BMW road map update every three/six months if it&rsquo;s available from BMW itself &nbsp;(in some regions BMW releases the update just once a year)</span></li>\r\n</ul>\r\n<p><span style=\"font-weight: 400;\">Due to this flexibility, BMW GPS map updates are NOT sent automatically. You will need to contact us with your order number and VIN informing us that it&rsquo;s time for a new BMW navigation update. </span></p>', '<p><span style=\"font-weight: 400;\">The BMW map update USB process is effortless and straightforward. The kit has all the elements necessary for the navigation system upgrade:</span></p>\r\n<ul>\r\n<li style=\"font-weight: 400;\"><span style=\"font-weight: 400;\">A USB stick with the latest map data </span></li>\r\n<li style=\"font-weight: 400;\"><span style=\"font-weight: 400;\">A BMW Navigation Map Certificate Release Code (FSC code)</span></li>\r\n</ul>\r\n<p><span style=\"font-weight: 400;\">You will be required to insert the USB stick into the USB port in the armrest. To start the update, you will need to type in the FSC activation code. The BMW map download from the pendrive to your head unit might take about 5&ndash;30 minutes &mdash; it depends on when the last BMW iDrive map update was. </span></p>\r\n<p><span style=\"font-weight: 400;\">When the process is finished, the confirmation will appear on your screen.</span></p>\r\n<p><custom-iframe style=\"margin: auto;\" src=\"https://www.youtube.com/embed/nshmUd4-XVU\" frameborder=\"0\" width=\"560\" height=\"315\" allow=\"accelerometer; autoplay; encrypted-media; gyroscope; picture-in-picture\" position=\"center\" contenteditable=\"false\"></custom-iframe></p>\r\n<p><span style=\"font-weight: 400;\">If you would like to change the map region in your iDrive system, please contact us with your VIN to get an exact quote. The price specified here covers only the update to the latest map version for the region set in your iDrive by default.</span></p>', NULL, NULL),
(487, 198, 'MapUpdateNextNBT', '2019-04-26 13:19:49', '2019-05-14 07:57:07', 1, 'choice', 0, 'Plan your rides and detours with precision thanks to a map that’s always spot-on.', 1, NULL, NULL, NULL, NULL, '<p><span style=\"font-weight: 400;\">They say time is money, so finding your way around as quickly as possible should be a priority. And keeping your map up-to-date ensures you\'ll always know the best and fastest routes to get to your destination. </span></p>\r\n<p><span style=\"font-weight: 400;\">When you regularly refresh your BMW navigation, your map shows you:</span></p>\r\n<ul>\r\n<li style=\"font-weight: 400;\"><span style=\"font-weight: 400;\">New roads opened or existing ones closed</span></li>\r\n<li style=\"font-weight: 400;\"><span style=\"font-weight: 400;\">Time-saving detours for your usual rides </span></li>\r\n<li style=\"font-weight: 400;\"><span style=\"font-weight: 400;\">Almost 300 000 new points of interest added each year (hotels, gas stations, cafes, etc.)</span></li>\r\n</ul>\r\n<p><span style=\"font-weight: 400;\">BMW recommends performing a BMW navigation system map update at least once a year. For anybody who drives a lot, though, it&rsquo;s better to get new information every three to six months. </span></p>\r\n<p><span style=\"font-weight: 400;\">You are free to purchase a NEXT map update as a:</span></p>\r\n<ol>\r\n<li style=\"font-weight: 400;\"><span style=\"font-weight: 400;\">Standard one-time update &nbsp;</span></li>\r\n<li style=\"font-weight: 400;\"><span style=\"font-weight: 400;\">Two-time repeat update </span></li>\r\n<li style=\"font-weight: 400;\"><span style=\"font-weight: 400;\">Three-time repeat update &nbsp;</span></li>\r\n</ol>\r\n<p><span style=\"font-weight: 400;\">In case of our repeat options, the upgrade schedule is very flexible. You can:</span></p>\r\n<ul>\r\n<li style=\"font-weight: 400;\"><span style=\"font-weight: 400;\">Update the BMW GPS map system once a year</span></li>\r\n<li style=\"font-weight: 400;\"><span style=\"font-weight: 400;\">Request a BMW road map update every three/six months if it&rsquo;s available from BMW itself &nbsp;(in some regions BMW releases the update just once a year)</span></li>\r\n</ul>\r\n<p><span style=\"font-weight: 400;\">Due to this flexibility, BMW GPS map updates are NOT sent automatically. You will need to contact us with your order number and VIN informing us that it&rsquo;s time for a new BMW navigation update. </span></p>', '<p><span style=\"font-weight: 400;\">The BMW map update USB process is effortless and straightforward. The kit has all the elements necessary for the navigation system upgrade:</span></p>\r\n<ul>\r\n<li style=\"font-weight: 400;\"><span style=\"font-weight: 400;\">A USB stick with the latest map data </span></li>\r\n<li style=\"font-weight: 400;\"><span style=\"font-weight: 400;\">A BMW Navigation Map Certificate Release Code (FSC code)</span></li>\r\n</ul>\r\n<p><span style=\"font-weight: 400;\">You will be required to insert the USB stick into the USB port in the armrest. To start the update, you will need to type in the FSC activation code. The BMW map download from the pendrive to your head unit might take about 5&ndash;30 minutes &mdash; it depends on when the last BMW iDrive map update was. </span></p>\r\n<p><span style=\"font-weight: 400;\">When the process is finished, the confirmation will appear on your screen.</span></p>\r\n<p><custom-iframe style=\"margin: auto;\" src=\"https://www.youtube.com/embed/nshmUd4-XVU\" frameborder=\"0\" width=\"560\" height=\"315\" allow=\"accelerometer; autoplay; encrypted-media; gyroscope; picture-in-picture\" position=\"center\" contenteditable=\"false\"></custom-iframe></p>\r\n<p><span style=\"font-weight: 400;\">If you would like to change the map region in your iDrive system, please contact us with your VIN to get an exact quote. The price specified here covers only the update to the latest map version for the region set in your iDrive by default. &nbsp;&nbsp;</span></p>\r\n<p><br /><br /></p>', NULL, NULL),
(488, 198, 'MapUpdateEVONBTEvo', '2019-04-26 13:22:42', '2019-05-13 14:46:08', 1, 'choice', 0, 'Plan your rides and detours with precision thanks to a map that’s always spot-on.', 1, NULL, NULL, NULL, NULL, '<p><span style=\"font-weight: 400;\">They say time is money, so finding your way around as quickly as possible should be a priority. And keeping your map up-to-date ensures you\'ll always know the best and fastest routes to get to your destination. </span></p>\r\n<p><span style=\"font-weight: 400;\">When you regularly refresh your BMW navigation, your map shows you:</span></p>\r\n<ul>\r\n<li style=\"font-weight: 400;\"><span style=\"font-weight: 400;\">New roads opened or existing ones closed</span></li>\r\n<li style=\"font-weight: 400;\"><span style=\"font-weight: 400;\">Time-saving detours for your usual rides </span></li>\r\n<li style=\"font-weight: 400;\"><span style=\"font-weight: 400;\">Almost 300 000 new points of interest added each year (hotels, gas stations, cafes, etc.)</span></li>\r\n</ul>\r\n<p><span style=\"font-weight: 400;\">BMW recommends performing a BMW navigation system map update at least once a year. For anybody who drives a lot, though, it&rsquo;s better to get new information every three to six months. </span></p>\r\n<p><span style=\"font-weight: 400;\">You are free to purchase a EVO map update as a:</span></p>\r\n<ol>\r\n<li style=\"font-weight: 400;\"><span style=\"font-weight: 400;\">Standard one-time update &nbsp;</span></li>\r\n<li style=\"font-weight: 400;\"><span style=\"font-weight: 400;\">Two-time repeat update </span></li>\r\n<li style=\"font-weight: 400;\"><span style=\"font-weight: 400;\">Three-time repeat update &nbsp;</span></li>\r\n</ol>\r\n<p><span style=\"font-weight: 400;\">In case of our repeat options, the upgrade schedule is very flexible. You can:</span></p>\r\n<ul>\r\n<li style=\"font-weight: 400;\"><span style=\"font-weight: 400;\">Update the BMW GPS map system once a year</span></li>\r\n<li style=\"font-weight: 400;\"><span style=\"font-weight: 400;\">Request a BMW road map update every three/six months if it&rsquo;s available from BMW itself &nbsp;(in some regions BMW releases the update just once a year)</span></li>\r\n</ul>\r\n<p><span style=\"font-weight: 400;\">Due to this flexibility, BMW GPS map updates are NOT sent automatically. You will need to contact us with your order number and VIN informing us that it&rsquo;s time for a new BMW navigation update. </span></p>', '<p><span style=\"font-weight: 400;\">The BMW map update USB process is effortless and straightforward. The kit has all the elements necessary for the navigation system upgrade:</span></p>\r\n<ul>\r\n<li style=\"font-weight: 400;\"><span style=\"font-weight: 400;\">A USB stick with the latest map data </span></li>\r\n<li style=\"font-weight: 400;\"><span style=\"font-weight: 400;\">A BMW Navigation Map Certificate Release Code (FSC code)</span></li>\r\n</ul>\r\n<p><span style=\"font-weight: 400;\">You will be required to insert the USB stick into the USB port in the armrest. To start the update, you will need to type in the FSC activation code. The BMW map download from the pendrive to your head unit might take about 5&ndash;30 minutes &mdash; it depends on when the last BMW iDrive map update was. </span></p>\r\n<p><span style=\"font-weight: 400;\">When the process is finished, the confirmation will appear on your screen.</span></p>\r\n<p><custom-iframe style=\"margin: auto;\" src=\"https://www.youtube.com/embed/nshmUd4-XVU\" frameborder=\"0\" width=\"560\" height=\"315\" allow=\"accelerometer; autoplay; encrypted-media; gyroscope; picture-in-picture\" position=\"center\" contenteditable=\"false\"></custom-iframe></p>\r\n<p><span style=\"font-weight: 400;\">If you would like to change the map region in your iDrive system, please contact us with your VIN to get an exact quote. The price specified here covers only the update to the latest map version for the region set in your iDrive by default. &nbsp;&nbsp;</span></p>', NULL, NULL),
(489, 198, 'MapUpdateWayMGU', '2019-04-26 13:26:04', '2019-05-13 14:44:48', 1, 'choice', 0, 'Plan your rides and detours with precision thanks to a map that’s always spot-on.', 1, NULL, NULL, NULL, NULL, '<p><span style=\"font-weight: 400;\">They say time is money, so finding your way around as quickly as possible should be a priority. And keeping your map up-to-date ensures you\'ll always know the best and fastest routes to get to your destination. </span></p>\r\n<p><span style=\"font-weight: 400;\">When you regularly refresh your BMW navigation, your map shows you:</span></p>\r\n<ul>\r\n<li style=\"font-weight: 400;\"><span style=\"font-weight: 400;\">New roads opened or existing ones closed</span></li>\r\n<li style=\"font-weight: 400;\"><span style=\"font-weight: 400;\">Time-saving detours for your usual rides </span></li>\r\n<li style=\"font-weight: 400;\"><span style=\"font-weight: 400;\">Almost 300 000 new points of interest added each year (hotels, gas stations, cafes, etc.)</span></li>\r\n</ul>\r\n<p><span style=\"font-weight: 400;\">BMW recommends performing a BMW navigation system map update at least once a year. For anybody who drives a lot, though, it&rsquo;s better to get new information every three to six months</span></p>\r\n<p><span style=\"font-weight: 400;\">You are free to purchase a WAY map update as a:</span></p>\r\n<ol>\r\n<li style=\"font-weight: 400;\"><span style=\"font-weight: 400;\">Standard one-time update &nbsp;</span></li>\r\n<li style=\"font-weight: 400;\"><span style=\"font-weight: 400;\">Two-time repeat update </span></li>\r\n<li style=\"font-weight: 400;\"><span style=\"font-weight: 400;\">Three-time repeat update &nbsp;</span></li>\r\n</ol>\r\n<p><span style=\"font-weight: 400;\">In case of our repeat options, the upgrade schedule is very flexible. You can:</span></p>\r\n<ul>\r\n<li style=\"font-weight: 400;\"><span style=\"font-weight: 400;\">Update the BMW GPS map system once a year</span></li>\r\n<li style=\"font-weight: 400;\"><span style=\"font-weight: 400;\">Request a BMW road map update every three/six months if it&rsquo;s available from BMW itself &nbsp;(in some regions BMW releases the update just once a year)</span></li>\r\n</ul>\r\n<p><span style=\"font-weight: 400;\">Due to this flexibility, BMW GPS map updates are NOT sent automatically. You will need to contact us with your order number and VIN informing us that it&rsquo;s time for a new BMW navigation update. </span></p>', '<p><span style=\"font-weight: 400;\">The BMW map update USB process is effortless and straightforward. The kit has all the elements necessary for the navigation system upgrade:</span></p>\r\n<ul>\r\n<li style=\"font-weight: 400;\"><span style=\"font-weight: 400;\">A USB stick with the latest map data </span></li>\r\n<li style=\"font-weight: 400;\"><span style=\"font-weight: 400;\">A BMW Navigation Map Certificate Release Code (FSC code)</span></li>\r\n</ul>\r\n<p><span style=\"font-weight: 400;\">You will be required to insert the USB stick into the USB port in the armrest. To start the update, you will need to type in the FSC activation code. The BMW map download from the pendrive to your head unit might take about 5&ndash;30 minutes &mdash; it depends on when the last BMW iDrive map update was. </span></p>\r\n<p><span style=\"font-weight: 400;\">When the process is finished, the confirmation will appear on your screen.</span></p>\r\n<p><custom-iframe style=\"margin: auto;\" src=\"https://www.youtube.com/embed/nshmUd4-XVU\" frameborder=\"0\" width=\"560\" height=\"315\" allow=\"accelerometer; autoplay; encrypted-media; gyroscope; picture-in-picture\" position=\"center\" contenteditable=\"false\"></custom-iframe></p>\r\n<p><span style=\"font-weight: 400;\">If you would like to change the map region in your iDrive system, please contact us with your VIN to get an exact quote. The price specified here covers only the update to the latest map version for the region set in your iDrive by default. &nbsp;&nbsp;</span></p>', NULL, NULL),
(492, 201, 'RearCamOEMF10_F11_F07_F25', '2019-04-29 08:49:14', '2019-05-14 09:07:38', 1, 'choice', 0, 'Turn parking into a pleasant and easy drill with the BMW original backup camera.', 1, '<p>*PDC is not included in the Rear View Camera (OEM Integration) kit. You can buy it separately here. Without PDC, a static image of a car will be displayed on one side of the screen.&nbsp;</p>\r\n\r\n<p>To learn more about the differences between the cameras, read our detailed <a href=\"https://www.bimmer-tech.net/blog/item/1-bimmertech-blog\" target=\"_blank\">blog post</a><strong>.</strong></p>', '<p>Check our 3 types of backup cameras and choose the park assist kit that suits you.&nbsp;</p>\r\n\r\n<p>To find out whether your vehicle is compatible with one, all or none of the upgrades, please provide your VIN.</p>', NULL, NULL, '<p>If you want to stay completely true to BMW even in your aftermarket choices, we&rsquo;re always happy to give you the options you\'re looking for. With our Rear View Camera (OEM), you get the same park assist upgrade that BMW offers and installs at the factory.</p>\r\n<p>Due to the OEM origin, the kit perfectly integrates into the bodywork of your car as well as your iDrive system. What&rsquo;s more, this BMW backup camera produces the highest picture quality on the market. But these are not the only features that make it stand out.</p>\r\n<p>Our Rear View Camera (OEM) is the only park assist retrofit compatible with Surround View, that provides 360 degree visibility, and Trailer Hitch mode. The latter makes it possible to change the angle of the camera and see the trailer hitch while backing up. And with Park Distance Control, no obstacle will escape your view!</p>\r\n<p>In addition, the wide-angle lens shows you a detailed, full-color and perspective-corrected view of every obstacle behind your car, making parking safe and easy.</p>', '<p><span style=\"font-weight: 400;\">The installation instructions appear in the personal account within 72 hours after the purchased product is shipped. They are created and customized for each specific model. But in case of any additional questions, our technical support is always ready to help. </span></p>\r\n<p><span style=\"font-weight: 400;\">The process itself consists of 2 main steps:</span></p>\r\n<ol>\r\n<li style=\"font-weight: 400;\"><span style=\"font-weight: 400;\">Fully plug &amp; play installation (takes up to 3&ndash;4h)</span></li>\r\n<li style=\"font-weight: 400;\"><span style=\"font-weight: 400;\">Activation coding (after the installation is finished, it is necessary to schedule a remote coding session with a BimmerTech technician)</span></li>\r\n</ol>\r\n<p><span style=\"font-weight: 400;\">The kit includes all parts necessary for a complete installation:</span></p>\r\n<ul>\r\n<li style=\"font-weight: 400;\"><span style=\"font-weight: 400;\">Trunk lid&ndash;mounted camera</span></li>\r\n<li style=\"font-weight: 400;\"><span style=\"font-weight: 400;\">Camera module </span></li>\r\n<li style=\"font-weight: 400;\"><span style=\"font-weight: 400;\">Wiring harness</span></li>\r\n<li style=\"font-weight: 400;\"><span style=\"font-weight: 400;\">Coding interface</span></li>\r\n</ul>\r\n<p><span style=\"font-weight: 400;\">The way this BMW rear view camera is mounted is completely lease-friendly as there are no permanent modifications needed. </span></p>', NULL, NULL),
(493, NULL, 'DynamicParkLinesAddOn', '2019-04-29 09:31:52', '2019-04-30 09:44:16', 1, 'choice', 0, NULL, 0, NULL, NULL, NULL, NULL, NULL, NULL, NULL, NULL),
(494, NULL, 'Obstacle_Marking', '2019-04-29 09:45:04', '2019-04-29 09:45:59', 1, 'choice', 0, NULL, 0, NULL, NULL, NULL, NULL, NULL, NULL, NULL, NULL),
(495, NULL, 'Trailer_Hitch_Mode', '2019-04-29 09:46:16', '2019-04-29 09:47:18', 1, 'choice', 0, NULL, 0, NULL, NULL, NULL, NULL, NULL, NULL, NULL, NULL),
(496, 186, 'ComfortAccessKit', '2019-04-29 09:47:23', '2019-05-14 11:12:09', 1, 'choice', 0, 'Lock or unlock the doors in your BMW without even taking a key out of your pocket.', 1, NULL, NULL, NULL, NULL, '<p>Unlocking your car has never been more convenient &mdash; BMW Comfort Access means you don&rsquo;t need to use a key or do anything except for touching the handle. So, whenever your hands are full and you can&rsquo;t rummage through your pockets, or you just want to get into your BMW fast, this upgrade will really make a difference.<custom-iframe style=\"margin: auto;\" src=\"https://www.youtube.com/embed/at1mZ9cRQWU\" frameborder=\"0\" width=\"560\" height=\"315\" allow=\"accelerometer; autoplay; encrypted-media; gyroscope; picture-in-picture\" position=\"center\" contenteditable=\"false\"></custom-iframe></p>\r\n<p>Our Comfort Access keyless entry package consists of 2 or 4 handles with special remote sensors. They recognize your key at a range of up to 5ft, even if it\'s in your pocket or bag. This way you&rsquo;ll be able to unlock your car by placing your hand inside the handle, or lock it with a single touch on the handle ridges. The sound signal will let you know when the doors are open or closed.</p>\r\n<p>The handles feature a chrome trim and are professionally painted in any available BMW color, to perfectly match your vehicle. Please note that the paint on older vehicles may have faded slightly. In this case, the color of the handles may initially differ from your vehicle, but the difference will reduce with time.</p>\r\n<p>Our Comfort Access system allows you to customize the keyless entry process. In the iDrive menu settings you can choose to lock/unlock all doors or only the driver&rsquo;s door on the first touch. In some models, the system can also be set to automatically close the windows and sunroof, and fold in the mirrors, and no BMW comfort access key programming is needed.</p>\r\n<p>Thanks to the BMW comfort access trunk antenna, our upgrade extends the keyless entry to opening your trunk as well. Just touch the handle and the trunk lid will unlock. To know more, read our blog post on <a rel=\"noopener\" href=\"https://www.bimmer-tech.net/blog/item/57-how-to-bring-the-convenience-of-comfort-access-to-your-bmws-trunk\" target=\"_blank\">how Comfort Access can be integrated with Power Trunk</a>.</p>\r\n<p>Please note that our Comfort Access retrofit is not compatible with the BMW memory functions, such as saved seat settings. These will only work when manually unlocking your vehicle with the BMW remote control key fob associated with each driver profile. In addition, it may not be possible to unlock your vehicle with Comfort Access when it was locked manually with the remote key fob.</p>\r\n<p>BimmerTech does not guarantee that all features will function as described after any future software update, and can not be held liable for any change in the functionality of our BMW Comfort Access aftermarket kit caused by a third-party modification to your vehicle\'s hardware or software.</p>', '<p>The installation is fully plug &amp; play. It takes about 1 hour to assemble one door so that overall time depends on how many handles you order. In addition, no comfort access programming is required.</p>\r\n<p>The kit includes all BMW parts necessary for a complete installation:</p>\r\n<ul>\r\n<li style=\"font-weight: 400;\">Main control box</li>\r\n<li style=\"font-weight: 400;\">2 or 4 handles</li>\r\n<li style=\"font-weight: 400;\">Trunk antenna</li>\r\n<li style=\"font-weight: 400;\">Wiring harness</li>\r\n</ul>\r\n<p>To learn more about the installation, watch this video:</p>\r\n<p><custom-iframe style=\"margin: auto;\" src=\"https://www.youtube.com/embed/Pd8mOcC_uIU\" frameborder=\"0\" width=\"560\" height=\"315\" allow=\"accelerometer; autoplay; encrypted-media; gyroscope; picture-in-picture\" position=\"center\" contenteditable=\"false\"></custom-iframe></p>\r\n<p><span style=\"font-weight: 400;\">The instructional manual appears in your user dashboard, in the personal account, within 72 hours after the Comfort Access kit is shipped. It will be customized for your specific BMW model. But in case you have any additional questions, our technical support is always ready to help.</span></p>', NULL, NULL),
(497, 201, 'RearCamOEME70_E71', '2019-04-29 09:52:34', '2019-05-14 09:30:30', 1, 'choice', 0, 'Turn parking into a pleasant and easy drill with the BMW original backup camera.', 1, '<p>*PDC is not included in the Rear View Camera (OEM Integration) kit. You can buy it separately here. Without PDC, a static image of a car will be displayed on one side of the screen.&nbsp;</p>\r\n\r\n<p>To learn more about the differences between the cameras, read our detailed <a href=\"https://www.bimmer-tech.net/blog/item/1-bimmertech-blog\" target=\"_blank\">blog post</a><strong>. </strong></p>', '<p>Check our 3 types of backup cameras and choose the park assist kit that suits you.&nbsp;</p>\r\n\r\n<p>To find out whether your vehicle is compatible with one, all or none of the upgrades, please provide your VIN.</p>', NULL, NULL, '<p>If you want to stay completely true to BMW even in your aftermarket choices, we&rsquo;re always happy to give you the options you\'re looking for. With our Rear View Camera (OEM), you get the same park assist upgrade that BMW offers and installs at the factory.</p>\r\n<p>Due to the OEM origin, the kit perfectly integrates into the bodywork of your car as well as your iDrive system. What&rsquo;s more, this BMW backup camera produces the highest picture quality on the market. But these are not the only features that make it stand out.</p>\r\n<p>Our Rear View Camera (OEM) is the only park assist retrofit compatible with Surround View, that provides 360 degree visibility, and Trailer Hitch mode. The latter makes it possible to change the angle of the camera and see the trailer hitch while backing up. And with Park Distance Control, no obstacle will escape your view!</p>\r\n<p>In addition, the wide-angle lens shows you a detailed, full-color and perspective-corrected view of every obstacle behind your car, making parking safe and easy.</p>', '<p><span style=\"font-weight: 400;\">The installation instructions appear in the personal account within 72 hours after the purchased product is shipped. They are created and customized for each specific model. But in case of any additional questions, our technical support is always ready to help. </span></p>\r\n<p><span style=\"font-weight: 400;\">The process itself consists of 2 main steps:</span></p>\r\n<ol>\r\n<li style=\"font-weight: 400;\"><span style=\"font-weight: 400;\">Fully plug &amp; play installation (takes up to 3&ndash;4h)</span></li>\r\n<li style=\"font-weight: 400;\"><span style=\"font-weight: 400;\">Activation coding (after the installation is finished, it is necessary to schedule a remote coding session with a BimmerTech technician)</span></li>\r\n</ol>\r\n<p><span style=\"font-weight: 400;\">The kit includes all parts necessary for a complete installation:</span></p>\r\n<ul>\r\n<li style=\"font-weight: 400;\"><span style=\"font-weight: 400;\">Trunk lid&ndash;mounted camera</span></li>\r\n<li style=\"font-weight: 400;\"><span style=\"font-weight: 400;\">Camera module </span></li>\r\n<li style=\"font-weight: 400;\"><span style=\"font-weight: 400;\">Wiring harness</span></li>\r\n<li style=\"font-weight: 400;\"><span style=\"font-weight: 400;\">Coding interface</span></li>\r\n</ul>\r\n<p><span style=\"font-weight: 400;\">The way this BMW rear view camera is mounted is completely lease-friendly as there are no permanent modifications needed.</span></p>', NULL, NULL),
(498, 186, 'SoftCloseRetrofit', '2019-04-29 10:19:09', '2019-05-14 11:13:32', 1, 'choice', 0, 'Hate slamming your doors? This upgrade will turn closing them into a gentle push.', 1, NULL, NULL, NULL, NULL, '<p>Extra convenience can never be too much. And after adding Soft Close to BMW, which makes it possible to shut the doors easily, quietly and securely, you will appreciate the additional comfort.</p>\r\n<p>How do BMW soft close doors work? You upgrade your car with special sensors that activate an electric motor to pull the BMW soft close automatic doors closed whenever they are within 1/4&Prime; of the lock. So, instead of slamming the door shut, you only need to gently push it until it&rsquo;s almost closed. And all this is done with minimal noise.</p>\r\n<p><br /><custom-iframe style=\"margin: auto;\" src=\"https://www.youtube.com/embed/DpeGQTGbeVk\" frameborder=\"0\" width=\"560\" height=\"315\" allow=\"accelerometer; autoplay; encrypted-media; gyroscope; picture-in-picture\" position=\"center\" contenteditable=\"false\"></custom-iframe></p>\r\n<p>The motorized system also works when you close the BMW soft close doors manually to ensure that they are fully shut.</p>', '<p><span style=\"font-weight: 400;\">The installation is fully plug &amp; play and doesn&rsquo;t require any coding. It takes about 4&ndash;6h.</span></p>\r\n<p><span style=\"font-weight: 400;\">The kit includes all parts necessary to add Soft Close to your car:</span></p>\r\n<ul>\r\n<li style=\"font-weight: 400;\"><span style=\"font-weight: 400;\">4 locks </span></li>\r\n<li style=\"font-weight: 400;\"><span style=\"font-weight: 400;\">2 metal plates </span></li>\r\n</ul>\r\n<p><span style=\"font-weight: 400;\">To learn more about the installation, watch this video:</span><custom-iframe style=\"margin: auto;\" src=\"https://www.youtube.com/embed/hLjfMRxwgPU\" frameborder=\"0\" width=\"560\" height=\"315\" allow=\"accelerometer; autoplay; encrypted-media; gyroscope; picture-in-picture\" position=\"center\" contenteditable=\"false\"></custom-iframe></p>\r\n<p><span style=\"font-weight: 400;\">The Soft Close installation manual will be ready and uploaded &nbsp;to your personal account within 72 hours after we ship it. The instructions will be customized for your specific BMW taking into account year/model and other specs. But in case of any additional questions, our technical support is always ready to help.</span></p>', NULL, NULL),
(499, 201, 'RearCamOEMF01_F02', '2019-04-29 10:38:59', '2019-05-14 09:38:05', 1, 'choice', 0, 'Turn parking into a pleasant and easy drill with the BMW original backup camera.', 1, '<p>*PDC is not included in the Rear View Camera (OEM Integration) kit. You can buy it separately here. Without PDC, a static image of a car will be displayed on one side of the screen.&nbsp;</p>\r\n\r\n<p>To learn more about the differences between the cameras, read our detailed <a href=\"https://www.bimmer-tech.net/blog/item/1-bimmertech-blog\" target=\"_blank\">blog post</a><strong>.</strong></p>', '<p>Check our 3 types of backup cameras and choose the park assist kit that suits you.&nbsp;</p>\r\n\r\n<p>To find out whether your vehicle is compatible with one, all or none of the upgrades, please provide your VIN.</p>', NULL, NULL, '<p>If you want to stay completely true to BMW even in your aftermarket choices, we&rsquo;re always happy to give you the options you\'re looking for. With our Rear View Camera (OEM), you get the same park assist upgrade that BMW offers and installs at the factory.</p>\r\n<p>Due to the OEM origin, the kit perfectly integrates into the bodywork of your car as well as your iDrive system. What&rsquo;s more, this BMW backup camera produces the highest picture quality on the market. But these are not the only features that make it stand out.</p>\r\n<p>Our Rear View Camera (OEM) is the only park assist retrofit compatible with Surround View, that provides 360 degree visibility, and Trailer Hitch mode. The latter makes it possible to change the angle of the camera and see the trailer hitch while backing up. And with Park Distance Control, no obstacle will escape your view!</p>\r\n<p>In addition, the wide-angle lens shows you a detailed, full-color and perspective-corrected view of every obstacle behind your car, making parking safe and easy.</p>', '<p><span style=\"font-weight: 400;\">The installation instructions appear in the personal account within 72 hours after the purchased product is shipped. They are created and customized for each specific model. But in case of any additional questions, our technical support is always ready to help. </span></p>\r\n<p><span style=\"font-weight: 400;\">The process itself consists of 2 main steps:</span></p>\r\n<ol>\r\n<li style=\"font-weight: 400;\"><span style=\"font-weight: 400;\">Fully plug &amp; play installation (takes up to 3&ndash;4h)</span></li>\r\n<li style=\"font-weight: 400;\"><span style=\"font-weight: 400;\">Activation coding (after the installation is finished, it is necessary to schedule a remote coding session with a BimmerTech technician)</span></li>\r\n</ol>\r\n<p><span style=\"font-weight: 400;\">The kit includes all parts necessary for a complete installation:</span></p>\r\n<ul>\r\n<li style=\"font-weight: 400;\"><span style=\"font-weight: 400;\">Trunk lid&ndash;mounted camera</span></li>\r\n<li style=\"font-weight: 400;\"><span style=\"font-weight: 400;\">Camera module </span></li>\r\n<li style=\"font-weight: 400;\"><span style=\"font-weight: 400;\">Wiring harness</span></li>\r\n<li style=\"font-weight: 400;\"><span style=\"font-weight: 400;\">Coding interface</span></li>\r\n</ul>\r\n<p><span style=\"font-weight: 400;\">The way this BMW rear view camera is mounted is completely lease-friendly as there are no permanent modifications needed.</span></p>', NULL, NULL),
(500, NULL, 'ComfortAccessRearAddon', '2019-04-29 10:40:17', '2019-05-06 09:18:32', 1, 'choice', 0, NULL, 1, NULL, NULL, 'By default the kit contains only 2 Comfort Access handles for front doors. By adding this option, you include into the retrofit 2 extra handles for the rear doors.', NULL, NULL, NULL, NULL, NULL),
(501, 201, 'RearCamOEMF22_F23', '2019-04-29 10:50:02', '2019-05-14 09:41:03', 1, 'choice', 0, 'Turn parking into a pleasant and easy drill with the BMW original backup camera.', 1, '<p>*PDC is not included in the Rear View Camera (OEM Integration) kit. You can buy it separately here. Without PDC, a static image of a car will be displayed on one side of the screen.&nbsp;</p>\r\n\r\n<p>To learn more about the differences between the cameras, read our detailed <a href=\"https://www.bimmer-tech.net/blog/item/1-bimmertech-blog\" target=\"_blank\">blog post</a>.</p>', '<p>Check our 3 types of backup cameras and choose the park assist kit that suits you.&nbsp;</p>\r\n\r\n<p>To find out whether your vehicle is compatible with one, all or none of the upgrades, please provide your VIN.</p>', NULL, NULL, '<p>If you want to stay completely true to BMW even in your aftermarket choices, we&rsquo;re always happy to give you the options you\'re looking for. With our Rear View Camera (OEM), you get the same park assist upgrade that BMW offers and installs at the factory.</p>\r\n<p>Due to the OEM origin, the kit perfectly integrates into the bodywork of your car as well as your iDrive system. What&rsquo;s more, this BMW backup camera produces the highest picture quality on the market. But these are not the only features that make it stand out.</p>\r\n<p>Our Rear View Camera (OEM) is the only park assist retrofit compatible with Surround View, that provides 360 degree visibility, and Trailer Hitch mode. The latter makes it possible to change the angle of the camera and see the trailer hitch while backing up. And with Park Distance Control, no obstacle will escape your view!</p>\r\n<p>In addition, the wide-angle lens shows you a detailed, full-color and perspective-corrected view of every obstacle behind your car, making parking safe and easy.</p>', '<p><span style=\"font-weight: 400;\">The installation instructions appear in the personal account within 72 hours after the purchased product is shipped. They are created and customized for each specific model. But in case of any additional questions, our technical support is always ready to help. </span></p>\r\n<p><span style=\"font-weight: 400;\">The process itself consists of 2 main steps:</span></p>\r\n<ol>\r\n<li style=\"font-weight: 400;\"><span style=\"font-weight: 400;\">Fully plug &amp; play installation (takes up to 3&ndash;4h)</span></li>\r\n<li style=\"font-weight: 400;\"><span style=\"font-weight: 400;\">Activation coding (after the installation is finished, it is necessary to schedule a remote coding session with a BimmerTech technician)</span></li>\r\n</ol>\r\n<p><span style=\"font-weight: 400;\">The kit includes all parts necessary for a complete installation:</span></p>\r\n<ul>\r\n<li style=\"font-weight: 400;\"><span style=\"font-weight: 400;\">Trunk lid&ndash;mounted camera</span></li>\r\n<li style=\"font-weight: 400;\"><span style=\"font-weight: 400;\">Camera module </span></li>\r\n<li style=\"font-weight: 400;\"><span style=\"font-weight: 400;\">Wiring harness</span></li>\r\n<li style=\"font-weight: 400;\"><span style=\"font-weight: 400;\">Coding interface</span></li>\r\n</ul>\r\n<p><span style=\"font-weight: 400;\">The way this BMW rear view camera is mounted is completely lease-friendly as there are no permanent modifications needed.</span></p>', NULL, NULL),
(503, 201, 'RearCamOEMF22_F23_icam', '2019-04-29 11:02:34', '2019-05-14 09:43:22', 1, 'choice', 0, 'Turn parking into a pleasant and easy drill with the BMW original backup camera.', 1, '<p>*PDC is not included in the Rear View Camera (OEM Integration) kit. You can buy it separately here. Without PDC, a static image of a car will be displayed on one side of the screen.&nbsp;</p>\r\n\r\n<p>To learn more about the differences between the cameras, read our detailed <a href=\"https://www.bimmer-tech.net/blog/item/1-bimmertech-blog\" target=\"_blank\">blog post</a><strong>.</strong></p>', '<p>Check our 3 types of backup cameras and choose the park assist kit that suits you.&nbsp;</p>\r\n\r\n<p>To find out whether your vehicle is compatible with one, all or none of the upgrades, please provide your VIN.</p>', NULL, NULL, '<p>If you want to stay completely true to BMW even in your aftermarket choices, we&rsquo;re always happy to give you the options you\'re looking for. With our Rear View Camera (OEM), you get the same park assist upgrade that BMW offers and installs at the factory.</p>\r\n<p>Due to the OEM origin, the kit perfectly integrates into the bodywork of your car as well as your iDrive system. What&rsquo;s more, this BMW backup camera produces the highest picture quality on the market. But these are not the only features that make it stand out.</p>\r\n<p>Our Rear View Camera (OEM) is the only park assist retrofit compatible with Surround View, that provides 360 degree visibility, and Trailer Hitch mode. The latter makes it possible to change the angle of the camera and see the trailer hitch while backing up. And with Park Distance Control, no obstacle will escape your view!</p>\r\n<p>In addition, the wide-angle lens shows you a detailed, full-color and perspective-corrected view of every obstacle behind your car, making parking safe and easy.</p>', '<p><span style=\"font-weight: 400;\">The installation instructions appear in the personal account within 72 hours after the purchased product is shipped. They are created and customized for each specific model. But in case of any additional questions, our technical support is always ready to help. </span></p>\r\n<p><span style=\"font-weight: 400;\">The process itself consists of 2 main steps:</span></p>\r\n<ol>\r\n<li style=\"font-weight: 400;\"><span style=\"font-weight: 400;\">Fully plug &amp; play installation (takes up to 3&ndash;4h)</span></li>\r\n<li style=\"font-weight: 400;\"><span style=\"font-weight: 400;\">Activation coding (after the installation is finished, it is necessary to schedule a remote coding session with a BimmerTech technician)</span></li>\r\n</ol>\r\n<p><span style=\"font-weight: 400;\">The kit includes all parts necessary for a complete installation:</span></p>\r\n<ul>\r\n<li style=\"font-weight: 400;\"><span style=\"font-weight: 400;\">Trunk lid&ndash;mounted camera</span></li>\r\n<li style=\"font-weight: 400;\"><span style=\"font-weight: 400;\">Camera module </span></li>\r\n<li style=\"font-weight: 400;\"><span style=\"font-weight: 400;\">Wiring harness</span></li>\r\n<li style=\"font-weight: 400;\"><span style=\"font-weight: 400;\">Coding interface</span></li>\r\n</ul>\r\n<p><span style=\"font-weight: 400;\">The way this BMW rear view camera is mounted is completely lease-friendly as there are no permanent modifications needed.</span></p>', NULL, NULL),
(505, 201, 'RearCamOEMF3x_F8x', '2019-04-29 11:10:41', '2019-05-14 09:55:40', 1, 'choice', 0, 'Turn parking into a pleasant and easy drill with the BMW original backup camera.', 1, '<p>*PDC is not included in the Rear View Camera (OEM Integration) kit. You can buy it separately here. Without PDC, a static image of a car will be displayed on one side of the screen.&nbsp;</p>\r\n\r\n<p>To learn more about the differences between the cameras, read our detailed <a href=\"https://www.bimmer-tech.net/blog/item/1-bimmertech-blog\" target=\"_blank\">blog post</a><strong>.</strong></p>', '<p>Check our 3 types of backup cameras and choose the park assist kit that suits you.&nbsp;</p>\r\n\r\n<p>To find out whether your vehicle is compatible with one, all or none of the upgrades, please provide your VIN.</p>', NULL, NULL, '<p>If you want to stay completely true to BMW even in your aftermarket choices, we&rsquo;re always happy to give you the options you\'re looking for. With our Rear View Camera (OEM), you get the same park assist upgrade that BMW offers and installs at the factory.</p>\r\n<p>Due to the OEM origin, the kit perfectly integrates into the bodywork of your car as well as your iDrive system. What&rsquo;s more, this BMW backup camera produces the highest picture quality on the market. But these are not the only features that make it stand out.</p>\r\n<p>Our Rear View Camera (OEM) is the only park assist retrofit compatible with Surround View, that provides 360 degree visibility, and Trailer Hitch mode. The latter makes it possible to change the angle of the camera and see the trailer hitch while backing up. And with Park Distance Control, no obstacle will escape your view!</p>\r\n<p>In addition, the wide-angle lens shows you a detailed, full-color and perspective-corrected view of every obstacle behind your car, making parking safe and easy.</p>', '<p><span style=\"font-weight: 400;\">The installation instructions appear in the personal account within 72 hours after the purchased product is shipped. They are created and customized for each specific model. But in case of any additional questions, our technical support is always ready to help. </span></p>\r\n<p><span style=\"font-weight: 400;\">The process itself consists of 2 main steps:</span></p>\r\n<ol>\r\n<li style=\"font-weight: 400;\"><span style=\"font-weight: 400;\">Fully plug &amp; play installation (takes up to 3&ndash;4h)</span></li>\r\n<li style=\"font-weight: 400;\"><span style=\"font-weight: 400;\">Activation coding (after the installation is finished, it is necessary to schedule a remote coding session with a BimmerTech technician)</span></li>\r\n</ol>\r\n<p><span style=\"font-weight: 400;\">The kit includes all parts necessary for a complete installation:</span></p>\r\n<ul>\r\n<li style=\"font-weight: 400;\"><span style=\"font-weight: 400;\">Trunk lid&ndash;mounted camera</span></li>\r\n<li style=\"font-weight: 400;\"><span style=\"font-weight: 400;\">Camera module </span></li>\r\n<li style=\"font-weight: 400;\"><span style=\"font-weight: 400;\">Wiring harness</span></li>\r\n<li style=\"font-weight: 400;\"><span style=\"font-weight: 400;\">Coding interface</span></li>\r\n</ul>\r\n<p><span style=\"font-weight: 400;\">The way this BMW rear view camera is mounted is completely lease-friendly as there are no permanent modifications needed.</span></p>', NULL, NULL);
INSERT INTO `sylius_product` (`id`, `main_taxon_id`, `code`, `created_at`, `updated_at`, `enabled`, `variant_selection_method`, `average_rating`, `taxon_decription`, `recomended`, `buyers_footer_content`, `buyers_header_content`, `addon_information`, `type`, `description`, `installer`, `flagName`, `flagColor_id`) VALUES
(506, 201, 'RearCamOEMF3x_F8x_icam', '2019-04-29 11:11:51', '2019-05-14 09:47:14', 1, 'choice', 0, 'Turn parking into a pleasant and easy drill with the BMW original backup camera.', 1, '<p>*PDC is not included in the Rear View Camera (OEM Integration) kit. You can buy it separately here. Without PDC, a static image of a car will be displayed on one side of the screen.&nbsp;</p>\r\n\r\n<p>To learn more about the differences between the cameras, read our detailed <a href=\"https://www.bimmer-tech.net/blog/item/1-bimmertech-blog\" target=\"_blank\">blog post</a><strong>.</strong></p>', '<p>Check our 3 types of backup cameras and choose the park assist kit that suits you.&nbsp;</p>\r\n\r\n<p>To find out whether your vehicle is compatible with one, all or none of the upgrades, please provide your VIN.</p>', NULL, NULL, '<p>If you want to stay completely true to BMW even in your aftermarket choices, we&rsquo;re always happy to give you the options you\'re looking for. With our Rear View Camera (OEM), you get the same park assist upgrade that BMW offers and installs at the factory.</p>\r\n<p>Due to the OEM origin, the kit perfectly integrates into the bodywork of your car as well as your iDrive system. What&rsquo;s more, this BMW backup camera produces the highest picture quality on the market. But these are not the only features that make it stand out.</p>\r\n<p>Our Rear View Camera (OEM) is the only park assist retrofit compatible with Surround View, that provides 360 degree visibility, and Trailer Hitch mode. The latter makes it possible to change the angle of the camera and see the trailer hitch while backing up. And with Park Distance Control, no obstacle will escape your view!</p>\r\n<p>In addition, the wide-angle lens shows you a detailed, full-color and perspective-corrected view of every obstacle behind your car, making parking safe and easy.</p>', '<p><span style=\"font-weight: 400;\">The installation instructions appear in the personal account within 72 hours after the purchased product is shipped. They are created and customized for each specific model. But in case of any additional questions, our technical support is always ready to help. </span></p>\r\n<p><span style=\"font-weight: 400;\">The process itself consists of 2 main steps:</span></p>\r\n<ol>\r\n<li style=\"font-weight: 400;\"><span style=\"font-weight: 400;\">Fully plug &amp; play installation (takes up to 3&ndash;4h)</span></li>\r\n<li style=\"font-weight: 400;\"><span style=\"font-weight: 400;\">Activation coding (after the installation is finished, it is necessary to schedule a remote coding session with a BimmerTech technician)</span></li>\r\n</ol>\r\n<p><span style=\"font-weight: 400;\">The kit includes all parts necessary for a complete installation:</span></p>\r\n<ul>\r\n<li style=\"font-weight: 400;\"><span style=\"font-weight: 400;\">Trunk lid&ndash;mounted camera</span></li>\r\n<li style=\"font-weight: 400;\"><span style=\"font-weight: 400;\">Camera module </span></li>\r\n<li style=\"font-weight: 400;\"><span style=\"font-weight: 400;\">Wiring harness</span></li>\r\n<li style=\"font-weight: 400;\"><span style=\"font-weight: 400;\">Coding interface</span></li>\r\n</ul>\r\n<p><span style=\"font-weight: 400;\">The way this BMW rear view camera is mounted is completely lease-friendly as there are no permanent modifications needed.</span></p>', NULL, NULL),
(508, 201, 'RearCamOEMF15_F16_F26_F48', '2019-04-29 11:38:59', '2019-05-14 09:52:30', 1, 'choice', 0, 'Turn parking into a pleasant and easy drill with the BMW original backup camera.', 1, '<p>*PDC is not included in the Rear View Camera (OEM Integration) kit. You can buy it separately here. Without PDC, a static image of a car will be displayed on one side of the screen.&nbsp;</p>\r\n\r\n<p>To learn more about the differences between the cameras, read our detailed <a href=\"https://www.bimmer-tech.net/blog/item/1-bimmertech-blog\" target=\"_blank\">blog post</a><strong>.</strong></p>', '<p>Check our 3 types of backup cameras and choose the park assist kit that suits you.&nbsp;</p>\r\n\r\n<p>To find out whether your vehicle is compatible with one, all or none of the upgrades, please provide your VIN.</p>', NULL, NULL, '<p>If you want to stay completely true to BMW even in your aftermarket choices, we&rsquo;re always happy to give you the options you\'re looking for. With our Rear View Camera (OEM), you get the same park assist upgrade that BMW offers and installs at the factory.</p>\r\n<p>Due to the OEM origin, the kit perfectly integrates into the bodywork of your car as well as your iDrive system. What&rsquo;s more, this BMW backup camera produces the highest picture quality on the market. But these are not the only features that make it stand out.</p>\r\n<p>Our Rear View Camera (OEM) is the only park assist retrofit compatible with Surround View, that provides 360 degree visibility, and Trailer Hitch mode. The latter makes it possible to change the angle of the camera and see the trailer hitch while backing up. And with Park Distance Control, no obstacle will escape your view!</p>\r\n<p>In addition, the wide-angle lens shows you a detailed, full-color and perspective-corrected view of every obstacle behind your car, making parking safe and easy.</p>', '<p><span style=\"font-weight: 400;\">The installation instructions appear in the personal account within 72 hours after the purchased product is shipped. They are created and customized for each specific model. But in case of any additional questions, our technical support is always ready to help. </span></p>\r\n<p><span style=\"font-weight: 400;\">The process itself consists of 2 main steps:</span></p>\r\n<ol>\r\n<li style=\"font-weight: 400;\"><span style=\"font-weight: 400;\">Fully plug &amp; play installation (takes up to 3&ndash;4h)</span></li>\r\n<li style=\"font-weight: 400;\"><span style=\"font-weight: 400;\">Activation coding (after the installation is finished, it is necessary to schedule a remote coding session with a BimmerTech technician)</span></li>\r\n</ol>\r\n<p><span style=\"font-weight: 400;\">The kit includes all parts necessary for a complete installation:</span></p>\r\n<ul>\r\n<li style=\"font-weight: 400;\"><span style=\"font-weight: 400;\">Trunk lid&ndash;mounted camera</span></li>\r\n<li style=\"font-weight: 400;\"><span style=\"font-weight: 400;\">Camera module </span></li>\r\n<li style=\"font-weight: 400;\"><span style=\"font-weight: 400;\">Wiring harness</span></li>\r\n<li style=\"font-weight: 400;\"><span style=\"font-weight: 400;\">Coding interface</span></li>\r\n</ul>\r\n<p><span style=\"font-weight: 400;\">The way this BMW rear view camera is mounted is completely lease-friendly as there are no permanent modifications needed.</span></p>', NULL, NULL),
(509, NULL, 'WiFiantennaAddOn', '2019-04-29 11:44:21', '2019-04-29 11:49:23', 1, 'choice', 0, NULL, 0, NULL, NULL, 'The connection between your iPhone and BMW is entirely wireless, so your vehicle must be fitted with a WiFi antenna for CarPlay to function. You car isn\'t equipped with the WiFi antenna, but you can add it to your order here.', NULL, NULL, NULL, NULL, NULL),
(510, 201, 'RearCamOEMF06_F12_F13', '2019-04-29 11:50:53', '2019-05-14 09:55:34', 1, 'choice', 0, 'Turn parking into a pleasant and easy drill with the BMW original backup camera.', 1, '<p>*PDC is not included in the Rear View Camera (OEM Integration) kit. You can buy it separately here. Without PDC, a static image of a car will be displayed on one side of the screen.&nbsp;</p>\r\n\r\n<p>To learn more about the differences between the cameras, read our detailed <a href=\"https://www.bimmer-tech.net/blog/item/1-bimmertech-blog\" target=\"_blank\">blog post</a><strong>.</strong></p>', '<p>Check our 3 types of backup cameras and choose the park assist kit that suits you.&nbsp;</p>\r\n\r\n<p>To find out whether your vehicle is compatible with one, all or none of the upgrades, please provide your VIN.</p>', NULL, NULL, '<p>If you want to stay completely true to BMW even in your aftermarket choices, we&rsquo;re always happy to give you the options you\'re looking for. With our Rear View Camera (OEM), you get the same park assist upgrade that BMW offers and installs at the factory.</p>\r\n<p>Due to the OEM origin, the kit perfectly integrates into the bodywork of your car as well as your iDrive system. What&rsquo;s more, this BMW backup camera produces the highest picture quality on the market. But these are not the only features that make it stand out.</p>\r\n<p>Our Rear View Camera (OEM) is the only park assist retrofit compatible with Surround View, that provides 360 degree visibility, and Trailer Hitch mode. The latter makes it possible to change the angle of the camera and see the trailer hitch while backing up. And with Park Distance Control, no obstacle will escape your view!</p>\r\n<p>In addition, the wide-angle lens shows you a detailed, full-color and perspective-corrected view of every obstacle behind your car, making parking safe and easy.</p>', '<p><span style=\"font-weight: 400;\">The installation instructions appear in the personal account within 72 hours after the purchased product is shipped. They are created and customized for each specific model. But in case of any additional questions, our technical support is always ready to help. </span></p>\r\n<p><span style=\"font-weight: 400;\">The process itself consists of 2 main steps:</span></p>\r\n<ol>\r\n<li style=\"font-weight: 400;\"><span style=\"font-weight: 400;\">Fully plug &amp; play installation (takes up to 3&ndash;4h)</span></li>\r\n<li style=\"font-weight: 400;\"><span style=\"font-weight: 400;\">Activation coding (after the installation is finished, it is necessary to schedule a remote coding session with a BimmerTech technician)</span></li>\r\n</ol>\r\n<p><span style=\"font-weight: 400;\">The kit includes all parts necessary for a complete installation:</span></p>\r\n<ul>\r\n<li style=\"font-weight: 400;\"><span style=\"font-weight: 400;\">Trunk lid&ndash;mounted camera</span></li>\r\n<li style=\"font-weight: 400;\"><span style=\"font-weight: 400;\">Camera module </span></li>\r\n<li style=\"font-weight: 400;\"><span style=\"font-weight: 400;\">Wiring harness</span></li>\r\n<li style=\"font-weight: 400;\"><span style=\"font-weight: 400;\">Coding interface</span></li>\r\n</ul>\r\n<p><span style=\"font-weight: 400;\">The way this BMW rear view camera is mounted is completely lease-friendly as there are no permanent modifications needed.</span></p>', NULL, NULL),
(511, 201, 'RearCamOEMG30_G31_G38_G11_G12', '2019-04-29 12:05:52', '2019-05-14 09:59:37', 1, 'choice', 0, 'Turn parking into a pleasant and easy drill with the BMW original backup camera.', 1, '<p>*PDC is not included in the Rear View Camera (OEM Integration) kit. You can buy it separately here. Without PDC, a static image of a car will be displayed on one side of the screen.&nbsp;</p>\r\n\r\n<p>To learn more about the differences between the cameras, read our detailed <a href=\"https://www.bimmer-tech.net/blog/item/1-bimmertech-blog\" target=\"_blank\">blog post</a><strong>.</strong></p>', '<p>Check our 3 types of backup cameras and choose the park assist kit that suits you.&nbsp;</p>\r\n\r\n<p>To find out whether your vehicle is compatible with one, all or none of the upgrades, please provide your VIN.</p>', NULL, NULL, '<p>If you want to stay completely true to BMW even in your aftermarket choices, we&rsquo;re always happy to give you the options you\'re looking for. With our Rear View Camera (OEM), you get the same park assist upgrade that BMW offers and installs at the factory.</p>\r\n<p>Due to the OEM origin, the kit perfectly integrates into the bodywork of your car as well as your iDrive system. What&rsquo;s more, this BMW backup camera produces the highest picture quality on the market. But these are not the only features that make it stand out.</p>\r\n<p>Our Rear View Camera (OEM) is the only park assist retrofit compatible with Surround View, that provides 360 degree visibility, and Trailer Hitch mode. The latter makes it possible to change the angle of the camera and see the trailer hitch while backing up. And with Park Distance Control, no obstacle will escape your view!</p>\r\n<p>In addition, the wide-angle lens shows you a detailed, full-color and perspective-corrected view of every obstacle behind your car, making parking safe and easy.</p>', '<p><span style=\"font-weight: 400;\">The installation instructions appear in the personal account within 72 hours after the purchased product is shipped. They are created and customized for each specific model. But in case of any additional questions, our technical support is always ready to help. </span></p>\r\n<p><span style=\"font-weight: 400;\">The process itself consists of 2 main steps:</span></p>\r\n<ol>\r\n<li style=\"font-weight: 400;\"><span style=\"font-weight: 400;\">Fully plug &amp; play installation (takes up to 3&ndash;4h)</span></li>\r\n<li style=\"font-weight: 400;\"><span style=\"font-weight: 400;\">Activation coding (after the installation is finished, it is necessary to schedule a remote coding session with a BimmerTech technician)</span></li>\r\n</ol>\r\n<p><span style=\"font-weight: 400;\">The kit includes all parts necessary for a complete installation:</span></p>\r\n<ul>\r\n<li style=\"font-weight: 400;\"><span style=\"font-weight: 400;\">Trunk lid&ndash;mounted camera</span></li>\r\n<li style=\"font-weight: 400;\"><span style=\"font-weight: 400;\">Camera module </span></li>\r\n<li style=\"font-weight: 400;\"><span style=\"font-weight: 400;\">Wiring harness</span></li>\r\n<li style=\"font-weight: 400;\"><span style=\"font-weight: 400;\">Coding interface</span></li>\r\n</ul>\r\n<p><span style=\"font-weight: 400;\">The way this BMW rear view camera is mounted is completely lease-friendly as there are no permanent modifications needed.</span></p>', NULL, NULL),
(512, 202, 'CarPlayUSB', '2019-04-29 12:58:00', '2019-05-14 11:17:11', 1, 'choice', 0, 'The safest, most convenient way to use your iPhone apps while driving.', 1, NULL, NULL, NULL, 'usb_coding', '<p><span style=\"font-weight: 400;\">Do you dream of using Apple Maps on your car screen or listening to Spotify through the BMW speakers? All this is possible with BMW CarPlay &mdash; an original Apple system that lets you use your favorite iPhone apps on the iDrive display.</span></p>\r\n<p><span style=\"font-weight: 400;\">BMW CarPlay upgrade supports devices running iOS up to version 12. With the newest iOS, you can take advantage of Google Maps and Waze while navigating through the city. You\'ll be able to use the best features from both apps, like getting the quickest rerouting that will save you time (Waze), or using navigation even if you\'re offline (Google Maps).</span></p>\r\n<p><custom-iframe style=\"margin: auto;\" src=\"https://www.youtube.com/embed/KmfDZHQXUTM\" frameborder=\"0\" width=\"560\" height=\"315\" allow=\"accelerometer; autoplay; encrypted-media; gyroscope; picture-in-picture\" position=\"center\" contenteditable=\"false\"></custom-iframe></p>\r\n<p><span style=\"font-weight: 400;\">After BMW CarPlay activation, you can use the factory car microphone for Siri Voice commands. This means that you can listen to and dictate text messages without distracting yourself from the road. Nothing stops you from making calls or checking up on your voicemail either, so you can be as available as you want while driving. In addition, you can ask Siri to turn on your favorite song &mdash; perfect for your driving playlist.</span></p>\r\n<p><span style=\"font-weight: 400;\">With this upgrade you don&rsquo;t need any cables; you wirelessly connect your iPhone to BMW CarPlay over WiFi. It&rsquo;s also very easy to switch between the iDrive and CarPlay interfaces, and operate both with the iDrive controller.</span></p>\r\n<p><custom-iframe style=\"margin: auto;\" src=\"https://www.youtube.com/embed/8sYmji6nuZg\" frameborder=\"0\" width=\"560\" height=\"315\" allow=\"accelerometer; autoplay; encrypted-media; gyroscope; picture-in-picture\" position=\"center\" contenteditable=\"false\"></custom-iframe></p>\r\n<p><span style=\"font-weight: 400;\">Please note that if you have a WiFi Antenna among available addons at the top </span><em><span style=\"font-weight: 400;\">Option </span></em><span style=\"font-weight: 400;\">section, it means that your car isn&rsquo;t equipped with it. We recommend adding the WiFi Antenna to your order as CarPlay won&rsquo;t work without it. </span></p>', '<p><span style=\"font-weight: 400;\">BMW CarPlay activation is performed via easy USB coding. The process is very simple: all you need to do is to save the coding file (that we send to you in an email) to a USB stick and connect it to your car. After following some easy instructions, software will be activated and CarPlay will be available on the iDrive screen.</span></p>', NULL, NULL),
(515, 202, 'CarPlayUSBFullScreen', '2019-04-29 13:27:39', '2019-05-14 11:17:22', 1, 'choice', 0, 'The safest, most convenient way to use your iPhone apps while driving.', 1, NULL, NULL, NULL, 'usb_coding', '<p><span style=\"font-weight: 400;\">Do you dream of using Apple Maps on your car screen or listening to Spotify through the BMW speakers? All this is possible with BMW CarPlay &mdash; an original Apple system that lets you use your favorite iPhone apps on the iDrive display.</span></p>\r\n<p><span style=\"font-weight: 400;\">BMW CarPlay upgrade supports devices running iOS up to version 12. With the newest iOS, you can take advantage of Google Maps and Waze while navigating through the city. You\'ll be able to use the best features from both apps, like getting the quickest rerouting that will save you time (Waze), or using navigation even if you\'re offline (Google Maps).</span></p>\r\n<p><custom-iframe style=\"margin: auto;\" src=\"https://www.youtube.com/embed/KmfDZHQXUTM\" frameborder=\"0\" width=\"560\" height=\"315\" allow=\"accelerometer; autoplay; encrypted-media; gyroscope; picture-in-picture\" position=\"center\" contenteditable=\"false\"></custom-iframe></p>\r\n<p><span style=\"font-weight: 400;\">After BMW CarPlay activation, you can use the factory car microphone for Siri Voice commands. This means that you can listen to and dictate text messages without distracting yourself from the road. Nothing stops you from making calls or checking up on your voicemail either, so you can be as available as you want while driving. In addition, you can ask Siri to turn on your favorite song &mdash; perfect for your driving playlist.</span></p>\r\n<p><span style=\"font-weight: 400;\">With this upgrade you don&rsquo;t need any cables; you wirelessly connect your iPhone to BMW CarPlay over WiFi. It&rsquo;s also very easy to switch between the iDrive and CarPlay interfaces, and operate both with the iDrive controller.</span></p>\r\n<p><custom-iframe style=\"margin: auto;\" src=\"https://www.youtube.com/embed/8sYmji6nuZg\" frameborder=\"0\" width=\"560\" height=\"315\" allow=\"accelerometer; autoplay; encrypted-media; gyroscope; picture-in-picture\" position=\"center\" contenteditable=\"false\"></custom-iframe></p>\r\n<p><span style=\"font-weight: 400;\">Your BMW is compatible with Apple CarPlay full-screen mode. The file for its activation will be included into the order for free by default.</span></p>\r\n<p><custom-iframe style=\"margin: auto;\" src=\"https://www.youtube.com/embed/_zQMtiHN1VE\" frameborder=\"0\" width=\"560\" height=\"315\" allow=\"accelerometer; autoplay; encrypted-media; gyroscope; picture-in-picture\" position=\"center\" contenteditable=\"false\"></custom-iframe></p>\r\n<p><span style=\"font-weight: 400;\">Please note that if you have a WiFi Antenna among available addons at the top </span><em><span style=\"font-weight: 400;\">Option </span></em><span style=\"font-weight: 400;\">section, it means that your car isn&rsquo;t equipped with it. We recommend adding the WiFi Antenna to your order as CarPlay won&rsquo;t work without it. </span></p>', '<p><span style=\"font-weight: 400;\">BMW CarPlay activation is performed via easy USB coding. The process is very simple: all you need to do is to save the coding file (that we send to you in an email) to a USB stick and connect it to your car. After following some easy instructions, software will be activated and CarPlay will be available on the iDrive screen.</span></p>\r\n<p><span style=\"font-weight: 400;\">You can also activate or deactivate the full-screen mode whenever you like. In order to do that, you just need to use the coding file for this feature with the same instructions. </span></p>', NULL, NULL),
(517, 202, 'CarPlay_cable', '2019-04-29 13:40:56', '2019-05-14 11:20:22', 1, 'choice', 0, 'The safest, most convenient way to use your iPhone apps while driving.', 1, NULL, NULL, NULL, 'codding', '<p><span style=\"font-weight: 400;\">Do you dream of using Apple Maps on your car screen or listening to Spotify through the BMW speakers? All this is possible with BMW CarPlay &mdash; an original Apple system that lets you use your favorite iPhone apps on the iDrive display.</span></p>\r\n<p><span style=\"font-weight: 400;\">BMW CarPlay upgrade supports devices running iOS up to version 12. With the newest iOS, you can take advantage of Google Maps and Waze while navigating through the city. You\'ll be able to use the best features from both apps, like getting the quickest rerouting that will save you time (Waze), or using navigation even if you\'re offline (Google Maps).</span></p>\r\n<p><custom-iframe style=\"margin: auto;\" src=\"https://www.youtube.com/embed/KmfDZHQXUTM\" frameborder=\"0\" width=\"560\" height=\"315\" allow=\"accelerometer; autoplay; encrypted-media; gyroscope; picture-in-picture\" position=\"center\" contenteditable=\"false\"></custom-iframe></p>\r\n<p><span style=\"font-weight: 400;\">After BMW CarPlay activation, you can use the factory car microphone for Siri Voice commands. This means that you can listen to and dictate text messages without distracting yourself from the road. Nothing stops you from making calls or checking up on your voicemail either, so you can be as available as you want while driving. In addition, you can ask Siri to turn on your favorite song &mdash; perfect for your driving playlist.</span></p>\r\n<p><span style=\"font-weight: 400;\">With this upgrade you don&rsquo;t need any cables; you wirelessly connect your iPhone to BMW CarPlay over WiFi. It&rsquo;s also very easy to switch between the iDrive and CarPlay interfaces, and operate both with the iDrive controller.</span></p>\r\n<p><custom-iframe style=\"margin: auto;\" src=\"https://www.youtube.com/embed/8sYmji6nuZg\" frameborder=\"0\" width=\"560\" height=\"315\" allow=\"accelerometer; autoplay; encrypted-media; gyroscope; picture-in-picture\" position=\"center\" contenteditable=\"false\"></custom-iframe></p>\r\n<p><span style=\"font-weight: 400;\">Please note that if you have a WiFi Antenna among available addons at the top </span><em><span style=\"font-weight: 400;\">Option </span></em><span style=\"font-weight: 400;\">section, it means that your car isn&rsquo;t equipped with it. We recommend adding the WiFi Antenna to your order as CarPlay won&rsquo;t work without it. </span></p>', '<p><span style=\"font-weight: 400;\">BMW CarPlay is activated through a remote cable coding session. It is a very simple process that takes no more than 30 minutes. After you complete your order, we send you a coding cable (if you don\'t have one and add it in the top </span><em><span style=\"font-weight: 400;\">Option</span></em><span style=\"font-weight: 400;\"> section). Once you receive it, you will be able to schedule a coding session for the time that suits you best. During the session, just plug in the cable, follow the instructions from our technician and CarPlay will be unlocked.</span></p>\r\n<p><span style=\"font-weight: 400;\">To prepare for your coding session you will need a laptop running Microsoft Windows and a WiFi internet network that you can connect to in your car. A Mac computer running Windows should work too. The coding cable must be plugged into your laptop&rsquo;s </span><a href=\"https://www.bimmer-tech.net/customer_support/Remote_coding/Instructions/EthernetPort.jpg\"><span style=\"font-weight: 400;\">Ethernet port</span></a><span style=\"font-weight: 400;\"> (if you don&rsquo;t have one, you can use an </span><a href=\"https://www.bimmer-tech.net/customer_support/Remote_coding/Instructions/LAN_MAC.jpg\"><span style=\"font-weight: 400;\">adapter</span></a><span style=\"font-weight: 400;\">).</span></p>\r\n<p><span style=\"font-weight: 400;\">Watch the video to understand the cable activation process better.</span></p>\r\n<p><custom-iframe style=\"margin: auto;\" src=\"https://www.youtube.com/embed/EeNw6MPzpck\" frameborder=\"0\" width=\"560\" height=\"315\" allow=\"accelerometer; autoplay; encrypted-media; gyroscope; picture-in-picture\" position=\"center\" contenteditable=\"false\"></custom-iframe></p>\r\n<p><span style=\"font-weight: 400;\">The BimmerTech package includes everything necessary for unlocking CarPlay:</span></p>\r\n<ul>\r\n<li style=\"font-weight: 400;\"><span style=\"font-weight: 400;\">Remote activation service</span></li>\r\n<li style=\"font-weight: 400;\"><span style=\"font-weight: 400;\">Coding interface (if you add it to your order in the top </span><em><span style=\"font-weight: 400;\">Option</span></em><span style=\"font-weight: 400;\"> section)</span></li>\r\n</ul>', NULL, NULL),
(520, 202, 'CarPlayCableFullScreen', '2019-04-29 13:59:22', '2019-05-14 11:20:11', 1, 'choice', 0, 'The safest, most convenient way to use your iPhone apps while driving.', 1, NULL, NULL, NULL, 'codding', '<p><span style=\"font-weight: 400;\">Do you dream of using Apple Maps on your car screen or listening to Spotify through the BMW speakers? All this is possible with BMW CarPlay &mdash; an original Apple system that lets you use your favorite iPhone apps on the iDrive display.</span></p>\r\n<p><span style=\"font-weight: 400;\">BMW CarPlay upgrade supports devices running iOS up to version 12. With the newest iOS, you can take advantage of Google Maps and Waze while navigating through the city. You\'ll be able to use the best features from both apps, like getting the quickest rerouting that will save you time (Waze), or using navigation even if you\'re offline (Google Maps).</span></p>\r\n<p><custom-iframe style=\"margin: auto;\" src=\"https://www.youtube.com/embed/KmfDZHQXUTM\" frameborder=\"0\" width=\"560\" height=\"315\" allow=\"accelerometer; autoplay; encrypted-media; gyroscope; picture-in-picture\" position=\"center\" contenteditable=\"false\"></custom-iframe></p>\r\n<p><span style=\"font-weight: 400;\">After BMW CarPlay activation, you can use the factory car microphone for Siri Voice commands. This means that you can listen to and dictate text messages without distracting yourself from the road. Nothing stops you from making calls or checking up on your voicemail either, so you can be as available as you want while driving. In addition, you can ask Siri to turn on your favorite song &mdash; perfect for your driving playlist.</span></p>\r\n<p><span style=\"font-weight: 400;\">With this upgrade you don&rsquo;t need any cables; you wirelessly connect your iPhone to BMW CarPlay over WiFi. It&rsquo;s also very easy to switch between the iDrive and CarPlay interfaces, and operate both with the iDrive controller.</span></p>\r\n<p><custom-iframe style=\"margin: auto;\" src=\"https://www.youtube.com/embed/8sYmji6nuZg\" frameborder=\"0\" width=\"560\" height=\"315\" allow=\"accelerometer; autoplay; encrypted-media; gyroscope; picture-in-picture\" position=\"center\" contenteditable=\"false\"></custom-iframe></p>\r\n<p><span style=\"font-weight: 400;\">Your BMW is compatible with Apple CarPlay full-screen mode. Its activation will be included into the order for free by default. If you don&rsquo;t want the full-screen mode, it won&rsquo;t be coded on request during the coding session.</span></p>\r\n<p><custom-iframe style=\"margin: auto;\" src=\"https://www.youtube.com/embed/_zQMtiHN1VE\" frameborder=\"0\" width=\"560\" height=\"315\" allow=\"accelerometer; autoplay; encrypted-media; gyroscope; picture-in-picture\" position=\"center\" contenteditable=\"false\"></custom-iframe></p>\r\n<p><span style=\"font-weight: 400;\">Please note that if you have a WiFi Antenna among available addons at the top </span><em><span style=\"font-weight: 400;\">Option </span></em><span style=\"font-weight: 400;\">section, it means that your car isn&rsquo;t equipped with it. We recommend adding the WiFi Antenna to your order as CarPlay won&rsquo;t work without it. </span></p>', '<p><span style=\"font-weight: 400;\">BMW CarPlay is activated through a remote cable coding session. It is a very simple process that takes no more than 30 minutes. After you complete your order, we send you a coding cable (if you don\'t have one and add it in the top </span><em><span style=\"font-weight: 400;\">Option</span></em><span style=\"font-weight: 400;\"> section). Once you receive it, you will be able to schedule a coding session for the time that suits you best. During the session, just plug in the cable, follow the instructions from our technician and CarPlay will be unlocked.</span></p>\r\n<p><span style=\"font-weight: 400;\">To prepare for your coding session you will need a laptop running Microsoft Windows and a WiFi internet network that you can connect to in your car. A Mac computer running Windows should work too. The coding cable must be plugged into your laptop&rsquo;s </span><a href=\"https://www.bimmer-tech.net/customer_support/Remote_coding/Instructions/EthernetPort.jpg\"><span style=\"font-weight: 400;\">Ethernet port</span></a><span style=\"font-weight: 400;\"> (if you don&rsquo;t have one, you can use an </span><a href=\"https://www.bimmer-tech.net/customer_support/Remote_coding/Instructions/LAN_MAC.jpg\"><span style=\"font-weight: 400;\">adapter</span></a><span style=\"font-weight: 400;\">).</span></p>\r\n<p><span style=\"font-weight: 400;\">Watch the video to understand the cable activation process better.</span></p>\r\n<p><custom-iframe style=\"margin: auto;\" src=\"https://www.youtube.com/embed/EeNw6MPzpck\" frameborder=\"0\" width=\"560\" height=\"315\" allow=\"accelerometer; autoplay; encrypted-media; gyroscope; picture-in-picture\" position=\"center\" contenteditable=\"false\"></custom-iframe></p>\r\n<p><span style=\"font-weight: 400;\">The BimmerTech package includes everything necessary for unlocking CarPlay:</span></p>\r\n<ul>\r\n<li style=\"font-weight: 400;\"><span style=\"font-weight: 400;\">Remote activation service</span></li>\r\n<li style=\"font-weight: 400;\"><span style=\"font-weight: 400;\">Coding interface (if you add it to your order in the top </span><em><span style=\"font-weight: 400;\">Option</span></em><span style=\"font-weight: 400;\"> section)</span></li>\r\n</ul>', NULL, NULL),
(521, 212, 'KeyFobEComAccess', '2019-04-30 06:32:26', '2019-05-13 12:55:48', 1, 'choice', 0, 'Replace a damaged key fob or get a spare one straight from the BMW factory.', 1, NULL, NULL, NULL, NULL, '<p>Sometimes remote key fobs get damaged, and sometimes you need spares for your family. In any of these scenarios you might think that getting a replacement is cumbersome. But we assure you that with BimmerTech the process is simple and smooth.</p>\r\n<p>You can order a BMW key fob from us and get a perfectly matched retrofit in a few days. It comes pre-programmed by BMW itself for your specific model and resembles your factory remote key, having the same look and features. It doesn&rsquo;t require any coding &mdash; you just need to follow a few instructions to get it activated and that&rsquo;s all.</p>\r\n<p>The internal blade from your original key fob will fit perfectly into the replacement. However, if you&rsquo;d like to purchase a new one, you can add it to your order in our Options section.</p>\r\n<p>The BMW replacement key fob will be 100% compatible with your vehicle\'s ignition immobilizer code. It includes an original BMW embedded transponder ignition lock chip.</p>\r\n<p>Please note that we don&rsquo;t fulfill orders without evidence of ownership of the vehicle. After you place an order and make a payment, you need to send a copy of your vehicle registration and driver\'s license, both with the same name, to keyfobs@bimmer-tech.net, complete with your order number.</p>', '<p><span style=\"font-weight: 400;\">The activation instructions appear in the personal account within 72 hours after the purchased product is shipped. They are created and customized for each specific model. But in case of any additional questions, our technical support is always ready to help.</span></p>\r\n<p><span style=\"font-weight: 400;\">To activate your key fob: </span></p>\r\n<ul>\r\n<li style=\"font-weight: 400;\"><span style=\"font-weight: 400;\">Turn your car on and off with your existing key </span></li>\r\n<li style=\"font-weight: 400;\"><span style=\"font-weight: 400;\">Insert your new </span>BMW remote key</li>\r\n<li style=\"font-weight: 400;\"><span style=\"font-weight: 400;\">Hold it all the way in the slot for 20 seconds until it&rsquo;s activated</span></li>\r\n</ul>\r\n<p><span style=\"font-weight: 400;\">In order to use Comfort Access with your new key fob, it is necessary to delete your previous key fob from the vehicle\'s memory. If you want a professional BimmerTech technician do it for you, add the Comfort Access Coding and a coding cable to your order in the top </span><em><span style=\"font-weight: 400;\">Option </span></em><span style=\"font-weight: 400;\">section. </span></p>\r\n<p><span style=\"font-weight: 400;\">The Comfort Access Coding is done through a remote cable coding session. It is a very simple process that takes no more than 30 minutes. After you complete your order, we send you a coding cable (if you don\'t have one and add it in the top </span><em><span style=\"font-weight: 400;\">Option</span></em><span style=\"font-weight: 400;\"> section). Once you receive it, you will be able to schedule a coding session for the time that suits you best. During the session, just plug in the cable and follow the instructions from our technician.</span></p>\r\n<p><span style=\"font-weight: 400;\">To prepare for your coding session you will need a laptop running Microsoft Windows and a WiFi internet network that you can connect to in your car. A Mac computer running Windows should work too, but it may not be compatible with some E-series vehicles. The coding cable must be plugged into your laptop&rsquo;s regular USB port.</span></p>\r\n<p><span style=\"font-weight: 400;\">Watch the video to understand the cable activation process better.</span></p>\r\n<p><custom-iframe style=\"margin: auto;\" src=\"https://www.youtube.com/embed/EeNw6MPzpck\" frameborder=\"0\" width=\"560\" height=\"315\" allow=\"accelerometer; autoplay; encrypted-media; gyroscope; picture-in-picture\" position=\"center\" contenteditable=\"false\"></custom-iframe></p>', NULL, NULL),
(523, 203, '6WBClusterF3x_HUD', '2019-04-30 07:04:29', '2019-04-30 09:21:17', 1, 'choice', 0, 'Experience Comfort, Sport or Eco Pro modes in a new way with a digital instrument cluster.', 1, NULL, NULL, NULL, NULL, '<p><span style=\"font-weight: 400;\">Amplifying your driving experience is not a whim &mdash; it&rsquo;s making the absolute most of your BMW&rsquo;s potential. And the 6WB BMW OEM Digital Cluster is exactly what your car needs to reach the next level of comfort and confidence behind the wheel. </span></p>\r\n<p><span style=\"font-weight: 400;\">The instrument panel is fully digitized. It has different setups for three driving modes &mdash; a rather usual and calm display for Comfort mode, a touch of blue and eco style features in Eco Pro mode and a more aggressive look in Sport Mode. Sport+ setup appears the same as the Sport one, save for the deactivated traction control. </span></p>\r\n<p><custom-iframe style=\"margin: auto;\" src=\"https://www.youtube.com/embed/tWfKnY2pCYI\" frameborder=\"0\" width=\"560\" height=\"315\" allow=\"accelerometer; autoplay; encrypted-media; gyroscope; picture-in-picture\" position=\"center\" contenteditable=\"false\"></custom-iframe></p>\r\n<p><span style=\"font-weight: 400;\">The center portion of the 6WB cluster can show your car in real time &mdash; when some of your doors are opened, it is accurately displayed on the panel. When you turn on navigation, the instructions will be also indicated on the digital cluster. </span></p>\r\n<p><span style=\"font-weight: 400;\">In addition, this multifunctional instrument panel shows the information from the driver assistance systems, such as the nearest gas stations, speed limits, etc. </span></p>\r\n<p><span style=\"font-weight: 400;\">Please note that after installation, some of the navigation directions will be shown on the 6WB cluster, not on the HUD. &nbsp;</span></p>', '<p><span style=\"font-weight: 400;\">The process itself consists of 2 main steps:</span></p>\r\n<ol>\r\n<li style=\"font-weight: 400;\"><span style=\"font-weight: 400;\">Fully plug &amp; play installation (takes up to 1h)</span></li>\r\n<li style=\"font-weight: 400;\"><span style=\"font-weight: 400;\">Coding (after the installation is finished, it is necessary to schedule a remote coding session with a BimmerTech technician)</span></li>\r\n</ol>\r\n<p><span style=\"font-weight: 400;\">The kit includes all parts necessary for a complete installation:</span></p>\r\n<ul>\r\n<li style=\"font-weight: 400;\"><span style=\"font-weight: 400;\">6WB digital instrument cluster </span></li>\r\n<li style=\"font-weight: 400;\"><span style=\"font-weight: 400;\">Wiring harness</span></li>\r\n<li style=\"font-weight: 400;\"><span style=\"font-weight: 400;\">Coding interface</span></li>\r\n</ul>\r\n<p><span style=\"font-weight: 400;\">The way this 6WB Digital Cluster mounting is completely lease-friendly as there are no permanent modifications needed. </span></p>\r\n<p><span style=\"font-weight: 400;\">To know more about installation, watch the video:</span></p>\r\n<p><custom-iframe style=\"margin: auto;\" src=\"https://www.youtube.com/embed/DFNzsh_-SJk\" frameborder=\"0\" width=\"560\" height=\"315\" allow=\"accelerometer; autoplay; encrypted-media; gyroscope; picture-in-picture\" position=\"center\" contenteditable=\"false\"></custom-iframe></p>\r\n<p><span style=\"font-weight: 400;\">You will be able to find the 6WB Digital cluster installation manual in your personal account within 72 hours after the product is shipped. The manual will be created and customized for your exact car. But in case of any additional questions, our technical support is always ready to help. </span></p>', NULL, NULL),
(524, 203, '6WBClusterF3x', '2019-04-30 07:38:37', '2019-04-30 09:12:56', 1, 'choice', 0, 'Experience Comfort, Sport or Eco Pro modes in a new way with a digital instrument cluster.', 1, NULL, NULL, NULL, NULL, '<p><span style=\"font-weight: 400;\">Amplifying your driving experience is not a whim &mdash; it&rsquo;s making the absolute most of your BMW&rsquo;s potential. And the 6WB BMW OEM Digital Cluster is exactly what your car needs to reach the next level of comfort and confidence behind the wheel. </span></p>\r\n<p><span style=\"font-weight: 400;\">The instrument panel is fully digitized. It has different setups for three driving modes &mdash; a rather usual and calm display for Comfort mode, a touch of blue and eco style features in Eco Pro mode and a more aggressive look in Sport Mode. Sport+ setup appears the same as the Sport one, save for the deactivated traction control. </span></p>\r\n<p><custom-iframe style=\"margin: auto;\" src=\"https://www.youtube.com/embed/tWfKnY2pCYI\" frameborder=\"0\" width=\"560\" height=\"315\" allow=\"accelerometer; autoplay; encrypted-media; gyroscope; picture-in-picture\" position=\"center\" contenteditable=\"false\"></custom-iframe></p>\r\n<p><span style=\"font-weight: 400;\">The center portion of the 6WB cluster can show your car in real time &mdash; when some of your doors are opened, it is accurately displayed on the panel. When you turn on navigation, the instructions will be also indicated on the digital cluster. </span></p>\r\n<p><span style=\"font-weight: 400;\">In addition, this multifunctional instrument panel shows the information from the driver assistance systems, such as the nearest gas stations, speed limits, etc. </span></p>', '<p><span style=\"font-weight: 400;\">The process itself consists of 2 main steps:</span></p>\r\n<ol>\r\n<li style=\"font-weight: 400;\"><span style=\"font-weight: 400;\">Fully plug &amp; play installation (takes up to 1h)</span></li>\r\n<li style=\"font-weight: 400;\"><span style=\"font-weight: 400;\">Coding (after the installation is finished, it is necessary to schedule a remote coding session with a BimmerTech technician)</span></li>\r\n</ol>\r\n<p><span style=\"font-weight: 400;\">The kit includes all parts necessary for a complete installation:</span></p>\r\n<ul>\r\n<li style=\"font-weight: 400;\"><span style=\"font-weight: 400;\">6WB digital instrument cluster </span></li>\r\n<li style=\"font-weight: 400;\"><span style=\"font-weight: 400;\">Wiring harness</span></li>\r\n<li style=\"font-weight: 400;\"><span style=\"font-weight: 400;\">Coding interface</span></li>\r\n</ul>\r\n<p><span style=\"font-weight: 400;\">The way this 6WB Digital Cluster mounting is completely lease-friendly as there are no permanent modifications needed. </span></p>\r\n<p><span style=\"font-weight: 400;\">To know more about installation, watch the video:</span></p>\r\n<p><custom-iframe style=\"margin: auto;\" src=\"https://www.youtube.com/embed/DFNzsh_-SJk\" frameborder=\"0\" width=\"560\" height=\"315\" allow=\"accelerometer; autoplay; encrypted-media; gyroscope; picture-in-picture\" position=\"center\" contenteditable=\"false\"></custom-iframe></p>\r\n<p><span style=\"font-weight: 400;\">You will be able to find the 6WB Digital cluster installation manual in your personal account within 72 hours after the product is shipped. The manual will be created and customized for your exact car. But in case of any additional questions, our technical support is always ready to help. </span></p>', NULL, NULL),
(525, 203, '6WBClusterF15_F16', '2019-04-30 08:03:24', '2019-05-14 12:21:38', 1, 'choice', 0, 'Experience Comfort, Sport or Eco Pro modes in a new way with a digital instrument cluster.', 1, NULL, NULL, NULL, NULL, '<p><span style=\"font-weight: 400;\">Amplifying your driving experience is not a whim &mdash; it&rsquo;s making the absolute most of your BMW&rsquo;s potential. And the 6WB BMW OEM Digital Cluster is exactly what your car needs to reach the next level of comfort and confidence behind the wheel. </span></p>\r\n<p><span style=\"font-weight: 400;\">The instrument panel is fully digitized. It has different setups for three driving modes &mdash; a rather usual and calm display for Comfort mode, a touch of blue and eco style features in Eco Pro mode and a more aggressive look in Sport Mode. Sport+ setup appears the same as the Sport one, save for the deactivated traction control. </span></p>\r\n<p><custom-iframe style=\"margin: auto;\" src=\"https://www.youtube.com/embed/tWfKnY2pCYI\" frameborder=\"0\" width=\"560\" height=\"315\" allow=\"accelerometer; autoplay; encrypted-media; gyroscope; picture-in-picture\" position=\"center\" contenteditable=\"false\"></custom-iframe></p>\r\n<p><span style=\"font-weight: 400;\">The center portion of the 6WB cluster can show your car in real time &mdash; when some of your doors are opened, it is accurately displayed on the panel. When you turn on navigation, the instructions will be also indicated on the digital cluster. </span></p>\r\n<p><span style=\"font-weight: 400;\">In addition, this multifunctional instrument panel shows the information from the driver assistance systems, such as the nearest gas stations, speed limits, etc. </span></p>', '<p><span style=\"font-weight: 400;\">The process itself consists of 2 main steps:</span></p>\r\n<ol>\r\n<li style=\"font-weight: 400;\"><span style=\"font-weight: 400;\">Fully plug &amp; play installation (takes up to 1h)</span></li>\r\n<li style=\"font-weight: 400;\"><span style=\"font-weight: 400;\">Coding (after the installation is finished, it is necessary to schedule a remote coding session with a BimmerTech technician)</span></li>\r\n</ol>\r\n<p><span style=\"font-weight: 400;\">The kit includes all parts necessary for a complete installation:</span></p>\r\n<ul>\r\n<li style=\"font-weight: 400;\"><span style=\"font-weight: 400;\">6WB digital instrument cluster </span></li>\r\n<li style=\"font-weight: 400;\"><span style=\"font-weight: 400;\">Wiring harness</span></li>\r\n<li style=\"font-weight: 400;\"><span style=\"font-weight: 400;\">Coding interface</span></li>\r\n</ul>\r\n<p><span style=\"font-weight: 400;\">The way this 6WB Digital Cluster mounting is completely lease-friendly as there are no permanent modifications needed. </span></p>\r\n<p><span style=\"font-weight: 400;\">To know more about installation, watch the video:</span></p>\r\n<p><custom-iframe style=\"margin: auto;\" src=\"https://www.youtube.com/embed/DFNzsh_-SJk\" frameborder=\"0\" width=\"560\" height=\"315\" allow=\"accelerometer; autoplay; encrypted-media; gyroscope; picture-in-picture\" position=\"center\" contenteditable=\"false\"></custom-iframe></p>\r\n<p><span style=\"font-weight: 400;\">You will be able to find the 6WB Digital cluster installation manual in your personal account within 72 hours after the product is shipped. The manual will be created and customized for your exact car. But in case of any additional questions, our technical support is always ready to help. </span></p>', NULL, NULL),
(526, 203, '6WBCluster5_6_7_X3_X4_Series', '2019-04-30 08:12:42', '2019-05-02 09:59:41', 1, 'choice', 0, 'Experience Comfort, Sport or Eco Pro modes in a new way with a digital instrument cluster.', 1, NULL, NULL, NULL, NULL, '<p><span style=\"font-weight: 400;\">Amplifying your driving experience is not a whim &mdash; it&rsquo;s making the absolute most of your BMW&rsquo;s potential. And the 6WB BMW OEM Digital Cluster is exactly what your car needs to reach the next level of comfort and confidence behind the wheel. </span></p>\r\n<p><span style=\"font-weight: 400;\">The instrument panel is fully digitized. It has different setups for three driving modes &mdash; a rather usual and calm display for Comfort mode, a touch of blue and eco style features in Eco Pro mode and a more aggressive look in Sport Mode. Sport+ setup appears the same as the Sport one, save for the deactivated traction control. </span></p>\r\n<p><custom-iframe style=\"margin: auto;\" src=\"https://www.youtube.com/embed/tWfKnY2pCYI\" frameborder=\"0\" width=\"560\" height=\"315\" allow=\"accelerometer; autoplay; encrypted-media; gyroscope; picture-in-picture\" position=\"center\" contenteditable=\"false\"></custom-iframe></p>\r\n<p><span style=\"font-weight: 400;\">The center portion of the 6WB cluster can show your car in real time &mdash; when some of your doors are opened, it is accurately displayed on the panel. When you turn on navigation, the instructions will be also indicated on the digital cluster. </span></p>\r\n<p><span style=\"font-weight: 400;\">In addition, this multifunctional instrument panel shows the information from the driver assistance systems, such as the nearest gas stations, speed limits, etc. </span></p>', '<p><span style=\"font-weight: 400;\">The process itself consists of 2 main steps:</span></p>\r\n<ol>\r\n<li style=\"font-weight: 400;\"><span style=\"font-weight: 400;\">Fully plug &amp; play installation (takes up to 1h)</span></li>\r\n<li style=\"font-weight: 400;\"><span style=\"font-weight: 400;\">Coding (after the installation is finished, it is necessary to schedule a remote coding session with a BimmerTech technician)</span></li>\r\n</ol>\r\n<p><span style=\"font-weight: 400;\">The kit includes all parts necessary for a complete installation:</span></p>\r\n<ul>\r\n<li style=\"font-weight: 400;\"><span style=\"font-weight: 400;\">6WB digital instrument cluster </span></li>\r\n<li style=\"font-weight: 400;\"><span style=\"font-weight: 400;\">Wiring harness</span></li>\r\n<li style=\"font-weight: 400;\"><span style=\"font-weight: 400;\">Coding interface</span></li>\r\n</ul>\r\n<p><span style=\"font-weight: 400;\">The way this 6WB Digital Cluster mounting is completely lease-friendly as there are no permanent modifications needed. </span></p>\r\n<p><span style=\"font-weight: 400;\">To know more about installation, watch the video:</span></p>\r\n<p><custom-iframe style=\"margin: auto;\" src=\"https://www.youtube.com/embed/DFNzsh_-SJk\" frameborder=\"0\" width=\"560\" height=\"315\" allow=\"accelerometer; autoplay; encrypted-media; gyroscope; picture-in-picture\" position=\"center\" contenteditable=\"false\"></custom-iframe></p>\r\n<p><span style=\"font-weight: 400;\">You will be able to find the 6WB Digital cluster installation manual in your personal account within 72 hours after the product is shipped. The manual will be created and customized for your exact car. But in case of any additional questions, our technical support is always ready to help. </span></p>', NULL, NULL);
INSERT INTO `sylius_product` (`id`, `main_taxon_id`, `code`, `created_at`, `updated_at`, `enabled`, `variant_selection_method`, `average_rating`, `taxon_decription`, `recomended`, `buyers_footer_content`, `buyers_header_content`, `addon_information`, `type`, `description`, `installer`, `flagName`, `flagColor_id`) VALUES
(527, 204, 'PDC_Eseries', '2019-04-30 09:37:17', '2019-04-30 11:49:30', 1, 'choice', 0, 'Know about all the obstacles around your car, to park and manoeuvre in tight spaces.', 1, NULL, NULL, NULL, NULL, '<p><span style=\"font-weight: 400;\">Tired of bending, twisting and constantly looking around when you try to park or drive out of a space tightly packed with other vehicles? We perfectly understand the feeling, but you can easily change the situation with our cutting-edge park assist retrofit.</span></p>\r\n<p><span style=\"font-weight: 400;\">BMW active Park Distance Control (PDC) equips your car with sensors that use ultrasound to measure the distance to the nearest obstacles. The system turns on when your vehicle is less than 80 cm away from the closest large object and approaching, or less than 30cm when your BMW isn&rsquo;t moving. </span></p>\r\n<p><span style=\"font-weight: 400;\">PDC retrofit warns you about any obstacles with a distinctive acoustic signal, and different warning colors on the iDrive screen as your vehicle draws closer. </span></p>\r\n<p><span style=\"font-weight: 400;\">Park Distance Control kit allows upgrading the front, rear or both bumpers of your BMW. They will be painted to match the exact color of your vehicle. Please note that the default kit contains only 4 sensors for the back of your car. If you want to exchange them for the front or purchase a kit for the whole vehicle, modify your order in the </span><em><span style=\"font-weight: 400;\">Option </span></em><span style=\"font-weight: 400;\">section in the top right corner.</span></p>', '<p><span style=\"font-weight: 400;\">The installation manual for your BMW model will be added into your personal account. Within 72 hours after PDC is shipped, you will receive an email notification that will inform you about the instructions. They are created and customized for each specific model. But in case of any additional questions, our technical support is always ready to help. </span></p>\r\n<p><span style=\"font-weight: 400;\">The process itself consists of 2 main steps:</span></p>\r\n<ol>\r\n<li style=\"font-weight: 400;\"><span style=\"font-weight: 400;\">Fully plug &amp; play installation (takes up to 3&ndash;4h)</span></li>\r\n<li style=\"font-weight: 400;\"><span style=\"font-weight: 400;\">Coding (after the installation is finished, it is necessary to schedule a remote coding session with a BimmerTech technician)</span></li>\r\n</ol>\r\n<p><span style=\"font-weight: 400;\">The kit includes all parts necessary for a complete installation:</span></p>\r\n<ul>\r\n<li style=\"font-weight: 400;\"><span style=\"font-weight: 400;\">4 (or 8) PDC sensors</span></li>\r\n<li style=\"font-weight: 400;\"><span style=\"font-weight: 400;\">PDC control unit </span></li>\r\n<li style=\"font-weight: 400;\"><span style=\"font-weight: 400;\">Wiring harness</span></li>\r\n<li style=\"font-weight: 400;\"><span style=\"font-weight: 400;\">Coding interface</span></li>\r\n</ul>\r\n<p><span style=\"font-weight: 400;\">The installation is completely reversible and doesn&rsquo;t require any permanent modifications to your vehicle. </span></p>', NULL, NULL),
(528, 204, 'PDC_Fseries', '2019-04-30 10:06:30', '2019-04-30 11:50:12', 1, 'choice', 0, 'Know about all the obstacles around your car, to park and manoeuvre in tight spaces.', 1, NULL, NULL, NULL, NULL, '<p><span style=\"font-weight: 400;\">Tired of bending, twisting and constantly looking around when you try to park or drive out of a space tightly packed with other vehicles? We perfectly understand the feeling, but you can easily change the situation with our cutting-edge park assist retrofit.</span></p>\r\n<p><span style=\"font-weight: 400;\">BMW active Park Distance Control (PDC) equips your car with sensors that use ultrasound to measure the distance to the nearest obstacles. The system turns on when your vehicle is less than 80 cm away from the closest large object and approaching, or less than 30cm when your BMW isn&rsquo;t moving. </span></p>\r\n<p><span style=\"font-weight: 400;\">PDC retrofit warns you about any obstacles with a distinctive acoustic signal, and different warning colors on the iDrive screen as your vehicle draws closer. </span></p>\r\n<p><span style=\"font-weight: 400;\">Park Distance Control kit allows upgrading the front, rear or both bumpers of your BMW. They will be painted to match the exact color of your vehicle. Please note that the default kit contains only 4 sensors for the back of your car. If you want to exchange them for the front or purchase a kit for the whole vehicle, modify your order in the </span><em><span style=\"font-weight: 400;\">Option </span></em><span style=\"font-weight: 400;\">section in the top right corner.</span></p>', '<p><span style=\"font-weight: 400;\">The installation manual for your BMW model will be added into your personal account. Within 72 hours after PDC is shipped, you will receive an email notification that will inform you about the instructions. They are created and customized for each specific model. But in case of any additional questions, our technical support is always ready to help. </span></p>\r\n<p><span style=\"font-weight: 400;\">The process itself consists of 2 main steps:</span></p>\r\n<ol>\r\n<li style=\"font-weight: 400;\"><span style=\"font-weight: 400;\">Fully plug &amp; play installation (takes up to 3&ndash;4h)</span></li>\r\n<li style=\"font-weight: 400;\"><span style=\"font-weight: 400;\">Coding (after the installation is finished, it is necessary to schedule a remote coding session with a BimmerTech technician)</span></li>\r\n</ol>\r\n<p><span style=\"font-weight: 400;\">The kit includes all parts necessary for a complete installation:</span></p>\r\n<ul>\r\n<li style=\"font-weight: 400;\"><span style=\"font-weight: 400;\">4 (or 8) PDC sensors</span></li>\r\n<li style=\"font-weight: 400;\"><span style=\"font-weight: 400;\">PDC control unit </span></li>\r\n<li style=\"font-weight: 400;\"><span style=\"font-weight: 400;\">Wiring harness</span></li>\r\n<li style=\"font-weight: 400;\"><span style=\"font-weight: 400;\">Coding interface</span></li>\r\n</ul>\r\n<p><span style=\"font-weight: 400;\">The installation is completely reversible and doesn&rsquo;t require any permanent modifications to your vehicle. </span></p>', NULL, NULL),
(529, 174, 'SurroundView', '2019-04-30 10:15:45', '2019-04-30 11:36:52', 1, 'choice', 0, 'Enjoy a 360-degree camera view around your car and don’t let any obstacles sneak up on you.', 1, NULL, NULL, NULL, NULL, '<p>If you thought navigating through narrow roads and in tight parking spaces couldn&rsquo;t get any smarter, you really underestimate BMW. Surround View is the ultimate car camera system that will make difficult traffic situations seem just another daily routine.</p>\r\n<p>Surround View camera technology: how does it work? This intelligent park assist retrofit uses cameras in the exterior mirrors, at the front and back of your car to produce a 360-degree overview around your vehicle. It shows the images on the control display and becomes incredibly handy in:</p>\r\n<ul>\r\n<li style=\"font-weight: 400;\">Tight parking spaces;</li>\r\n<li style=\"font-weight: 400;\">Junctions;</li>\r\n<li style=\"font-weight: 400;\">Roads with restricted view;</li>\r\n<li style=\"font-weight: 400;\">Unclear traffic situations.</li>\r\n</ul>\r\n<p>360 degree camera view can be activated after your BMW is put in reverse and the rear view camera mode appears on the screen. With the help of the iDrive touch controller you can turn off the RVC systems, instead activating a bird\'s-eye camera system of your car. What&rsquo;s more, the iDrive will remember your choice and you won&rsquo;t have to go through the same procedure every time.</p>', '<p><span style=\"font-weight: 400;\">The manual for installing the </span>360 degree car camera system<span style=\"font-weight: 400;\"> will be added by our technical support to your user dashboard. You will receive an email notification the moment it&rsquo;s there and will be able to log in to your account to check it out. It will be created for your specific BMW model and will contain all the details on the installation. But in case of any additional questions, our technical support is always ready to help. </span></p>\r\n<p><span style=\"font-weight: 400;\">The process itself consists of 2 main steps:</span></p>\r\n<ol>\r\n<li style=\"font-weight: 400;\"><span style=\"font-weight: 400;\">Fully plug &amp; play installation (takes up to 3&ndash;4h)</span></li>\r\n<li style=\"font-weight: 400;\"><span style=\"font-weight: 400;\">Coding (after the installation is finished, it is necessary to schedule a remote coding session with a BimmerTech technician)</span></li>\r\n</ol>\r\n<p><span style=\"font-weight: 400;\">The kit includes all parts necessary for a complete installation:</span></p>\r\n<ul>\r\n<li style=\"font-weight: 400;\"><span style=\"font-weight: 400;\">Surround View module</span></li>\r\n<li style=\"font-weight: 400;\"><span style=\"font-weight: 400;\">2 exterior mirrors with cameras</span></li>\r\n<li style=\"font-weight: 400;\"><span style=\"font-weight: 400;\">Wiring harness</span></li>\r\n<li style=\"font-weight: 400;\"><span style=\"font-weight: 400;\">Coding interface</span></li>\r\n</ul>\r\n<p><span style=\"font-weight: 400;\">The installation is completely reversible and doesn&rsquo;t require any permanent modifications to your vehicle. </span></p>', NULL, NULL),
(530, 177, 'SmartView_ATV3', '2019-04-30 10:51:36', '2019-05-17 11:23:18', 1, 'choice', 0, 'Mirror your iPhone screen onto the car display and enjoy the power of Apple TV3.', 1, NULL, '<p>Check our 3 types of SmartView devices and choose the mirroring kit that suits you.&nbsp;</p>', NULL, NULL, '<p>Do you want to bring your favorite Apple apps into your favorite car? BimmerTech makes it possible with a functional multimedia device &mdash; SmartView HD Apple TV3 &mdash; that provides plenty of cool features.</p>\r\n<p>This upgrade uses screen mirroring in car &mdash; a technology that lets you cast the screen of your mobile device onto the BMW&rsquo;s display, and stream audio through the car speakers. It means that you can:</p>\r\n<ul>\r\n<li style=\"font-weight: 400;\">Let your passengers see photos and videos on a high-resolution screen</li>\r\n<li style=\"font-weight: 400;\">Get access to popular navigation apps like Google Maps, Waze or Apple Maps</li>\r\n<li style=\"font-weight: 400;\">Surf the web/check emails while parked</li>\r\n<li style=\"font-weight: 400;\">Stream music from your iPhone/iPad through Spotify, Tidal, etc.</li>\r\n</ul>\r\n<p>In addition, there are native apps included into the Apple TV3 system. You can use Apple TV in car without connecting your iPhone/iPad to SmartView HD &mdash; turn on your favorite TV shows on Hulu, Netflix or HBO for passengers, view live sports as well as check the weather and the latest news.</p>\r\n<p><custom-iframe style=\"margin: auto;\" src=\"https://www.youtube.com/embed/fl1T-y7sJu8\" frameborder=\"0\" width=\"560\" height=\"315\" allow=\"accelerometer; autoplay; encrypted-media; gyroscope; picture-in-picture\" position=\"center\" contenteditable=\"false\"></custom-iframe></p>\r\n<p>Screen mirroring over WiFi with Apple TV3 is perfect for users who prefer devices with iOS software. It is built around Apple\'s own hardware and protocols (wireless AirPlay) to ensure complete compatibility with your iPhone. The devices compatible with screen sharing over SmartView Apple TV3 include iPhone, iPad, iPod Touch, etc. (the full list can be found <a href=\"https://support.apple.com/en-gb/HT208728#airplay\">here</a>). &nbsp;</p>\r\n<p>Apple no longer produces Apple TV3 modules. We will continue to provide SmartView HD Apple TV3 using refurbished Apple devices. As refurbished stock, this hardware may show some aesthetic wear, but will still be covered by our warranty as part of the SmartView HD kit.</p>\r\n<p>Please note that screen mirroring of some apps or content may be blocked due to the copyright-holder\'s DRM. BimmerTech is not responsible for the continued compatibility of any third-party apps with SmartView HD Apple TV3. Please confirm that you can screen share the app or content you wish to use over AirPlay.</p>', '<p><span style=\"font-weight: 400;\">The installation instructions for SmartView</span> screen mirroring device<span style=\"font-weight: 400;\"> &nbsp;appear in your personal account within 72 hours after the purchased product is shipped. They are created and customized for each specific model. But in case of any additional questions, our technical support is always ready to help. </span></p>\r\n<p><span style=\"font-weight: 400;\">The installation is fully plug &amp; play as well as 100% reversible. The whole process itself may take up to 2h. </span></p>\r\n<p><custom-iframe style=\"margin: auto;\" src=\"https://www.youtube.com/embed/7h_b8z7qxGk\" frameborder=\"0\" width=\"560\" height=\"315\" allow=\"accelerometer; autoplay; encrypted-media; gyroscope; picture-in-picture\" position=\"center\" contenteditable=\"false\"></custom-iframe></p>\r\n<p><span style=\"font-weight: 400;\">The kit includes all the parts required for a complete installation:</span></p>\r\n<ul>\r\n<li style=\"font-weight: 400;\"><span style=\"font-weight: 400;\">Apple TV3</span></li>\r\n<li style=\"font-weight: 400;\"><span style=\"font-weight: 400;\">Remote control </span></li>\r\n<li style=\"font-weight: 400;\"><span style=\"font-weight: 400;\">Multimedia interface (MMI)</span></li>\r\n<li style=\"font-weight: 400;\"><span style=\"font-weight: 400;\">Wiring harness</span></li>\r\n</ul>', NULL, NULL),
(531, 177, 'SmartView_ATV4', '2019-04-30 11:33:43', '2019-05-17 11:25:58', 1, 'choice', 0, 'Get your iPhone apps onto the iDrive screen and use Apple TV4 to amplify the experience.', 1, NULL, '<p>Check our 3 types of SmartView devices and choose the mirroring kit that suits you.</p>', NULL, NULL, '<p>If you&rsquo;re dreaming of screen sharing your iPhone or iPad apps on your native BMW display, you can say that BimmerTech makes wishes come true.</p>\r\n<p>SmartView HD Apple TV4 uses screen mirroring over WiFi &mdash; a technology that lets you cast the screen of your mobile device onto the BMW&rsquo;s display, and stream audio through the car speakers. It means that our screen mirroring device makes it possible to:</p>\r\n<ul>\r\n<li style=\"font-weight: 400;\">Let your passengers enjoy the photos and videos on a high-resolution screen</li>\r\n<li style=\"font-weight: 400;\">Gain access to popular navigation apps, for instance Waze, Google Maps, Apple Maps and so on</li>\r\n<li style=\"font-weight: 400;\">Browse the internet or check emails while parked</li>\r\n<li style=\"font-weight: 400;\">Listen to Spotify, Tidal or other music apps through the BMW&rsquo;s stereo</li>\r\n</ul>\r\n<p>What&rsquo;s more, the 4th generation Apple TV, inbuilt into this SmartView device, has its own App Store with thousands of apps and games. Thus, you\'ll be able to run entertainment applications like Amazon Prime Video, Hulu, Netflix and Minecraft straight from the Apple TV in car system without using your phone. You can check the full list of supported apps for your country <a href=\"https://support.apple.com/en-us/HT208083\">here</a>.</p>\r\n<p>Unlike previous generations, Apple TV4 also comes with the Siri virtual assistant. Now instead of typing in the search bar you can tell Siri what you want and confirm your request. How cool is that?</p>\r\n<p>SmartView ATV4 screen mirroring device is created for iOS users who expect the most from their BMW &ldquo;teaming up&rdquo; with an iPhone. It is more versatile, faster and more advanced than Apple TV3. A dual A8 core processor and an improved remote control with a glass trackpad will give you the ultimate experience of mirroring your iPhone, iPad or any other Apple device that supports the Wireless Airplay protocol.</p>\r\n<p>Please note that mirroring of some apps or content through the media streaming box may be blocked due to the copyright-holder\'s DRM. BimmerTech is not responsible for the continued compatibility of any third-party apps with screen sharing software. Please confirm the app or content you wish to use can be streamed over AirPlay.</p>', '<p>The SmartView HD Apple TV4 installation is fully plug &amp; play as well as 100% reversible. The whole process itself may take up to 2h.</p>\r\n<p><custom-iframe style=\"margin: auto;\" src=\"https://www.youtube.com/embed/7h_b8z7qxGk\" frameborder=\"0\" width=\"560\" height=\"315\" allow=\"accelerometer; autoplay; encrypted-media; gyroscope; picture-in-picture\" position=\"center\" contenteditable=\"false\"></custom-iframe></p>\r\n<p>The kit includes all the BMW parts required for a complete installation:</p>\r\n<ul>\r\n<li style=\"font-weight: 400;\">Apple TV4 &nbsp;</li>\r\n<li style=\"font-weight: 400;\">Remote control</li>\r\n<li style=\"font-weight: 400;\">Multimedia interface (MMI) for smartphone mirroring in car</li>\r\n<li style=\"font-weight: 400;\">Wiring harness</li>\r\n</ul>\r\n<p>The instructions for installing the screen mirroring iPhone device will be available in your personal account. You will be able to access them within 72 hours after the product is shipped to you. In case of any questions regarding installation or SmartView HD functions, please contact our technical support team.</p>', NULL, NULL),
(532, 177, 'SmartView_Flex', '2019-04-30 11:59:23', '2019-05-17 11:26:54', 1, 'choice', 0, 'Cast the screen of an Android or iOS phone on the iDrive display with a single device.', 1, NULL, '<p>Check our 3 types of SmartView devices and choose the mirroring kit that suits you.</p>', NULL, NULL, '<p>Screen mirroring your mobile device on the iDrive display is a very handy feature when you need an access to popular navigation apps or want to turn on a movie for your passengers. But being able to connect both iPhones and Android smartphones is even a more useful attribute, especially when, say, your family and friends with different mobile devices want to show off their photos on a bigger screen. And this is exactly what SmartView HD Flex does.</p>\r\n<p>What is screen mirroring? This is a technology that lets you cast the screen of your mobile device onto the BMW&rsquo;s display, and stream audio through the car speakers. Pairing up our screen mirroring device with your smartphone, you can use your favorite apps in your BMW, including Google Maps or Waze to navigate through the city, Spotify or Tidal to stream your favorite music, and so on.</p>\r\n<p>SmartView HD Flex lets you screen share Android and iOS devices as well as phones or tablets running other types of software. SmartView HD Flex supports:</p>\r\n<ul>\r\n<li style=\"font-weight: 400;\">iOS up to version 12.0</li>\r\n<li style=\"font-weight: 400;\">Android up to version 9.0</li>\r\n<li style=\"font-weight: 400;\">Blackberry 10</li>\r\n<li style=\"font-weight: 400;\">Windows 8.1/10</li>\r\n<li style=\"font-weight: 400;\">Linux</li>\r\n<li style=\"font-weight: 400;\">Other operating systems with AirPlay/Miracast support.</li>\r\n</ul>\r\n<p>Please note that not all devices running these operating systems support screen mirroring over WiFi. Make sure your smartphone or tablet are compatible with screen sharing software before purchasing SmartView HD Flex.</p>\r\n<p><custom-iframe style=\"margin: auto;\" src=\"https://www.youtube.com/embed/5PguInq3imA\" frameborder=\"0\" width=\"560\" height=\"315\" allow=\"accelerometer; autoplay; encrypted-media; gyroscope; picture-in-picture\" position=\"center\" contenteditable=\"false\"></custom-iframe></p>\r\n<p>Apart from screen mirroring Android &amp; iOS devices, SmartView HD Flex generates its own wireless network, meaning there is no need for a Personal Hotspot or mobile modem. In addition, it allows screen mirroring iPhone, Samsung or any other device both when the car is parked &amp; in motion. The wireless display and audio streaming has never been more convenient.</p>\r\n<p><custom-iframe style=\"margin: auto;\" src=\"https://www.youtube.com/embed/qBvaruad0Yo\" frameborder=\"0\" width=\"560\" height=\"315\" allow=\"accelerometer; autoplay; encrypted-media; gyroscope; picture-in-picture\" position=\"center\" contenteditable=\"false\"></custom-iframe></p>\r\n<p>To keep your SmartView HD Flex working properly, it may occasionally be required to install a firmware update. New SmartView HD Flex units come with the latest firmware preinstalled. If you already have a unit that does not have the latest firmware, update now by <a href=\"https://bimmer-tech.net/customer_support/SmartViewHDFlex/install.img\">downloading the update</a> and following the video instructions.</p>\r\n<p><custom-iframe style=\"margin: auto;\" src=\"https://www.youtube.com/embed/FLpmLU4tMSM\" frameborder=\"0\" width=\"560\" height=\"315\" allow=\"accelerometer; autoplay; encrypted-media; gyroscope; picture-in-picture\" position=\"center\" contenteditable=\"false\"></custom-iframe></p>\r\n<p>Please note that mirroring of some apps or content may be blocked due to the copyright-holder\'s DRM. BimmerTech is not responsible for the continued compatibility of any third-party apps with SmartView HD Flex. Please confirm that the app or content you wish to use can be streamed over AirPlay/Miracast.</p>', '<p><span style=\"font-weight: 400;\">The installation instructions appear in your personal account within 72 hours after the purchased product is shipped. They are created and customized for each specific model. But in case of any additional questions, our technical support is always ready to help. </span></p>\r\n<p><span style=\"font-weight: 400;\">The installation is fully plug &amp; play as well as 100% reversible. The whole process itself may take up to 2h. </span></p>\r\n<p><span style=\"font-weight: 400;\">The kit includes all the parts required for a complete installation:</span></p>\r\n<ul>\r\n<li style=\"font-weight: 400;\"><span style=\"font-weight: 400;\">Mirroring module &nbsp;</span></li>\r\n<li style=\"font-weight: 400;\"><span style=\"font-weight: 400;\">Multimedia interface (MMI)</span></li>\r\n<li style=\"font-weight: 400;\"><span style=\"font-weight: 400;\">Wiring harness</span></li>\r\n</ul>', NULL, NULL),
(534, NULL, 'SmartViewATV3AddOn', '2019-05-06 10:29:32', '2019-05-06 10:33:44', 1, 'choice', 0, NULL, 0, NULL, NULL, 'This upgrade allows for iPhone screen mirroring which means that you can cast the screen of your iOS device onto the BMW iDrive display. This gives you a chance to show photos or play videos on a hi-res display, as well as play music through your BMW’s speakers.', NULL, NULL, NULL, NULL, NULL),
(535, NULL, 'SmartViewATV4AddOn', '2019-05-06 10:34:04', '2019-05-06 10:35:29', 1, 'choice', 0, NULL, 0, NULL, NULL, 'Iphone screen mirroring and Apple TV4 with an inbuilt App Store will let you use your favorite applications on the BMW iDrive screen in different ways. You can either mirror some apps or use them through the iDrive system without engaging your iPhone. There is also a possibility to use Siri virtual assistant not to take your eyes of the road.', NULL, NULL, NULL, NULL, NULL),
(536, NULL, 'SmartViewFlexAddOn', '2019-05-06 10:39:17', '2019-05-06 10:40:09', 1, 'choice', 0, NULL, 0, NULL, NULL, 'It’s a screen mirroring device that lets you cast the screen of both Android and iOS devices onto your BMW’s display. It has its own WiFi network to connect the smartphone to the iDrive and plays audio through the BMW’s AUX port.', NULL, NULL, NULL, NULL, NULL),
(537, NULL, 'IntKeyBladeE_42_AddOn', '2019-05-07 08:15:29', '2019-05-10 10:55:17', 1, 'choice', 0, NULL, 0, NULL, NULL, 'The key blade from your original key fob will fit perfectly into the replacement. But you can order an extra one in case you lost it or need a spare key.', NULL, NULL, NULL, NULL, NULL),
(538, 182, 'NBT_NBTEVO_act', '2019-05-08 08:12:41', '2019-05-08 13:17:57', 1, 'choice', 0, 'Let us program your NBT/NBT Evo head unit adding a few cool features on the way.', 1, NULL, NULL, NULL, 'codding', '<p>Retrofitting your car with a new BMW navigation system can&rsquo;t be completed without professional and high quality BMW coding. And with a decade of experience, we at BimmerTech know exactly how to do it right.</p>\r\n<p>Our NBT / NBT Evo Remote Software Activation provides you with the service you need in the comfort of your own home. Our competent technician will program your new BMW navigation, update the unit to match the configurations of your vehicle and activate Voice Control and Video &amp; Services in motion that will make trips in your car much more enjoyable.</p>\r\n<p>This way you&rsquo;ll be able to use original BMW maps, control the system with simple verbal commands and turn on movies for your passengers. With such a BMW software update and hardware upgrade, how could your driving experience get any better than that?</p>', '<p>NBT Software Activation is performed through a remote coding session with a dedicated BimmerTech technician.</p>\r\n<p>It is a very simple process that takes no more than 30 minutes. After you complete your order, we send you a coding cable (if you don\'t have one and add it in the top <em>Option</em> section). Once you receive it, you will be able to schedule a coding session for the time that suits you best. During the session, you will need to just plug in the cable, download some BMW coding software and follow the instructions from our technician. <span>Voice Control&nbsp;</span></p>\r\n<p>To prepare for your BMW iDrive update you will need a laptop running Microsoft Windows and a WiFi internet network that you can connect to in your car. A Mac computer running Windows should work too. The coding cable must be plugged into your laptop&rsquo;s <a href=\"https://www.bimmer-tech.net/customer_support/Remote_coding/Instructions/EthernetPort.jpg\">Ethernet port</a> (if you don&rsquo;t have one, you can use an <a href=\"https://www.bimmer-tech.net/customer_support/Remote_coding/Instructions/LAN_MAC.jpg\">adapter</a>).</p>\r\n<p>Watch the video to understand the cable activation process better.</p>\r\n<p><custom-iframe style=\"margin: auto;\" src=\"https://www.youtube.com/embed/EeNw6MPzpck\" frameborder=\"0\" width=\"560\" height=\"315\" allow=\"accelerometer; autoplay; encrypted-media; gyroscope; picture-in-picture\" position=\"center\" contenteditable=\"false\"></custom-iframe></p>\r\n<p>The NBT/NBT Evo Software Activation package includes everything necessary for cable coding:</p>\r\n<ul>\r\n<li style=\"font-weight: 400;\">Remote activation service</li>\r\n<li style=\"font-weight: 400;\">Coding interface (if you add it to your order in the top <em>Option</em> section)</li>\r\n</ul>', NULL, NULL),
(539, 182, 'iDrive_Touch_Contr_Retrofit', '2019-05-08 08:58:10', '2019-05-14 12:40:51', 1, 'choice', 0, 'A touchpad where you write letters instead of using the scroll wheel? Yes, please!', 1, NULL, NULL, NULL, NULL, '<p>If you long for a more comfortable and safer way to use your BMW system, the iDrive Touch Controller is the retrofit designed to satisfy those needs.</p>\r\n<p>Its primary improvement over the older version is the iDrive touchpad. It lets you write with your finger on the top of the iDrive controller and the handwriting recognition technology decodes the letters. It can be used while:</p>\r\n<ul>\r\n<li style=\"font-weight: 400;\">Typing in the necessary address in maps</li>\r\n<li style=\"font-weight: 400;\">Looking for a video or song in the multimedia section</li>\r\n<li style=\"font-weight: 400;\">Searching contacts or phone numbers</li>\r\n</ul>\r\n<p>This type of input is much safer than the traditional wheel scroll because you don&rsquo;t need to distract yourself from the road choosing the right character &mdash; just write the letter on the touch-sensitive pad and the audio feedback will identify and confirm it.</p>\r\n<p>In addition, you can use the touchpad to zoom in or out on the map. This is a handy feature when you want to see the area in more detail.</p>\r\n<p>If your BMW wasn&rsquo;t equipped with the iDrive Touch Controller from the factory, <a rel=\"noopener\" href=\"https://www.bimmer-tech.net/blog/item/6-upgrading-your-bmw-idrive-controller-to-idrive-touch-with-a-diy-retrofit-kit\" target=\"_blank\">you can easily retrofit it with our kit</a>.</p>', '<p>The iDrive controller replacement instructions will be ready in your personal account within 72 hours after it&rsquo;s shipped. They will contain all the details on how to replace iDrive controller in your specific BMW model. But if you will have questions before, during or after installation, you can always contact our support team.</p>\r\n<p>The process itself consists of 2 main steps:</p>\r\n<ol>\r\n<li style=\"font-weight: 400;\">Fully plug &amp; play installation (takes up to 3&ndash;4h)</li>\r\n<li style=\"font-weight: 400;\">Activation coding (after the installation is finished, it is necessary to schedule a <a rel=\"noopener\" href=\"https://www.youtube.com/watch?v=EeNw6MPzpck\" target=\"_blank\">remote coding session</a> with a BimmerTech technician)</li>\r\n</ol>\r\n<p>The kit includes all the iDrive auto parts necessary for a complete installation:</p>\r\n<ul>\r\n<li>iDrive touch controller</li>\r\n<li>iDrive touch module &nbsp;</li>\r\n<li>Wiring harness</li>\r\n<li>Coding interface</li>\r\n</ul>', NULL, NULL),
(540, NULL, 'Ceram_VerAddOn', '2019-05-08 09:15:14', '2019-05-08 09:58:21', 1, 'choice', 0, NULL, 0, NULL, NULL, 'In this version the iDrive touch controller has a ceramic control knob.', NULL, NULL, NULL, NULL, NULL),
(541, 174, 'Park_assistant', '2019-05-08 09:24:10', '2019-05-08 12:56:30', 1, 'choice', 0, 'Wish your BMW could look for parking spots? With this upgrade it’ll do more than that.', 1, NULL, NULL, NULL, NULL, '<p>Finally you can stop stressing out when parking in tight and inconvenient spaces. The BMW original Parking Assistant system can do most of the work for you, turning the whole process into an easy and instructive experience.</p>\r\n<p>This intelligent parking retrofit uses ultrasonic sensors to scan the area on both sides of your car. The autoparking system detects and measures the size of any space to spot the most suitable place for your vehicle. All you need to do is push the Parking Assistant button in the center console and the parking assist system will start doing its job. However, this is not the greatest feature of this retrofit.</p>\r\n<p>When you park parallel to the road, the assistant can take over steering, braking and acceleration while parking the car according to the system&rsquo;s calculations of the parallel parking distance. It will give you various instructions, like activating the turn signal or changing gear, so that the process is smooth and errorless. And it makes this kind of parking aid irreplaceable.</p>\r\n<p>In compatible vehicles this park assist retrofit also supports Remote Control Parking. It lets you move your vehicle forward or backward in tight spaces from outside the car, using a display key fob. &nbsp;</p>', '<p>In order to install the retrofit and make sure that all the automatic parking systems are set up, it&rsquo;s necessary to closely follow the instructions which are created specifically for your BMW. The installation manual for BMW Parking Assistant will be available for download in your personal account within 72 hours after the product is shipped. You will receive an email notification that will inform you when the instructions are added. If you have any questions during installation, don&rsquo;t hesitate to contact our support team.</p>\r\n<p>The process itself consists of 2 main steps:</p>\r\n<ol>\r\n<li style=\"font-weight: 400;\">Fully plug &amp; play installation (takes up to 3&ndash;4h)</li>\r\n<li style=\"font-weight: 400;\">Activation coding (after the installation is finished, it is necessary to schedule a remote coding session with a BimmerTech technician)</li>\r\n</ol>\r\n<p>This retrofit is absolutely lease-friendly. The installation doesn&rsquo;t require any permanent modifications to the exterior or interior of your car.</p>\r\n<p>Please note that if you have a BDC Module as an additional option in top right section, it means that your car isn&rsquo;t equipped with certain functionalities and for the Parking Assistant to work, you need t o add it to your order. In case there is no BDC Module, you don&rsquo;t need any additional elements for the kit to work in your car.</p>', NULL, NULL),
(542, NULL, 'BDC_ModuleAddOn', '2019-05-08 09:40:08', '2019-05-08 09:57:49', 1, 'choice', 0, NULL, 0, NULL, NULL, 'Your car is not equipped with certain features for the retrofit to work. But if you add BDC module to your order, the retrofit will be installed and will perform flawlessly.', NULL, NULL, NULL, NULL, NULL),
(543, 177, 'AUX_Port', '2019-05-08 09:44:12', '2019-05-16 08:32:14', 1, 'choice', 5, 'Connect your audio device directly to the car speakers and enjoy the sound!', 1, NULL, NULL, NULL, NULL, '<p>If you vehicle doesn&rsquo;t come with the factory-installed AUX port, it&rsquo;s not a problem anymore. You can order it in a few clicks and install it in your sleep (yes, it&rsquo;s that easy).</p>\r\n<p>After we code AUX port for car to work in your specific model, you will be able to listen to music from your device and enjoy the sound through the BMW&rsquo;s stereo system. And it doesn&rsquo;t matter whether you have a Walkman from your childhood or the latest iPhone&mdash;the BMW original AUX port supports almost any audio device you can connect through the 3.5mm jack.</p>\r\n<p>You can fit it into the glove compartment or any other place that allows easy access. The cable that connects the port to the head unit can be hidden behind the dash, so as not to spoil the interior look of your car.</p>', '<p>How to put an AUX port in your car<span style=\"font-weight: 400;\">? In reality, the process is very simple and takes 1 hour tops. The installation instructions on how to </span>add AUX port in car <span style=\"font-weight: 400;\">will be added to your BimmerTech account. Within 72 hours after the</span> AUX cable<span style=\"font-weight: 400;\"> &amp; port is shipped, you will receive an email notification that the instructions are uploaded.</span></p>\r\n<p><span style=\"font-weight: 400;\">The process itself consists of 2 main steps:</span></p>\r\n<ol>\r\n<li style=\"font-weight: 400;\"><span style=\"font-weight: 400;\">Fully plug &amp; play installation (takes up to 1h)</span></li>\r\n<li style=\"font-weight: 400;\"><span style=\"font-weight: 400;\"><a rel=\"noopener\" href=\"https://www.youtube.com/watch?v=EeNw6MPzpck\" target=\"_blank\">Activation coding</a> (after the installation is finished, it is necessary to schedule a remote coding session with a BimmerTech technician)</span></li>\r\n</ol>\r\n<p><span style=\"font-weight: 400;\">The kit includes all the parts necessary for installation:</span></p>\r\n<ul>\r\n<li>AUX cord for car</li>\r\n<li style=\"font-weight: 400;\"><span style=\"font-weight: 400;\">Coding interface</span></li>\r\n<li style=\"font-weight: 400;\"><span style=\"font-weight: 400;\">Remote &nbsp;coding service</span></li>\r\n</ul>\r\n<p><span style=\"font-weight: 400;\">The installation is fully plug &amp; play and 100% reversible. </span></p>', NULL, NULL),
(544, 174, 'RemoteControlParking', '2019-05-08 10:04:29', '2019-05-14 12:45:34', 1, 'choice', 0, 'No need to practice gymnastics in tight parking spots. Your BMW will park itself for you.', 1, NULL, NULL, NULL, NULL, '<p><span style=\"font-weight: 400;\">Tired of crawling out of your BMW in a small garage or exceptionally narrow parking spaces? Already paid tons of money for cosmetic repairs to your doors? By letting the Remote Control Parking retrofit maneuver your car, you can get rid of these problems once and for all!</span></p>\r\n<p><span style=\"font-weight: 400;\">This BMW original upgrade makes it possible to park your BMW without actually sitting inside the vehicle. With the help of the <a rel=\"noopener\" href=\"http://testshop.bimmer-tech.net/products-remote-control-display-key-fob\" target=\"_blank\">Remote Control Display Key Fob</a>, you can control the car by pressing the &ldquo;forwards&rdquo; or &ldquo;backwards&rdquo; button. It can be moved 1/5 times its length in perpendicular parking spaces at a speed of no more than 1 mph.</span></p>\r\n<p><span style=\"font-weight: 400;\">The Remote Control Parking system takes charge of steering, braking and acceleration. Using the sensors and cameras, it analyzes the surroundings and can stop if there is an obstacle in the way. You can also interrupt the process yourself by releasing the button on the key fob. In addition, the engine is started and killed automatically, so there is no need to worry about leaving your car running.</span></p>\r\n<p><span style=\"font-weight: 400;\">If you strive to avoid damaging your BMW or other cars in tight parking spaces, this is the perfect retrofit for you. You can save a great deal of money on regular facelifts and park with real peace of mind. </span></p>', '<p><span style=\"font-weight: 400;\">The installation instructions appear in the personal account within 72 hours after the purchased product is shipped. They are created and customized for each specific model. But in case of any additional questions, our technical support is always ready to help. </span></p>\r\n<p><span style=\"font-weight: 400;\">The process itself consists of 2 main steps:</span></p>\r\n<ol>\r\n<li style=\"font-weight: 400;\"><span style=\"font-weight: 400;\">Fully plug &amp; play installation (takes up to 1h)</span></li>\r\n<li style=\"font-weight: 400;\"><span style=\"font-weight: 400;\"><a rel=\"noopener\" href=\"https://www.youtube.com/watch?v=EeNw6MPzpck\" target=\"_blank\">Activation coding</a> (after the installation is finished, it is necessary to schedule a remote coding session with a BimmerTech technician)</span></li>\r\n</ol>\r\n<p><span style=\"font-weight: 400;\">The kit includes all parts necessary for a complete installation:</span></p>\r\n<ul>\r\n<li style=\"font-weight: 400;\"><span style=\"font-weight: 400;\">Antenna </span></li>\r\n<li style=\"font-weight: 400;\"><span style=\"font-weight: 400;\">Wiring harness</span></li>\r\n<li style=\"font-weight: 400;\"><span style=\"font-weight: 400;\">Coding interface</span></li>\r\n<li style=\"font-weight: 400;\"><span style=\"font-weight: 400;\">Remote Control Display Key Fob </span></li>\r\n</ul>\r\n<p><span style=\"font-weight: 400;\">This retrofit is absolutely lease-friendly. The installation doesn&rsquo;t require any permanent modifications to the exterior or interior of your car. </span></p>\r\n<p><span style=\"font-weight: 400;\">Please note that if you have a BDC Module as an additional option in top right section, it means that your car isn&rsquo;t equipped with certain functionalities and for the Remote Control Parking System to work, you need t o add it to your order. In case there is no BDC Module, you don&rsquo;t need any additional elements for the kit to work in your car. </span></p>', NULL, NULL),
(545, 187, 'RCDisplay_keyfob', '2019-05-08 10:19:07', '2019-05-09 11:57:12', 1, 'choice', 0, 'Check your fuel or set a timer for the conditioning without actually getting into the car.', 1, NULL, NULL, NULL, NULL, '<p>Checking up on your BMW can be much easier and faster with a Remote Control Display Key Fob. No matter where you are &mdash; sitting at the office or relaxing in your living room &mdash; you can find out how much fuel you have or whether the alarm is on, without going out.</p>\r\n<p>Our BMW key fob replacement has all the functions of a traditional remote key fob, plus many new stunning features. The LCD touch screen allows you to keep tabs on the central locking information and see if the windows are open or closed. With the alarm system on, you can also adjust settings for the interior sensors.</p>\r\n<p>This BMW key fob functions also include informing you when your BMW has to be serviced or what the lighting status is. In the Mobility section you will see the gas gauge and how many miles you can drive before tanking up.</p>\r\n<p>The finest thing about this touchscreen key fob is that you can set your departure time and be sure that your BMW will have the perfect temperature when you need to hit the road. The Climate Control feature lets you precondition the interior, so it won&rsquo;t be too hot or cold when you set off.</p>\r\n<p>Please note that you cannot park the vehicle remotely using only the Remote Control Display Key Fob. To enjoy this functionality, your BMW must be equipped with the <a rel=\"noopener\" href=\"http://testshop.bimmer-tech.net/products-remote-control-parking-system\" target=\"_blank\">Remote Control Parking</a> feature.</p>\r\n<p>IMPORTANT: <span style=\"font-weight: 400;\">we don&rsquo;t fulfill orders without evidence of ownership of the vehicle. After you place an order and make a payment, you need to send a copy of your vehicle registration and driver\'s license, both with the same name, to keyfobs@bimmer-tech.net, complete with your order number.</span></p>', '<p>Our retrofit doesn&rsquo;t require any BMW key fob programming or physical installation. It comes already pre-coded for your BMW and must be only activated. &nbsp;</p>\r\n<p>The activation instructions appear in the personal account within 72 hours after the purchased product is shipped. They are created and customized for each specific model. But in case of any additional questions, our technical support is always ready to help.</p>', NULL, NULL),
(546, 177, '6FLUSB_AUX', '2019-05-08 10:36:18', '2019-05-16 07:48:23', 1, 'choice', 0, 'Add a USB and 3.5 mm port to your BMW and enjoy music from any device!', 1, NULL, NULL, NULL, NULL, '<p>It doesn&rsquo;t matter which device you want to use for streaming music through your car stereo system &mdash; you should be able to connect either the latest-generation iPhone or an old Walkman. And our USB/AUX Interface retrofit will help you plug in almost any device that has some audio files to play.</p>\r\n<p>The AUX port for car has a 3.5 mm jack which means that you can attach any audio source with a headphone jack to your BMW&rsquo;s head unit. Though to integrate an Apple iPod or Apple iPhone, the BMW Y cable adapter for Apple iPod/iPhone is required.</p>\r\n<p>The USB port in its turn can ensure the best audio playback quality when it comes to streaming music from an external device through the car&rsquo;s stereo system.</p>\r\n<p>In both cases the title of the track being played is displayed either on the control or the radio display. You can operate MP3 players and smartphones directly from the central console.</p>\r\n<p>All common formats are supported (MP3, AAC, WAV and WMA) as well as M3U-format playlists.</p>\r\n<p>If you either have none of the ports or only one of them, it is worth upgrading to the 6FL USB/AUX Interface. It allows you to be flexible with audio devices you want to connect.</p>', '<p>How to put an AUX port in your car <span style=\"font-weight: 400;\">together with the USB port?</span> <span style=\"font-weight: 400;\">The process itself consists of 2 main steps:</span></p>\r\n<ol>\r\n<li style=\"font-weight: 400;\"><span style=\"font-weight: 400;\">Fully plug &amp; play installation (takes up to 1h)</span></li>\r\n<li style=\"font-weight: 400;\"><a rel=\"noopener\" href=\"https://www.youtube.com/watch?v=EeNw6MPzpck\" target=\"_blank\"><span style=\"font-weight: 400;\">Coding </span></a><span style=\"font-weight: 400;\">(after the installation is finished, it is necessary to schedule a remote coding session with a BimmerTech technician)</span></li>\r\n</ol>\r\n<p><span style=\"font-weight: 400;\">The kit includes all parts necessary for a complete installation:</span></p>\r\n<ul>\r\n<li style=\"font-weight: 400;\"><span style=\"font-weight: 400;\">Plate with USB and AUX ports </span></li>\r\n<li style=\"font-weight: 400;\"><span style=\"font-weight: 400;\">ULF2HI module</span></li>\r\n<li style=\"font-weight: 400;\"><span style=\"font-weight: 400;\">Wiring harness</span></li>\r\n<li style=\"font-weight: 400;\"><span style=\"font-weight: 400;\">Coding interface</span></li>\r\n</ul>\r\n<p><span style=\"font-weight: 400;\">This retrofit is absolutely lease-friendly. The installation doesn&rsquo;t require any permanent modifications to the exterior or interior of your car. </span></p>\r\n<p><span style=\"font-weight: 400;\">The installation instructions appear in the personal account within 72 hours after the purchased product is shipped. They are created and customized for each specific model. But in case of any additional questions, our technical support is always ready to help.</span></p>', NULL, NULL),
(547, 182, 'CIC_Soft_Activ', '2019-05-08 10:47:31', '2019-05-08 13:31:07', 1, 'choice', 0, 'Have your CIC head unit coded for your specific BMW even without leaving home.', 1, NULL, NULL, NULL, NULL, '<p>Retrofitting your car with a BMW navigation system of a new generation can&rsquo;t be completed without professional and high quality coding. And with a decade of experience, we at BimmerTech know exactly how to do it right.</p>\r\n<p>BMW CIC iDrive interface is one of the head units belonging to the Navigation System Professional line. To know more about this iDrive as well as others, read our <a href=\"https://www.bimmer-tech.net/blog/item/54-bmw-cic-nbt-nbtevo\">blog post</a>.</p>\r\n<p>Our BMW CIC Remote Software Activation provides you with the service you need in the comfort of your own home. Our competent technician will program your CIC retrofit to match the configurations of your BMW, as well as activating the latest BMW map update, Voice Control and Video-in-motion, which will make trips in your car much more enjoyable.</p>\r\n<p>After the hardware upgrade and our BMW software update, you&rsquo;ll be able to use original BMW maps, control the system with simple verbal commands and turn on movies for your passengers. How could your driving experience get any better than that?</p>', '<p>CIC Software Activation is performed through a remote coding session with a dedicated BimmerTech technician after all the iDrive auto parts are installed.</p>\r\n<p>BMW navigation update of your new CIC retrofit is a very simple process that takes no more than 30 minutes. After you complete your order, we send you a coding cable (only if you don\'t have one and you add it in the top <em>Option</em> section). &nbsp;Once you receive it, there will be instructions on how to schedule a coding session for the time that suits you best. During the session, you just plug in the cable and follow the instructions from our technician.</p>\r\n<p>To prepare for your BMW iDrive update coding session you will need a laptop running Microsoft Windows and a WiFi internet network that you can connect to in your car. A Mac computer running Windows might not work with some E-Series cars. The coding cable must be plugged into your laptop&rsquo;s USB port.</p>\r\n<p>Watch the video to understand the cable activation process better.</p>\r\n<p><custom-iframe style=\"margin: auto;\" src=\"https://www.youtube.com/embed/EeNw6MPzpck\" frameborder=\"0\" width=\"560\" height=\"315\" allow=\"accelerometer; autoplay; encrypted-media; gyroscope; picture-in-picture\" position=\"center\" contenteditable=\"false\"></custom-iframe></p>\r\n<p>The CIC Remote Software Activation package includes everything necessary for cable coding:</p>\r\n<ul>\r\n<li style=\"font-weight: 400;\">Remote activation service</li>\r\n<li style=\"font-weight: 400;\">Coding interface (if you add it to your order in the top <em>Option</em> section)</li>\r\n</ul>', NULL, NULL);
INSERT INTO `sylius_product` (`id`, `main_taxon_id`, `code`, `created_at`, `updated_at`, `enabled`, `variant_selection_method`, `average_rating`, `taxon_decription`, `recomended`, `buyers_footer_content`, `buyers_header_content`, `addon_information`, `type`, `description`, `installer`, `flagName`, `flagColor_id`) VALUES
(548, 209, 'EnhBT_USBActiv', '2019-05-08 11:37:34', '2019-05-13 11:19:35', 1, 'choice', 0, 'Connect your smartphone to your BMW to enjoy its best features while driving.', 1, NULL, NULL, NULL, 'usb_coding', '<p>There are many things you want to do with your smartphone while you have to focus on driving &mdash; check out a new Spotify playlist through the car&rsquo;s stereo system, or accept calls hands-free without breaking your focus on the road. And with BMW Enhanced Bluetooth Update &amp; USB Port Activation you will be able to do much more than that.</p>\r\n<p><a rel=\"noopener\" href=\"https://www.bimmer-tech.net/blog/item/56-bmw-enhanced-bluetooth\" target=\"_blank\">What is &ldquo;Enhanced Bluetooth&rdquo;</a>? The most obvious benefit of adding this feature to your car is that audio streaming won&rsquo;t just be something you&rsquo;ve read about online anymore. You&rsquo;ll be able to play your favorite tracks through the car&rsquo;s speakers via Bluetooth. In terms of BMW smartphone integration, you&rsquo;ll also have the chance to connect your smartphone via a USB port, ensuring much better sound quality (this activation ensures support for Apple white cable meaning you don&rsquo;t need a BMW Y cable adapter). With Enhanced Bluetooth package activated, it&rsquo;s also possible to pair up multiple devices simultaneously. Listen to music from your passenger&rsquo;s phone and receive calls from your own!</p>\r\n<p>Apart from media streaming functionalities, if you have the Office Menu available in your car, you will get to see SMS messages, notes, emails, calendar or reminders from your phone on the iDrive screen. Please keep in mind that you can only read them, and there is no possibility to edit or send new messages through the car&rsquo;s system with BMW Bluetooth update.</p>\r\n<p><custom-iframe style=\"margin: auto;\" src=\"https://www.youtube.com/embed/LHUXg6_Ycag\" frameborder=\"0\" width=\"560\" height=\"315\" allow=\"accelerometer; autoplay; encrypted-media; gyroscope; picture-in-picture\" position=\"center\" contenteditable=\"false\"></custom-iframe></p>\r\n<p>However, in vehicles with the BMW Enhanced Bluetooth with USB and Voice Control feature you&rsquo;ll be able to dictate new text messages and send them without taking your hands of the wheel. Making hands-free calls is also not an exception.</p>\r\n<p>IMPORTANT: The range of functions available after activating Bluetooth strongly depends on the type of your smartphone as well as the design of the BMW hardware and software in your car. For example, if you can&rsquo;t access calendar or read text messages after our activation, it means that your smartphone is not compatible with the factory pre-set configurations of your BMW, and this doesn&rsquo;t let this particular feature work. Visit <a rel=\"noopener\" href=\"https://www.bmwusa.com/owners/bluetooth-technology.html\" target=\"_blank\">bmw.com/bluetooth</a> and check which features you will get for your device and vehicle after unlocking Enhanced Bluetooth and USB port.</p>', '<p><span style=\"font-weight: 400;\">Enhanced Bluetooth &amp; USB port are activated with the help of a USB stick. It&rsquo;s a very simple and quick process:</span></p>\r\n<ul>\r\n<li style=\"font-weight: 400;\"><span style=\"font-weight: 400;\">You order the activation and make the payment </span></li>\r\n<li style=\"font-weight: 400;\"><span style=\"font-weight: 400;\">You receive an email with a link to download the coding file as well as installation instructions for your specific BMW </span></li>\r\n<li style=\"font-weight: 400;\"><span style=\"font-weight: 400;\">After you transfer the coding file to the USB drive, completing the rest of installation takes up to 10-30 min</span></li>\r\n</ul>\r\n<p><span style=\"font-weight: 400;\">The activation is 100% reversible.</span></p>', NULL, NULL),
(549, 209, 'EnhBT_Cable_E', '2019-05-08 11:51:46', '2019-05-13 11:12:05', 1, 'choice', 0, 'Connect your smartphone to your BMW to enjoy its best features while driving.', 1, NULL, NULL, NULL, 'codding', '<p>There are many things you want to do with your smartphone while you have to focus on driving &mdash; check out a new Spotify playlist through the car&rsquo;s stereo system, or accept calls hands-free without breaking your focus on the road. And with BMW Enhanced Bluetooth Update &amp; USB Port Activation you will be able to do much more than that.</p>\r\n<p><a rel=\"noopener\" href=\"https://www.bimmer-tech.net/blog/item/56-bmw-enhanced-bluetooth\" target=\"_blank\">What is &ldquo;Enhanced Bluetooth&rdquo;</a>? The most obvious benefit of adding this feature to your car is that audio streaming won&rsquo;t just be something you&rsquo;ve read about online anymore. You&rsquo;ll be able to play your favorite tracks through the car&rsquo;s speakers via Bluetooth. In terms of BMW smartphone integration, you&rsquo;ll also have the chance to connect your smartphone via a USB port, ensuring much better sound quality (this activation ensures support for Apple white cable meaning you don&rsquo;t need a BMW Y cable adapter). With Enhanced Bluetooth package activated, it&rsquo;s also possible to pair up multiple devices simultaneously. Listen to music from your passenger&rsquo;s phone and receive calls from your own!</p>\r\n<p>Apart from media streaming functionalities, if you have the Office Menu available in your car, you will get to see SMS messages, notes, emails, calendar or reminders from your phone on the iDrive screen. Please keep in mind that you can only read them, and there is no possibility to edit or send new messages through the car&rsquo;s system with BMW Bluetooth update.</p>\r\n<p><custom-iframe style=\"margin: auto;\" src=\"https://www.youtube.com/embed/LHUXg6_Ycag\" frameborder=\"0\" width=\"560\" height=\"315\" allow=\"accelerometer; autoplay; encrypted-media; gyroscope; picture-in-picture\" position=\"center\" contenteditable=\"false\"></custom-iframe></p>\r\n<p>However, in vehicles with the BMW Enhanced Bluetooth with USB and Voice Control feature you&rsquo;ll be able to dictate new text messages and send them without taking your hands of the wheel. Making hands-free calls is also not an exception.</p>\r\n<p>IMPORTANT: The range of functions available after activating Bluetooth strongly depends on the type of your smartphone as well as the design of the BMW hardware and software in your car. For example, if you can&rsquo;t access calendar or read text messages after our activation, it means that your smartphone is not compatible with the factory pre-set configurations of your BMW, and this doesn&rsquo;t let this particular feature work. Visit <a rel=\"noopener\" href=\"https://www.bmwusa.com/owners/bluetooth-technology.html\" target=\"_blank\">bmw.com/bluetooth</a> and check which features you will get for your device and vehicle after unlocking Enhanced Bluetooth and USB port.</p>', '<p><span style=\"font-weight: 400;\">Enhanced Bluetooth &amp; USB Port are activated through a remote cable coding session. It is a very simple process that takes no more than 30 minutes. After you complete your order, we send you a coding cable (if you don\'t have one and add it in the top </span><em><span style=\"font-weight: 400;\">Option</span></em><span style=\"font-weight: 400;\"> section). Once you receive it, you will be able to schedule a coding session for the time that suits you best. During the session, just plug in the cable, follow the instructions from our technician and Enhanced Bluetooth will be added to your car&rsquo;s options.</span></p>\r\n<p><span style=\"font-weight: 400;\">To prepare for your coding session you will need a laptop running Microsoft Windows and a WiFi internet network that you can connect to in your car. A Mac computer running Windows should work too, but it may not be compatible with some E-series vehicles. The coding cable must be plugged into your laptop&rsquo;s regular USB port.</span></p>\r\n<p><span style=\"font-weight: 400;\">Watch the video to understand the cable activation process better.</span></p>\r\n<p><custom-iframe style=\"margin: auto;\" src=\"https://www.youtube.com/embed/EeNw6MPzpck\" frameborder=\"0\" width=\"560\" height=\"315\" allow=\"accelerometer; autoplay; encrypted-media; gyroscope; picture-in-picture\" position=\"center\" contenteditable=\"false\"></custom-iframe></p>\r\n<p><span style=\"font-weight: 400;\">The Enhanced Bluetooth package includes everything necessary for the cable activation:</span></p>\r\n<ul>\r\n<li style=\"font-weight: 400;\"><span style=\"font-weight: 400;\">Remote activation service</span></li>\r\n<li style=\"font-weight: 400;\"><span style=\"font-weight: 400;\">Coding interface (if you add it to your order in the top </span><em><span style=\"font-weight: 400;\">Option</span></em><span style=\"font-weight: 400;\"> section)</span></li>\r\n</ul>', NULL, NULL),
(550, 209, 'EnhBT_Cable_FG', '2019-05-08 12:04:27', '2019-05-13 11:17:48', 1, 'choice', 0, 'Connect your smartphone to your BMW to enjoy its best features while driving.', 1, NULL, NULL, NULL, 'codding', '<p><span style=\"font-weight: 400;\">There are many things you want to do with your smartphone while you have to focus on driving &mdash; check out a new Spotify playlist through the car&rsquo;s stereo system, or accept calls hands-free without breaking your focus on the road. And with BMW Enhanced </span>Bluetooth Update &amp; USB Port Activation you will be able to do much more than that.</p>\r\n<p>&nbsp;<a rel=\"noopener\" href=\"https://www.bimmer-tech.net/blog/item/56-bmw-enhanced-bluetooth\" target=\"_blank\">What is &ldquo;Enhanced Bluetooth&rdquo;</a>? The most obvious benefit of adding this feature to your car is that audio streaming won&rsquo;t just be something you&rsquo;ve read about online anymore. You&rsquo;ll be able to play your favorite tracks through the car&rsquo;s speakers via Bluetooth. In terms of BMW smartphone integration, you&rsquo;ll also have the chance to connect your smartphone via a USB port, ensuring much better sound quality (this activation ensures support for Apple white cable meaning you don&rsquo;t need a BMW Y cable adapter). With Enhanced Bluetooth package activated, it&rsquo;s also possible to pair up multiple devices simultaneously. Listen to music from your passenger&rsquo;s phone and receive calls from your own!</p>\r\n<p>&nbsp;Apart from media streaming functionalities, if you have the Office Menu available in your car, you will get to see SMS messages, notes, emails, calendar or reminders from your phone on the iDrive screen. Please keep in mind that you can only read them, and there is no possibility to edit or send new messages through the car&rsquo;s system with BMW Bluetooth update. <custom-iframe style=\"margin: auto;\" src=\"https://www.youtube.com/embed/LHUXg6_Ycag\" frameborder=\"0\" width=\"560\" height=\"315\" allow=\"accelerometer; autoplay; encrypted-media; gyroscope; picture-in-picture\" position=\"center\" contenteditable=\"false\"></custom-iframe></p>\r\n<p>However, in vehicles with the BMW Enhanced Bluetooth with USB and Voice Control feature you&rsquo;ll be able to dictate new text messages and send them without taking your hands of the wheel. Making hands-free calls is also not an exception.</p>\r\n<p>&nbsp;IMPORTANT: The range of functions available after activating Bluetooth strongly depends on the type of your smartphone as well as the design of the BMW hardware and software in your car. For example, if you can&rsquo;t access calendar or read text messages after our activation, it means that your smartphone is not compatible with the factory pre-set configurations of your BMW, and this doesn&rsquo;t let this particular feature work. Visit <a rel=\"noopener\" href=\"https://www.bmwusa.com/owners/bluetooth-technology.html\" target=\"_blank\">bmw.com/bluetooth</a> and check which features you will get for your device and vehicle after unlocking Enhanced Bluetooth and USB port.</p>', '<p><span style=\"font-weight: 400;\">Enhanced Bluetooth &amp; USB Port are activated through a remote cable coding session. It is a very simple process that takes no more than 30 minutes. After you complete your order, we send you a coding cable (if you don\'t have one and add it in the top </span><em><span style=\"font-weight: 400;\">Option</span></em><span style=\"font-weight: 400;\"> section). Once you receive it, you will be able to schedule a coding session for the time that suits you best. During the session, just plug in the cable, follow the instructions from our technician and Enhanced Bluetooth will be added to your car&rsquo;s options.</span></p>\r\n<p><span style=\"font-weight: 400;\">To prepare for your coding session you will need a laptop running Microsoft Windows and a WiFi internet network that you can connect to in your car. A Mac computer running Windows should work too. The coding cable must be plugged into your laptop&rsquo;s </span><a rel=\"noopener\" href=\"https://www.bimmer-tech.net/customer_support/Remote_coding/Instructions/EthernetPort.jpg\" target=\"_blank\"><span style=\"font-weight: 400;\">Ethernet port</span></a><span style=\"font-weight: 400;\"> (if you don&rsquo;t have one, you can use an </span><a rel=\"noopener\" href=\"https://www.bimmer-tech.net/customer_support/Remote_coding/Instructions/LAN_MAC.jpg\" target=\"_blank\"><span style=\"font-weight: 400;\">adapter</span></a><span style=\"font-weight: 400;\">).</span></p>\r\n<p><span style=\"font-weight: 400;\">Watch the video to understand the cable activation process better.</span></p>\r\n<p><custom-iframe style=\"margin: auto;\" src=\"https://www.youtube.com/embed/EeNw6MPzpck\" frameborder=\"0\" width=\"560\" height=\"315\" allow=\"accelerometer; autoplay; encrypted-media; gyroscope; picture-in-picture\" position=\"center\" contenteditable=\"false\"></custom-iframe></p>\r\n<p><span style=\"font-weight: 400;\">The Enhanced Bluetooth package includes everything necessary for the cable activation:</span></p>\r\n<ul>\r\n<li style=\"font-weight: 400;\"><span style=\"font-weight: 400;\">Remote activation service</span></li>\r\n<li style=\"font-weight: 400;\"><span style=\"font-weight: 400;\">Coding interface (if you add it to your order in the top </span><em><span style=\"font-weight: 400;\">Option</span></em><span style=\"font-weight: 400;\"> section)</span></li>\r\n</ul>', NULL, NULL),
(551, NULL, 'ComAccessCodingAddOn', '2019-05-08 13:01:19', '2019-05-10 09:47:04', 1, 'choice', 0, NULL, 0, NULL, NULL, 'In order to use Comfort Access with your new key fob, it is necessary to delete your previous key fob from the vehicle\'s memory. We do it during a remote coding session with a dedicated BimmerTech technician.', 'codding', NULL, NULL, NULL, NULL),
(552, 210, 'RearCamMMI_i3_MINI', '2019-05-08 13:18:47', '2019-05-14 10:06:09', 1, 'choice', 0, 'A BimmerTech original backup camera with a full-screen image and handy add-ons.', 1, '<p>*PDC is not included in the Rear View Camera (OEM Integration) kit. You can buy it separately <a href=\"http://testshop.bimmer-tech.net/category-pdc-park-distance-control-retrofit-oem-pdcretrofit\" target=\"_blank\">here</a>. Without PDC, a static image of a car will be displayed on one side of the screen.</p>\r\n\r\n<p>To learn more about the differences between the cameras, read our detailed <a href=\"https://www.bimmer-tech.net/blog/item/1-bimmertech-blog\" target=\"_blank\">blog post</a>.</p>', '<p>Check our 3 types of backup cameras and choose the park assist kit that suits you.</p>\r\n\r\n<p>To find out whether your vehicle is compatible with one, all or none of the upgrades, please provide your VIN.</p>', NULL, NULL, '<p><span style=\"font-weight: 400;\">The Rear View Camera (MMI) is created for those drivers who expect more than just a park assist functionality from a BMW backup camera upgrade. It is designed to make your car flexible and compatible with a host of technological upgrades. Because the </span><span style=\"font-weight: 400;\">sky </span><span style=\"font-weight: 400;\">&nbsp;factory pre-set features are not the limit. &nbsp;</span></p>\r\n<p><span style=\"font-weight: 400;\">This BMW rear view camera doesn&rsquo;t use the native camera mode of your car. Instead, its display overrides the iDrive screen when the car is put in reverse. The image takes up the full screen, giving a bigger and clearer picture of what&rsquo;s behind you. </span></p>\r\n<p><span style=\"font-weight: 400;\">This retrofit is ideal for drivers looking for a flexible park assist solution that leaves room for customizing and expanding your vehicle&rsquo;s features. The BMW backup camera kit includes a Multimedia Interface (MMI) &mdash; a BimmerTech original module that makes it easy to add a Front View Camera, one of our mirroring devices (SmartView HD Flex, SmartView Apple TV3 or SmartView Apple TV4).</span></p>', '<p><span style=\"font-weight: 400;\">The installation of the Rear View Camera MMI doesn&rsquo;t require any remote coding and takes up to 3&ndash;4h. The retrofit kit includes all parts necessary to add a rear view camera to your BMW:</span></p>\r\n<ul>\r\n<li style=\"font-weight: 400;\"><span style=\"font-weight: 400;\">Trunk lid&ndash;mounted camera </span></li>\r\n<li style=\"font-weight: 400;\"><span style=\"font-weight: 400;\">Multimedia interface (MMI)</span></li>\r\n<li style=\"font-weight: 400;\"><span style=\"font-weight: 400;\">Wiring harness</span></li>\r\n</ul>\r\n<p><span style=\"font-weight: 400;\">Please note that the installation requires cutting a small hole in the rear bumper. All the necessary instructions for this step will be included into the manual.</span></p>\r\n<p><span style=\"font-weight: 400;\">To learn more about the installation, watch this video:</span></p>\r\n<p><custom-iframe style=\"margin: auto;\" src=\"https://www.youtube.com/embed/20r7ZpkXddw\" frameborder=\"0\" width=\"560\" height=\"315\" allow=\"accelerometer; autoplay; encrypted-media; gyroscope; picture-in-picture\" position=\"center\" contenteditable=\"false\"></custom-iframe></p>\r\n<p><span style=\"font-weight: 400;\">The manual for the installation will be added to your personal account within 72 hours after shipping the camera. Each manual is compiled for every specific model so it should include all the necessary informations. But if you have any questions, don&rsquo;t hesitate to contact our tech support. </span></p>', NULL, NULL),
(553, 210, 'RearCamMMIE63_E64_E89_F20_F21_F39', '2019-05-08 14:14:54', '2019-05-14 10:06:42', 1, 'choice', 0, 'A BimmerTech original backup camera with a full-screen image and handy add-ons.', 1, '<p>*PDC is not included in the Rear View Camera (OEM Integration) kit. You can buy it separately <a href=\"http://testshop.bimmer-tech.net/category-pdc-park-distance-control-retrofit-oem-pdcretrofit\" target=\"_blank\">here</a>. Without PDC, a static image of a car will be displayed on one side of the screen.</p>\r\n\r\n<p>To learn more about the differences between the cameras, read our detailed <a href=\"https://www.bimmer-tech.net/blog/item/1-bimmertech-blog\" target=\"_blank\">blog post</a>.</p>', '<p>Check our 3 types of backup cameras and choose the park assist kit that suits you.</p>\r\n\r\n<p>To find out whether your vehicle is compatible with one, all or none of the upgrades, please provide your VIN.</p>', NULL, NULL, '<p><span style=\"font-weight: 400;\">The Rear View Camera (MMI) is created for those drivers who expect more than just a park assist functionality from a BMW backup camera upgrade. It is designed to make your car flexible and compatible with a host of technological upgrades. Because the </span><span style=\"font-weight: 400;\">sky </span><span style=\"font-weight: 400;\">&nbsp;factory pre-set features are not the limit. &nbsp;</span></p>\r\n<p><span style=\"font-weight: 400;\">This BMW rear view camera doesn&rsquo;t use the native camera mode of your car. Instead, its display overrides the iDrive screen when the car is put in reverse. The image takes up the full screen, giving a bigger and clearer picture of what&rsquo;s behind you. </span></p>\r\n<p><span style=\"font-weight: 400;\">This retrofit is ideal for drivers looking for a flexible park assist solution that leaves room for customizing and expanding your vehicle&rsquo;s features. The BMW backup camera kit includes a Multimedia Interface (MMI) &mdash; a BimmerTech original module that makes it easy to add a Front View Camera, one of our mirroring devices (SmartView HD Flex, SmartView Apple TV3 or SmartView Apple TV4).</span></p>', '<p><span style=\"font-weight: 400;\">The installation of the Rear View Camera MMI doesn&rsquo;t require any remote coding and takes up to 3&ndash;4h. The retrofit kit includes all parts necessary to add a rear view camera to your BMW:</span></p>\r\n<ul>\r\n<li style=\"font-weight: 400;\"><span style=\"font-weight: 400;\">Trunk lid&ndash;mounted camera </span></li>\r\n<li style=\"font-weight: 400;\"><span style=\"font-weight: 400;\">Multimedia interface (MMI)</span></li>\r\n<li style=\"font-weight: 400;\"><span style=\"font-weight: 400;\">Wiring harness</span></li>\r\n</ul>\r\n<p><span style=\"font-weight: 400;\">Please note that the installation requires cutting a small hole in the rear bumper. All the necessary instructions for this step will be included into the manual.</span></p>\r\n<p><span style=\"font-weight: 400;\">To learn more about the installation, watch this video:</span></p>\r\n<p><custom-iframe style=\"margin: auto;\" src=\"https://www.youtube.com/embed/20r7ZpkXddw\" frameborder=\"0\" width=\"560\" height=\"315\" allow=\"accelerometer; autoplay; encrypted-media; gyroscope; picture-in-picture\" position=\"center\" contenteditable=\"false\"></custom-iframe></p>\r\n<p><span style=\"font-weight: 400;\">The manual for the installation will be added to your personal account within 72 hours after shipping the camera. Each manual is compiled for every specific model so it should include all the necessary informations. But if you have any questions, don&rsquo;t hesitate to contact our tech support. </span></p>', NULL, NULL),
(554, 212, 'KeyFobE', '2019-05-09 08:26:48', '2019-05-13 13:03:16', 1, 'choice', 0, 'Replace a damaged key fob or get a spare one straight from the BMW factory.', 1, NULL, NULL, NULL, NULL, '<p>Sometimes remote key fobs get damaged, and sometimes you need spares for your family. In any of these scenarios you might think that getting a replacement is cumbersome. But we assure you that with BimmerTech the process is simple and smooth.</p>\r\n<p>You can order a BMW key fob from us and get a perfectly matched retrofit in a few days. It comes pre-programmed by BMW itself for your specific model and resembles your factory remote key, having the same look and features. It doesn&rsquo;t require any coding &mdash; you just need to follow a few instructions to get it activated and that&rsquo;s all.</p>\r\n<p>The internal blade from your original key fob will fit perfectly into the replacement. However, if you&rsquo;d like to purchase a new one, you can add it to your order in our Options section.</p>\r\n<p>The BMW replacement key fob will be 100% compatible with your vehicle\'s ignition immobilizer code. It includes an original BMW embedded transponder ignition lock chip.</p>\r\n<p>Please note that we don&rsquo;t fulfill orders without evidence of ownership of the vehicle. After you place an order and make a payment, you need to send a copy of your vehicle registration and driver\'s license, both with the same name, to keyfobs@bimmer-tech.net, complete with your order number.</p>', '<p>The activation instructions appear in the personal account within 72 hours after the purchased product is shipped. They are created and customized for each specific model. But in case of any additional questions, our technical support is always ready to help.</p>\r\n<p>To activate your key fob:</p>\r\n<ul>\r\n<li style=\"font-weight: 400;\">Turn your car on and off with your existing key</li>\r\n<li style=\"font-weight: 400;\">Insert your new BMW remote key</li>\r\n<li style=\"font-weight: 400;\">Hold it all the way in the slot for 20 seconds until it&rsquo;s activated</li>\r\n</ul>', NULL, NULL),
(555, 210, 'RearCamMMINBTEvo_cuttingahole', '2019-05-09 08:28:53', '2019-05-14 10:16:41', 1, 'choice', 0, 'A BimmerTech original backup camera with a full-screen image and handy add-ons.', 1, '<p>*PDC is not included in the Rear View Camera (OEM Integration) kit. You can buy it separately <a href=\"http://testshop.bimmer-tech.net/category-pdc-park-distance-control-retrofit-oem-pdcretrofit\" target=\"_blank\">here</a>. Without PDC, a static image of a car will be displayed on one side of the screen.</p>\r\n\r\n<p>To learn more about the differences between the cameras, read our detailed <a href=\"https://www.bimmer-tech.net/blog/item/1-bimmertech-blog\" target=\"_blank\">blog post</a>.</p>', '<p>Check our 3 types of backup cameras and choose the park assist kit that suits you.</p>\r\n\r\n<p>To find out whether your vehicle is compatible with one, all or none of the upgrades, please provide your VIN.</p>', NULL, NULL, '<p><span style=\"font-weight: 400;\">The Rear View Camera (MMI) is created for those drivers who expect more than just a park assist functionality from a BMW backup camera upgrade. It is designed to make your car flexible and compatible with a host of technological upgrades. Because the </span><span style=\"font-weight: 400;\">sky </span><span style=\"font-weight: 400;\">&nbsp;factory pre-set features are not the limit. &nbsp;</span></p>\r\n<p><span style=\"font-weight: 400;\">This BMW rear view camera doesn&rsquo;t use the native camera mode of your car. Instead, its display overrides the iDrive screen when the car is put in reverse. The image takes up the full screen, giving a bigger and clearer picture of what&rsquo;s behind you. </span></p>\r\n<p><span style=\"font-weight: 400;\">This retrofit is ideal for drivers looking for a flexible park assist solution that leaves room for customizing and expanding your vehicle&rsquo;s features. The BMW backup camera kit includes a Multimedia Interface (MMI) &mdash; a BimmerTech original module that makes it easy to add a Front View Camera, one of our mirroring devices (SmartView HD Flex, SmartView Apple TV3 or SmartView Apple TV4).</span></p>', '<p><span style=\"font-weight: 400;\">The installation of the Rear View Camera MMI doesn&rsquo;t require any remote coding and takes up to 3&ndash;4h. The retrofit kit includes all parts necessary to add a rear view camera to your BMW:</span></p>\r\n<ul>\r\n<li style=\"font-weight: 400;\"><span style=\"font-weight: 400;\">Trunk lid&ndash;mounted camera </span></li>\r\n<li style=\"font-weight: 400;\"><span style=\"font-weight: 400;\">Multimedia interface (MMI)</span></li>\r\n<li style=\"font-weight: 400;\"><span style=\"font-weight: 400;\">Wiring harness</span></li>\r\n</ul>\r\n<p><span style=\"font-weight: 400;\">Please note that the installation requires cutting a small hole in the rear bumper. All the necessary instructions for this step will be included into the manual.</span></p>\r\n<p><span style=\"font-weight: 400;\">To learn more about the installation, watch this video:</span></p>\r\n<p><custom-iframe style=\"margin: auto;\" src=\"https://www.youtube.com/embed/20r7ZpkXddw\" frameborder=\"0\" width=\"560\" height=\"315\" allow=\"accelerometer; autoplay; encrypted-media; gyroscope; picture-in-picture\" position=\"center\" contenteditable=\"false\"></custom-iframe></p>\r\n<p><span style=\"font-weight: 400;\">The manual for the installation will be added to your personal account within 72 hours after shipping the camera. Each manual is compiled for every specific model so it should include all the necessary informations. But if you have any questions, don&rsquo;t hesitate to contact our tech support. </span></p>', NULL, NULL),
(556, 210, 'RearCamMMIStaticLines', '2019-05-09 08:45:09', '2019-05-14 10:16:55', 1, 'choice', 0, 'A BimmerTech original backup camera with a full-screen image and handy add-ons.', 1, '<p>*PDC is not included in the Rear View Camera (OEM Integration) kit. You can buy it separately <a href=\"http://testshop.bimmer-tech.net/category-pdc-park-distance-control-retrofit-oem-pdcretrofit\">here.</a> Without PDC, a static image of a car will be displayed on one side of the screen.</p>\r\n\r\n<p>To learn more about the differences between the cameras, read our detailed <a href=\"https://www.bimmer-tech.net/blog/item/1-bimmertech-blog\">blog post</a>.</p>', '<p>Check our 3 types of backup cameras and choose the park assist kit that suits you.</p>\r\n\r\n<p>To find out whether your vehicle is compatible with one, all or none of the upgrades, please provide your VIN.</p>', NULL, NULL, '<p><span style=\"font-weight: 400;\">The Rear View Camera (MMI) is created for those drivers who expect more than just a park assist functionality from a BMW backup camera upgrade. It is designed to make your car flexible and compatible with a host of technological upgrades. Because the </span><span style=\"font-weight: 400;\">sky </span><span style=\"font-weight: 400;\">&nbsp;factory pre-set features are not the limit. &nbsp;</span></p>\r\n<p><span style=\"font-weight: 400;\">This BMW rear view camera doesn&rsquo;t use the native camera mode of your car. Instead, its display overrides the iDrive screen when the car is put in reverse. The image takes up the full screen, giving a bigger and clearer picture of what&rsquo;s behind you. </span></p>\r\n<p><span style=\"font-weight: 400;\">This retrofit is ideal for drivers looking for a flexible park assist solution that leaves room for customizing and expanding your vehicle&rsquo;s features. The BMW backup camera kit includes a Multimedia Interface (MMI) &mdash; a BimmerTech original module that makes it easy to add a Front View Camera, one of our mirroring devices (SmartView HD Flex, SmartView Apple TV3 or SmartView Apple TV4).</span></p>', '<p><span style=\"font-weight: 400;\">The installation of the Rear View Camera MMI is absolutely plug &amp; play. It doesn&rsquo;t require any remote coding and takes up to 3&ndash;4h. Moreover, no permanent modifications are needed, so the kit is completely lease-friendly. </span></p>\r\n<p><span style=\"font-weight: 400;\">The retrofit kit includes all parts necessary to add a rear view camera to your BMW:</span></p>\r\n<ul>\r\n<li style=\"font-weight: 400;\"><span style=\"font-weight: 400;\">Trunk lid&ndash;mounted camera </span></li>\r\n<li style=\"font-weight: 400;\"><span style=\"font-weight: 400;\">Multimedia interface (MMI)</span></li>\r\n<li style=\"font-weight: 400;\"><span style=\"font-weight: 400;\">Wiring harness</span></li>\r\n</ul>\r\n<p><span style=\"font-weight: 400;\">To learn more about the installation, watch this video:</span></p>\r\n<p><custom-iframe style=\"margin: auto;\" src=\"https://www.youtube.com/embed/ia6YKmxC6Fw\" frameborder=\"0\" width=\"560\" height=\"315\" allow=\"accelerometer; autoplay; encrypted-media; gyroscope; picture-in-picture\" position=\"center\" contenteditable=\"false\"></custom-iframe></p>\r\n<p><span style=\"font-weight: 400;\">The manual for the installation will be added to your personal account within 72 hours after shipping the camera. Each manual is compiled for every specific model so it should include all the necessary informations. But if you have any questions, don&rsquo;t hesitate to contact our tech support. </span></p>', NULL, NULL),
(557, 210, 'RearCamMMIStaticLinesE63_E64_E89', '2019-05-09 09:03:02', '2019-05-14 10:22:45', 1, 'choice', 0, 'A BimmerTech original backup camera with a full-screen image and handy add-ons.', 1, '<p>*PDC is not included in the Rear View Camera (OEM Integration) kit. You can buy it separately <a href=\"http://testshop.bimmer-tech.net/category-pdc-park-distance-control-retrofit-oem-pdcretrofit\" target=\"_blank\">here</a>. Without PDC, a static image of a car will be displayed on one side of the screen.</p>\r\n\r\n<p>To learn more about the differences between the cameras, read our detailed <a href=\"https://www.bimmer-tech.net/blog/item/1-bimmertech-blog\" target=\"_blank\">blog post</a>.</p>\r\n\r\n<p>&nbsp;</p>', '<p>Check our 3 types of backup cameras and choose the park assist kit that suits you.</p>\r\n\r\n<p>To find out whether your vehicle is compatible with one, all or none of the upgrades, please provide your VIN.</p>', NULL, NULL, '<p><span style=\"font-weight: 400;\">The Rear View Camera (MMI) is created for those drivers who expect more than just a park assist functionality from a BMW backup camera upgrade. It is designed to make your car flexible and compatible with a host of technological upgrades. Because the </span><span style=\"font-weight: 400;\">sky </span><span style=\"font-weight: 400;\">&nbsp;factory pre-set features are not the limit. &nbsp;</span></p>\r\n<p><span style=\"font-weight: 400;\">This BMW rear view camera doesn&rsquo;t use the native camera mode of your car. Instead, its display overrides the iDrive screen when the car is put in reverse. The image takes up the full screen, giving a bigger and clearer picture of what&rsquo;s behind you. </span></p>\r\n<p><span style=\"font-weight: 400;\">This retrofit is ideal for drivers looking for a flexible park assist solution that leaves room for customizing and expanding your vehicle&rsquo;s features. The BMW backup camera kit includes a Multimedia Interface (MMI) &mdash; a BimmerTech original module that makes it easy to add a Front View Camera, one of our mirroring devices (SmartView HD Flex, SmartView Apple TV3 or SmartView Apple TV4).</span></p>', '<p><span style=\"font-weight: 400;\">The installation of the Rear View Camera MMI is absolutely plug &amp; play. It doesn&rsquo;t require any remote coding and takes up to 3&ndash;4h. Moreover, no permanent modifications are needed, so the kit is completely lease-friendly. </span></p>\r\n<p><span style=\"font-weight: 400;\">The retrofit kit includes all parts necessary to add a rear view camera to your BMW:</span></p>\r\n<ul>\r\n<li style=\"font-weight: 400;\"><span style=\"font-weight: 400;\">Trunk lid&ndash;mounted camera </span></li>\r\n<li style=\"font-weight: 400;\"><span style=\"font-weight: 400;\">Multimedia interface (MMI)</span></li>\r\n<li style=\"font-weight: 400;\"><span style=\"font-weight: 400;\">Wiring harness</span></li>\r\n</ul>\r\n<p><span style=\"font-weight: 400;\">To learn more about the installation, watch this video:</span></p>\r\n<p><custom-iframe style=\"margin: auto;\" src=\"https://www.youtube.com/embed/ia6YKmxC6Fw\" frameborder=\"0\" width=\"560\" height=\"315\" allow=\"accelerometer; autoplay; encrypted-media; gyroscope; picture-in-picture\" position=\"center\" contenteditable=\"false\"></custom-iframe></p>\r\n<p><span style=\"font-weight: 400;\">Please note that the installation requires cutting a small hole in the rear bumper. All the necessary instructions for this step will be included into the manual.</span></p>\r\n<p><span style=\"font-weight: 400;\">The manual for the installation will be added to your personal account within 72 hours after shipping the camera. Each manual is compiled for every specific model so it should include all the necessary informations. But if you have any questions, don&rsquo;t hesitate to contact our tech support. </span></p>', NULL, NULL),
(558, NULL, 'StaticParkingLinesAddOn', '2019-05-09 09:21:44', '2019-05-09 09:25:42', 1, 'choice', 0, NULL, 0, NULL, NULL, 'These are colorful lines on the screen that indicate the projected path and help avoid obstruction & back up/park safely.', NULL, NULL, NULL, NULL, NULL),
(559, 210, 'RearCamMMItheRest', '2019-05-09 10:02:12', '2019-05-14 10:23:12', 1, 'choice', 0, 'A BimmerTech original backup camera with a full-screen image and handy add-ons.', 1, '<p>*PDC is not included in the Rear View Camera (OEM Integration) kit. You can buy it separately&nbsp;<a href=\"http://testshop.bimmer-tech.net/category-pdc-park-distance-control-retrofit-oem-pdcretrofit\" target=\"_blank\"> here.</a> Without PDC, a static image of a car will be displayed on one side of the screen.</p>\r\n\r\n<p>To learn more about the differences between the cameras, read our detailed <a href=\"https://www.bimmer-tech.net/blog/item/1-bimmertech-blog\" target=\"_blank\">blog post</a>.</p>', '<p>Check our 3 types of backup cameras and choose the park assist kit that suits you.</p>\r\n\r\n<p>To find out whether your vehicle is compatible with one, all or none of the upgrades, please provide your VIN</p>', NULL, NULL, '<p><span style=\"font-weight: 400;\">The Rear View Camera (MMI) is created for those drivers who expect more than just a park assist functionality from a BMW backup camera upgrade. It is designed to make your car flexible and compatible with a host of technological upgrades. Because the </span><span style=\"font-weight: 400;\">sky </span><span style=\"font-weight: 400;\">&nbsp;factory pre-set features are not the limit. &nbsp;</span></p>\r\n<p><span style=\"font-weight: 400;\">This BMW rear view camera doesn&rsquo;t use the native camera mode of your car. Instead, its display overrides the iDrive screen when the car is put in reverse. The image takes up the full screen, giving a bigger and clearer picture of what&rsquo;s behind you. </span></p>\r\n<p><span style=\"font-weight: 400;\">This retrofit is ideal for drivers looking for a flexible park assist solution that leaves room for customizing and expanding your vehicle&rsquo;s features. The BMW backup camera kit includes a Multimedia Interface (MMI) &mdash; a BimmerTech original module that makes it easy to add a Front View Camera, one of our mirroring devices (SmartView HD Flex, SmartView Apple TV3 or SmartView Apple TV4).</span></p>', '<p><span style=\"font-weight: 400;\">The installation of the Rear View Camera MMI is absolutely plug &amp; play. It doesn&rsquo;t require any remote coding and takes up to 3&ndash;4h. Moreover, no permanent modifications are needed, so the kit is completely lease-friendly. </span></p>\r\n<p><span style=\"font-weight: 400;\">The retrofit kit includes all parts necessary to add a rear view camera to your BMW:</span></p>\r\n<ul>\r\n<li style=\"font-weight: 400;\"><span style=\"font-weight: 400;\">Trunk lid&ndash;mounted camera </span></li>\r\n<li style=\"font-weight: 400;\"><span style=\"font-weight: 400;\">Multimedia interface (MMI)</span></li>\r\n<li style=\"font-weight: 400;\"><span style=\"font-weight: 400;\">Wiring harness</span></li>\r\n</ul>\r\n<p><span style=\"font-weight: 400;\">To learn more about the installation, watch this video:</span></p>\r\n<p><custom-iframe style=\"margin: auto;\" src=\"https://www.youtube.com/embed/SksfQZnKILg\" frameborder=\"0\" width=\"560\" height=\"315\" allow=\"accelerometer; autoplay; encrypted-media; gyroscope; picture-in-picture\" position=\"center\" contenteditable=\"false\"></custom-iframe></p>\r\n<p><span style=\"font-weight: 400;\">The manual for the installation will be added to your personal account within 72 hours after shipping the camera. Each manual is compiled for every specific model so it should include all the necessary informations. But if you have any questions, don&rsquo;t hesitate to contact our tech support. </span></p>', NULL, NULL),
(560, 210, 'RearCamMMIE60_E61', '2019-05-09 10:19:57', '2019-05-14 10:25:33', 1, 'choice', 0, 'A BimmerTech original backup camera with a full-screen image and handy add-ons.', 1, '<p>*PDC is not included in the Rear View Camera (OEM Integration) kit. You can buy it separately <a href=\"http://testshop.bimmer-tech.net/category-pdc-park-distance-control-retrofit-oem-pdcretrofit\">here</a>. Without PDC, a static image of a car will be displayed on one side of the screen.</p>\r\n\r\n<p>To learn more about the differences between the cameras, read our detailed <a href=\"https://www.bimmer-tech.net/blog/item/1-bimmertech-blog\">blog post</a>.</p>', '<p>Check our 3 types of backup cameras and choose the park assist kit that suits you.</p>\r\n\r\n<p>To find out whether your vehicle is compatible with one, all or none of the upgrades, please provide your VIN.</p>', NULL, NULL, '<p><span style=\"font-weight: 400;\">The Rear View Camera (MMI) is created for those drivers who expect more than just a park assist functionality from a BMW backup camera upgrade. It is designed to make your car flexible and compatible with a host of technological upgrades. Because the </span><span style=\"font-weight: 400;\">sky </span><span style=\"font-weight: 400;\">&nbsp;factory pre-set features are not the limit. &nbsp;</span></p>\r\n<p><span style=\"font-weight: 400;\">This BMW rear view camera doesn&rsquo;t use the native camera mode of your car. Instead, its display overrides the iDrive screen when the car is put in reverse. The image takes up the full screen, giving a bigger and clearer picture of what&rsquo;s behind you. </span></p>\r\n<p><span style=\"font-weight: 400;\">This retrofit is ideal for drivers looking for a flexible park assist solution that leaves room for customizing and expanding your vehicle&rsquo;s features. The BMW backup camera kit includes a Multimedia Interface (MMI) &mdash; a BimmerTech original module that makes it easy to add a Front View Camera, one of our mirroring devices (SmartView HD Flex, SmartView Apple TV3 or SmartView Apple TV4).</span></p>', '<p><span style=\"font-weight: 400;\">The installation of the Rear View Camera MMI is absolutely plug &amp; play. It doesn&rsquo;t require any remote coding and takes up to 3&ndash;4h. Moreover, no permanent modifications are needed, so the kit is completely lease-friendly. </span></p>\r\n<p><span style=\"font-weight: 400;\">The retrofit kit includes all parts necessary to add a rear view camera to your BMW:</span></p>\r\n<ul>\r\n<li style=\"font-weight: 400;\"><span style=\"font-weight: 400;\">Trunk lid&ndash;mounted camera </span></li>\r\n<li style=\"font-weight: 400;\"><span style=\"font-weight: 400;\">Multimedia interface (MMI)</span></li>\r\n<li style=\"font-weight: 400;\"><span style=\"font-weight: 400;\">Wiring harness</span></li>\r\n</ul>\r\n<p><span style=\"font-weight: 400;\">To learn more about the installation, watch this video:</span></p>\r\n<p><custom-iframe style=\"margin: auto;\" src=\"https://www.youtube.com/embed/SksfQZnKILg\" frameborder=\"0\" width=\"560\" height=\"315\" allow=\"accelerometer; autoplay; encrypted-media; gyroscope; picture-in-picture\" position=\"center\" contenteditable=\"false\"></custom-iframe></p>\r\n<p><span style=\"font-weight: 400;\">The manual for the installation will be added to your personal account within 72 hours after shipping the camera. Each manual is compiled for every specific model so it should include all the necessary informations. But if you have any questions, don&rsquo;t hesitate to contact our tech support. </span></p>', NULL, NULL),
(561, 210, 'RearCamMMINBTEvo', '2019-05-09 10:33:40', '2019-05-14 10:26:34', 1, 'choice', 0, 'A BimmerTech original backup camera with a full-screen image and handy add-ons.', 1, '<p>*PDC is not included in the Rear View Camera (OEM Integration) kit. You can buy it separately <a href=\"http://testshop.bimmer-tech.net/category-pdc-park-distance-control-retrofit-oem-pdcretrofit\" target=\"_blank\">here</a>. Without PDC, a static image of a car will be displayed on one side of the screen.&nbsp;</p>\r\n\r\n<p>To learn more about the differences between the cameras, read our detailed <a href=\"http://www.bimmer-tech.net/blog/item/1-bimmertech-blog\" target=\"_blank\">blog post</a>.&nbsp;<br />\r\n&nbsp;</p>', '<p>Check our 3 types of backup cameras and choose the park assist kit that suits you.</p>\r\n\r\n<p>To find out whether your vehicle is compatible with one, all or none of the upgrades, please provide your VIN.</p>', NULL, NULL, '<p><span style=\"font-weight: 400;\">The Rear View Camera (MMI) is created for those drivers who expect more than just a park assist functionality from a BMW backup camera upgrade. It is designed to make your car flexible and compatible with a host of technological upgrades. Because the </span><span style=\"font-weight: 400;\">sky </span><span style=\"font-weight: 400;\">&nbsp;factory pre-set features are not the limit. &nbsp;</span></p>\r\n<p><span style=\"font-weight: 400;\">This BMW rear view camera doesn&rsquo;t use the native camera mode of your car. Instead, its display overrides the iDrive screen when the car is put in reverse. The image takes up the full screen, giving a bigger and clearer picture of what&rsquo;s behind you. </span></p>\r\n<p><span style=\"font-weight: 400;\">This retrofit is ideal for drivers looking for a flexible park assist solution that leaves room for customizing and expanding your vehicle&rsquo;s features. The BMW backup camera kit includes a Multimedia Interface (MMI) &mdash; a BimmerTech original module that makes it easy to add a Front View Camera, one of our mirroring devices (SmartView HD Flex, SmartView Apple TV3 or SmartView Apple TV4).</span></p>', '<p><span style=\"font-weight: 400;\">The installation of the Rear View Camera MMI is absolutely plug &amp; play. It doesn&rsquo;t require any remote coding and takes up to 3&ndash;4h. Moreover, no permanent modifications are needed, so the kit is completely lease-friendly. </span></p>\r\n<p><span style=\"font-weight: 400;\">The retrofit kit includes all parts necessary to add a rear view camera to your BMW:</span></p>\r\n<ul>\r\n<li style=\"font-weight: 400;\"><span style=\"font-weight: 400;\">Trunk lid&ndash;mounted camera </span></li>\r\n<li style=\"font-weight: 400;\"><span style=\"font-weight: 400;\">Multimedia interface (MMI)</span></li>\r\n<li style=\"font-weight: 400;\"><span style=\"font-weight: 400;\">Wiring harness</span></li>\r\n</ul>\r\n<p><span style=\"font-weight: 400;\">To learn more about the installation, watch this video:</span></p>\r\n<p><custom-iframe style=\"margin: auto;\" src=\"https://www.youtube.com/embed/SksfQZnKILg\" frameborder=\"0\" width=\"560\" height=\"315\" allow=\"accelerometer; autoplay; encrypted-media; gyroscope; picture-in-picture\" position=\"center\" contenteditable=\"false\"></custom-iframe></p>\r\n<p><span style=\"font-weight: 400;\">The manual for the installation will be added to your personal account within 72 hours after shipping the camera. Each manual is compiled for every specific model so it should include all the necessary informations. But if you have any questions, don&rsquo;t hesitate to contact our tech support. </span></p>', NULL, NULL);
INSERT INTO `sylius_product` (`id`, `main_taxon_id`, `code`, `created_at`, `updated_at`, `enabled`, `variant_selection_method`, `average_rating`, `taxon_decription`, `recomended`, `buyers_footer_content`, `buyers_header_content`, `addon_information`, `type`, `description`, `installer`, `flagName`, `flagColor_id`) VALUES
(562, 203, '6WBClusterG01_G30_G31', '2019-05-09 10:36:18', '2019-05-14 12:26:40', 1, 'choice', 0, 'Experience Comfort, Sport or Eco Pro modes in a new way with a digital instrument cluster.', 1, NULL, NULL, NULL, NULL, '<p><span style=\"font-weight: 400;\">Amplifying your driving experience is not a whim &mdash; it&rsquo;s making the absolute most of your BMW&rsquo;s potential. And the 6WB BMW OEM Digital Cluster is exactly what your car needs to reach the next level of comfort and confidence behind the wheel. </span></p>\r\n<p><span style=\"font-weight: 400;\">The instrument panel is fully digitized. It has different setups for three driving modes &mdash; a rather usual and calm display for Comfort mode, a touch of blue and eco style features in Eco Pro mode and a more aggressive look in Sport Mode. Sport+ setup appears the same as the Sport one, save for the deactivated traction control.</span></p>\r\n<p><custom-iframe style=\"margin: auto;\" src=\"https://www.youtube.com/embed/tWfKnY2pCYI\" frameborder=\"0\" width=\"560\" height=\"315\" allow=\"accelerometer; autoplay; encrypted-media; gyroscope; picture-in-picture\" position=\"center\" contenteditable=\"false\"></custom-iframe></p>\r\n<p><span style=\"font-weight: 400;\">The center portion of the 6WB cluster can show your car in real time &mdash; when some of your doors are opened, it is accurately displayed on the panel. When you turn on navigation, the instructions will be also indicated on the digital cluster.</span></p>\r\n<p><span style=\"font-weight: 400;\">In addition, this multifunctional instrument panel shows the information from the driver assistance systems, such as the nearest gas stations, speed limits, etc.</span></p>', '<p><span style=\"font-weight: 400;\">The process itself consists of 2 main steps:</span></p>\r\n<ol>\r\n<li style=\"font-weight: 400;\"><span style=\"font-weight: 400;\">Fully plug &amp; play installation (takes up to 1h)</span></li>\r\n<li style=\"font-weight: 400;\"><span style=\"font-weight: 400;\">Coding (after the installation is finished, it is necessary to schedule a remote coding session with a BimmerTech technician)</span></li>\r\n</ol>\r\n<p><span style=\"font-weight: 400;\">The kit includes all parts necessary for a complete installation:</span></p>\r\n<ul>\r\n<li style=\"font-weight: 400;\"><span style=\"font-weight: 400;\">6WB digital instrument cluster </span></li>\r\n<li style=\"font-weight: 400;\"><span style=\"font-weight: 400;\">Wiring harness</span></li>\r\n<li style=\"font-weight: 400;\"><span style=\"font-weight: 400;\">Coding interface</span></li>\r\n</ul>\r\n<p><span style=\"font-weight: 400;\">The way this 6WB Digital Cluster mounting is completely lease-friendly as there are no permanent modifications needed. </span></p>\r\n<p><span style=\"font-weight: 400;\">To know more about installation, watch the video:</span></p>\r\n<p><custom-iframe style=\"margin: auto;\" src=\"https://www.youtube.com/embed/DFNzsh_-SJk\" frameborder=\"0\" width=\"560\" height=\"315\" allow=\"accelerometer; autoplay; encrypted-media; gyroscope; picture-in-picture\" position=\"center\" contenteditable=\"false\"></custom-iframe><span style=\"font-weight: 400;\">You will be able to find the 6WB Digital cluster installation manual in your personal account within 72 hours after the product is shipped. The manual will be created and customized for your exact car. But in case of any additional questions, our technical support is always ready to help.</span></p>', NULL, NULL),
(563, NULL, 'IntKeyBladeF_G_85_AddOn', '2019-05-09 11:12:41', '2019-05-10 10:54:36', 1, 'choice', 0, NULL, 0, NULL, NULL, 'The key blade from your original key fob will fit perfectly into the replacement. But you can order an extra one in case you lost it or need a spare key.', NULL, NULL, NULL, NULL, NULL),
(564, 174, 'RearCameraOEMInt', '2019-05-09 11:12:42', '2019-05-14 10:33:20', 1, 'choice', 0, 'The same look and feel as a factory-installed camera at a much lower price.', 1, '<p>*PDC is not included in the Rear View Camera (OEM Integration) kit. You can buy it separately <a href=\"http://testshop.bimmer-tech.net/category-pdc-park-distance-control-retrofit-oem-pdcretrofit\" target=\"_blank\">here</a>. Without PDC, a static image of a car will be displayed on one side of the screen.</p>\r\n\r\n<p>To learn more about the differences between the rv backup cameras, read our detailed <a href=\"https://www.bimmer-tech.net/blog/item/1-bimmertech-blog\" target=\"_blank\">blog post</a>.</p>', '<p>Check our 3 types of reverse cameras and choose the park assist kit that suits you.</p>\r\n\r\n<p>To find out whether your vehicle is compatible with one, all or none of the upgrades, please provide your VIN.</p>', NULL, NULL, '<p>Like original BMW rear view cameras and parking assist upgrades, but don&rsquo;t want to pay a fortune for options that (in an ideal world) should be factory-installed without any additional fees? Then you will definitely feel right at home with our budget-friendly Rear View Camera (OEM Integration).</p>\r\n<p>This is a BimmerTech rear view camera retrofit designed to use BMW\'s native iDrive display and camera mode. It has all the major benefits of an OEM BMW backup camera kit including automatic activation, Dynamic Parking Lines, and iDrive integration.</p>\r\n<p>Thanks to a split-screen interface with rear view and Park Distance Control (PDC) displays, it looks the same as the factory BMW backup camera retrofit. Unlike the majority of other aftermarket cameras, it&rsquo;s fully compatible with PDC. But the most important benefit is that your car doesn&rsquo;t have to be equipped with it for the BMW rear view camera to work.</p>', '<p>How to install a backup camera like this? The process of adding rear view camera to BMW consists of 2 main steps:</p>\r\n<ol>\r\n<li style=\"font-weight: 400;\">Fully plug &amp; play installation (takes up to 3&ndash;4h)</li>\r\n<li style=\"font-weight: 400;\">Activation coding which is done remotely with a coding cable &mdash; before the installation it is necessary to schedule a <a href=\"https://www.youtube.com/watch?v=EeNw6MPzpck\">remote coding session</a> with a BimmerTech technician.)</li>\r\n</ol>\r\n<p>The kit includes all parts necessary for a complete installation:</p>\r\n<ul>\r\n<li style=\"font-weight: 400;\">Trunk lid&ndash;mounted camera</li>\r\n<li style=\"font-weight: 400;\">Camera module</li>\r\n<li style=\"font-weight: 400;\">Backup camera wiring harness</li>\r\n<li style=\"font-weight: 400;\">Coding interface</li>\r\n</ul>\r\n<p>The installation is 100% reversible and doesn&rsquo;t require any internal or external modifications to your car.</p>\r\n<p>To learn more about the DIY backup camera, watch this video:</p>\r\n<p><custom-iframe style=\"margin: auto;\" src=\"https://www.youtube.com/embed/C8sD3lBajRg\" frameborder=\"0\" width=\"560\" height=\"315\" allow=\"accelerometer; autoplay; encrypted-media; gyroscope; picture-in-picture\" position=\"center\" contenteditable=\"false\"></custom-iframe></p>\r\n<p>The installation instructions prepared for your specific model will be added to your personal account within 72 hours after the purchased product is shipped. If you have any additional questions regarding the BMW rear view camera car kit, our technical support is always ready to help.</p>', NULL, NULL),
(565, 211, 'NBTEVOID5_5_7Series_F_withNBT_NBTEVOID4', '2019-05-09 12:12:03', '2019-05-13 13:21:57', 1, 'choice', 0, 'Switch to the newest-generation iDrive system and enjoy the latest tech perks.', 1, NULL, NULL, NULL, NULL, '<p><span style=\"font-weight: 400;\">The most technologically advanced retrofits always bring the greatest deal of comfort, especially when it comes to owning a BMW. Our NBT Evo ID5/ID6 Navigation upgrade will certainly add convenience to using the driver assistance systems as well as infotainment perks.</span></p>\r\n<p><custom-iframe style=\"margin: auto;\" src=\"https://www.youtube.com/embed/4HaUDEj1Oyc\" frameborder=\"0\" width=\"560\" height=\"315\" allow=\"accelerometer; autoplay; encrypted-media; gyroscope; picture-in-picture\" position=\"center\" contenteditable=\"false\"></custom-iframe></p>\r\n<p><span style=\"font-weight: 400;\">The kit contains only BMW original parts and FSC-certified codes, so there is no need for aftermarket emulators. It comes either with ID5 or ID6 software &mdash; it&rsquo;s up to you to choose the interface that suits you best and specify it during the purchase.</span></p>\r\n<p><custom-iframe style=\"margin: auto;\" src=\"https://www.youtube.com/embed/tOqXzuSqsqw\" frameborder=\"0\" width=\"560\" height=\"315\" allow=\"accelerometer; autoplay; encrypted-media; gyroscope; picture-in-picture\" position=\"center\" contenteditable=\"false\"></custom-iframe></p>\r\n<p><span style=\"font-weight: 400;\">This BMW NBT Evo upgrade supplies the latest version of the maps for your region, to make navigating through the streets a breeze. In addition, the FSC activation includes such multimedia features as Video &amp; Services in motion, Voice Control and BMW Apps.</span></p>\r\n<p><span style=\"font-weight: 400;\">NBT Evo ID5/ID6 Navigation retrofit also comes with CarPlay built in. This software lets you use iPhone apps like Apple Maps, Waze or Spotify on the native iDrive screen. And with the Siri functionality, driving can&rsquo;t get any safer and comfier. </span></p>\r\n<p><custom-iframe style=\"margin: auto;\" src=\"https://www.youtube.com/embed/8sYmji6nuZg\" frameborder=\"0\" width=\"560\" height=\"315\" allow=\"accelerometer; autoplay; encrypted-media; gyroscope; picture-in-picture\" position=\"center\" contenteditable=\"false\"></custom-iframe></p>\r\n<p><span style=\"font-weight: 400;\">To know the full list of features and possibilities of this kit, read our detailed </span><a rel=\"noopener\" href=\"https://www.bimmer-tech.net/blog/item/58-bmw-nbt-evo-id5-id6-idrive-upgrade\" target=\"_blank\"><span style=\"font-weight: 400;\">blog post.</span></a></p>\r\n<p><span style=\"font-weight: 400;\">Please note that the NBT Evo head unit is slightly used, but in a very good condition. All other parts included in the kit are brand new.</span></p>\r\n<p><span style=\"font-weight: 400;\">Remote Services like locking or unlocking the car with a smartphone, flashing the headlights or sounding the horn from afar, may not work in your vehicle. To learn whether Remote features will be available in your BMW after installation or not, <a href=\"http://testshop.bimmer-tech.net/page-contact\">contact us</a> with your VIN.</span></p>', '<p><span style=\"font-weight: 400;\">The installation instructions appear in the personal account within 72 hours after the purchased product is shipped. They are created and customized for each specific model. But in case of any additional questions, our technical support is always ready to help. </span></p>\r\n<p><span style=\"font-weight: 400;\">The process itself consists of 2 main steps:</span></p>\r\n<ol>\r\n<li style=\"font-weight: 400;\"><span style=\"font-weight: 400;\">Fully plug &amp; play installation (takes up to 3&ndash;4h)</span></li>\r\n<li style=\"font-weight: 400;\"><a rel=\"noopener\" href=\"https://www.youtube.com/watch?v=EeNw6MPzpck\" target=\"_blank\"><span style=\"font-weight: 400;\">Coding </span></a><span style=\"font-weight: 400;\">(after the installation is finished, it is necessary to schedule a remote coding session with a BimmerTech technician)</span></li>\r\n</ol>\r\n<p><span style=\"font-weight: 400;\">The kit includes all parts necessary for a complete installation:</span></p>\r\n<ul>\r\n<li style=\"font-weight: 400;\"><span style=\"font-weight: 400;\">NBT Evo head unit</span></li>\r\n<li style=\"font-weight: 400;\"><span style=\"font-weight: 400;\">Wiring harness</span></li>\r\n<li style=\"font-weight: 400;\"><span style=\"font-weight: 400;\">Coding interface</span></li>\r\n</ul>\r\n<p><span style=\"font-weight: 400;\">The installation is 100% reversible. No permanent modifications to the interior/exterior of your car are needed. </span></p>', NULL, NULL),
(566, NULL, 'SiriusXM_HDRadioAddOn', '2019-05-09 12:40:42', '2019-05-09 12:45:08', 1, 'choice', 0, NULL, 0, NULL, NULL, 'SiriusXM and HD Radio both are digital forms of broadcast radio that use different technologies. SiriusXM exploits satellite technology and gives access to about 150 radio channels (the exact number depends on your model). HD Radio is an extension of the terrestrial radio broadcasting technology.', 'codding', NULL, NULL, NULL, NULL),
(567, NULL, 'DAB_RadioAddOn', '2019-05-09 12:45:21', '2019-05-09 12:47:33', 1, 'choice', 0, NULL, 0, NULL, NULL, 'Digital audio broadcasting (DAB) is a digital radio standard for broadcasting digital audio radio services.', 'codding', NULL, NULL, NULL, NULL),
(568, 211, 'NBTEVOID5_5_7Series_F', '2019-05-09 12:50:26', '2019-05-13 13:21:43', 1, 'choice', 0, 'Switch to the newest-generation iDrive system and enjoy the latest tech perks.', 1, NULL, NULL, NULL, NULL, '<p><span style=\"font-weight: 400;\">The most technologically advanced retrofits always bring the greatest deal of comfort, especially when it comes to owning a BMW. Our NBT Evo ID5/ID6 Navigation upgrade will certainly add convenience to using the driver assistance systems as well as infotainment perks.</span></p>\r\n<p><custom-iframe style=\"margin: auto;\" src=\"https://www.youtube.com/embed/4HaUDEj1Oyc\" frameborder=\"0\" width=\"560\" height=\"315\" allow=\"accelerometer; autoplay; encrypted-media; gyroscope; picture-in-picture\" position=\"center\" contenteditable=\"false\"></custom-iframe></p>\r\n<p><span style=\"font-weight: 400;\">The kit contains only BMW original parts and FSC-certified codes, so there is no need for aftermarket emulators. It comes either with ID5 or ID6 software &mdash; it&rsquo;s up to you to choose the interface that suits you best and specify it during the purchase.</span></p>\r\n<p><custom-iframe style=\"margin: auto;\" src=\"https://www.youtube.com/embed/tOqXzuSqsqw\" frameborder=\"0\" width=\"560\" height=\"315\" allow=\"accelerometer; autoplay; encrypted-media; gyroscope; picture-in-picture\" position=\"center\" contenteditable=\"false\"></custom-iframe></p>\r\n<p><span style=\"font-weight: 400;\">This BMW NBT Evo upgrade supplies the latest version of the maps for your region, to make navigating through the streets a breeze. In addition, the FSC activation includes such multimedia features as Video &amp; Services in motion, Voice Control and BMW Apps.</span></p>\r\n<p><span style=\"font-weight: 400;\">NBT Evo ID5/ID6 Navigation retrofit also comes with CarPlay built in. This software lets you use iPhone apps like Apple Maps, Waze or Spotify on the native iDrive screen. And with the Siri functionality, driving can&rsquo;t get any safer and comfier. </span></p>\r\n<p><custom-iframe style=\"margin: auto;\" src=\"https://www.youtube.com/embed/8sYmji6nuZg\" frameborder=\"0\" width=\"560\" height=\"315\" allow=\"accelerometer; autoplay; encrypted-media; gyroscope; picture-in-picture\" position=\"center\" contenteditable=\"false\"></custom-iframe></p>\r\n<p><span style=\"font-weight: 400;\">To know the full list of features and possibilities of this kit, read our detailed </span><a rel=\"noopener\" href=\"https://www.bimmer-tech.net/blog/item/58-bmw-nbt-evo-id5-id6-idrive-upgrade\" target=\"_blank\"><span style=\"font-weight: 400;\">blog post.</span></a></p>\r\n<p><span style=\"font-weight: 400;\">Please note that the NBT Evo head unit, screen and iDrive Touch controller are slightly used, but in a very good condition. All other parts included in the kit are brand new.<br /></span></p>\r\n<p><span style=\"font-weight: 400;\">Remote Services like locking or unlocking the car with a smartphone, flashing the headlights or sounding the horn from afar, may not work in your vehicle. To learn whether Remote features will be available in your BMW after installation or not, <a href=\"http://testshop.bimmer-tech.net/page-contact\">contact us</a> with your VIN.</span></p>', '<p><span style=\"font-weight: 400;\">The installation instructions appear in the personal account within 72 hours after the purchased product is shipped. They are created and customized for each specific model. But in case of any additional questions, our technical support is always ready to help. </span></p>\r\n<p><span style=\"font-weight: 400;\">The process itself consists of 2 main steps:</span></p>\r\n<ol>\r\n<li style=\"font-weight: 400;\"><span style=\"font-weight: 400;\">Fully plug &amp; play installation (takes up to 3&ndash;4h)</span></li>\r\n<li style=\"font-weight: 400;\"><a rel=\"noopener\" href=\"https://www.youtube.com/watch?v=EeNw6MPzpck\" target=\"_blank\"><span style=\"font-weight: 400;\">Coding </span></a><span style=\"font-weight: 400;\">(after the installation is finished, it is necessary to schedule a remote coding session with a BimmerTech technician)</span></li>\r\n</ol>\r\n<p><span style=\"font-weight: 400;\">The kit includes all parts necessary for a complete installation:</span></p>\r\n<ul>\r\n<li style=\"font-weight: 400;\"><span style=\"font-weight: 400;\">NBT Evo head unit</span></li>\r\n<li style=\"font-weight: 400;\"><span style=\"font-weight: 400;\">10.25&rdquo; high definition screen</span></li>\r\n<li style=\"font-weight: 400;\"><span style=\"font-weight: 400;\">iDrive Touch Controller </span></li>\r\n<li style=\"font-weight: 400;\"><span style=\"font-weight: 400;\">Wiring harness</span></li>\r\n<li style=\"font-weight: 400;\"><span style=\"font-weight: 400;\">Coding interface</span></li>\r\n</ul>\r\n<p><span style=\"font-weight: 400;\">The installation is 100% reversible. No permanent modifications to the interior/exterior of your car are needed. </span></p>', NULL, NULL),
(569, 211, 'NBTEVOID5_1_2_3_4Series_X3_X4_withNBT_NBTEVOID4', '2019-05-09 13:01:45', '2019-05-13 13:21:25', 1, 'choice', 0, 'Switch to the newest-generation iDrive system and enjoy the latest tech perks.', 1, NULL, NULL, NULL, NULL, '<p><span style=\"font-weight: 400;\">The most technologically advanced retrofits always bring the greatest deal of comfort, especially when it comes to owning a BMW. Our NBT Evo ID5/ID6 Navigation upgrade will certainly add convenience to using the driver assistance systems as well as infotainment perks.</span></p>\r\n<p><custom-iframe style=\"margin: auto;\" src=\"https://www.youtube.com/embed/4HaUDEj1Oyc\" frameborder=\"0\" width=\"560\" height=\"315\" allow=\"accelerometer; autoplay; encrypted-media; gyroscope; picture-in-picture\" position=\"center\" contenteditable=\"false\"></custom-iframe></p>\r\n<p><span style=\"font-weight: 400;\">The kit contains only BMW original parts and FSC-certified codes, so there is no need for aftermarket emulators. It comes either with ID5 or ID6 software &mdash; it&rsquo;s up to you to choose the interface that suits you best and specify it during the purchase.</span></p>\r\n<p><custom-iframe style=\"margin: auto;\" src=\"https://www.youtube.com/embed/tOqXzuSqsqw\" frameborder=\"0\" width=\"560\" height=\"315\" allow=\"accelerometer; autoplay; encrypted-media; gyroscope; picture-in-picture\" position=\"center\" contenteditable=\"false\"></custom-iframe></p>\r\n<p><span style=\"font-weight: 400;\">This BMW NBT Evo upgrade supplies the latest version of the maps for your region, to make navigating through the streets a breeze. In addition, the FSC activation includes such multimedia features as Video &amp; Services in motion, Voice Control and BMW Apps.</span></p>\r\n<p><span style=\"font-weight: 400;\">NBT Evo ID5/ID6 Navigation retrofit also comes with CarPlay built in. This software lets you use iPhone apps like Apple Maps, Waze or Spotify on the native iDrive screen. And with the Siri functionality, driving can&rsquo;t get any safer and comfier. </span></p>\r\n<p><custom-iframe style=\"margin: auto;\" src=\"https://www.youtube.com/embed/8sYmji6nuZg\" frameborder=\"0\" width=\"560\" height=\"315\" allow=\"accelerometer; autoplay; encrypted-media; gyroscope; picture-in-picture\" position=\"center\" contenteditable=\"false\"></custom-iframe></p>\r\n<p><span style=\"font-weight: 400;\">To know the full list of features and possibilities of this kit, read our detailed </span><a rel=\"noopener\" href=\"https://www.bimmer-tech.net/blog/item/58-bmw-nbt-evo-id5-id6-idrive-upgrade\" target=\"_blank\"><span style=\"font-weight: 400;\">blog post.</span></a></p>\r\n<p><span style=\"font-weight: 400;\">Please note that the NBT Evo head unit is slightly used, but in a very good condition. All other parts included in the kit are brand new.</span></p>\r\n<p><span style=\"font-weight: 400;\">Remote Services like locking or unlocking the car with a smartphone, flashing the headlights or sounding the horn from afar, may not work in your vehicle. To learn whether Remote features will be available in your BMW after installation or not, <a href=\"http://testshop.bimmer-tech.net/page-contact\">contact us</a> with your VIN.</span></p>', '<p><span style=\"font-weight: 400;\">The installation instructions appear in the personal account within 72 hours after the purchased product is shipped. They are created and customized for each specific model. But in case of any additional questions, our technical support is always ready to help. </span></p>\r\n<p><span style=\"font-weight: 400;\">The process itself consists of 2 main steps:</span></p>\r\n<ol>\r\n<li style=\"font-weight: 400;\"><span style=\"font-weight: 400;\">Fully plug &amp; play installation (takes up to 3&ndash;4h)</span></li>\r\n<li style=\"font-weight: 400;\"><a rel=\"noopener\" href=\"https://www.youtube.com/watch?v=EeNw6MPzpck\" target=\"_blank\"><span style=\"font-weight: 400;\">Coding </span></a><span style=\"font-weight: 400;\">(after the installation is finished, it is necessary to schedule a remote coding session with a BimmerTech technician)</span></li>\r\n</ol>\r\n<p><span style=\"font-weight: 400;\">The kit includes all parts necessary for a complete installation:</span></p>\r\n<ul>\r\n<li style=\"font-weight: 400;\"><span style=\"font-weight: 400;\">NBT Evo head unit</span></li>\r\n<li style=\"font-weight: 400;\"><span style=\"font-weight: 400;\">Wiring harness</span></li>\r\n<li style=\"font-weight: 400;\"><span style=\"font-weight: 400;\">Coding interface</span></li>\r\n</ul>\r\n<p><span style=\"font-weight: 400;\">The installation is 100% reversible. No permanent modifications to the interior/exterior of your car are needed. </span></p>', NULL, NULL),
(570, NULL, 'TouchScreen600AddOn', '2019-05-09 13:16:05', '2019-05-09 13:54:29', 1, 'choice', 0, NULL, 0, NULL, NULL, 'A high resolution BMW touch screen that will amplify your experience of using the NBT Evo ID5/ID6 iDrive system.', NULL, NULL, NULL, NULL, NULL),
(571, 212, 'KeyFobF_G', '2019-05-09 13:25:05', '2019-05-13 13:05:18', 1, 'choice', 0, 'Replace a damaged key fob or get a spare one straight from the BMW factory.', 1, NULL, NULL, NULL, NULL, '<p>Sometimes remote key fobs get damaged, and sometimes you need spares for your family. In any of these scenarios you might think that getting a replacement is cumbersome. But we assure you that with BimmerTech the process is simple and smooth.</p>\r\n<p>You can order a BMW key fob from us and get a perfectly matched retrofit in a few days. It comes pre-programmed by BMW itself for your specific model and resembles your factory remote key, having the same look and features. It doesn&rsquo;t require any coding &mdash; you just need to follow a few instructions to get it activated and that&rsquo;s all.</p>\r\n<p>The internal blade from your original key fob will fit perfectly into the replacement. However, if you&rsquo;d like to purchase a new one, you can add it to your order in our Options section.</p>\r\n<p>The BMW replacement key fob will be 100% compatible with your vehicle\'s ignition immobilizer code. It includes an original BMW embedded transponder ignition lock chip.</p>\r\n<p>If your G-series car initially came with a touchscreen key fob, you will need a Remote <a rel=\"noopener\" href=\"http://testshop.bimmer-tech.net/products-remote-control-display-key-fob\" target=\"_blank\">Control Display Key Fob</a> as a replacement.</p>\r\n<p>Please note that we don&rsquo;t fulfill orders without evidence of ownership of the vehicle. After you place an order and make a payment, you need to send a copy of your vehicle registration and driver\'s license, both with the same name, to keyfobs@bimmer-tech.net, complete with your order number.</p>', '<p><span style=\"font-weight: 400;\">The activation instructions appear in the personal account within 72 hours after the purchased product is shipped. They are created and customized for each specific model. But in case of any additional questions, our technical support is always ready to help.</span></p>\r\n<p><span style=\"font-weight: 400;\">Before starting the activation process, place your existing key fob away from the vehicle to prevent interference. To activate your new key fob: </span></p>\r\n<ul>\r\n<li style=\"font-weight: 400;\"><span style=\"font-weight: 400;\">Hold it against the low battery key mark on the side of the steering column </span></li>\r\n<li style=\"font-weight: 400;\"><span style=\"font-weight: 400;\">Press and hold the start/stop button until the &lsquo;no key&rsquo; warning light disappears</span></li>\r\n</ul>\r\n<p><span style=\"font-weight: 400;\">Find out more about activation in this video:&nbsp;<custom-iframe style=\"margin: auto;\" src=\"https://www.youtube.com/embed/zFrZecJFksU\" frameborder=\"0\" width=\"560\" height=\"315\" allow=\"accelerometer; autoplay; encrypted-media; gyroscope; picture-in-picture\" position=\"center\" contenteditable=\"false\"></custom-iframe></span></p>', NULL, NULL),
(572, 211, 'NBTEVOID5_1_2_3_4Series_X3_X4', '2019-05-09 13:26:05', '2019-05-13 13:21:12', 1, 'choice', 0, 'Switch to the newest-generation iDrive system and enjoy the latest tech perks.', 1, NULL, NULL, NULL, NULL, '<p><span style=\"font-weight: 400;\">The most technologically advanced retrofits always bring the greatest deal of comfort, especially when it comes to owning a BMW. Our NBT Evo ID5/ID6 Navigation upgrade will certainly add convenience to using the driver assistance systems as well as infotainment perks.</span></p>\r\n<p><custom-iframe style=\"margin: auto;\" src=\"https://www.youtube.com/embed/4HaUDEj1Oyc\" frameborder=\"0\" width=\"560\" height=\"315\" allow=\"accelerometer; autoplay; encrypted-media; gyroscope; picture-in-picture\" position=\"center\" contenteditable=\"false\"></custom-iframe></p>\r\n<p><span style=\"font-weight: 400;\">The kit contains only BMW original parts and FSC-certified codes, so there is no need for aftermarket emulators. It comes either with ID5 or ID6 software &mdash; it&rsquo;s up to you to choose the interface that suits you best and specify it during the purchase.</span></p>\r\n<p><custom-iframe style=\"margin: auto;\" src=\"https://www.youtube.com/embed/tOqXzuSqsqw\" frameborder=\"0\" width=\"560\" height=\"315\" allow=\"accelerometer; autoplay; encrypted-media; gyroscope; picture-in-picture\" position=\"center\" contenteditable=\"false\"></custom-iframe></p>\r\n<p><span style=\"font-weight: 400;\">This BMW NBT Evo upgrade supplies the latest version of the maps for your region, to make navigating through the streets a breeze. In addition, the FSC activation includes such multimedia features as Video &amp; Services in motion, Voice Control and BMW Apps.</span></p>\r\n<p><span style=\"font-weight: 400;\">NBT Evo ID5/ID6 Navigation retrofit also comes with CarPlay built in. This software lets you use iPhone apps like Apple Maps, Waze or Spotify on the native iDrive screen. And with the Siri functionality, driving can&rsquo;t get any safer and comfier. </span></p>\r\n<p><span style=\"font-weight: 400;\"><custom-iframe style=\"margin: auto;\" src=\"https://www.youtube.com/embed/8sYmji6nuZg\" frameborder=\"0\" width=\"560\" height=\"315\" allow=\"accelerometer; autoplay; encrypted-media; gyroscope; picture-in-picture\" position=\"center\" contenteditable=\"false\"></custom-iframe>To know the full list of features and possibilities of this kit, read our detailed </span><a rel=\"noopener\" href=\"https://www.bimmer-tech.net/blog/item/58-bmw-nbt-evo-id5-id6-idrive-upgrade\" target=\"_blank\"><span style=\"font-weight: 400;\">blog post.</span></a></p>\r\n<p><span style=\"font-weight: 400;\">Please note that the NBT Evo head unit, screen and iDrive Touch controller are slightly used, but in a very good condition. All other parts included in the kit are brand new.</span></p>\r\n<p><span style=\"font-weight: 400;\">Remote Services like locking or unlocking the car with a smartphone, flashing the headlights or sounding the horn from afar, may not work in your vehicle. To learn whether Remote features will be available in your BMW after installation or not, <a href=\"http://testshop.bimmer-tech.net/page-contact\">contact us</a> with your VIN.</span></p>', '<p><span style=\"font-weight: 400;\">The installation instructions appear in the personal account within 72 hours after the purchased product is shipped. They are created and customized for each specific model. But in case of any additional questions, our technical support is always ready to help. </span></p>\r\n<p><span style=\"font-weight: 400;\">The process itself consists of 2 main steps:</span></p>\r\n<ol>\r\n<li style=\"font-weight: 400;\"><span style=\"font-weight: 400;\">Fully plug &amp; play installation (takes up to 3&ndash;4h)</span></li>\r\n<li style=\"font-weight: 400;\"><a rel=\"noopener\" href=\"https://www.youtube.com/watch?v=EeNw6MPzpck\" target=\"_blank\"><span style=\"font-weight: 400;\">Coding </span></a><span style=\"font-weight: 400;\">(after the installation is finished, it is necessary to schedule a remote coding session with a BimmerTech technician)</span></li>\r\n</ol>\r\n<p><span style=\"font-weight: 400;\">The kit includes all parts necessary for a complete installation:</span></p>\r\n<ul>\r\n<li style=\"font-weight: 400;\"><span style=\"font-weight: 400;\">NBT Evo head unit</span></li>\r\n<li style=\"font-weight: 400;\"><span style=\"font-weight: 400;\">8.8&rdquo; high definition screen</span></li>\r\n<li style=\"font-weight: 400;\"><span style=\"font-weight: 400;\">iDrive Touch Controller </span></li>\r\n<li style=\"font-weight: 400;\"><span style=\"font-weight: 400;\">Wiring harness</span></li>\r\n<li style=\"font-weight: 400;\"><span style=\"font-weight: 400;\">Coding interface</span></li>\r\n</ul>\r\n<p><span style=\"font-weight: 400;\">The installation is 100% reversible. No permanent modifications to the interior/exterior of your car are needed. </span></p>', NULL, NULL),
(573, 211, 'NBTEVOID5_6Series_F_withNBT_NBTEVOID4', '2019-05-09 13:36:35', '2019-05-13 13:22:36', 1, 'choice', 0, 'Switch to the newest-generation iDrive system and enjoy the latest tech perks.', 1, NULL, NULL, NULL, NULL, '<p><span style=\"font-weight: 400;\">The most technologically advanced retrofits always bring the greatest deal of comfort, especially when it comes to owning a BMW. Our NBT Evo ID5/ID6 Navigation upgrade will certainly add convenience to using the driver assistance systems as well as infotainment perks.</span></p>\r\n<p><custom-iframe style=\"margin: auto;\" src=\"https://www.youtube.com/embed/4HaUDEj1Oyc\" frameborder=\"0\" width=\"560\" height=\"315\" allow=\"accelerometer; autoplay; encrypted-media; gyroscope; picture-in-picture\" position=\"center\" contenteditable=\"false\"></custom-iframe></p>\r\n<p><span style=\"font-weight: 400;\">The kit contains only BMW original parts and FSC-certified codes, so there is no need for aftermarket emulators. It comes either with ID5 or ID6 software &mdash; it&rsquo;s up to you to choose the interface that suits you best and specify it during the purchase.</span></p>\r\n<p><custom-iframe style=\"margin: auto;\" src=\"https://www.youtube.com/embed/tOqXzuSqsqw\" frameborder=\"0\" width=\"560\" height=\"315\" allow=\"accelerometer; autoplay; encrypted-media; gyroscope; picture-in-picture\" position=\"center\" contenteditable=\"false\"></custom-iframe></p>\r\n<p><span style=\"font-weight: 400;\">This BMW NBT Evo upgrade supplies the latest version of the maps for your region, to make navigating through the streets a breeze. In addition, the FSC activation includes such multimedia features as Video &amp; Services in motion, Voice Control and BMW Apps.</span></p>\r\n<p><span style=\"font-weight: 400;\">NBT Evo ID5/ID6 Navigation retrofit also comes with CarPlay built in. This software lets you use iPhone apps like Apple Maps, Waze or Spotify on the native iDrive screen. And with the Siri functionality, driving can&rsquo;t get any safer and comfier. </span></p>\r\n<p><custom-iframe style=\"margin: auto;\" src=\"https://www.youtube.com/embed/8sYmji6nuZg\" frameborder=\"0\" width=\"560\" height=\"315\" allow=\"accelerometer; autoplay; encrypted-media; gyroscope; picture-in-picture\" position=\"center\" contenteditable=\"false\"></custom-iframe></p>\r\n<p><span style=\"font-weight: 400;\">To know the full list of features and possibilities of this kit, read our detailed </span><a rel=\"noopener\" href=\"https://www.bimmer-tech.net/blog/item/58-bmw-nbt-evo-id5-id6-idrive-upgrade\" target=\"_blank\"><span style=\"font-weight: 400;\">blog post.</span></a></p>\r\n<p><span style=\"font-weight: 400;\">Please note that the NBT Evo head unit is slightly used, but in a very good condition. All other parts included in the kit are brand new.</span></p>\r\n<p><span style=\"font-weight: 400;\">Remote Services like locking or unlocking the car with a smartphone, flashing the headlights or sounding the horn from afar, may not work in your vehicle. To learn whether Remote features will be available in your BMW after installation or not, <a href=\"http://testshop.bimmer-tech.net/page-contact\">contact us</a> with your VIN.</span></p>', '<p><span style=\"font-weight: 400;\">The installation instructions appear in the personal account within 72 hours after the purchased product is shipped. They are created and customized for each specific model. But in case of any additional questions, our technical support is always ready to help. </span></p>\r\n<p><span style=\"font-weight: 400;\">The process itself consists of 2 main steps:</span></p>\r\n<ol>\r\n<li style=\"font-weight: 400;\"><span style=\"font-weight: 400;\">Fully plug &amp; play installation (takes up to 3&ndash;4h)</span></li>\r\n<li style=\"font-weight: 400;\"><a rel=\"noopener\" href=\"https://www.youtube.com/watch?v=EeNw6MPzpck\" target=\"_blank\"><span style=\"font-weight: 400;\">Coding </span></a><span style=\"font-weight: 400;\">(after the installation is finished, it is necessary to schedule a remote coding session with a BimmerTech technician)</span></li>\r\n</ol>\r\n<p><span style=\"font-weight: 400;\">The kit includes all parts necessary for a complete installation:</span></p>\r\n<ul>\r\n<li style=\"font-weight: 400;\"><span style=\"font-weight: 400;\">NBT Evo head unit</span></li>\r\n<li style=\"font-weight: 400;\"><span style=\"font-weight: 400;\">Wiring harness</span></li>\r\n<li style=\"font-weight: 400;\"><span style=\"font-weight: 400;\">Coding interface</span></li>\r\n</ul>\r\n<p><span style=\"font-weight: 400;\">The installation is 100% reversible. No permanent modifications to the interior/exterior of your car are needed. </span></p>', NULL, NULL),
(574, NULL, 'HighResolutionScreenAddOn', '2019-05-09 13:45:31', '2019-05-09 13:51:03', 1, 'choice', 0, NULL, 0, NULL, NULL, 'A BMW original screen with higher resolution that will amplify your experience of using the NBT Evo ID5/ID6 iDrive system.', 'codding', NULL, NULL, NULL, NULL),
(575, 211, 'NBTEVOID5_6Series_F', '2019-05-09 13:57:32', '2019-05-13 13:22:15', 1, 'choice', 0, 'Switch to the newest-generation iDrive system and enjoy the latest tech perks.', 1, NULL, NULL, NULL, NULL, '<p><span style=\"font-weight: 400;\">The most technologically advanced retrofits always bring the greatest deal of comfort, especially when it comes to owning a BMW. Our NBT Evo ID5/ID6 Navigation upgrade will certainly add convenience to using the driver assistance systems as well as infotainment perks.</span></p>\r\n<p><custom-iframe style=\"margin: auto;\" src=\"https://www.youtube.com/embed/4HaUDEj1Oyc\" frameborder=\"0\" width=\"560\" height=\"315\" allow=\"accelerometer; autoplay; encrypted-media; gyroscope; picture-in-picture\" position=\"center\" contenteditable=\"false\"></custom-iframe></p>\r\n<p><span style=\"font-weight: 400;\">The kit contains only BMW original parts and FSC-certified codes, so there is no need for aftermarket emulators. It comes either with ID5 or ID6 software &mdash; it&rsquo;s up to you to choose the interface that suits you best and specify it during the purchase.</span></p>\r\n<p><custom-iframe style=\"margin: auto;\" src=\"https://www.youtube.com/embed/tOqXzuSqsqw\" frameborder=\"0\" width=\"560\" height=\"315\" allow=\"accelerometer; autoplay; encrypted-media; gyroscope; picture-in-picture\" position=\"center\" contenteditable=\"false\"></custom-iframe></p>\r\n<p><span style=\"font-weight: 400;\">This BMW NBT Evo upgrade supplies the latest version of the maps for your region, to make navigating through the streets a breeze. In addition, the FSC activation includes such multimedia features as Video &amp; Services in motion, Voice Control and BMW Apps.</span></p>\r\n<p><span style=\"font-weight: 400;\">NBT Evo ID5/ID6 Navigation retrofit also comes with CarPlay built in. This software lets you use iPhone apps like Apple Maps, Waze or Spotify on the native iDrive screen. And with the Siri functionality, driving can&rsquo;t get any safer and comfier. </span></p>\r\n<p><custom-iframe style=\"margin: auto;\" src=\"https://www.youtube.com/embed/8sYmji6nuZg\" frameborder=\"0\" width=\"560\" height=\"315\" allow=\"accelerometer; autoplay; encrypted-media; gyroscope; picture-in-picture\" position=\"center\" contenteditable=\"false\"></custom-iframe></p>\r\n<p><span style=\"font-weight: 400;\">To know the full list of features and possibilities of this kit, read our detailed </span><a rel=\"noopener\" href=\"https://www.bimmer-tech.net/blog/item/58-bmw-nbt-evo-id5-id6-idrive-upgrade\" target=\"_blank\"><span style=\"font-weight: 400;\">blog post.</span></a></p>\r\n<p><span style=\"font-weight: 400;\">Please note that the NBT Evo head unit, screen and iDrive Touch controller are slightly used, but in a very good condition. All other parts included in the kit are brand new.</span></p>\r\n<p><span style=\"font-weight: 400;\">Remote Services like locking or unlocking the car with a smartphone, flashing the headlights or sounding the horn from afar, may not work in your vehicle. To learn whether Remote features will be available in your BMW after installation or not, <a href=\"http://testshop.bimmer-tech.net/page-contact\">contact us</a> with your VIN.</span></p>', '<p><span style=\"font-weight: 400;\">The installation instructions appear in the personal account within 72 hours after the purchased product is shipped. They are created and customized for each specific model. But in case of any additional questions, our technical support is always ready to help. </span></p>\r\n<p><span style=\"font-weight: 400;\">The process itself consists of 2 main steps:</span></p>\r\n<ol>\r\n<li style=\"font-weight: 400;\"><span style=\"font-weight: 400;\">Fully plug &amp; play installation (takes up to 3&ndash;4h)</span></li>\r\n<li style=\"font-weight: 400;\"><a rel=\"noopener\" href=\"https://www.youtube.com/watch?v=EeNw6MPzpck\" target=\"_blank\"><span style=\"font-weight: 400;\">Coding </span></a><span style=\"font-weight: 400;\">(after the installation is finished, it is necessary to schedule a remote coding session with a BimmerTech technician)</span></li>\r\n</ol>\r\n<p><span style=\"font-weight: 400;\">The kit includes all parts necessary for a complete installation:</span></p>\r\n<ul>\r\n<li style=\"font-weight: 400;\"><span style=\"font-weight: 400;\">NBT Evo head unit</span></li>\r\n<li style=\"font-weight: 400;\"><span style=\"font-weight: 400;\">8.8&rdquo; high definition screen</span></li>\r\n<li style=\"font-weight: 400;\"><span style=\"font-weight: 400;\">iDrive Touch Controller </span></li>\r\n<li style=\"font-weight: 400;\"><span style=\"font-weight: 400;\">Wiring harness</span></li>\r\n<li style=\"font-weight: 400;\"><span style=\"font-weight: 400;\">Coding interface</span></li>\r\n</ul>\r\n<p><span style=\"font-weight: 400;\">The installation is 100% reversible. No permanent modifications to the interior/exterior of your car are needed. </span></p>', NULL, NULL),
(576, 211, 'NBTEVOID5_X5_X6_withNBT_NBTEVOID4', '2019-05-09 14:05:58', '2019-05-13 13:23:20', 1, 'choice', 0, 'Switch to the newest-generation iDrive system and enjoy the latest tech perks.', 1, NULL, NULL, NULL, NULL, '<p><span style=\"font-weight: 400;\">The most technologically advanced retrofits always bring the greatest deal of comfort, especially when it comes to owning a BMW. Our NBT Evo ID5/ID6 Navigation upgrade will certainly add convenience to using the driver assistance systems as well as infotainment perks.</span></p>\r\n<p><custom-iframe style=\"margin: auto;\" src=\"https://www.youtube.com/embed/4HaUDEj1Oyc\" frameborder=\"0\" width=\"560\" height=\"315\" allow=\"accelerometer; autoplay; encrypted-media; gyroscope; picture-in-picture\" position=\"center\" contenteditable=\"false\"></custom-iframe></p>\r\n<p><span style=\"font-weight: 400;\">The kit contains only BMW original parts and FSC-certified codes, so there is no need for aftermarket emulators. It comes either with ID5 or ID6 software &mdash; it&rsquo;s up to you to choose the interface that suits you best and specify it during the purchase.</span></p>\r\n<p><custom-iframe style=\"margin: auto;\" src=\"https://www.youtube.com/embed/tOqXzuSqsqw\" frameborder=\"0\" width=\"560\" height=\"315\" allow=\"accelerometer; autoplay; encrypted-media; gyroscope; picture-in-picture\" position=\"center\" contenteditable=\"false\"></custom-iframe></p>\r\n<p><span style=\"font-weight: 400;\">This BMW NBT Evo upgrade supplies the latest version of the maps for your region, to make navigating through the streets a breeze. In addition, the FSC activation includes such multimedia features as Video &amp; Services in motion, Voice Control and BMW Apps.</span></p>\r\n<p><span style=\"font-weight: 400;\">NBT Evo ID5/ID6 Navigation retrofit also comes with CarPlay built in. This software lets you use iPhone apps like Apple Maps, Waze or Spotify on the native iDrive screen. And with the Siri functionality, driving can&rsquo;t get any safer and comfier. </span></p>\r\n<p><custom-iframe style=\"margin: auto;\" src=\"https://www.youtube.com/embed/8sYmji6nuZg\" frameborder=\"0\" width=\"560\" height=\"315\" allow=\"accelerometer; autoplay; encrypted-media; gyroscope; picture-in-picture\" position=\"center\" contenteditable=\"false\"></custom-iframe></p>\r\n<p><span style=\"font-weight: 400;\">To know the full list of features and possibilities of this kit, read our detailed </span><a rel=\"noopener\" href=\"https://www.bimmer-tech.net/blog/item/58-bmw-nbt-evo-id5-id6-idrive-upgrade\" target=\"_blank\"><span style=\"font-weight: 400;\">blog post.</span></a></p>\r\n<p><span style=\"font-weight: 400;\">Please note that the NBT Evo head unit is slightly used, but in a very good condition. All other parts included in the kit are brand new.</span></p>\r\n<p><span style=\"font-weight: 400;\">Remote Services like locking or unlocking the car with a smartphone, flashing the headlights or sounding the horn from afar, may not work in your vehicle. To learn whether Remote features will be available in your BMW after installation or not, <a href=\"http://testshop.bimmer-tech.net/page-contact\">contact us</a> with your VIN.</span></p>', '<p><span style=\"font-weight: 400;\">The installation instructions appear in the personal account within 72 hours after the purchased product is shipped. They are created and customized for each specific model. But in case of any additional questions, our technical support is always ready to help. </span></p>\r\n<p><span style=\"font-weight: 400;\">The process itself consists of 2 main steps:</span></p>\r\n<ol>\r\n<li style=\"font-weight: 400;\"><span style=\"font-weight: 400;\">Fully plug &amp; play installation (takes up to 3&ndash;4h)</span></li>\r\n<li style=\"font-weight: 400;\"><a rel=\"noopener\" href=\"https://www.youtube.com/watch?v=EeNw6MPzpck\" target=\"_blank\"><span style=\"font-weight: 400;\">Coding </span></a><span style=\"font-weight: 400;\">(after the installation is finished, it is necessary to schedule a remote coding session with a BimmerTech technician)</span></li>\r\n</ol>\r\n<p><span style=\"font-weight: 400;\">The kit includes all parts necessary for a complete installation:</span></p>\r\n<ul>\r\n<li style=\"font-weight: 400;\"><span style=\"font-weight: 400;\">NBT Evo head unit</span></li>\r\n<li style=\"font-weight: 400;\"><span style=\"font-weight: 400;\">Wiring harness</span></li>\r\n<li style=\"font-weight: 400;\"><span style=\"font-weight: 400;\">Coding interface</span></li>\r\n</ul>\r\n<p><span style=\"font-weight: 400;\">The installation is 100% reversible. No permanent modifications to the interior/exterior of your car are needed. </span></p>', NULL, NULL),
(577, NULL, 'TouchScreen300AddOn', '2019-05-09 14:15:37', '2019-05-14 14:22:29', 1, 'choice', 0, NULL, 0, NULL, NULL, 'A high resolution BMW touch screen that will amplify your experience of using the NBT Evo ID5/ID6 iDrive system.', NULL, NULL, NULL, NULL, NULL);
INSERT INTO `sylius_product` (`id`, `main_taxon_id`, `code`, `created_at`, `updated_at`, `enabled`, `variant_selection_method`, `average_rating`, `taxon_decription`, `recomended`, `buyers_footer_content`, `buyers_header_content`, `addon_information`, `type`, `description`, `installer`, `flagName`, `flagColor_id`) VALUES
(578, 211, 'NBTEVOID5_X5_X6', '2019-05-09 14:19:10', '2019-05-13 13:23:07', 1, 'choice', 0, 'Switch to the newest-generation iDrive system and enjoy the latest tech perks.', 1, NULL, NULL, NULL, NULL, '<p><span style=\"font-weight: 400;\">The most technologically advanced retrofits always bring the greatest deal of comfort, especially when it comes to owning a BMW. Our NBT Evo ID5/ID6 Navigation upgrade will certainly add convenience to using the driver assistance systems as well as infotainment perks.</span></p>\r\n<p><custom-iframe style=\"margin: auto;\" src=\"https://www.youtube.com/embed/4HaUDEj1Oyc\" frameborder=\"0\" width=\"560\" height=\"315\" allow=\"accelerometer; autoplay; encrypted-media; gyroscope; picture-in-picture\" position=\"center\" contenteditable=\"false\"></custom-iframe></p>\r\n<p><span style=\"font-weight: 400;\">The kit contains only BMW original parts and FSC-certified codes, so there is no need for aftermarket emulators. It comes either with ID5 or ID6 software &mdash; it&rsquo;s up to you to choose the interface that suits you best and specify it during the purchase.</span></p>\r\n<p><custom-iframe style=\"margin: auto;\" src=\"https://www.youtube.com/embed/tOqXzuSqsqw\" frameborder=\"0\" width=\"560\" height=\"315\" allow=\"accelerometer; autoplay; encrypted-media; gyroscope; picture-in-picture\" position=\"center\" contenteditable=\"false\"></custom-iframe></p>\r\n<p><span style=\"font-weight: 400;\">This BMW NBT Evo upgrade supplies the latest version of the maps for your region, to make navigating through the streets a breeze. In addition, the FSC activation includes such multimedia features as Video &amp; Services in motion, Voice Control and BMW Apps.</span></p>\r\n<p><span style=\"font-weight: 400;\">NBT Evo ID5/ID6 Navigation retrofit also comes with CarPlay built in. This software lets you use iPhone apps like Apple Maps, Waze or Spotify on the native iDrive screen. And with the Siri functionality, driving can&rsquo;t get any safer and comfier. </span></p>\r\n<p><custom-iframe style=\"margin: auto;\" src=\"https://www.youtube.com/embed/8sYmji6nuZg\" frameborder=\"0\" width=\"560\" height=\"315\" allow=\"accelerometer; autoplay; encrypted-media; gyroscope; picture-in-picture\" position=\"center\" contenteditable=\"false\"></custom-iframe></p>\r\n<p><span style=\"font-weight: 400;\">To know the full list of features and possibilities of this kit, read our detailed </span><a rel=\"noopener\" href=\"https://www.bimmer-tech.net/blog/item/58-bmw-nbt-evo-id5-id6-idrive-upgrade\" target=\"_blank\"><span style=\"font-weight: 400;\">blog post.</span></a></p>\r\n<p><span style=\"font-weight: 400;\">Please note that the NBT Evo head unit, screen and iDrive Touch controller are slightly used, but in a very good condition. All other parts included in the kit are brand new.</span></p>\r\n<p><span style=\"font-weight: 400;\">Remote Services like locking or unlocking the car with a smartphone, flashing the headlights or sounding the horn from afar, may not work in your vehicle. To learn whether Remote features will be available in your BMW after installation or not, <a href=\"http://testshop.bimmer-tech.net/page-contact\">contact us</a> with your VIN.</span></p>', '<p><span style=\"font-weight: 400;\">The installation instructions appear in the personal account within 72 hours after the purchased product is shipped. They are created and customized for each specific model. But in case of any additional questions, our technical support is always ready to help. </span></p>\r\n<p><span style=\"font-weight: 400;\">The process itself consists of 2 main steps:</span></p>\r\n<ol>\r\n<li style=\"font-weight: 400;\"><span style=\"font-weight: 400;\">Fully plug &amp; play installation (takes up to 3&ndash;4h)</span></li>\r\n<li style=\"font-weight: 400;\"><a rel=\"noopener\" href=\"https://www.youtube.com/watch?v=EeNw6MPzpck\" target=\"_blank\"><span style=\"font-weight: 400;\">Coding </span></a><span style=\"font-weight: 400;\">(after the installation is finished, it is necessary to schedule a remote coding session with a BimmerTech technician)</span></li>\r\n</ol>\r\n<p><span style=\"font-weight: 400;\">The kit includes all parts necessary for a complete installation:</span></p>\r\n<ul>\r\n<li style=\"font-weight: 400;\"><span style=\"font-weight: 400;\">NBT Evo head unit</span></li>\r\n<li style=\"font-weight: 400;\"><span style=\"font-weight: 400;\">10.25&rdquo; high definition screen</span></li>\r\n<li style=\"font-weight: 400;\"><span style=\"font-weight: 400;\">iDrive Touch Controller </span></li>\r\n<li style=\"font-weight: 400;\"><span style=\"font-weight: 400;\">Wiring harness</span></li>\r\n<li style=\"font-weight: 400;\"><span style=\"font-weight: 400;\">Coding interface</span></li>\r\n</ul>\r\n<p><span style=\"font-weight: 400;\">The installation is 100% reversible. No permanent modifications to the interior/exterior of your car are needed. </span></p>', NULL, NULL),
(579, 211, 'NBTEVOID5_G30_G31_F90', '2019-05-09 14:28:07', '2019-05-13 13:22:58', 1, 'choice', 0, 'Switch to the newest-generation iDrive system and enjoy the latest tech perks.', 1, NULL, NULL, NULL, NULL, '<p><span style=\"font-weight: 400;\">The most technologically advanced retrofits always bring the greatest deal of comfort, especially when it comes to owning a BMW. Our NBT Evo ID5/ID6 Navigation upgrade will certainly add convenience to using the driver assistance systems as well as infotainment perks.</span></p>\r\n<p><custom-iframe style=\"margin: auto;\" src=\"https://www.youtube.com/embed/4HaUDEj1Oyc\" frameborder=\"0\" width=\"560\" height=\"315\" allow=\"accelerometer; autoplay; encrypted-media; gyroscope; picture-in-picture\" position=\"center\" contenteditable=\"false\"></custom-iframe></p>\r\n<p><span style=\"font-weight: 400;\">The kit contains only BMW original parts and FSC-certified codes, so there is no need for aftermarket emulators. It comes either with ID5 or ID6 software &mdash; it&rsquo;s up to you to choose the interface that suits you best and specify it during the purchase.</span></p>\r\n<p><custom-iframe style=\"margin: auto;\" src=\"https://www.youtube.com/embed/tOqXzuSqsqw\" frameborder=\"0\" width=\"560\" height=\"315\" allow=\"accelerometer; autoplay; encrypted-media; gyroscope; picture-in-picture\" position=\"center\" contenteditable=\"false\"></custom-iframe></p>\r\n<p><span style=\"font-weight: 400;\">This BMW NBT Evo upgrade supplies the latest version of the maps for your region, to make navigating through the streets a breeze. In addition, the FSC activation includes such multimedia features as Video &amp; Services in motion, Voice Control and BMW Apps.</span></p>\r\n<p><span style=\"font-weight: 400;\">NBT Evo ID5/ID6 Navigation retrofit also comes with CarPlay built in. This software lets you use iPhone apps like Apple Maps, Waze or Spotify on the native iDrive screen. And with the Siri functionality, driving can&rsquo;t get any safer and comfier. </span></p>\r\n<p><custom-iframe style=\"margin: auto;\" src=\"https://www.youtube.com/embed/8sYmji6nuZg\" frameborder=\"0\" width=\"560\" height=\"315\" allow=\"accelerometer; autoplay; encrypted-media; gyroscope; picture-in-picture\" position=\"center\" contenteditable=\"false\"></custom-iframe></p>\r\n<p><span style=\"font-weight: 400;\">To know the full list of features and possibilities of this kit, read our detailed </span><a rel=\"noopener\" href=\"https://www.bimmer-tech.net/blog/item/58-bmw-nbt-evo-id5-id6-idrive-upgrade\" target=\"_blank\"><span style=\"font-weight: 400;\">blog post.</span></a></p>\r\n<p><span style=\"font-weight: 400;\">Please note that the NBT Evo head unit, screen and iDrive Touch controller are slightly used, but in a very good condition. All other parts included in the kit are brand new.<br /></span></p>\r\n<p><span style=\"font-weight: 400;\">Remote Services like locking or unlocking the car with a smartphone, flashing the headlights or sounding the horn from afar, may not work in your vehicle. To learn whether Remote features will be available in your BMW after installation or not, <a href=\"http://testshop.bimmer-tech.net/page-contact\">contact us</a> with your VIN.</span></p>', '<p><span style=\"font-weight: 400;\">The installation instructions appear in the personal account within 72 hours after the purchased product is shipped. They are created and customized for each specific model. But in case of any additional questions, our technical support is always ready to help. </span></p>\r\n<p><span style=\"font-weight: 400;\">The process itself consists of 2 main steps:</span></p>\r\n<ol>\r\n<li style=\"font-weight: 400;\"><span style=\"font-weight: 400;\">Fully plug &amp; play installation (takes up to 3&ndash;4h)</span></li>\r\n<li style=\"font-weight: 400;\"><a rel=\"noopener\" href=\"https://www.youtube.com/watch?v=EeNw6MPzpck\" target=\"_blank\"><span style=\"font-weight: 400;\">Coding </span></a><span style=\"font-weight: 400;\">(after the installation is finished, it is necessary to schedule a remote coding session with a BimmerTech technician)</span></li>\r\n</ol>\r\n<p><span style=\"font-weight: 400;\">The kit includes all parts necessary for a complete installation:</span></p>\r\n<ul>\r\n<li style=\"font-weight: 400;\"><span style=\"font-weight: 400;\">NBT Evo head unit</span></li>\r\n<li style=\"font-weight: 400;\"><span style=\"font-weight: 400;\">10.25&Prime; touch screen screen</span></li>\r\n<li style=\"font-weight: 400;\"><span style=\"font-weight: 400;\">iDrive Touch Controller </span></li>\r\n<li style=\"font-weight: 400;\"><span style=\"font-weight: 400;\">Wiring harness</span></li>\r\n<li style=\"font-weight: 400;\"><span style=\"font-weight: 400;\">Coding interface</span></li>\r\n</ul>\r\n<p><span style=\"font-weight: 400;\">The installation is 100% reversible. No permanent modifications to the interior/exterior of your car are needed. </span></p>', NULL, NULL),
(580, 213, 'KeyFobMINI_R_ComAccess', '2019-05-10 09:12:14', '2019-05-13 13:10:31', 1, 'choice', 0, 'Get a spare MINI key fob or replace the lost one without leaving your home!', 1, NULL, NULL, NULL, NULL, '<p><span style=\"font-weight: 400;\">Sometimes remote key fobs get damaged, and sometimes you need spares for your family. In any of these scenarios, you might think that getting a replacement is cumbersome. But we assure you that with BimmerTech, the process is simple and smooth. </span></p>\r\n<p><span style=\"font-weight: 400;\">You can order a MINI remote key fob from us and get a perfectly matched retrofit in a few days. It comes pre-programmed by BMW itself for your specific model and resembles your factory remote key, having the same look and features. It doesn&rsquo;t require any coding &mdash; you just need to follow a few instructions, get it activated and that&rsquo;s all. </span></p>\r\n<p><span style=\"font-weight: 400;\">The internal blade from your original key fob will fit perfectly into the replacement. However, if you&rsquo;d like to order a new one, you can add it to your order in our Options section. </span></p>\r\n<p><span style=\"font-weight: 400;\">Please note that we don&rsquo;t fulfill orders without evidence of ownership of the vehicle. After you place an order and make a payment, you need to send a copy of your vehicle registration and driver\'s license, both with the same name, to keyfobs@bimmer-tech.net complete with your order number.</span></p>', '<p><span style=\"font-weight: 400;\">The activation instructions appear in the personal account within 72 hours after the purchased product is shipped. They are created and customized for each specific model. But in case of any additional questions, our technical support is always ready to help.</span></p>\r\n<p><span style=\"font-weight: 400;\">To activate your key fob: </span></p>\r\n<ul>\r\n<li style=\"font-weight: 400;\"><span style=\"font-weight: 400;\">Close all the doors</span></li>\r\n<li style=\"font-weight: 400;\"><span style=\"font-weight: 400;\">Insert the key into the slot</span></li>\r\n<li style=\"font-weight: 400;\"><span style=\"font-weight: 400;\">Turn the ignition switch to KL-R (first turn), switch back within 5 seconds and remove the key</span></li>\r\n<li style=\"font-weight: 400;\"><span style=\"font-weight: 400;\">Within 30 seconds, press and hold the unlock button </span></li>\r\n<li style=\"font-weight: 400;\"><span style=\"font-weight: 400;\">While holding the unlock button, press and release the lock button 3 times within 10 seconds</span></li>\r\n<li style=\"font-weight: 400;\"><span style=\"font-weight: 400;\">Release both buttons (the doors will lock/unlock to signal a successful initialization)</span></li>\r\n<li style=\"font-weight: 400;\"><span style=\"font-weight: 400;\">Switch the ignition to KL-R to complete the initialization.</span></li>\r\n</ul>\r\n<p><span style=\"font-weight: 400;\">In order to use Comfort Access with your new key fob, it is necessary to delete your previous key fob from the vehicle\'s memory. If you want a professional BimmerTech technician do it for you, add the Comfort Access Coding and a coding cable to your order in the top </span><em><span style=\"font-weight: 400;\">Option </span></em><span style=\"font-weight: 400;\">section. </span></p>\r\n<p><span style=\"font-weight: 400;\">The Comfort Access Coding is done through a remote cable coding session. It is a very simple process that takes no more than 30 minutes. After you complete your order, we send you a coding cable (if you don\'t have one and add it in the top </span><em><span style=\"font-weight: 400;\">Option</span></em><span style=\"font-weight: 400;\"> section). Once you receive it, you will be able to schedule a coding session for the time that suits you best. During the session, just plug in the cable and follow the instructions from our technician.</span></p>\r\n<p><span style=\"font-weight: 400;\">To prepare for your coding session you will need a laptop running Microsoft Windows and a WiFi internet network that you can connect to in your car. A Mac computer running Windows should work too. The coding cable must be plugged into your laptop&rsquo;s regular USB port.</span></p>\r\n<p><span style=\"font-weight: 400;\">Watch the video to understand the cable activation process better.</span></p>\r\n<p><custom-iframe style=\"margin: auto;\" src=\"https://www.youtube.com/embed/EeNw6MPzpck\" frameborder=\"0\" width=\"560\" height=\"315\" allow=\"accelerometer; autoplay; encrypted-media; gyroscope; picture-in-picture\" position=\"center\" contenteditable=\"false\"></custom-iframe></p>', NULL, NULL),
(581, 212, 'KeyFob_i3_i8', '2019-05-10 10:25:59', '2019-05-13 13:07:16', 1, 'choice', 0, 'Replace a damaged key fob or get a spare one straight from the BMW factory.', 1, NULL, NULL, NULL, NULL, '<p>Sometimes remote key fobs get damaged, and sometimes you need spares for your family. In any of these scenarios you might think that getting a replacement is cumbersome. But we assure you that with BimmerTech the process is simple and smooth.</p>\r\n<p>You can order a BMW key fob from us and get a perfectly matched retrofit in a few days. It comes pre-programmed by BMW itself for your specific model and resembles your factory remote key, having the same look and features. It doesn&rsquo;t require any coding &mdash; you just need to follow a few instructions to get it activated and that&rsquo;s all.</p>\r\n<p>The internal blade from your original key fob will fit perfectly into the replacement. However, if you&rsquo;d like to purchase a new one, you can add it to your order in our Options section.</p>\r\n<p>The BMW replacement key fob will be 100% compatible with your vehicle\'s ignition immobilizer code. It includes an original BMW embedded transponder ignition lock chip.</p>\r\n<p>Please note that we don&rsquo;t fulfill orders without evidence of ownership of the vehicle. After you place an order and make a payment, you need to send a copy of your vehicle registration and driver\'s license, both with the same name, to keyfobs@bimmer-tech.net, complete with your order number.</p>', '<p><span style=\"font-weight: 400;\">The activation instructions appear in the personal account within 72 hours after the purchased product is shipped. They are created and customized for each specific model. But in case of any additional questions, our technical support is always ready to help.</span></p>\r\n<p><span style=\"font-weight: 400;\">Before starting the activation process, place your existing key fob away from the vehicle to prevent interference. To activate your new key fob: </span></p>\r\n<ul>\r\n<li style=\"font-weight: 400;\"><span style=\"font-weight: 400;\">Hold it against the low battery key mark on the side of the steering column </span></li>\r\n<li style=\"font-weight: 400;\"><span style=\"font-weight: 400;\">Press and hold the start/stop button until the &lsquo;no key&rsquo; warning light disappears</span></li>\r\n</ul>\r\n<p><span style=\"font-weight: 400;\">Find out more about activation in this video:&nbsp;<custom-iframe style=\"margin: auto;\" src=\"https://www.youtube.com/embed/zFrZecJFksU\" frameborder=\"0\" width=\"560\" height=\"315\" allow=\"accelerometer; autoplay; encrypted-media; gyroscope; picture-in-picture\" position=\"center\" contenteditable=\"false\"></custom-iframe></span></p>', NULL, NULL),
(582, NULL, 'IntKeyBladeMINI_R_55_AddOn', '2019-05-10 11:27:14', '2019-05-10 11:31:31', 1, 'choice', 0, NULL, 0, NULL, NULL, 'The key blade from your original key fob will fit perfectly into the replacement. But you can order an extra one in case you lost it or need a spare key.', NULL, NULL, NULL, NULL, NULL),
(583, 213, 'KeyFobMINI_R', '2019-05-10 11:33:25', '2019-05-13 13:12:42', 1, 'choice', 0, 'Get a spare MINI key fob or replace the lost one without leaving your home!', 1, NULL, NULL, NULL, NULL, '<p><span style=\"font-weight: 400;\">Sometimes remote key fobs get damaged, and sometimes you need spares for your family. In any of these scenarios, you might think that getting a replacement is cumbersome. But we assure you that with BimmerTech, the process is simple and smooth. </span></p>\r\n<p><span style=\"font-weight: 400;\">You can order a MINI remote key fob from us and get a perfectly matched retrofit in a few days. It comes pre-programmed by BMW itself for your specific model and resembles your factory remote key, having the same look and features. It doesn&rsquo;t require any coding &mdash; you just need to follow a few instructions, get it activated and that&rsquo;s all. </span></p>\r\n<p><span style=\"font-weight: 400;\">The internal blade from your original key fob will fit perfectly into the replacement. However, if you&rsquo;d like to order a new one, you can add it to your order in our Options section. </span></p>\r\n<p><span style=\"font-weight: 400;\">Please note that we don&rsquo;t fulfill orders without evidence of ownership of the vehicle. After you place an order and make a payment, you need to send a copy of your vehicle registration and driver\'s license, both with the same name, to keyfobs@bimmer-tech.net complete with your order number.</span></p>', '<p><span style=\"font-weight: 400;\">The activation instructions appear in the personal account within 72 hours after the purchased product is shipped. They are created and customized for each specific model. But in case of any additional questions, our technical support is always ready to help.</span></p>\r\n<p><span style=\"font-weight: 400;\">To activate your key fob: </span></p>\r\n<ul>\r\n<li style=\"font-weight: 400;\"><span style=\"font-weight: 400;\">Close all the doors</span></li>\r\n<li style=\"font-weight: 400;\"><span style=\"font-weight: 400;\">Insert the key into the slot</span></li>\r\n<li style=\"font-weight: 400;\"><span style=\"font-weight: 400;\">Turn the ignition switch to KL-R (first turn), switch back within 5 seconds and remove the key</span></li>\r\n<li style=\"font-weight: 400;\"><span style=\"font-weight: 400;\">Within 30 seconds, press and hold the unlock button </span></li>\r\n<li style=\"font-weight: 400;\"><span style=\"font-weight: 400;\">While holding the unlock button, press and release the lock button 3 times within 10 seconds</span></li>\r\n<li style=\"font-weight: 400;\"><span style=\"font-weight: 400;\">Release both buttons (the doors will lock/unlock to signal a successful initialization)</span></li>\r\n<li style=\"font-weight: 400;\"><span style=\"font-weight: 400;\">Switch the ignition to KL-R to complete the initialization</span></li>\r\n</ul>', NULL, NULL),
(584, 213, 'KeyFobMINI_F', '2019-05-10 11:43:26', '2019-05-13 13:15:02', 1, 'choice', 0, 'Get a spare MINI key fob or replace the lost one without leaving your home!', 1, NULL, NULL, NULL, NULL, '<p><span style=\"font-weight: 400;\">Sometimes remote key fobs get damaged, and sometimes you need spares for your family. In any of these scenarios, you might think that getting a replacement is cumbersome. But we assure you that with BimmerTech, the process is simple and smooth. </span></p>\r\n<p><span style=\"font-weight: 400;\">You can order a MINI remote key fob from us and get a perfectly matched retrofit in a few days. It comes pre-programmed by BMW itself for your specific model and resembles your factory remote key, having the same look and features. It doesn&rsquo;t require any coding &mdash; you just need to follow a few instructions, get it activated and that&rsquo;s all. </span></p>\r\n<p><span style=\"font-weight: 400;\">The internal blade from your original key fob will fit perfectly into the replacement. However, if you&rsquo;d like to order a new one, you can add it to your order in our Options section. </span></p>\r\n<p><span style=\"font-weight: 400;\">Please note that we don&rsquo;t fulfill orders without evidence of ownership of the vehicle. After you place an order and make a payment, you need to send a copy of your vehicle registration and driver\'s license, both with the same name, to keyfobs@bimmer-tech.net complete with your order number.</span></p>', '<p><span style=\"font-weight: 400;\">The activation instructions appear in the personal account within 72 hours after the purchased product is shipped. They are created and customized for each specific model. But in case of any additional questions, our technical support is always ready to help.</span></p>\r\n<p><span style=\"font-weight: 400;\">To activate your key fob: </span></p>\r\n<ul>\r\n<li style=\"font-weight: 400;\"><span style=\"font-weight: 400;\">Close all the doors</span></li>\r\n<li style=\"font-weight: 400;\"><span style=\"font-weight: 400;\">Insert the key into the slot</span></li>\r\n<li style=\"font-weight: 400;\"><span style=\"font-weight: 400;\">Turn the ignition switch to KL-R (first turn), switch back within 5 seconds and remove the key</span></li>\r\n<li style=\"font-weight: 400;\"><span style=\"font-weight: 400;\">Within 30 seconds, press and hold the unlock button </span></li>\r\n<li style=\"font-weight: 400;\"><span style=\"font-weight: 400;\">While holding the unlock button, press and release the lock button 3 times within 10 seconds</span></li>\r\n<li style=\"font-weight: 400;\"><span style=\"font-weight: 400;\">Release both buttons (the doors will lock/unlock to signal a successful initialization)</span></li>\r\n<li style=\"font-weight: 400;\"><span style=\"font-weight: 400;\">Switch the ignition to KL-R to complete the initialization</span></li>\r\n</ul>', NULL, NULL),
(585, NULL, 'IntKeyFobMINI_F_59_AddOn', '2019-05-10 11:47:02', '2019-05-10 11:49:30', 1, 'choice', 0, NULL, 0, NULL, NULL, 'The key blade from your original key fob will fit perfectly into the replacement. But you can order an extra one in case you lost it or need a spare key.', NULL, NULL, NULL, NULL, NULL),
(586, 186, 'AlarmSystem', '2019-05-10 11:52:06', '2019-05-13 13:18:21', 1, 'choice', 0, 'Secure your car’s interior and exterior with a BMW alarm to avoid theft or break in.', 1, NULL, NULL, NULL, NULL, '<p>Leaving your car either on a public parking lot or on your driveway just outside your house doesn&rsquo;t ensure that your car will be safe and sound when you return. But you can always achieve that peace of mind and ultimate car security feeling by upgrading your BMW with an OEM Anti-Theft Car Alarm System.</p>\r\n<p>This BMW original alarm retrofit is a good way to secure your car from theft or break in. It covers the exterior locks as well as the interior space with the help of the motion sensor installed in the door pillars. It draws attention to any attempted break ins by turning on the built-in siren and hazard warning lights.</p>\r\n<p>The alarm goes off if:</p>\r\n<ul>\r\n<li style=\"font-weight: 400;\">the door, hood or trunk is opened without the right key or remote control</li>\r\n<li style=\"font-weight: 400;\">there is movement inside the locked car with the motion sensors armed</li>\r\n<li style=\"font-weight: 400;\">the power supply is disconnected</li>\r\n<li style=\"font-weight: 400;\">the car is lifted</li>\r\n</ul>\r\n<p>The security car system is very easy to operate using the remote key fob. What&rsquo;s more, when arming the alarm, you have the option of activating the interior motion sensors (by pressing the locking key on the control once) or leaving them off (by pressing the locking key twice) in case you wish to leave passengers or pets in the car.</p>', '<p>The installation instructions for the OEM car security alarm system appear in the personal account within 72 hours after the purchased product is shipped. They are created and customized for each specific model. But in case of any additional questions on how to install car alarm system, our technical support is always ready to help.</p>\r\n<p>The process itself consists of 2 main steps:</p>\r\n<ol>\r\n<li style=\"font-weight: 400;\">Fully plug &amp; play installation (takes up to 3&ndash;4h)</li>\r\n<li style=\"font-weight: 400;\"><a rel=\"noopener\" href=\"https://www.youtube.com/watch?v=EeNw6MPzpck\" target=\"_blank\">Coding </a>(after the installation is finished, it is necessary to schedule a remote coding session with a BimmerTech technician)</li>\r\n</ol>\r\n<p>The kit includes all parts necessary for a complete car alarm system installation:</p>\r\n<ul>\r\n<li style=\"font-weight: 400;\">Motion sensors</li>\r\n<li style=\"font-weight: 400;\">Wiring harness</li>\r\n<li style=\"font-weight: 400;\">Coding interface</li>\r\n</ul>\r\n<p>This retrofit is absolutely lease-friendly. The installation doesn&rsquo;t require any permanent modifications to the exterior or interior of your car.</p>', NULL, NULL),
(587, 214, 'BMWAppsRetrofitUSB', '2019-05-10 12:06:38', '2019-05-13 13:34:51', 1, 'choice', 0, 'Unlock the full potential of your iDrive system with your favorite iPhone apps.', 1, NULL, NULL, NULL, 'usb_coding', '<p><span style=\"font-weight: 400;\">Just imagine how comfortable it would be to listen to Spotify through the car speakers and switch between songs with the help of the iDrive controller. And what about checking out Twitter updates on the BMW native screen? The truth is that it&rsquo;s very easy to arrange with our BMW Apps activation. </span></p>\r\n<p><span style=\"font-weight: 400;\">We add iOS apps to your iDrive system so that you won&rsquo;t need to glance at your iPhone screen every time it lights up. Your social media highlights will be visible on the iDrive display, but not to get distracted from the road while driving, you can get your system to read them for your with the help of Voice Control. Using the same feature you can even make new posts or reply to messages. </span></p>\r\n<p><span style=\"font-weight: 400;\">If you </span>add BMW apps<span style=\"font-weight: 400;\"> to your iDrive, you will get access to Spotify, Pandora Radio, Web Radio, MOG, AUPEO!, Rhapsody and TuneIn. You&rsquo;ll be able to toggle between songs and stations using the iDrive controller. </span></p>\r\n<p><span style=\"font-weight: 400;\">Another important feature is that BMW Apps will allow finding a destination in the map on your iPhone and sending it to the vehicle&rsquo;s navigation. This comes in very handy when you can&rsquo;t use or don&rsquo;t have Voice Control, and don&rsquo;t want to type in the address with the iDrive controller. &nbsp;</span></p>\r\n<p><span style=\"font-weight: 400;\">Among other apps, you&rsquo;ll also be able to use Calendar, Wiki Local, ECO PRO analyzer, Last Mile navigation, Audible, GoPro, etc. To find out about the full list of services available for you and your location, download BMW ConnectedDrive from </span><a rel=\"noopener\" href=\"https://itunes.apple.com/us/app/bmw-connected/id1087277146?mt=8\" target=\"_blank\"><span style=\"font-weight: 400;\">App Store</span></a><span style=\"font-weight: 400;\"> for free. </span></p>', '<p><span style=\"font-weight: 400;\">BMW Apps activation is performed via easy USB coding. The process is very simple: all you need to do is to save the coding file (that we send to you in an email) to a USB stick and connect it to your car. After following some easy instructions, software will be activated and BMW Apps will be available in the iDrive menu.</span></p>', NULL, NULL),
(588, 214, 'BMWAppsCable_F_G', '2019-05-10 12:15:30', '2019-05-13 13:31:38', 1, 'choice', 0, 'Unlock the full potential of your iDrive system with your favorite iPhone apps.', 1, NULL, NULL, NULL, 'codding', '<p><span style=\"font-weight: 400;\">Just imagine how comfortable it would be to listen to Spotify through the car speakers and switch between songs with the help of the iDrive controller. And what about checking out Twitter updates on the BMW native screen? The truth is that it&rsquo;s very easy to arrange with our BMW Apps activation. </span></p>\r\n<p><span style=\"font-weight: 400;\">We add iOS apps to your iDrive system so that you won&rsquo;t need to glance at your iPhone screen every time it lights up. Your social media highlights will be visible on the iDrive display, but not to get distracted from the road while driving, you can get your system to read them for your with the help of Voice Control. Using the same feature you can even make new posts or reply to messages. </span></p>\r\n<p><span style=\"font-weight: 400;\">If you </span>add BMW apps<span style=\"font-weight: 400;\"> to your iDrive, you will get access to Spotify, Pandora Radio, Web Radio, MOG, AUPEO!, Rhapsody and TuneIn. You&rsquo;ll be able to toggle between songs and stations using the iDrive controller. </span></p>\r\n<p><span style=\"font-weight: 400;\">Another important feature is that BMW Apps will allow finding a destination in the map on your iPhone and sending it to the vehicle&rsquo;s navigation. This comes in very handy when you can&rsquo;t use or don&rsquo;t have Voice Control, and don&rsquo;t want to type in the address with the iDrive controller. &nbsp;</span></p>\r\n<p><span style=\"font-weight: 400;\">Among other apps, you&rsquo;ll also be able to use Calendar, Wiki Local, ECO PRO analyzer, Last Mile navigation, Audible, GoPro, etc. To find out about the full list of services available for you and your location, download BMW ConnectedDrive from </span><a href=\"https://itunes.apple.com/us/app/bmw-connected/id1087277146?mt=8\"><span style=\"font-weight: 400;\">App Store</span></a><span style=\"font-weight: 400;\"> for free. </span></p>', '<p><span style=\"font-weight: 400;\">BMW Apps are activated through a remote cable coding session. It is a very simple process that takes no more than 30 minutes. After you complete your order, we send you a coding cable (if you don\'t have one and add it in the top </span><em><span style=\"font-weight: 400;\">Option</span></em><span style=\"font-weight: 400;\"> section). Once you receive it, you will be able to schedule a coding session for the time that suits you best. During the session, just plug in the cable, follow the instructions from our technician and BMW Apps will be unlocked.</span></p>\r\n<p><span style=\"font-weight: 400;\">To prepare for your coding session you will need a laptop running Microsoft Windows and a WiFi internet network that you can connect to in your car. A Mac computer running Windows should work too. The coding cable must be plugged into your laptop&rsquo;s&nbsp;</span><a rel=\"noopener\" href=\"https://www.bimmer-tech.net/customer_support/Remote_coding/Instructions/EthernetPort.jpg\" target=\"_blank\"> <span style=\"font-weight: 400;\">Ethernet port</span></a><span style=\"font-weight: 400;\"> (if you don&rsquo;t have one, you can use an&nbsp;</span><a rel=\"noopener\" href=\"https://www.bimmer-tech.net/customer_support/Remote_coding/Instructions/LAN_MAC.jpg\" target=\"_blank\"> <span style=\"font-weight: 400;\">adapter</span></a><span style=\"font-weight: 400;\">).</span></p>\r\n<p><span style=\"font-weight: 400;\">Watch the video to understand the cable activation process better.</span></p>\r\n<p><custom-iframe style=\"margin: auto;\" src=\"https://www.youtube.com/embed/EeNw6MPzpck\" frameborder=\"0\" width=\"560\" height=\"315\" allow=\"accelerometer; autoplay; encrypted-media; gyroscope; picture-in-picture\" position=\"center\" contenteditable=\"false\"></custom-iframe></p>\r\n<p><span style=\"font-weight: 400;\">The BimmerTech package includes everything necessary for unlocking CarPlay:</span></p>\r\n<ul>\r\n<li style=\"font-weight: 400;\"><span style=\"font-weight: 400;\">Remote activation service</span></li>\r\n<li style=\"font-weight: 400;\"><span style=\"font-weight: 400;\">Coding interface (if you add it to your order in the top </span><em><span style=\"font-weight: 400;\">Option</span></em><span style=\"font-weight: 400;\"> section)</span></li>\r\n</ul>', NULL, NULL),
(589, 214, 'BMWAppsCable_E', '2019-05-10 12:23:10', '2019-05-15 13:33:17', 1, 'choice', 0, 'Unlock the full potential of your iDrive system with your favorite iPhone apps.', 1, NULL, NULL, NULL, 'codding', '<p><span style=\"font-weight: 400;\">Just imagine how comfortable it would be to listen to Spotify through the car speakers and switch between songs with the help of the iDrive controller. And what about checking out Twitter updates on the BMW native screen? The truth is that it&rsquo;s very easy to arrange with our BMW Apps activation. </span></p>\r\n<p><span style=\"font-weight: 400;\">We add iOS apps to your iDrive system so that you won&rsquo;t need to glance at your iPhone screen every time it lights up. Your social media highlights will be visible on the iDrive display, but not to get distracted from the road while driving, you can get your system to read them for your with the help of Voice Control. Using the same feature you can even make new posts or reply to messages. </span></p>\r\n<p><span style=\"font-weight: 400;\">If you </span>add BMW apps<span style=\"font-weight: 400;\"> to your iDrive, you will get access to Spotify, Pandora Radio, Web Radio, MOG, AUPEO!, Rhapsody and TuneIn. You&rsquo;ll be able to toggle between songs and stations using the iDrive controller. </span></p>\r\n<p><span style=\"font-weight: 400;\">Another important feature is that BMW Apps will allow finding a destination in the map on your iPhone and sending it to the vehicle&rsquo;s navigation. This comes in very handy when you can&rsquo;t use or don&rsquo;t have Voice Control, and don&rsquo;t want to type in the address with the iDrive controller. &nbsp;</span></p>\r\n<p><span style=\"font-weight: 400;\">Among other apps, you&rsquo;ll also be able to use Calendar, Wiki Local, ECO PRO analyzer, Last Mile navigation, Audible, GoPro, etc. To find out about the full list of services available for you and your location, download BMW ConnectedDrive from </span><a rel=\"noopener\" href=\"https://itunes.apple.com/us/app/bmw-connected/id1087277146?mt=8\" target=\"_blank\"><span style=\"font-weight: 400;\">App Store</span></a><span style=\"font-weight: 400;\"> for free. </span></p>', '<p><span style=\"font-weight: 400;\">BMW Apps are activated through a remote cable coding session. It is a very simple process that takes no more than 30 minutes. After you complete your order, we send you a coding cable (if you don\'t have one and add it in the top </span><em><span style=\"font-weight: 400;\">Option</span></em><span style=\"font-weight: 400;\"> section). Once you receive it, you will be able to schedule a coding session for the time that suits you best. During the session, just plug in the cable, follow the instructions from our technician and BMW Apps will be unlocked.</span></p>\r\n<p><span style=\"font-weight: 400;\">To prepare for your coding session you will need a laptop running Microsoft Windows and a WiFi internet network that you can connect to in your car. A Mac computer running Windows should work too, but it may not be compatible with some E-series vehicles. The coding cable must be plugged into a regular USB port.</span></p>\r\n<p><span style=\"font-weight: 400;\">Watch the video to understand the cable activation process better.</span></p>\r\n<p><custom-iframe style=\"margin: auto;\" src=\"https://www.youtube.com/embed/EeNw6MPzpck\" frameborder=\"0\" width=\"560\" height=\"315\" allow=\"accelerometer; autoplay; encrypted-media; gyroscope; picture-in-picture\" position=\"center\" contenteditable=\"false\"></custom-iframe></p>\r\n<p><span style=\"font-weight: 400;\">The BimmerTech package includes everything necessary for unlocking CarPlay:</span></p>\r\n<ul>\r\n<li style=\"font-weight: 400;\"><span style=\"font-weight: 400;\">Remote activation service</span></li>\r\n<li style=\"font-weight: 400;\"><span style=\"font-weight: 400;\">Coding interface (if you add it to your order in the top </span><em><span style=\"font-weight: 400;\">Option</span></em><span style=\"font-weight: 400;\"> section)</span></li>\r\n</ul>', NULL, NULL),
(590, 215, 'CICNavRetrofitE63_E64', '2019-05-10 12:50:55', '2019-05-13 13:45:04', 1, 'choice', 0, 'An easy way to upgrade your older BMW to a newer navigation system.', 1, NULL, NULL, NULL, NULL, '<p><span style=\"font-weight: 400;\">If your older BMW is not equipped with some advanced tech features, it doesn&rsquo;t mean that you have to wait ages saving up for a new vehicle. You can retrofit your favorite car with a BMW CIC upgrade and enjoy the most important tech functionalities, getting real value for your money.</span></p>\r\n<p><a rel=\"noopener\" href=\"https://www.bimmer-tech.net/blog/item/54-bmw-cic-nbt-nbtevo\" target=\"_blank\"><span style=\"font-weight: 400;\">Upgrading your BMW with a newer head unit</span></a><span style=\"font-weight: 400;\">, you get a high definition screen and the latest version of the maps for your region, to make navigating through the streets a breeze. In addition, the CIC remote coding activation, included into the kit, provides you with such multimedia features as Video &amp; Services in motion and Voice Control.</span></p>\r\n<p><span style=\"font-weight: 400;\">Your system will be also equipped with a USB port that can be used in several ways. You can benefit from it by updating your maps with a USB drive every time BMW releases a new version. What is more, through that port you will also be able to extend the capabilities of your car with the help of some </span><a rel=\"noopener\" href=\"https://www.bimmer-tech.net/bmw-idrive-coding/\" target=\"_blank\"><span style=\"font-weight: 400;\">USB coding</span></a><span style=\"font-weight: 400;\"> (the range of possible features will depend on your car&rsquo;s specs). </span></p>\r\n<p><span style=\"font-weight: 400;\">In order to perfectly integrate this iDrive retrofit into the interior of your car, in the top </span><em><span style=\"font-weight: 400;\">Option </span></em><span style=\"font-weight: 400;\">section you can choose among different trim designs, like carbon, piano black, fine wood, etc.</span></p>\r\n<p><span style=\"font-weight: 400;\">Please note that the CIC head unit, screen and the iDrive controller are slightly used, but in a very good condition. All other parts included in the kit are brand new.</span></p>', '<p><span style=\"font-weight: 400;\">The process consists of 2 main steps:</span></p>\r\n<ol>\r\n<li style=\"font-weight: 400;\"><span style=\"font-weight: 400;\">Fully plug &amp; play installation (takes up to 3&ndash;4h)</span></li>\r\n<li style=\"font-weight: 400;\"><a rel=\"noopener\" href=\"https://www.youtube.com/watch?v=EeNw6MPzpck\" target=\"_blank\"><span style=\"font-weight: 400;\">Coding </span></a><span style=\"font-weight: 400;\">(after the installation is finished, it is necessary to schedule a remote coding session with a BimmerTech technician)</span></li>\r\n</ol>\r\n<p><span style=\"font-weight: 400;\">The kit includes all the parts necessary for a complete installation:</span></p>\r\n<ul>\r\n<li style=\"font-weight: 400;\"><span style=\"font-weight: 400;\">CIC head unit</span></li>\r\n<li style=\"font-weight: 400;\"><span style=\"font-weight: 400;\">iDrive controller </span></li>\r\n<li style=\"font-weight: 400;\"><span style=\"font-weight: 400;\">High definition screen</span></li>\r\n<li style=\"font-weight: 400;\"><span style=\"font-weight: 400;\">USB port with a USB cable</span></li>\r\n<li style=\"font-weight: 400;\"><span style=\"font-weight: 400;\">Wiring harness</span></li>\r\n<li style=\"font-weight: 400;\"><span style=\"font-weight: 400;\">Coding interface</span></li>\r\n</ul>\r\n<p><span style=\"font-weight: 400;\">The installation is 100% reversible. No permanent modifications to the interior/exterior of your car are needed. The instructions will be available in your user dashboard within 72 hours after the CIC retrofit is shipped. But in case you need any help or have questions, contact our technical support team.</span></p>', NULL, NULL),
(591, 215, 'CICNavRetrofitE9x', '2019-05-10 13:01:25', '2019-05-13 13:48:40', 1, 'choice', 0, 'An easy way to upgrade your older BMW to a newer navigation system.', 1, NULL, NULL, NULL, NULL, '<p><span style=\"font-weight: 400;\">If your older BMW is not equipped with some advanced tech features, it doesn&rsquo;t mean that you have to wait ages saving up for a new vehicle. You can retrofit your favorite car with a BMW CIC upgrade and enjoy the most important tech functionalities, getting real value for your money.</span></p>\r\n<p><a rel=\"noopener\" href=\"https://www.bimmer-tech.net/blog/item/54-bmw-cic-nbt-nbtevo\" target=\"_blank\"><span style=\"font-weight: 400;\">Upgrading your BMW with a newer head unit</span></a><span style=\"font-weight: 400;\">, you get a high definition screen and the latest version of the maps for your region, to make navigating through the streets a breeze. In addition, the CIC remote coding activation, included into the kit, provides you with such multimedia features as Video &amp; Services in motion and Voice Control.</span></p>\r\n<p><span style=\"font-weight: 400;\">Your system will be also equipped with a USB port that can be used in several ways. You can benefit from it by updating your maps with a USB drive every time BMW releases a new version. What is more, through that port you will also be able to extend the capabilities of your car with the help of some </span><a rel=\"noopener\" href=\"https://www.bimmer-tech.net/bmw-idrive-coding/\" target=\"_blank\"><span style=\"font-weight: 400;\">USB coding</span></a><span style=\"font-weight: 400;\"> (the range of possible features will depend on your car&rsquo;s specs). </span></p>\r\n<p><span style=\"font-weight: 400;\">In order to perfectly integrate this iDrive retrofit into the interior of your car, in the top </span><em><span style=\"font-weight: 400;\">Option </span></em><span style=\"font-weight: 400;\">section you can choose among different center console trim designs, like fine wood, aluminum, M3, etc.</span></p>\r\n<p><span style=\"font-weight: 400;\">Please note that the CIC head unit, screen and the iDrive controller are slightly used, but in a very good condition. All other parts included in the kit are brand new.</span></p>', '<p><span style=\"font-weight: 400;\">The process consists of 2 main steps:</span></p>\r\n<ol>\r\n<li style=\"font-weight: 400;\"><span style=\"font-weight: 400;\">Fully plug &amp; play installation (takes up to 3&ndash;4h)</span></li>\r\n<li style=\"font-weight: 400;\"><a rel=\"noopener\" href=\"https://www.youtube.com/watch?v=EeNw6MPzpck\" target=\"_blank\"><span style=\"font-weight: 400;\">Coding </span></a><span style=\"font-weight: 400;\">(after the installation is finished, it is necessary to schedule a remote coding session with a BimmerTech technician)</span></li>\r\n</ol>\r\n<p><span style=\"font-weight: 400;\">The kit includes all the parts necessary for a complete installation:</span></p>\r\n<ul>\r\n<li style=\"font-weight: 400;\"><span style=\"font-weight: 400;\">CIC head unit</span></li>\r\n<li style=\"font-weight: 400;\"><span style=\"font-weight: 400;\">iDrive controller </span></li>\r\n<li style=\"font-weight: 400;\"><span style=\"font-weight: 400;\">High definition screen</span></li>\r\n<li style=\"font-weight: 400;\"><span style=\"font-weight: 400;\">USB port with a USB cable</span></li>\r\n<li style=\"font-weight: 400;\"><span style=\"font-weight: 400;\">Wiring harness</span></li>\r\n<li style=\"font-weight: 400;\"><span style=\"font-weight: 400;\">Coding interface</span></li>\r\n</ul>\r\n<p><span style=\"font-weight: 400;\">The installation is 100% reversible. No permanent modifications to the interior/exterior of your car are needed. The instructions will be available in your user dashboard within 72 hours after the CIC retrofit is shipped. But in case you need any help or have questions, contact our technical support team.</span></p>', NULL, NULL),
(592, 215, 'CICNavRetrofitE60_E61', '2019-05-10 13:07:53', '2019-05-13 13:50:33', 1, 'choice', 0, 'An easy way to upgrade your older BMW to a newer navigation system.', 1, NULL, NULL, NULL, NULL, '<p><span style=\"font-weight: 400;\">If your older BMW is not equipped with some advanced tech features, it doesn&rsquo;t mean that you have to wait ages saving up for a new vehicle. You can retrofit your favorite car with a BMW CIC upgrade and enjoy the most important tech functionalities, getting real value for your money.</span></p>\r\n<p><a rel=\"noopener\" href=\"https://www.bimmer-tech.net/blog/item/54-bmw-cic-nbt-nbtevo\" target=\"_blank\"><span style=\"font-weight: 400;\">Upgrading your BMW with a newer head unit</span></a><span style=\"font-weight: 400;\">, you get a high definition screen and the latest version of the maps for your region, to make navigating through the streets a breeze. In addition, the CIC remote coding activation, included into the kit, provides you with such multimedia features as Video &amp; Services in motion and Voice Control.</span></p>\r\n<p><span style=\"font-weight: 400;\">Your system will be also equipped with a USB port that can be used in several ways. You can benefit from it by updating your maps with a USB drive every time BMW releases a new version. What is more, through that port you will also be able to extend the capabilities of your car with the help of some </span><a rel=\"noopener\" href=\"https://www.bimmer-tech.net/bmw-idrive-coding/\" target=\"_blank\"><span style=\"font-weight: 400;\">USB coding</span></a><span style=\"font-weight: 400;\"> (the range of possible features will depend on your car&rsquo;s specs). </span></p>\r\n<p><span style=\"font-weight: 400;\">Please note that the CIC head unit and screen are slightly used, but in a very good condition. All other parts included in the kit are brand new.</span></p>', '<p><span style=\"font-weight: 400;\">The process consists of 2 main steps:</span></p>\r\n<ol>\r\n<li style=\"font-weight: 400;\"><span style=\"font-weight: 400;\">Fully plug &amp; play installation (takes up to 3&ndash;4h)</span></li>\r\n<li style=\"font-weight: 400;\"><a rel=\"noopener\" href=\"https://www.youtube.com/watch?v=EeNw6MPzpck\" target=\"_blank\"><span style=\"font-weight: 400;\">Coding </span></a><span style=\"font-weight: 400;\">(after the installation is finished, it is necessary to schedule a remote coding session with a BimmerTech technician)</span></li>\r\n</ol>\r\n<p><span style=\"font-weight: 400;\">The kit includes all the parts necessary for a complete installation:</span></p>\r\n<ul>\r\n<li style=\"font-weight: 400;\"><span style=\"font-weight: 400;\">CIC head unit</span></li>\r\n<li style=\"font-weight: 400;\"><span style=\"font-weight: 400;\">High definition screen</span></li>\r\n<li style=\"font-weight: 400;\"><span style=\"font-weight: 400;\">USB port with a USB cable</span></li>\r\n<li style=\"font-weight: 400;\"><span style=\"font-weight: 400;\">Wiring harness</span></li>\r\n<li style=\"font-weight: 400;\"><span style=\"font-weight: 400;\">Coding interface</span></li>\r\n</ul>\r\n<p><span style=\"font-weight: 400;\">The installation is 100% reversible. No permanent modifications to the interior/exterior of your car are needed. The instructions will be available in your user dashboard within 72 hours after the CIC retrofit is shipped. But in case you need any help or have questions, contact our technical support team.</span></p>', NULL, NULL),
(593, NULL, 'iDriveControllerAddOn', '2019-05-10 13:11:53', '2019-05-10 13:16:01', 1, 'choice', 0, NULL, 0, NULL, NULL, 'You can upgrade your current iDrive controller with a new one, from the CIC iDrive system. The kit includes a plastic bezel.', NULL, NULL, NULL, NULL, NULL);
INSERT INTO `sylius_product` (`id`, `main_taxon_id`, `code`, `created_at`, `updated_at`, `enabled`, `variant_selection_method`, `average_rating`, `taxon_decription`, `recomended`, `buyers_footer_content`, `buyers_header_content`, `addon_information`, `type`, `description`, `installer`, `flagName`, `flagColor_id`) VALUES
(594, 215, 'CICNavRetrofitE60_E61_LCI', '2019-05-10 13:18:33', '2019-05-13 13:52:20', 1, 'choice', 0, 'An easy way to upgrade your older BMW to a newer navigation system.', 1, NULL, NULL, NULL, NULL, '<p><span style=\"font-weight: 400;\">If your older BMW is not equipped with some advanced tech features, it doesn&rsquo;t mean that you have to wait ages saving up for a new vehicle. You can retrofit your favorite car with a BMW CIC upgrade and enjoy the most important tech functionalities, getting real value for your money.</span></p>\r\n<p><a rel=\"noopener\" href=\"https://www.bimmer-tech.net/blog/item/54-bmw-cic-nbt-nbtevo\" target=\"_blank\"><span style=\"font-weight: 400;\">Upgrading your BMW with a newer head unit</span></a><span style=\"font-weight: 400;\">, you get a high definition screen and the latest version of the maps for your region, to make navigating through the streets a breeze. In addition, the CIC remote coding activation, included into the kit, provides you with such multimedia features as Video &amp; Services in motion and Voice Control.</span></p>\r\n<p><span style=\"font-weight: 400;\">Your system will be also equipped with a USB port that can be used in several ways. You can benefit from it by updating your maps with a USB drive every time BMW releases a new version. What is more, through that port you will also be able to extend the capabilities of your car with the help of some </span><a rel=\"noopener\" href=\"https://www.bimmer-tech.net/bmw-idrive-coding/\" target=\"_blank\"><span style=\"font-weight: 400;\">USB coding</span></a><span style=\"font-weight: 400;\"> (the range of possible features will depend on your car&rsquo;s specs). </span></p>\r\n<p><span style=\"font-weight: 400;\">In order to perfectly integrate this iDrive retrofit into the interior of your car, in the top </span><em><span style=\"font-weight: 400;\">Option </span></em><span style=\"font-weight: 400;\">section you can choose among different lower trim designs, like fine wood, brushed aluminum, real bamboo, etc.</span></p>\r\n<p><span style=\"font-weight: 400;\">Please note that the CIC head unit and screen are slightly used, but in a very good condition. All other parts included in the kit are brand new.</span></p>', '<p><span style=\"font-weight: 400;\">The process consists of 2 main steps:</span></p>\r\n<ol>\r\n<li style=\"font-weight: 400;\"><span style=\"font-weight: 400;\">Fully plug &amp; play installation (takes up to 3&ndash;4h)</span></li>\r\n<li style=\"font-weight: 400;\"><a rel=\"noopener\" href=\"https://www.youtube.com/watch?v=EeNw6MPzpck\" target=\"_blank\"><span style=\"font-weight: 400;\">Coding </span></a><span style=\"font-weight: 400;\">(after the installation is finished, it is necessary to schedule a remote coding session with a BimmerTech technician)</span></li>\r\n</ol>\r\n<p><span style=\"font-weight: 400;\">The kit includes all the parts necessary for a complete installation:</span></p>\r\n<ul>\r\n<li style=\"font-weight: 400;\"><span style=\"font-weight: 400;\">CIC head unit</span></li>\r\n<li style=\"font-weight: 400;\"><span style=\"font-weight: 400;\">High definition screen</span></li>\r\n<li style=\"font-weight: 400;\"><span style=\"font-weight: 400;\">USB port with a USB cable</span></li>\r\n<li style=\"font-weight: 400;\"><span style=\"font-weight: 400;\">Wiring harness</span></li>\r\n<li style=\"font-weight: 400;\"><span style=\"font-weight: 400;\">Coding interface</span></li>\r\n</ul>\r\n<p><span style=\"font-weight: 400;\">The installation is 100% reversible. No permanent modifications to the interior/exterior of your car are needed. The instructions will be available in your user dashboard within 72 hours after the CIC retrofit is shipped. But in case you need any help or have questions, contact our technical support team.</span></p>', NULL, NULL),
(595, 215, 'CICNavRetrofitE70_E71_E8x', '2019-05-10 13:25:54', '2019-05-13 13:55:57', 1, 'choice', 0, 'An easy way to upgrade your older BMW to a newer navigation system.', 1, NULL, NULL, NULL, NULL, '<p><span style=\"font-weight: 400;\">If your older BMW is not equipped with some advanced tech features, it doesn&rsquo;t mean that you have to wait ages saving up for a new vehicle. You can retrofit your favorite car with a BMW CIC upgrade and enjoy the most important tech functionalities, getting real value for your money.</span></p>\r\n<p><a rel=\"noopener\" href=\"https://www.bimmer-tech.net/blog/item/54-bmw-cic-nbt-nbtevo\" target=\"_blank\"><span style=\"font-weight: 400;\">Upgrading your BMW with a newer head unit</span></a><span style=\"font-weight: 400;\">, you get a high definition screen and the latest version of the maps for your region, to make navigating through the streets a breeze. In addition, the CIC remote coding activation, included into the kit, provides you with such multimedia features as Video &amp; Services in motion and Voice Control.</span></p>\r\n<p><span style=\"font-weight: 400;\">Your system will be also equipped with a USB port that can be used in several ways. You can benefit from it by updating your maps with a USB drive every time BMW releases a new version. What is more, through that port you will also be able to extend the capabilities of your car with the help of some </span><a rel=\"noopener\" href=\"https://www.bimmer-tech.net/bmw-idrive-coding/\" target=\"_blank\"><span style=\"font-weight: 400;\">USB coding</span></a><span style=\"font-weight: 400;\"> (the range of possible features will depend on your car&rsquo;s specs). </span></p>\r\n<p><span style=\"font-weight: 400;\">Please note that the CIC head unit, screen and the iDrive controller are slightly used, but in a very good condition. All other parts included in the kit are brand new.</span></p>', '<p><span style=\"font-weight: 400;\">The process consists of 2 main steps:</span></p>\r\n<ol>\r\n<li style=\"font-weight: 400;\"><span style=\"font-weight: 400;\">Fully plug &amp; play installation (takes up to 3&ndash;4h)</span></li>\r\n<li style=\"font-weight: 400;\"><a rel=\"noopener\" href=\"https://www.youtube.com/watch?v=EeNw6MPzpck\" target=\"_blank\"><span style=\"font-weight: 400;\">Coding </span></a><span style=\"font-weight: 400;\">(after the installation is finished, it is necessary to schedule a remote coding session with a BimmerTech technician)</span></li>\r\n</ol>\r\n<p><span style=\"font-weight: 400;\">The kit includes all the parts necessary for a complete installation:</span></p>\r\n<ul>\r\n<li style=\"font-weight: 400;\"><span style=\"font-weight: 400;\">CIC head unit</span></li>\r\n<li style=\"font-weight: 400;\"><span style=\"font-weight: 400;\">iDrive controller </span></li>\r\n<li style=\"font-weight: 400;\"><span style=\"font-weight: 400;\">High definition screen</span></li>\r\n<li style=\"font-weight: 400;\"><span style=\"font-weight: 400;\">USB port with a USB cable</span></li>\r\n<li style=\"font-weight: 400;\"><span style=\"font-weight: 400;\">Wiring harness</span></li>\r\n<li style=\"font-weight: 400;\"><span style=\"font-weight: 400;\">Coding interface</span></li>\r\n</ul>\r\n<p><span style=\"font-weight: 400;\">The installation is 100% reversible. No permanent modifications to the interior/exterior of your car are needed. The instructions will be available in your user dashboard within 72 hours after the CIC retrofit is shipped. But in case you need any help or have questions, contact our technical support team.</span></p>', NULL, NULL),
(596, NULL, 'PnPHarnessAddOn', '2019-05-10 13:31:21', '2019-05-10 13:33:41', 1, 'choice', 0, NULL, 0, NULL, NULL, 'Your car is equipped with a rear view camera and/or PDC. You need to add the PNP Harness to your order.  It is necessary for the upgrade to function properly with your park assist features.', NULL, NULL, NULL, NULL, NULL),
(597, 216, 'ComboxWithBT', '2019-05-10 13:36:41', '2019-05-14 13:16:57', 1, 'choice', 0, 'Enjoy Bluetooth, the Office Menu and a USB audio interface in older BMW models.', 1, NULL, NULL, NULL, NULL, '<p>If you want to breathe new life into your favorite BMW (instead of spending thousands on a new model), revitalizing its multimedia functionalities is the perfect step towards a better driving experience.</p>\r\n<p>Combox Media PnP Retrofit is a module that adds many new features to your iDrive system. Most importantly, your car will be equipped with BMW Bluetooth audio streaming thanks to the <a rel=\"noopener\" href=\"https://www.bimmer-tech.net/blog/item/56-bmw-enhanced-bluetooth\" target=\"_blank\">Enhanced Bluetooth</a> feature. You&rsquo;ll be able to stream music from your MP3 player or smartphone through the car&rsquo;s stereo system.</p>\r\n<p>What&rsquo;s more, your iDrive will support BMW Bluetooth pairing of two devices simultaneously. Listen to music from your passenger&rsquo;s phone and receive calls from your own!</p>\r\n<p>Combox also upgrades BMW Connected Drive &mdash; you get access to the Office Menu where you see SMS messages, notes, emails, calendar or reminders from your phone on the iDrive screen. Please keep in mind that you can only read them, and there is no possibility to edit or send new messages through the car&rsquo;s system.</p>\r\n<p>Combox retrofit provides support for Apple white cable which accounts for a much better BMW Bluetooth iPhone integration &mdash; your iPhone or iPod can be connected to your BMW. This lets you stream music with a much better audio quality and, at the same time, charge the device.</p>\r\n<p>In addition, you will have a chance to enjoy contacts with images and album art covers if the MP3 files contain them (this function is only available via a USB connection through the original &ldquo;white&rdquo; cable).</p>\r\n<p><custom-iframe style=\"margin: auto;\" src=\"https://www.youtube.com/embed/et8Y6pHMor4\" frameborder=\"0\" width=\"560\" height=\"315\" allow=\"accelerometer; autoplay; encrypted-media; gyroscope; picture-in-picture\" position=\"center\" contenteditable=\"false\"></custom-iframe></p>\r\n<p>Please note that Bluetooth audio playback and contact photos are not supported by all phones. Visit <a rel=\"noopener\" href=\"http://www.bmwusa.com/bluetooth\" target=\"_blank\">http://www.bmwusa.com/bluetooth</a> to check for compatible devices tested and recommended by BMW.</p>', '<p>In order to install Combox PnP retrofit properly, we will add the instructional manual to your personal account within 72 hours after the upgrade is shipped. It will contain a step-by-step installation instructions for your specific BMW. In case you have any questions, please don&rsquo;t hesitate to contact our technical support.</p>\r\n<p>The process itself consists of 2 main steps:</p>\r\n<ol>\r\n<li style=\"font-weight: 400;\">Fully plug &amp; play installation (takes up to 3&ndash;4h)</li>\r\n<li style=\"font-weight: 400;\"><a rel=\"noopener\" href=\"https://www.youtube.com/watch?v=EeNw6MPzpck\" target=\"_blank\">Coding </a>(after the installation is finished, it is necessary to schedule a remote coding session with a BimmerTech technician)</li>\r\n</ol>\r\n<p>The kit includes all BMW auto parts necessary for a complete installation:</p>\r\n<ul>\r\n<li style=\"font-weight: 400;\">Combox unit</li>\r\n<li style=\"font-weight: 400;\">Wiring harness</li>\r\n<li style=\"font-weight: 400;\">Coding interface</li>\r\n</ul>\r\n<p>This retrofit is absolutely lease-friendly. The installation doesn&rsquo;t require any permanent modifications to the exterior or interior of your car.</p>', NULL, NULL),
(598, NULL, 'USB_AUXIntAddOn', '2019-05-10 13:43:04', '2019-05-10 13:52:01', 1, 'choice', 0, NULL, 0, NULL, NULL, 'This retrofit adds an extra USB port to your BMW as well as AUX port with a 3.5 mm input meaning that you can attach any audio source with a headphone jack to your BMW’s head unit and enjoy the music through your car’s stereo system.', NULL, NULL, NULL, NULL, NULL),
(599, 184, '6WACluster', '2019-05-10 14:08:14', '2019-05-17 14:31:11', 1, 'choice', 0, 'Kick it off with a half digital, half analog cluster and enjoy your driving at full blast.', 1, NULL, NULL, NULL, NULL, '<p><span style=\"font-weight: 400;\">If you&rsquo;re tired of staring at the speedometer when it&rsquo;s dark and guessing whether you&rsquo;ll be stopped for speeding or not, a BMW original hybrid instrument panel is exactly what you need. However, a change from a fully analogue to a partially digital cluster makes a difference in many aspects of your driving. </span></p>\r\n<p>The half digital instrument cluster consists of analog gauges with LED lights and digital display in its lower half. During the day it is electroluminescent which enhances the overall look of the car&rsquo;s dashboard. In other words, it feels classy and modern at the same time, and who doesn&rsquo;t want that for their BMW?</p>\r\n<p>This improvement also boosts the overview of the instrument panel at nights making it crisp and clear. So, a quick look at the dash will give all the specs you need to keep track of during driving.</p>\r\n<p>The digital part of the cluster shows all the important control information like Comfort/ECO PRO/Sport/Sport+ modes, navigation, oil temp, current speed in numbers, a basic animation of the car, etc.</p>', '<p><span style=\"font-weight: 400;\">The process itself consists of 2 main steps:</span></p>\r\n<ol>\r\n<li style=\"font-weight: 400;\"><span style=\"font-weight: 400;\">Fully plug &amp; play installation (takes up to 1h)</span></li>\r\n<li style=\"font-weight: 400;\"><a rel=\"noopener\" href=\"https://www.youtube.com/watch?v=EeNw6MPzpck\" target=\"_blank\"><span style=\"font-weight: 400;\">Coding </span></a><span style=\"font-weight: 400;\">(after the installation is finished, it is necessary to schedule a remote coding session with a BimmerTech technician)</span></li>\r\n</ol>\r\n<p>The kit includes all parts necessary for a complete installation:</p>\r\n<ul>\r\n<li style=\"font-weight: 400;\">6WA instrument panel cluster</li>\r\n<li style=\"font-weight: 400;\">Pin adaptor</li>\r\n<li style=\"font-weight: 400;\">Coding interface</li>\r\n</ul>\r\n<p>The way this 6WA half digital gauge cluster mounting is completely lease-friendly as there are no permanent modifications needed.</p>\r\n<p>You will be able to find the 6WA half digital speedometer installation manual in your personal account within 72 hours after the product is shipped. The manual will be created and customized for your exact car. But in case of any additional questions, our technical support is always ready to help.</p>', NULL, NULL),
(600, 182, 'NBTEVOID4', '2019-05-13 12:24:31', '2019-05-13 14:01:22', 1, 'choice', 0, 'Get a faster system and better graphics with a new ID4 iDrive for your BMW!', 1, NULL, NULL, NULL, NULL, '<p>If you&rsquo;re satisfied with your BMW&rsquo;s iDrive, but lack speed in the system&rsquo;s loading and better contrast in the graphics, NBT Evo ID4 Navigation System retrofit is exactly what you need!</p>\r\n<p>This BMW iDrive upgrade has a more power-packed processor, so the response and boot times will be much faster. In addition, the iDrive interface will look much sharper thanks to the higher image contrast.</p>\r\n<p>The kit contains only BMW original parts and FSC-certified codes, so there is no need for any aftermarket emulators.</p>\r\n<p>This BMW NBT Evo iDrive upgrade supplies the latest version of the maps for your region, to make navigating through the streets a breeze. In addition, the FSC activation includes such multimedia features as Video &amp; Services in motion, Voice Control and BMW Apps. Also if your BMW does not have Bluetooth or USB this NBT Evo retrofit kit will add these options to your car.</p>\r\n<p>NBT Evo ID4 belongs to the Navigation System Professional iDrives, meaning it has lots of multimedia and navigation functionalities. Want to know more about its features and other iDrives? Read our <a rel=\"noopener\" href=\"https://www.bimmer-tech.net/blog/item/54-bmw-cic-nbt-nbtevo\" target=\"_blank\">blog post</a>. &nbsp;</p>\r\n<p>The NBT Evo head unit, screen and iDrive Touch controller are slightly used, but in a very good condition. All other parts included in the kit are brand new.</p>\r\n<p>Please note that Remote Services like locking or unlocking the car with a smartphone, flashing the headlights or sounding the horn from afar, may not work in your vehicle. To learn whether Remote features will be available in your BMW after installation or not, <a rel=\"noopener\" href=\"http://testshop.bimmer-tech.net/page-contact\" target=\"_blank\">contact us</a> with your VIN.</p>', '<p>The installation instructions for NBT Evo ID4 hardware upgrade appear in the personal account within 72 hours after the purchased product is shipped. They are created and customized for each specific model. But in case of any additional questions, our technical support is always ready to help.</p>\r\n<p>The process itself consists of 2 main steps:</p>\r\n<ol>\r\n<li style=\"font-weight: 400;\">Fully plug &amp; play installation (takes up to 3&ndash;4h)</li>\r\n<li style=\"font-weight: 400;\"><a rel=\"noopener\" href=\"https://www.youtube.com/watch?v=EeNw6MPzpck\" target=\"_blank\">Coding </a>(after the installation is finished, it is necessary to schedule a remote coding session with a BimmerTech technician)</li>\r\n</ol>\r\n<p>The kit includes all parts necessary for a complete installation:</p>\r\n<ul>\r\n<li style=\"font-weight: 400;\">NBT Evo head unit</li>\r\n<li style=\"font-weight: 400;\">8.8&rdquo; high definition screen</li>\r\n<li style=\"font-weight: 400;\">iDrive Touch Controller</li>\r\n<li style=\"font-weight: 400;\">Wiring harness</li>\r\n<li style=\"font-weight: 400;\">Coding interface</li>\r\n</ul>\r\n<p>The installation is 100% reversible. No permanent modifications to the interior/exterior of your car are needed.</p>', NULL, NULL),
(601, 180, 'TrimToolKit', '2019-05-13 12:33:56', '2019-05-13 14:03:52', 1, 'choice', 0, 'High-quality trim tools for DIY installs that will take good care of your BMW!', 1, NULL, NULL, NULL, NULL, '<p><span style=\"font-weight: 400;\">Dreaming about a professional-grade plastic tool to make DIY BMW installations easy? You already found it! Our four-piece Trim Tool Kit is exactly what you&rsquo;ve been looking for to remove interior trim pieces safely without causing any scratches or dents.</span></p>\r\n<p><span style=\"font-weight: 400;\">The kit includes all the tools you\'ll need for installing new retrofits. Made with vehicle-friendly plastic that\'s durable enough to withstand the job, but easy enough on your vehicle to prevent scratches, cracks and other damage.</span></p>\r\n<p><span style=\"font-weight: 400;\">The ergonomic design makes it easy to slide between the trim and pry to remove it for installation purposes. It&rsquo;s very simple to access the tightest spaces and take off the trim pieces with minimal effort. </span></p>', NULL, NULL, NULL),
(602, 216, 'Combox_NoBT_E_Series', '2019-05-14 13:11:32', '2019-05-14 13:17:15', 1, 'choice', 0, 'Enjoy Bluetooth, the Office Menu and a USB audio interface in older BMW models.', 1, NULL, NULL, NULL, NULL, '<p>If you want to breathe new life into your favorite BMW (instead of spending thousands on a new model), revitalizing its multimedia functionalities is the perfect step towards a better driving experience.</p>\r\n<p>Combox Media PnP Retrofit is a module that adds many new features to your iDrive system. Most importantly, your car will be equipped with BMW Bluetooth audio streaming thanks to the <a rel=\"noopener\" href=\"https://www.bimmer-tech.net/blog/item/56-bmw-enhanced-bluetooth\" target=\"_blank\">Enhanced Bluetooth</a> feature. You&rsquo;ll be able to stream music from your MP3 player or smartphone through the car&rsquo;s stereo system.</p>\r\n<p>What&rsquo;s more, your iDrive will support BMW Bluetooth pairing of two devices simultaneously. Listen to music from your passenger&rsquo;s phone and receive calls from your own!</p>\r\n<p>Combox also upgrades BMW Connected Drive &mdash; you get access to the Office Menu where you see SMS messages, notes, emails, calendar or reminders from your phone on the iDrive screen. Please keep in mind that you can only read them, and there is no possibility to edit or send new messages through the car&rsquo;s system.</p>\r\n<p>Combox retrofit provides support for Apple white cable which accounts for a much better BMW Bluetooth iPhone integration &mdash; your iPhone or iPod can be connected to your BMW. This lets you stream music with a much better audio quality and, at the same time, charge the device.</p>\r\n<p>In addition, you will have a chance to enjoy contacts with images and album art covers if the MP3 files contain them (this function is only available via a USB connection through the original &ldquo;white&rdquo; cable).</p>\r\n<p><custom-iframe style=\"margin: auto;\" src=\"https://www.youtube.com/embed/et8Y6pHMor4\" frameborder=\"0\" width=\"560\" height=\"315\" allow=\"accelerometer; autoplay; encrypted-media; gyroscope; picture-in-picture\" position=\"center\" contenteditable=\"false\"></custom-iframe>Please note that Bluetooth audio playback and contact photos are not supported by all phones. Visit <a rel=\"noopener\" href=\"http://www.bmwusa.com/bluetooth\" target=\"_blank\">http://www.bmwusa.com/bluetooth</a> to check for compatible devices tested and recommended by BMW.</p>', '<p>In order to install Combox PnP retrofit properly, we will add the instructional manual to your personal account within 72 hours after the upgrade is shipped. It will contain a step-by-step installation instructions for your specific BMW. In case you have any questions, please don&rsquo;t hesitate to contact our technical support.</p>\r\n<p>The process itself consists of 2 main steps:</p>\r\n<ol>\r\n<li style=\"font-weight: 400;\">Fully plug &amp; play installation (takes up to 3&ndash;4h)</li>\r\n<li style=\"font-weight: 400;\"><a rel=\"noopener\" href=\"https://www.youtube.com/watch?v=EeNw6MPzpck\" target=\"_blank\">Coding </a>(after the installation is finished, it is necessary to schedule a remote coding session with a BimmerTech technician)</li>\r\n</ol>\r\n<p>The kit includes all BMW auto parts necessary for a complete installation:</p>\r\n<ul>\r\n<li style=\"font-weight: 400;\">Combox unit</li>\r\n<li style=\"font-weight: 400;\">Wiring harness</li>\r\n<li style=\"font-weight: 400;\">Coding interface</li>\r\n</ul>\r\n<p>This retrofit is absolutely lease-friendly. The installation doesn&rsquo;t require any permanent modifications to the exterior or interior of your car.</p>', NULL, NULL),
(603, 216, 'Combox_NoBT_F_Series', '2019-05-14 13:21:13', '2019-05-14 13:28:58', 1, 'choice', 0, 'Enjoy Bluetooth, the Office Menu and a USB audio interface in older BMW models.', 1, NULL, NULL, NULL, NULL, '<p>If you want to breathe new life into your favorite BMW (instead of spending thousands on a new model), revitalizing its multimedia functionalities is the perfect step towards a better driving experience.</p>\r\n<p>Combox Media PnP Retrofit is a module that adds many new features to your iDrive system. Most importantly, your car will be equipped with BMW Bluetooth audio streaming thanks to the <a rel=\"noopener\" href=\"https://www.bimmer-tech.net/blog/item/56-bmw-enhanced-bluetooth\" target=\"_blank\">Enhanced Bluetooth</a> feature. You&rsquo;ll be able to stream music from your MP3 player or smartphone through the car&rsquo;s stereo system.</p>\r\n<p>What&rsquo;s more, your iDrive will support BMW Bluetooth pairing of two devices simultaneously. Listen to music from your passenger&rsquo;s phone and receive calls from your own!</p>\r\n<p>Combox also upgrades BMW Connected Drive &mdash; you get access to the Office Menu where you see SMS messages, notes, emails, calendar or reminders from your phone on the iDrive screen. Please keep in mind that you can only read them, and there is no possibility to edit or send new messages through the car&rsquo;s system.</p>\r\n<p>Combox retrofit provides support for Apple white cable which accounts for a much better BMW Bluetooth iPhone integration &mdash; your iPhone or iPod can be connected to your BMW. This lets you stream music with a much better audio quality and, at the same time, charge the device.</p>\r\n<p>In addition, you will have a chance to enjoy contacts with images and album art covers if the MP3 files contain them (this function is only available via a USB connection through the original &ldquo;white&rdquo; cable).</p>\r\n<p><custom-iframe style=\"margin: auto;\" src=\"https://www.youtube.com/embed/et8Y6pHMor4\" frameborder=\"0\" width=\"560\" height=\"315\" allow=\"accelerometer; autoplay; encrypted-media; gyroscope; picture-in-picture\" position=\"center\" contenteditable=\"false\"></custom-iframe></p>', '<p>In order to install Combox PnP retrofit properly, we will add the instructional manual to your personal account within 72 hours after the upgrade is shipped. It will contain a step-by-step installation instructions for your specific BMW. In case you have any questions, please don&rsquo;t hesitate to contact our technical support.</p>\r\n<p>The process itself consists of 2 main steps:</p>\r\n<ol>\r\n<li style=\"font-weight: 400;\">Fully plug &amp; play installation (takes up to 3&ndash;4h)</li>\r\n<li style=\"font-weight: 400;\"><a rel=\"noopener\" href=\"https://www.youtube.com/watch?v=EeNw6MPzpck\" target=\"_blank\">Coding </a>(after the installation is finished, it is necessary to schedule a remote coding session with a BimmerTech technician)</li>\r\n</ol>\r\n<p>The kit includes all BMW auto parts necessary for a complete installation:</p>\r\n<ul>\r\n<li style=\"font-weight: 400;\">Combox unit</li>\r\n<li style=\"font-weight: 400;\">Wiring harness</li>\r\n<li style=\"font-weight: 400;\">Coding interface</li>\r\n</ul>\r\n<p>This retrofit is absolutely lease-friendly. The installation doesn&rsquo;t require any permanent modifications to the exterior or interior of your car.</p>', NULL, NULL),
(604, 216, 'Combox_6FL', '2019-05-14 13:31:28', '2019-05-15 08:51:48', 1, 'choice', 0, 'Enjoy Bluetooth, the Office Menu and a USB audio interface in older BMW models.', 1, NULL, NULL, NULL, NULL, '<p>If you want to breathe new life into your favorite BMW (instead of spending thousands on a new model), revitalizing its multimedia functionalities is the perfect step towards a better driving experience.</p>\r\n<p>Combox Media PnP Retrofit is a module that adds many new features to your iDrive system. Most importantly, your car will be equipped with BMW Bluetooth audio streaming thanks to the <a rel=\"noopener\" href=\"https://www.bimmer-tech.net/blog/item/56-bmw-enhanced-bluetooth\" target=\"_blank\">Enhanced Bluetooth</a> feature. You&rsquo;ll be able to stream music from your MP3 player or smartphone through the car&rsquo;s stereo system.</p>\r\n<p>What&rsquo;s more, your iDrive will support BMW Bluetooth pairing of two devices simultaneously. Listen to music from your passenger&rsquo;s phone and receive calls from your own!</p>\r\n<p>Combox also upgrades BMW Connected Drive &mdash; you get access to the Office Menu where you see SMS messages, notes, emails, calendar or reminders from your phone on the iDrive screen. Please keep in mind that you can only read them, and there is no possibility to edit or send new messages through the car&rsquo;s system.</p>\r\n<p>Combox retrofit provides support for Apple white cable which accounts for a much better BMW Bluetooth iPhone integration &mdash; your iPhone or iPod can be connected to your BMW. This lets you stream music with a much better audio quality and, at the same time, charge the device.</p>\r\n<p>In addition, you will have a chance to enjoy contacts with images and album art covers if the MP3 files contain them (this function is only available via a USB connection through the original &ldquo;white&rdquo; cable).</p>\r\n<p><custom-iframe style=\"margin: auto;\" src=\"https://www.youtube.com/embed/et8Y6pHMor4\" frameborder=\"0\" width=\"560\" height=\"315\" allow=\"accelerometer; autoplay; encrypted-media; gyroscope; picture-in-picture\" position=\"center\" contenteditable=\"false\"></custom-iframe></p>', '<p>In order to install Combox PnP retrofit properly, we will add the instructional manual to your personal account within 72 hours after the upgrade is shipped. It will contain a step-by-step installation instructions for your specific BMW. In case you have any questions, please don&rsquo;t hesitate to contact our technical support.</p>\r\n<p>The process itself consists of 2 main steps:</p>\r\n<ol>\r\n<li style=\"font-weight: 400;\">Fully plug &amp; play installation (takes up to 3&ndash;4h)</li>\r\n<li style=\"font-weight: 400;\"><a rel=\"noopener\" href=\"https://www.youtube.com/watch?v=EeNw6MPzpck\" target=\"_blank\">Coding </a>(after the installation is finished, it is necessary to schedule a remote coding session with a BimmerTech technician)</li>\r\n</ol>\r\n<p>The kit includes all BMW auto parts necessary for a complete installation:</p>\r\n<ul>\r\n<li style=\"font-weight: 400;\">Combox unit</li>\r\n<li style=\"font-weight: 400;\">Microphone</li>\r\n<li style=\"font-weight: 400;\">Bluetooth antenna</li>\r\n<li style=\"font-weight: 400;\">Wiring harness</li>\r\n<li style=\"font-weight: 400;\">Coding interface</li>\r\n</ul>\r\n<p>This retrofit is absolutely lease-friendly. The installation doesn&rsquo;t require any permanent modifications to the exterior or interior of your car.</p>', NULL, NULL),
(605, NULL, 'TouchScreen1000AddOn', '2019-05-14 14:20:10', '2019-05-14 14:21:47', 1, 'choice', 0, NULL, 0, NULL, NULL, 'A high resolution BMW touch screen that will amplify your experience of using the NBT Evo ID5/ID6 iDrive system.', NULL, NULL, NULL, NULL, NULL),
(606, NULL, 'TouchScreen500AddOn', '2019-05-14 14:22:22', '2019-05-14 14:23:16', 1, 'choice', 0, NULL, 0, NULL, NULL, 'A high resolution BMW touch screen that will amplify your experience of using the NBT Evo ID5/ID6 iDrive system.', NULL, NULL, NULL, NULL, NULL),
(607, 211, 'NBTEVOID5_3_4_Series_2016_NBTEVOID4', '2019-05-14 14:29:38', '2019-05-14 14:43:00', 1, 'choice', 0, 'Switch to the newest-generation iDrive system and enjoy the latest tech perks.', 1, NULL, NULL, NULL, NULL, '<p><span style=\"font-weight: 400;\">The most technologically advanced retrofits always bring the greatest deal of comfort, especially when it comes to owning a BMW. Our NBT Evo ID5/ID6 Navigation upgrade will certainly add convenience to using the driver assistance systems as well as infotainment perks.</span></p>\r\n<p><custom-iframe style=\"margin: auto;\" src=\"https://www.youtube.com/embed/4HaUDEj1Oyc\" frameborder=\"0\" width=\"560\" height=\"315\" allow=\"accelerometer; autoplay; encrypted-media; gyroscope; picture-in-picture\" position=\"center\" contenteditable=\"false\"></custom-iframe></p>\r\n<p><span style=\"font-weight: 400;\">The kit contains only BMW original parts and FSC-certified codes, so there is no need for aftermarket emulators. It comes either with ID5 or ID6 software &mdash; it&rsquo;s up to you to choose the interface that suits you best and specify it during the purchase.</span></p>\r\n<p><custom-iframe style=\"margin: auto;\" src=\"https://www.youtube.com/embed/tOqXzuSqsqw\" frameborder=\"0\" width=\"560\" height=\"315\" allow=\"accelerometer; autoplay; encrypted-media; gyroscope; picture-in-picture\" position=\"center\" contenteditable=\"false\"></custom-iframe></p>\r\n<p><span style=\"font-weight: 400;\">This BMW NBT Evo upgrade supplies the latest version of the maps for your region, to make navigating through the streets a breeze. In addition, the FSC activation includes such multimedia features as Video &amp; Services in motion, Voice Control and BMW Apps.</span></p>\r\n<p><span style=\"font-weight: 400;\">NBT Evo ID5/ID6 Navigation retrofit also comes with CarPlay built in. This software lets you use iPhone apps like Apple Maps, Waze or Spotify on the native iDrive screen. And with the Siri functionality, driving can&rsquo;t get any safer and comfier.</span></p>\r\n<p><custom-iframe style=\"margin: auto;\" src=\"https://www.youtube.com/embed/8sYmji6nuZg\" frameborder=\"0\" width=\"560\" height=\"315\" allow=\"accelerometer; autoplay; encrypted-media; gyroscope; picture-in-picture\" position=\"center\" contenteditable=\"false\"></custom-iframe></p>\r\n<p><span style=\"font-weight: 400;\">To know the full list of features and possibilities of this kit, read our detailed </span><a rel=\"noopener\" href=\"https://www.bimmer-tech.net/blog/item/58-bmw-nbt-evo-id5-id6-idrive-upgrade\" target=\"_blank\"><span style=\"font-weight: 400;\">blog post.</span></a></p>\r\n<p><span style=\"font-weight: 400;\">Please note that the NBT Evo head unit is slightly used, but in a very good condition.&nbsp;</span></p>\r\n<p><span style=\"font-weight: 400;\">Remote Services like locking or unlocking the car with a smartphone, flashing the headlights or sounding the horn from afar, may not work in your vehicle. To learn whether Remote features will be available in your BMW after installation or not, <a href=\"http://testshop.bimmer-tech.net/page-contact\">contact us</a> with your VIN.</span></p>', '<p><span style=\"font-weight: 400;\">The installation instructions appear in the personal account within 72 hours after the purchased product is shipped. They are created and customized for each specific model. But in case of any additional questions, our technical support is always ready to help. </span></p>\r\n<p><span style=\"font-weight: 400;\">The process itself consists of 2 main steps:</span></p>\r\n<ol>\r\n<li style=\"font-weight: 400;\"><span style=\"font-weight: 400;\">Fully plug &amp; play installation (takes up to 2h)</span></li>\r\n<li style=\"font-weight: 400;\"><a rel=\"noopener\" href=\"https://www.youtube.com/watch?v=EeNw6MPzpck\" target=\"_blank\"><span style=\"font-weight: 400;\">Coding </span></a><span style=\"font-weight: 400;\">(after the installation is finished, it is necessary to schedule a remote coding session with a BimmerTech technician)</span></li>\r\n</ol>\r\n<p><span style=\"font-weight: 400;\">The kit includes all parts necessary for a complete installation:</span></p>\r\n<ul>\r\n<li style=\"font-weight: 400;\"><span style=\"font-weight: 400;\">NBT Evo head unit</span></li>\r\n</ul>\r\n<p><span style=\"font-weight: 400;\">The installation is 100% reversible. No permanent modifications to the interior/exterior of your car are needed.</span></p>', NULL, NULL),
(608, NULL, 'TouchScreen800AddOn', '2019-05-14 14:30:41', '2019-05-14 14:31:52', 1, 'choice', 0, NULL, 0, NULL, NULL, 'A high resolution BMW touch screen that will amplify your experience of using the NBT Evo ID5/ID6 iDrive system.', NULL, NULL, NULL, NULL, NULL),
(609, NULL, 'new_product_610', '2019-05-17 09:32:16', '2019-05-17 09:32:16', 1, 'choice', 0, NULL, 0, NULL, NULL, NULL, NULL, NULL, NULL, NULL, NULL);

-- --------------------------------------------------------

--
-- Table structure for table `sylius_product_association`
--

CREATE TABLE `sylius_product_association` (
  `id` int(11) NOT NULL,
  `association_type_id` int(11) NOT NULL,
  `product_id` int(11) NOT NULL,
  `created_at` datetime NOT NULL,
  `updated_at` datetime DEFAULT NULL
) ENGINE=InnoDB DEFAULT CHARSET=utf8 COLLATE=utf8_unicode_ci;

--
-- Dumping data for table `sylius_product_association`
--

INSERT INTO `sylius_product_association` (`id`, `association_type_id`, `product_id`, `created_at`, `updated_at`) VALUES
(83, 12, 418, '2019-04-17 12:15:40', '2019-05-14 08:10:59'),
(84, 12, 420, '2019-04-18 14:00:16', '2019-05-17 14:50:26'),
(85, 12, 443, '2019-04-19 10:22:49', '2019-05-15 09:26:21'),
(86, 12, 445, '2019-04-19 10:36:11', '2019-05-15 13:37:39'),
(87, 12, 422, '2019-04-19 11:57:03', '2019-05-15 09:24:49'),
(88, 12, 449, '2019-04-19 12:59:19', '2019-05-15 13:40:59'),
(90, 12, 452, '2019-04-23 09:41:24', '2019-05-08 07:54:51'),
(91, 12, 453, '2019-04-23 09:45:13', '2019-05-07 09:04:00'),
(92, 12, 454, '2019-04-23 12:10:59', '2019-04-29 11:48:51'),
(93, 12, 455, '2019-04-23 12:14:26', '2019-05-16 09:05:28'),
(94, 14, 454, '2019-04-23 14:11:22', '2019-04-29 11:48:51'),
(95, 14, 455, '2019-04-23 14:12:11', '2019-05-16 09:05:28'),
(96, 14, 418, '2019-04-23 14:12:36', '2019-05-14 08:10:59'),
(97, 14, 420, '2019-04-23 14:12:52', '2019-05-17 14:50:26'),
(98, 12, 462, '2019-04-24 07:15:57', '2019-05-14 08:20:48'),
(99, 14, 462, '2019-04-24 07:15:57', '2019-05-14 08:20:48'),
(100, 12, 465, '2019-04-24 07:49:08', '2019-05-14 08:22:41'),
(101, 14, 465, '2019-04-24 07:49:08', '2019-05-14 08:22:41'),
(102, 12, 466, '2019-04-24 08:17:30', '2019-05-14 08:33:13'),
(103, 14, 466, '2019-04-24 08:17:30', '2019-05-14 08:33:13'),
(104, 12, 467, '2019-04-24 08:32:35', '2019-05-14 08:34:53'),
(105, 14, 467, '2019-04-24 08:32:35', '2019-05-14 08:34:53'),
(106, 12, 468, '2019-04-24 08:46:04', '2019-05-14 08:40:14'),
(107, 14, 468, '2019-04-24 08:46:04', '2019-05-14 08:40:14'),
(108, 12, 469, '2019-04-24 09:00:55', '2019-05-14 08:52:04'),
(109, 14, 469, '2019-04-24 09:00:55', '2019-05-14 08:52:04'),
(110, 12, 446, '2019-04-24 09:36:39', '2019-05-15 13:42:22'),
(111, 12, 423, '2019-04-24 09:37:22', '2019-05-15 13:36:50'),
(112, 12, 448, '2019-04-24 09:37:33', '2019-05-15 13:37:11'),
(113, 12, 476, '2019-04-25 12:21:35', '2019-05-13 14:19:16'),
(114, 12, 477, '2019-04-25 12:36:45', '2019-05-13 14:20:29'),
(115, 12, 478, '2019-04-25 13:02:44', '2019-05-13 14:21:52'),
(116, 14, 477, '2019-04-26 11:11:50', '2019-05-13 14:20:29'),
(117, 14, 476, '2019-04-26 11:14:16', '2019-05-13 14:19:16'),
(118, 14, 478, '2019-04-26 11:14:56', '2019-05-13 14:21:52'),
(120, 14, 492, '2019-04-29 09:17:24', '2019-05-14 09:26:09'),
(121, 12, 492, '2019-04-29 09:31:36', '2019-05-14 09:26:09'),
(122, 13, 492, '2019-04-29 09:42:21', '2019-05-14 09:26:09'),
(123, 12, 496, '2019-04-29 10:11:12', '2019-05-14 11:12:09'),
(124, 12, 497, '2019-04-29 10:13:35', '2019-05-14 09:30:30'),
(125, 13, 497, '2019-04-29 10:13:35', '2019-05-14 09:30:30'),
(126, 14, 497, '2019-04-29 10:13:35', '2019-05-14 09:30:30'),
(127, 12, 498, '2019-04-29 10:33:45', '2019-05-14 11:13:32'),
(128, 12, 499, '2019-04-29 10:46:25', '2019-05-14 09:38:05'),
(129, 13, 499, '2019-04-29 10:46:25', '2019-05-14 09:38:05'),
(130, 14, 499, '2019-04-29 10:46:25', '2019-05-14 09:38:05'),
(131, 12, 501, '2019-04-29 11:00:32', '2019-05-14 09:41:29'),
(132, 13, 501, '2019-04-29 11:00:32', '2019-05-14 09:41:29'),
(133, 14, 501, '2019-04-29 11:00:32', '2019-05-14 09:41:29'),
(135, 12, 503, '2019-04-29 11:09:47', '2019-05-14 09:43:22'),
(136, 13, 503, '2019-04-29 11:09:47', '2019-05-14 09:43:22'),
(137, 14, 503, '2019-04-29 11:09:47', '2019-05-14 09:43:22'),
(140, 12, 505, '2019-04-29 11:25:15', '2019-05-14 10:00:53'),
(141, 13, 505, '2019-04-29 11:25:15', '2019-05-14 10:00:53'),
(142, 14, 505, '2019-04-29 11:25:15', '2019-05-14 10:00:53'),
(143, 12, 506, '2019-04-29 11:26:24', '2019-05-14 09:47:14'),
(144, 13, 506, '2019-04-29 11:26:24', '2019-05-14 09:47:14'),
(145, 14, 506, '2019-04-29 11:26:24', '2019-05-14 09:47:14'),
(146, 12, 508, '2019-04-29 11:49:31', '2019-05-14 09:53:07'),
(147, 13, 508, '2019-04-29 11:49:31', '2019-05-14 09:53:07'),
(148, 14, 508, '2019-04-29 11:49:31', '2019-05-14 09:53:07'),
(149, 14, 496, '2019-04-29 11:51:29', '2019-05-14 11:12:09'),
(150, 12, 510, '2019-04-29 11:58:00', '2019-05-14 10:02:32'),
(151, 13, 510, '2019-04-29 11:58:00', '2019-05-14 10:02:32'),
(152, 14, 510, '2019-04-29 11:58:00', '2019-05-14 10:02:32'),
(153, 14, 498, '2019-04-29 12:05:45', '2019-05-14 11:13:32'),
(154, 12, 511, '2019-04-29 12:22:15', '2019-05-14 09:59:37'),
(155, 13, 511, '2019-04-29 12:22:15', '2019-05-14 09:59:37'),
(156, 14, 511, '2019-04-29 12:22:15', '2019-05-14 09:59:37'),
(157, 12, 512, '2019-04-29 13:13:39', '2019-05-14 11:17:48'),
(158, 12, 515, '2019-04-29 13:33:04', '2019-05-14 11:18:05'),
(159, 12, 517, '2019-04-29 13:46:32', '2019-05-15 13:31:45'),
(160, 12, 520, '2019-04-29 14:04:54', '2019-05-14 11:20:11'),
(161, 12, 523, '2019-04-30 07:31:12', '2019-05-15 11:58:23'),
(162, 14, 523, '2019-04-30 07:31:12', '2019-05-15 11:58:23'),
(163, 12, 524, '2019-04-30 08:00:23', '2019-05-14 12:16:14'),
(164, 12, 525, '2019-04-30 08:09:02', '2019-05-14 12:21:38'),
(165, 14, 525, '2019-04-30 08:09:02', '2019-05-14 12:21:38'),
(166, 14, 524, '2019-04-30 08:11:33', '2019-05-14 12:16:14'),
(167, 12, 526, '2019-04-30 08:19:21', '2019-05-14 12:16:34'),
(168, 14, 526, '2019-04-30 08:19:21', '2019-05-14 12:16:34'),
(169, 12, 527, '2019-04-30 09:45:52', '2019-05-08 11:53:24'),
(170, 14, 527, '2019-04-30 09:45:52', '2019-05-08 11:53:24'),
(171, 12, 528, '2019-04-30 10:10:50', '2019-05-08 11:53:32'),
(172, 14, 528, '2019-04-30 10:10:50', '2019-05-08 11:53:32'),
(173, 12, 529, '2019-04-30 10:26:00', '2019-05-06 11:00:33'),
(174, 14, 529, '2019-04-30 10:26:00', '2019-05-06 11:00:33'),
(175, 12, 530, '2019-04-30 11:02:37', '2019-05-17 11:23:18'),
(176, 14, 530, '2019-04-30 11:02:37', '2019-05-17 11:23:18'),
(177, 12, 531, '2019-04-30 11:38:35', '2019-05-17 11:25:58'),
(178, 14, 531, '2019-04-30 11:38:35', '2019-05-17 11:25:58'),
(179, 12, 532, '2019-04-30 12:08:43', '2019-05-17 11:26:54'),
(180, 14, 532, '2019-04-30 12:08:43', '2019-05-17 11:26:54'),
(181, 12, 538, '2019-05-08 08:36:11', '2019-05-13 07:53:50'),
(182, 12, 539, '2019-05-08 09:06:47', '2019-05-14 12:40:51'),
(183, 14, 539, '2019-05-08 09:12:29', '2019-05-14 12:40:51'),
(184, 12, 541, '2019-05-08 09:37:13', '2019-05-08 14:05:09'),
(185, 14, 541, '2019-05-08 09:37:13', '2019-05-08 14:05:09'),
(186, 12, 543, '2019-05-08 09:55:08', '2019-05-13 07:49:34'),
(187, 14, 543, '2019-05-08 09:55:08', '2019-05-13 07:49:34'),
(188, 12, 544, '2019-05-08 10:10:06', '2019-05-14 12:45:34'),
(189, 14, 544, '2019-05-08 10:10:06', '2019-05-14 12:45:34'),
(190, 14, 545, '2019-05-08 10:29:39', '2019-05-14 12:46:23'),
(191, 12, 546, '2019-05-08 10:42:19', '2019-05-16 07:49:14'),
(192, 14, 546, '2019-05-08 10:42:19', '2019-05-16 07:49:14'),
(193, 12, 547, '2019-05-08 11:00:54', '2019-05-14 12:49:10'),
(194, 12, 549, '2019-05-08 12:01:17', '2019-05-13 13:38:27'),
(195, 12, 550, '2019-05-08 12:21:01', '2019-05-13 13:39:03'),
(196, 12, 552, '2019-05-08 13:29:14', '2019-05-14 10:13:14'),
(197, 13, 552, '2019-05-08 13:29:14', '2019-05-14 10:13:14'),
(198, 14, 552, '2019-05-08 13:29:14', '2019-05-14 10:13:14'),
(199, 12, 553, '2019-05-08 14:23:10', '2019-05-14 10:14:28'),
(200, 13, 553, '2019-05-08 14:23:10', '2019-05-14 10:14:28'),
(201, 14, 553, '2019-05-08 14:23:10', '2019-05-14 10:14:28'),
(202, 12, 555, '2019-05-09 08:35:11', '2019-05-14 10:16:41'),
(203, 13, 555, '2019-05-09 08:35:11', '2019-05-14 10:16:41'),
(204, 14, 555, '2019-05-09 08:35:11', '2019-05-14 10:16:41'),
(205, 12, 556, '2019-05-09 08:50:33', '2019-05-14 11:05:19'),
(206, 14, 556, '2019-05-09 08:50:33', '2019-05-14 11:05:19'),
(207, 12, 557, '2019-05-09 09:12:06', '2019-05-14 10:22:45'),
(208, 14, 557, '2019-05-09 09:12:06', '2019-05-14 10:22:45'),
(209, 13, 557, '2019-05-09 09:50:06', '2019-05-14 10:22:45'),
(210, 13, 556, '2019-05-09 09:51:25', '2019-05-14 11:05:19'),
(211, 12, 559, '2019-05-09 10:09:04', '2019-05-14 10:23:12'),
(212, 13, 559, '2019-05-09 10:09:04', '2019-05-14 10:23:12'),
(213, 14, 559, '2019-05-09 10:09:04', '2019-05-14 10:23:12'),
(214, 12, 560, '2019-05-09 10:23:44', '2019-05-14 10:26:05'),
(215, 13, 560, '2019-05-09 10:23:44', '2019-05-14 10:26:05'),
(216, 14, 560, '2019-05-09 10:23:44', '2019-05-14 10:26:05'),
(217, 12, 561, '2019-05-09 10:37:52', '2019-05-14 10:27:39'),
(218, 13, 561, '2019-05-09 10:37:52', '2019-05-14 10:27:39'),
(219, 14, 561, '2019-05-09 10:37:52', '2019-05-14 10:27:39'),
(220, 12, 562, '2019-05-09 10:40:40', '2019-05-14 12:26:40'),
(221, 14, 562, '2019-05-09 10:40:40', '2019-05-14 12:26:40'),
(222, 12, 564, '2019-05-09 11:16:57', '2019-05-14 10:33:20'),
(223, 13, 564, '2019-05-09 11:16:57', '2019-05-14 10:33:20'),
(224, 14, 564, '2019-05-09 11:16:57', '2019-05-14 10:33:20'),
(225, 14, 565, '2019-05-09 12:37:15', '2019-05-14 14:09:11'),
(226, 12, 565, '2019-05-09 12:48:54', '2019-05-14 14:09:11'),
(227, 12, 568, '2019-05-09 12:58:08', '2019-05-13 13:36:30'),
(228, 14, 568, '2019-05-09 12:58:08', '2019-05-13 13:36:30'),
(229, 12, 569, '2019-05-09 13:13:47', '2019-05-14 14:13:53'),
(230, 14, 569, '2019-05-09 13:13:47', '2019-05-14 14:13:53'),
(231, 12, 572, '2019-05-09 13:35:26', '2019-05-14 14:16:04'),
(232, 14, 572, '2019-05-09 13:35:26', '2019-05-14 14:16:04'),
(233, 12, 573, '2019-05-09 13:43:24', '2019-05-14 14:10:19'),
(234, 14, 573, '2019-05-09 13:43:24', '2019-05-14 14:10:19'),
(235, 12, 575, '2019-05-09 14:03:08', '2019-05-13 13:36:47'),
(236, 14, 575, '2019-05-09 14:03:08', '2019-05-13 13:36:47'),
(237, 12, 576, '2019-05-09 14:12:58', '2019-05-14 14:25:35'),
(238, 14, 576, '2019-05-09 14:12:58', '2019-05-14 14:25:35'),
(239, 12, 578, '2019-05-09 14:26:10', '2019-05-14 14:25:23'),
(240, 14, 578, '2019-05-09 14:26:10', '2019-05-14 14:25:23'),
(241, 12, 579, '2019-05-09 14:38:34', '2019-05-14 14:28:13'),
(242, 14, 579, '2019-05-09 14:38:34', '2019-05-14 14:28:13'),
(243, 14, 521, '2019-05-10 09:32:59', '2019-05-13 12:55:48'),
(244, 12, 521, '2019-05-10 09:36:24', '2019-05-13 12:55:48'),
(245, 12, 554, '2019-05-10 09:55:37', '2019-05-13 13:03:16'),
(246, 14, 554, '2019-05-10 09:55:37', '2019-05-13 13:03:16'),
(247, 12, 571, '2019-05-10 10:22:33', '2019-05-13 13:05:57'),
(248, 14, 571, '2019-05-10 10:22:33', '2019-05-13 13:05:57'),
(249, 12, 581, '2019-05-10 10:56:57', '2019-05-13 13:07:22'),
(250, 14, 581, '2019-05-10 10:56:57', '2019-05-13 13:07:22'),
(251, 12, 580, '2019-05-10 11:24:01', '2019-05-13 13:10:31'),
(252, 14, 580, '2019-05-10 11:24:01', '2019-05-13 13:10:31'),
(253, 12, 583, '2019-05-10 11:39:02', '2019-05-13 13:12:42'),
(254, 14, 583, '2019-05-10 11:39:02', '2019-05-13 13:12:42'),
(255, 12, 584, '2019-05-10 11:49:55', '2019-05-13 13:15:02'),
(256, 14, 584, '2019-05-10 11:49:55', '2019-05-13 13:15:02'),
(257, 12, 586, '2019-05-10 11:58:18', '2019-05-13 13:18:21'),
(258, 14, 586, '2019-05-10 11:58:18', '2019-05-13 13:18:21'),
(259, 12, 588, '2019-05-10 12:21:03', '2019-05-13 13:31:38'),
(260, 12, 589, '2019-05-10 12:27:37', '2019-05-15 13:33:17'),
(261, 12, 590, '2019-05-10 12:58:03', '2019-05-13 13:45:04'),
(262, 14, 590, '2019-05-10 12:58:03', '2019-05-13 13:45:04'),
(263, 12, 591, '2019-05-10 13:05:04', '2019-05-13 13:48:40'),
(264, 14, 591, '2019-05-10 13:05:04', '2019-05-13 13:48:40'),
(265, 12, 592, '2019-05-10 13:16:38', '2019-05-13 13:50:33'),
(266, 14, 592, '2019-05-10 13:16:38', '2019-05-13 13:50:33'),
(267, 12, 594, '2019-05-10 13:23:04', '2019-05-13 13:52:20'),
(268, 14, 594, '2019-05-10 13:23:04', '2019-05-13 13:52:20'),
(269, 12, 595, '2019-05-10 13:34:16', '2019-05-13 13:55:57'),
(270, 14, 595, '2019-05-10 13:34:16', '2019-05-13 13:55:57'),
(271, 14, 597, '2019-05-10 13:46:07', '2019-05-14 14:54:27'),
(272, 12, 597, '2019-05-10 13:53:11', '2019-05-14 14:54:27'),
(273, 12, 599, '2019-05-10 14:14:21', '2019-05-17 14:31:39'),
(274, 14, 599, '2019-05-10 14:14:21', '2019-05-17 14:31:39'),
(275, 12, 600, '2019-05-13 12:30:57', '2019-05-13 14:28:51'),
(276, 14, 600, '2019-05-13 12:30:57', '2019-05-13 14:28:51'),
(277, 14, 602, '2019-05-14 13:17:42', '2019-05-14 14:54:41'),
(278, 14, 603, '2019-05-14 13:27:21', '2019-05-14 14:54:34'),
(279, 14, 604, '2019-05-14 13:40:16', '2019-05-15 08:51:48'),
(280, 12, 602, '2019-05-14 13:52:13', '2019-05-14 14:54:41'),
(281, 12, 603, '2019-05-14 13:52:28', '2019-05-14 14:54:34'),
(282, 12, 607, '2019-05-14 14:38:38', '2019-05-14 14:43:00'),
(283, 14, 607, '2019-05-14 14:38:38', '2019-05-14 14:43:00');

-- --------------------------------------------------------

--
-- Table structure for table `sylius_product_association_product`
--

CREATE TABLE `sylius_product_association_product` (
  `association_id` int(11) NOT NULL,
  `product_id` int(11) NOT NULL
) ENGINE=InnoDB DEFAULT CHARSET=utf8 COLLATE=utf8_unicode_ci;

--
-- Dumping data for table `sylius_product_association_product`
--

INSERT INTO `sylius_product_association_product` (`association_id`, `product_id`) VALUES
(83, 424),
(83, 426),
(83, 440),
(83, 441),
(83, 442),
(83, 456),
(84, 424),
(84, 426),
(84, 440),
(84, 441),
(84, 442),
(84, 456),
(85, 444),
(85, 447),
(86, 444),
(86, 472),
(87, 447),
(88, 444),
(88, 472),
(90, 420),
(90, 453),
(91, 452),
(92, 424),
(92, 456),
(93, 424),
(93, 456),
(94, 457),
(94, 458),
(94, 459),
(95, 457),
(95, 458),
(95, 459),
(96, 457),
(96, 458),
(96, 459),
(97, 457),
(97, 458),
(97, 459),
(98, 424),
(98, 426),
(98, 440),
(98, 441),
(98, 456),
(98, 463),
(98, 464),
(99, 457),
(99, 458),
(99, 459),
(100, 424),
(100, 426),
(100, 440),
(100, 441),
(100, 456),
(100, 463),
(100, 464),
(101, 457),
(101, 458),
(101, 459),
(102, 424),
(102, 426),
(102, 440),
(102, 441),
(102, 456),
(102, 463),
(103, 457),
(103, 458),
(103, 459),
(104, 424),
(104, 426),
(104, 440),
(104, 441),
(104, 456),
(104, 463),
(105, 457),
(105, 458),
(105, 459),
(106, 424),
(106, 426),
(106, 440),
(106, 441),
(106, 456),
(106, 463),
(107, 457),
(107, 458),
(107, 459),
(108, 424),
(108, 426),
(108, 440),
(108, 441),
(108, 456),
(108, 463),
(108, 464),
(108, 471),
(108, 472),
(109, 457),
(109, 458),
(109, 459),
(110, 472),
(111, 472),
(112, 472),
(113, 424),
(114, 424),
(115, 424),
(116, 457),
(116, 458),
(116, 459),
(117, 457),
(117, 458),
(117, 459),
(118, 457),
(118, 458),
(118, 459),
(120, 457),
(120, 458),
(120, 459),
(121, 424),
(122, 493),
(122, 494),
(122, 495),
(123, 424),
(123, 500),
(124, 424),
(125, 493),
(125, 494),
(125, 495),
(126, 457),
(126, 458),
(126, 459),
(127, 424),
(128, 424),
(129, 493),
(129, 494),
(129, 495),
(130, 457),
(130, 458),
(130, 459),
(131, 424),
(132, 493),
(132, 494),
(132, 495),
(133, 457),
(133, 458),
(133, 459),
(135, 424),
(136, 493),
(136, 494),
(136, 495),
(137, 457),
(137, 458),
(137, 459),
(140, 424),
(141, 493),
(141, 494),
(141, 495),
(142, 457),
(142, 458),
(142, 459),
(143, 424),
(144, 493),
(144, 494),
(144, 495),
(145, 457),
(145, 458),
(145, 459),
(146, 424),
(147, 493),
(147, 494),
(147, 495),
(148, 457),
(148, 458),
(148, 459),
(149, 457),
(149, 458),
(149, 459),
(150, 424),
(151, 493),
(151, 494),
(151, 495),
(152, 457),
(152, 458),
(152, 459),
(153, 457),
(153, 458),
(153, 459),
(154, 424),
(155, 493),
(155, 494),
(155, 495),
(156, 457),
(156, 458),
(156, 459),
(157, 509),
(158, 509),
(159, 472),
(159, 509),
(160, 472),
(160, 509),
(161, 424),
(162, 457),
(162, 458),
(162, 459),
(163, 424),
(164, 424),
(165, 457),
(165, 458),
(165, 459),
(166, 457),
(166, 458),
(166, 459),
(167, 424),
(168, 457),
(168, 458),
(168, 459),
(169, 424),
(170, 457),
(170, 458),
(170, 459),
(171, 424),
(172, 457),
(172, 458),
(172, 459),
(173, 424),
(174, 457),
(174, 458),
(174, 459),
(175, 424),
(175, 442),
(175, 456),
(175, 463),
(176, 457),
(176, 458),
(176, 459),
(177, 424),
(177, 442),
(177, 456),
(177, 463),
(178, 457),
(178, 458),
(178, 459),
(179, 424),
(179, 442),
(179, 456),
(179, 463),
(180, 457),
(180, 458),
(180, 459),
(181, 472),
(182, 424),
(182, 540),
(183, 457),
(183, 458),
(183, 459),
(184, 424),
(184, 542),
(185, 457),
(185, 458),
(185, 459),
(186, 424),
(187, 457),
(187, 458),
(187, 459),
(188, 424),
(188, 542),
(189, 457),
(189, 458),
(189, 459),
(190, 457),
(190, 458),
(190, 459),
(191, 424),
(192, 457),
(192, 458),
(192, 459),
(193, 472),
(194, 472),
(195, 472),
(196, 424),
(196, 442),
(196, 463),
(196, 534),
(196, 535),
(196, 536),
(197, 493),
(198, 457),
(198, 458),
(198, 459),
(199, 424),
(199, 442),
(199, 463),
(199, 534),
(199, 535),
(199, 536),
(200, 493),
(201, 457),
(201, 458),
(201, 459),
(202, 424),
(202, 442),
(202, 463),
(202, 534),
(202, 535),
(202, 536),
(203, 493),
(204, 457),
(204, 458),
(204, 459),
(205, 424),
(205, 442),
(205, 463),
(205, 534),
(205, 535),
(205, 536),
(206, 457),
(206, 458),
(206, 459),
(207, 424),
(207, 442),
(207, 463),
(207, 534),
(207, 535),
(207, 536),
(208, 457),
(208, 458),
(208, 459),
(209, 558),
(210, 558),
(211, 424),
(211, 442),
(211, 463),
(211, 534),
(211, 535),
(211, 536),
(212, 493),
(213, 457),
(213, 458),
(213, 459),
(214, 424),
(214, 442),
(214, 463),
(214, 534),
(214, 535),
(214, 536),
(215, 493),
(216, 457),
(216, 458),
(216, 459),
(217, 424),
(217, 442),
(217, 463),
(217, 534),
(217, 535),
(217, 536),
(218, 493),
(219, 457),
(219, 458),
(219, 459),
(220, 424),
(221, 457),
(221, 458),
(221, 459),
(222, 424),
(223, 493),
(224, 457),
(224, 458),
(224, 459),
(225, 457),
(225, 458),
(225, 459),
(226, 566),
(226, 567),
(227, 566),
(227, 567),
(228, 457),
(228, 458),
(228, 459),
(229, 566),
(229, 567),
(229, 570),
(230, 457),
(230, 458),
(230, 459),
(231, 566),
(231, 567),
(231, 577),
(232, 457),
(232, 458),
(232, 459),
(233, 566),
(233, 567),
(233, 574),
(234, 457),
(234, 458),
(234, 459),
(235, 566),
(235, 567),
(235, 574),
(236, 457),
(236, 458),
(236, 459),
(237, 566),
(237, 567),
(237, 605),
(238, 457),
(238, 458),
(238, 459),
(239, 566),
(239, 567),
(239, 606),
(240, 457),
(240, 458),
(240, 459),
(241, 567),
(242, 457),
(242, 458),
(242, 459),
(243, 457),
(243, 458),
(243, 459),
(244, 472),
(244, 537),
(244, 551),
(245, 537),
(246, 457),
(246, 458),
(246, 459),
(247, 563),
(248, 457),
(248, 458),
(248, 459),
(249, 563),
(250, 457),
(250, 458),
(250, 459),
(251, 472),
(251, 551),
(251, 582),
(252, 457),
(252, 458),
(252, 459),
(253, 582),
(254, 457),
(254, 458),
(254, 459),
(255, 585),
(256, 457),
(256, 458),
(256, 459),
(257, 424),
(258, 457),
(258, 458),
(258, 459),
(259, 472),
(260, 472),
(261, 424),
(262, 457),
(262, 458),
(262, 459),
(263, 424),
(264, 457),
(264, 458),
(264, 459),
(265, 424),
(265, 593),
(266, 457),
(266, 458),
(266, 459),
(267, 424),
(267, 593),
(268, 457),
(268, 458),
(268, 459),
(269, 424),
(269, 596),
(270, 457),
(270, 458),
(270, 459),
(271, 457),
(271, 458),
(271, 459),
(272, 598),
(273, 424),
(274, 457),
(274, 458),
(274, 459),
(275, 566),
(275, 567),
(276, 457),
(276, 458),
(276, 459),
(277, 457),
(277, 458),
(277, 459),
(278, 457),
(278, 458),
(278, 459),
(279, 457),
(279, 458),
(280, 598),
(281, 598),
(282, 566),
(282, 567),
(282, 608),
(283, 457),
(283, 458),
(283, 459);

-- --------------------------------------------------------

--
-- Table structure for table `sylius_product_association_type`
--

CREATE TABLE `sylius_product_association_type` (
  `id` int(11) NOT NULL,
  `code` varchar(255) COLLATE utf8_unicode_ci NOT NULL,
  `created_at` datetime NOT NULL,
  `updated_at` datetime DEFAULT NULL
) ENGINE=InnoDB DEFAULT CHARSET=utf8 COLLATE=utf8_unicode_ci;

--
-- Dumping data for table `sylius_product_association_type`
--

INSERT INTO `sylius_product_association_type` (`id`, `code`, `created_at`, `updated_at`) VALUES
(12, 'Addons', '2018-08-17 13:51:54', '2018-08-17 13:51:54'),
(13, 'IncludedAddons', '2018-08-17 13:51:54', '2018-08-17 13:51:54'),
(14, 'Warranty', '2018-08-17 13:51:54', '2018-08-17 13:51:54');

-- --------------------------------------------------------

--
-- Table structure for table `sylius_product_association_type_translation`
--

CREATE TABLE `sylius_product_association_type_translation` (
  `id` int(11) NOT NULL,
  `translatable_id` int(11) NOT NULL,
  `name` varchar(255) COLLATE utf8_unicode_ci DEFAULT NULL,
  `locale` varchar(255) COLLATE utf8_unicode_ci NOT NULL
) ENGINE=InnoDB DEFAULT CHARSET=utf8 COLLATE=utf8_unicode_ci;

--
-- Dumping data for table `sylius_product_association_type_translation`
--

INSERT INTO `sylius_product_association_type_translation` (`id`, `translatable_id`, `name`, `locale`) VALUES
(12, 12, 'Addons', 'en_US'),
(13, 13, 'IncludedAddons', 'en_US'),
(14, 14, 'Warranty', 'en_US');

-- --------------------------------------------------------

--
-- Table structure for table `sylius_product_attribute`
--

CREATE TABLE `sylius_product_attribute` (
  `id` int(11) NOT NULL,
  `code` varchar(255) COLLATE utf8_unicode_ci NOT NULL,
  `type` varchar(255) COLLATE utf8_unicode_ci NOT NULL,
  `storage_type` varchar(255) COLLATE utf8_unicode_ci NOT NULL,
  `configuration` longtext COLLATE utf8_unicode_ci NOT NULL COMMENT '(DC2Type:array)',
  `created_at` datetime NOT NULL,
  `updated_at` datetime DEFAULT NULL,
  `position` int(11) NOT NULL,
  `name` varchar(255) COLLATE utf8_unicode_ci DEFAULT NULL
) ENGINE=InnoDB DEFAULT CHARSET=utf8 COLLATE=utf8_unicode_ci;

--
-- Dumping data for table `sylius_product_attribute`
--

INSERT INTO `sylius_product_attribute` (`id`, `code`, `type`, `storage_type`, `configuration`, `created_at`, `updated_at`, `position`, `name`) VALUES
(19, 'Maxhorviewangle', 'textarea', 'text', 'a:0:{}', '2019-04-29 10:21:17', '2019-04-29 10:21:18', 2, 'Max horizontal viewing angle'),
(20, 'Maxverviewangle', 'textarea', 'text', 'a:0:{}', '2019-04-29 10:22:33', '2019-04-29 10:22:33', 3, 'Max vertical viewing angle'),
(21, 'Imageprocessspeed', 'textarea', 'text', 'a:0:{}', '2019-04-29 10:23:16', '2019-04-29 10:23:16', 4, 'Image processing speed'),
(22, 'Operatingtemp', 'textarea', 'text', 'a:0:{}', '2019-04-29 10:23:47', '2019-04-29 10:23:47', 5, 'Operating temperatures'),
(23, 'Operationvoltrange', 'textarea', 'text', 'a:0:{}', '2019-04-30 09:53:46', '2019-04-30 09:53:46', 6, 'Operation voltage range'),
(24, 'Detectingdistance', 'textarea', 'text', 'a:0:{}', '2019-04-30 10:00:02', '2019-04-30 10:00:02', 7, 'Detecting distance'),
(25, 'Ultrasonicfrequency', 'textarea', 'text', 'a:0:{}', '2019-04-30 10:00:58', '2019-04-30 10:00:58', 8, 'Ultrasonic frequency'),
(26, 'ControlTemp', 'textarea', 'text', 'a:0:{}', '2019-04-30 10:02:11', '2019-04-30 10:02:11', 9, 'Control module working temperature'),
(27, 'Sensordiameter', 'textarea', 'text', 'a:0:{}', '2019-04-30 10:02:45', '2019-04-30 10:02:45', 10, 'Sensor diameter'),
(28, 'Screenresolution', 'textarea', 'text', 'a:0:{}', '2019-04-30 12:18:54', '2019-04-30 12:18:55', 11, 'Screen resolution'),
(29, 'Antenna', 'textarea', 'text', 'a:0:{}', '2019-04-30 12:19:54', '2019-04-30 12:19:54', 12, 'Antenna'),
(30, 'WiFisignal', 'textarea', 'text', 'a:0:{}', '2019-04-30 12:20:11', '2019-04-30 12:20:11', 13, 'WiFi signal'),
(31, 'Resolution', 'textarea', 'text', 'a:0:{}', '2019-05-08 13:51:45', '2019-05-08 13:51:45', 0, 'Resolution'),
(33, 'WaterproofLevel', 'textarea', 'text', 'a:0:{}', '2019-05-08 13:59:10', '2019-05-08 13:59:10', 14, 'Waterproof Level'),
(34, 'ImageSensor', 'textarea', 'text', 'a:0:{}', '2019-05-08 13:59:39', '2019-05-08 13:59:39', 15, 'Image Sensor'),
(35, 'Wide-AngleLens', 'textarea', 'text', 'a:0:{}', '2019-05-08 14:00:10', '2019-05-08 14:00:10', 16, 'Wide-Angle Lens'),
(36, 'MinIllumination', 'textarea', 'text', 'a:0:{}', '2019-05-08 14:01:04', '2019-05-08 14:01:04', 17, 'Min. Illumination'),
(37, 'NumbofImagePixels', 'textarea', 'text', 'a:0:{}', '2019-05-08 14:03:14', '2019-05-08 14:03:14', 18, 'Number of Image Pixels');

-- --------------------------------------------------------

--
-- Table structure for table `sylius_product_attribute_translation`
--

CREATE TABLE `sylius_product_attribute_translation` (
  `id` int(11) NOT NULL,
  `translatable_id` int(11) NOT NULL,
  `name` varchar(255) COLLATE utf8_unicode_ci NOT NULL,
  `locale` varchar(255) COLLATE utf8_unicode_ci NOT NULL
) ENGINE=InnoDB DEFAULT CHARSET=utf8 COLLATE=utf8_unicode_ci;

--
-- Dumping data for table `sylius_product_attribute_translation`
--

INSERT INTO `sylius_product_attribute_translation` (`id`, `translatable_id`, `name`, `locale`) VALUES
(19, 19, 'Max horizontal viewing angle', 'en_US'),
(20, 20, 'Max vertical viewing angle', 'en_US'),
(21, 21, 'Image processing speed', 'en_US'),
(22, 22, 'Operating temperatures', 'en_US'),
(23, 23, 'Operation voltage range', 'en_US'),
(24, 24, 'Detecting distance', 'en_US'),
(25, 25, 'Ultrasonic frequency', 'en_US'),
(26, 26, 'Control module working temperature', 'en_US'),
(27, 27, 'Sensor diameter', 'en_US'),
(28, 28, 'Screen resolution', 'en_US'),
(29, 29, 'Antenna', 'en_US'),
(30, 30, 'WiFi signal', 'en_US'),
(31, 31, 'Resolution', 'en_US'),
(33, 33, 'Waterproof Level', 'en_US'),
(34, 34, 'Image Sensor', 'en_US'),
(35, 35, 'Wide-Angle Lens', 'en_US'),
(36, 36, 'Min. Illumination', 'en_US'),
(37, 37, 'Number of Image Pixels', 'en_US');

-- --------------------------------------------------------

--
-- Table structure for table `sylius_product_attribute_value`
--

CREATE TABLE `sylius_product_attribute_value` (
  `id` int(11) NOT NULL,
  `product_id` int(11) NOT NULL,
  `attribute_id` int(11) NOT NULL,
  `locale_code` varchar(255) COLLATE utf8_unicode_ci NOT NULL,
  `text_value` longtext COLLATE utf8_unicode_ci DEFAULT NULL,
  `boolean_value` tinyint(1) DEFAULT NULL,
  `integer_value` int(11) DEFAULT NULL,
  `float_value` double DEFAULT NULL,
  `datetime_value` datetime DEFAULT NULL,
  `date_value` date DEFAULT NULL,
  `json_value` longtext COLLATE utf8_unicode_ci DEFAULT NULL COMMENT '(DC2Type:json_array)'
) ENGINE=InnoDB DEFAULT CHARSET=utf8 COLLATE=utf8_unicode_ci;

--
-- Dumping data for table `sylius_product_attribute_value`
--

INSERT INTO `sylius_product_attribute_value` (`id`, `product_id`, `attribute_id`, `locale_code`, `text_value`, `boolean_value`, `integer_value`, `float_value`, `datetime_value`, `date_value`, `json_value`) VALUES
(87, 492, 21, 'en_US', '100 MBit/s', NULL, NULL, NULL, NULL, NULL, NULL),
(88, 492, 19, 'en_US', '131 °', NULL, NULL, NULL, NULL, NULL, NULL),
(89, 492, 20, 'en_US', '9 °', NULL, NULL, NULL, NULL, NULL, NULL),
(90, 492, 22, 'en_US', '-40–80°C (-40–176°F)', NULL, NULL, NULL, NULL, NULL, NULL),
(91, 497, 21, 'en_US', '100 MBit/s', NULL, NULL, NULL, NULL, NULL, NULL),
(92, 497, 19, 'en_US', '131 °', NULL, NULL, NULL, NULL, NULL, NULL),
(93, 497, 20, 'en_US', '9 °', NULL, NULL, NULL, NULL, NULL, NULL),
(94, 497, 22, 'en_US', '-40–80°C (-40–176°F)', NULL, NULL, NULL, NULL, NULL, NULL),
(95, 499, 21, 'en_US', '100 MBit/s', NULL, NULL, NULL, NULL, NULL, NULL),
(96, 499, 19, 'en_US', '131 °', NULL, NULL, NULL, NULL, NULL, NULL),
(97, 499, 20, 'en_US', '9 °', NULL, NULL, NULL, NULL, NULL, NULL),
(98, 499, 22, 'en_US', '-40–80°C (-40–176°F)', NULL, NULL, NULL, NULL, NULL, NULL),
(99, 501, 21, 'en_US', '100 MBit/s', NULL, NULL, NULL, NULL, NULL, NULL),
(100, 501, 19, 'en_US', '131 °', NULL, NULL, NULL, NULL, NULL, NULL),
(101, 501, 20, 'en_US', '9 °', NULL, NULL, NULL, NULL, NULL, NULL),
(102, 501, 22, 'en_US', '-40–80°C (-40–176°F)', NULL, NULL, NULL, NULL, NULL, NULL),
(103, 503, 21, 'en_US', '100 MBit/s', NULL, NULL, NULL, NULL, NULL, NULL),
(104, 503, 19, 'en_US', '131 °', NULL, NULL, NULL, NULL, NULL, NULL),
(105, 503, 20, 'en_US', '9 °', NULL, NULL, NULL, NULL, NULL, NULL),
(106, 503, 22, 'en_US', '-40–80°C (-40–176°F)', NULL, NULL, NULL, NULL, NULL, NULL),
(107, 505, 21, 'en_US', '100 MBit/s', NULL, NULL, NULL, NULL, NULL, NULL),
(108, 505, 19, 'en_US', '131 °', NULL, NULL, NULL, NULL, NULL, NULL),
(109, 505, 20, 'en_US', '9 °', NULL, NULL, NULL, NULL, NULL, NULL),
(110, 505, 22, 'en_US', '-40–80°C (-40–176°F)', NULL, NULL, NULL, NULL, NULL, NULL),
(111, 506, 21, 'en_US', '100 MBit/s', NULL, NULL, NULL, NULL, NULL, NULL),
(112, 506, 19, 'en_US', '131 °', NULL, NULL, NULL, NULL, NULL, NULL),
(113, 506, 20, 'en_US', '9 °', NULL, NULL, NULL, NULL, NULL, NULL),
(114, 506, 22, 'en_US', '-40–80°C (-40–176°F)', NULL, NULL, NULL, NULL, NULL, NULL),
(115, 508, 21, 'en_US', '100 MBit/s', NULL, NULL, NULL, NULL, NULL, NULL),
(116, 508, 19, 'en_US', '131 °', NULL, NULL, NULL, NULL, NULL, NULL),
(117, 508, 20, 'en_US', '9 °', NULL, NULL, NULL, NULL, NULL, NULL),
(118, 508, 22, 'en_US', '-40–80°C (-40–176°F)', NULL, NULL, NULL, NULL, NULL, NULL),
(119, 510, 21, 'en_US', '100 MBit/s', NULL, NULL, NULL, NULL, NULL, NULL),
(120, 510, 19, 'en_US', '131 °', NULL, NULL, NULL, NULL, NULL, NULL),
(121, 510, 20, 'en_US', '9 °', NULL, NULL, NULL, NULL, NULL, NULL),
(122, 510, 22, 'en_US', '-40–80°C (-40–176°F)', NULL, NULL, NULL, NULL, NULL, NULL),
(123, 511, 21, 'en_US', '100 MBit/s', NULL, NULL, NULL, NULL, NULL, NULL),
(124, 511, 19, 'en_US', '131 °', NULL, NULL, NULL, NULL, NULL, NULL),
(125, 511, 20, 'en_US', '9 °', NULL, NULL, NULL, NULL, NULL, NULL),
(126, 511, 22, 'en_US', '-40–80°C (-40–176°F)', NULL, NULL, NULL, NULL, NULL, NULL),
(127, 527, 23, 'en_US', '9–16V', NULL, NULL, NULL, NULL, NULL, NULL),
(128, 527, 26, 'en_US', '-35–70°C (-31–158°F)', NULL, NULL, NULL, NULL, NULL, NULL),
(129, 527, 24, 'en_US', '0–2.2m', NULL, NULL, NULL, NULL, NULL, NULL),
(130, 527, 27, 'en_US', '22m', NULL, NULL, NULL, NULL, NULL, NULL),
(131, 527, 25, 'en_US', '40KHz', NULL, NULL, NULL, NULL, NULL, NULL),
(132, 528, 26, 'en_US', '-35–70°C (-31–158°F)', NULL, NULL, NULL, NULL, NULL, NULL),
(133, 528, 24, 'en_US', '0–2.2m', NULL, NULL, NULL, NULL, NULL, NULL),
(134, 528, 23, 'en_US', '9–16V', NULL, NULL, NULL, NULL, NULL, NULL),
(135, 528, 27, 'en_US', '22m', NULL, NULL, NULL, NULL, NULL, NULL),
(136, 528, 25, 'en_US', '40KHz', NULL, NULL, NULL, NULL, NULL, NULL),
(137, 532, 29, 'en_US', 'Dual design', NULL, NULL, NULL, NULL, NULL, NULL),
(138, 532, 28, 'en_US', 'up to 1920×1080 (depends on the iDrive display and the device being mirrored)', NULL, NULL, NULL, NULL, NULL, NULL),
(139, 532, 30, 'en_US', '5GHz', NULL, NULL, NULL, NULL, NULL, NULL),
(140, 552, 34, 'en_US', '1089K 1/3\"', NULL, NULL, NULL, NULL, NULL, NULL),
(141, 552, 36, 'en_US', '0.01Lux', NULL, NULL, NULL, NULL, NULL, NULL),
(142, 552, 37, 'en_US', '410K: 510(H) × 492(V)', NULL, NULL, NULL, NULL, NULL, NULL),
(143, 552, 22, 'en_US', '-20°C–+60°C (-4°F–+140°F)', NULL, NULL, NULL, NULL, NULL, NULL),
(144, 552, 31, 'en_US', '728 x 560', NULL, NULL, NULL, NULL, NULL, NULL),
(145, 552, 33, 'en_US', 'IP68', NULL, NULL, NULL, NULL, NULL, NULL),
(146, 552, 35, 'en_US', 'F=1.8, 160°(D), 121°(H), 88°(V)', NULL, NULL, NULL, NULL, NULL, NULL),
(147, 553, 34, 'en_US', '1089K 1/3\"', NULL, NULL, NULL, NULL, NULL, NULL),
(148, 553, 36, 'en_US', '0.01Lux', NULL, NULL, NULL, NULL, NULL, NULL),
(149, 553, 37, 'en_US', '410K: 510(H) × 492(V)', NULL, NULL, NULL, NULL, NULL, NULL),
(150, 553, 22, 'en_US', '-20°C–+60°C (-4°F–+140°F)', NULL, NULL, NULL, NULL, NULL, NULL),
(151, 553, 31, 'en_US', '728 x 560', NULL, NULL, NULL, NULL, NULL, NULL),
(152, 553, 33, 'en_US', 'IP68', NULL, NULL, NULL, NULL, NULL, NULL),
(153, 553, 35, 'en_US', 'F=1.8, 160°(D), 121°(H), 88°(V)', NULL, NULL, NULL, NULL, NULL, NULL),
(154, 555, 34, 'en_US', '1089K 1/3\"', NULL, NULL, NULL, NULL, NULL, NULL),
(155, 555, 36, 'en_US', '0.01Lux', NULL, NULL, NULL, NULL, NULL, NULL),
(156, 555, 37, 'en_US', '410K: 510(H) × 492(V)', NULL, NULL, NULL, NULL, NULL, NULL),
(157, 555, 22, 'en_US', '-20°C–+60°C (-4°F–+140°F)', NULL, NULL, NULL, NULL, NULL, NULL),
(158, 555, 31, 'en_US', '728 x 560', NULL, NULL, NULL, NULL, NULL, NULL),
(159, 555, 33, 'en_US', 'IP68', NULL, NULL, NULL, NULL, NULL, NULL),
(160, 555, 35, 'en_US', 'F=1.8, 160°(D), 121°(H), 88°(V)', NULL, NULL, NULL, NULL, NULL, NULL),
(161, 556, 34, 'en_US', '1089K 1/3\"', NULL, NULL, NULL, NULL, NULL, NULL),
(162, 556, 36, 'en_US', '0.01Lux', NULL, NULL, NULL, NULL, NULL, NULL),
(163, 556, 37, 'en_US', '410K: 510(H) × 492(V)', NULL, NULL, NULL, NULL, NULL, NULL),
(164, 556, 22, 'en_US', '-20°C–+60°C (-4°F–+140°F)', NULL, NULL, NULL, NULL, NULL, NULL),
(165, 556, 31, 'en_US', '728 x 560', NULL, NULL, NULL, NULL, NULL, NULL),
(166, 556, 33, 'en_US', 'IP68', NULL, NULL, NULL, NULL, NULL, NULL),
(167, 556, 35, 'en_US', 'F=1.8, 160°(D), 121°(H), 88°(V)', NULL, NULL, NULL, NULL, NULL, NULL),
(168, 557, 34, 'en_US', '1089K 1/3\"', NULL, NULL, NULL, NULL, NULL, NULL),
(169, 557, 36, 'en_US', '0.01Lux', NULL, NULL, NULL, NULL, NULL, NULL),
(170, 557, 37, 'en_US', '410K: 510(H) × 492(V)', NULL, NULL, NULL, NULL, NULL, NULL),
(171, 557, 22, 'en_US', '-20°C–+60°C (-4°F–+140°F)', NULL, NULL, NULL, NULL, NULL, NULL),
(172, 557, 31, 'en_US', '728 x 560', NULL, NULL, NULL, NULL, NULL, NULL),
(173, 557, 33, 'en_US', 'IP68', NULL, NULL, NULL, NULL, NULL, NULL),
(174, 557, 35, 'en_US', 'F=1.8, 160°(D), 121°(H), 88°(V)', NULL, NULL, NULL, NULL, NULL, NULL),
(175, 559, 34, 'en_US', '1089K 1/3\"', NULL, NULL, NULL, NULL, NULL, NULL),
(176, 559, 36, 'en_US', '0.01Lux', NULL, NULL, NULL, NULL, NULL, NULL),
(177, 559, 37, 'en_US', '410K: 510(H) × 492(V)', NULL, NULL, NULL, NULL, NULL, NULL),
(178, 559, 22, 'en_US', '-20°C–+60°C (-4°F–+140°F', NULL, NULL, NULL, NULL, NULL, NULL),
(179, 559, 31, 'en_US', '728 x 560', NULL, NULL, NULL, NULL, NULL, NULL),
(180, 559, 33, 'en_US', 'IP68', NULL, NULL, NULL, NULL, NULL, NULL),
(181, 559, 35, 'en_US', 'F=1.8, 160°(D), 121°(H), 88°(V)', NULL, NULL, NULL, NULL, NULL, NULL),
(182, 560, 34, 'en_US', '1089K 1/3\"', NULL, NULL, NULL, NULL, NULL, NULL),
(183, 560, 36, 'en_US', '0.01Lux', NULL, NULL, NULL, NULL, NULL, NULL),
(184, 560, 37, 'en_US', '410K: 510(H) × 492(V)', NULL, NULL, NULL, NULL, NULL, NULL),
(185, 560, 22, 'en_US', '-20°C–+60°C (-4°F–+140°F)', NULL, NULL, NULL, NULL, NULL, NULL),
(186, 560, 31, 'en_US', '728 x 560', NULL, NULL, NULL, NULL, NULL, NULL),
(187, 560, 33, 'en_US', 'IP68', NULL, NULL, NULL, NULL, NULL, NULL),
(188, 560, 35, 'en_US', 'F=1.8, 160°(D), 121°(H), 88°(V)', NULL, NULL, NULL, NULL, NULL, NULL),
(189, 561, 34, 'en_US', '1089K 1/3\"', NULL, NULL, NULL, NULL, NULL, NULL),
(190, 561, 36, 'en_US', '0.01Lux', NULL, NULL, NULL, NULL, NULL, NULL),
(191, 561, 37, 'en_US', '410K: 510(H) × 492(V)', NULL, NULL, NULL, NULL, NULL, NULL),
(192, 561, 22, 'en_US', '-20°C–+60°C (-4°F–+140°F)', NULL, NULL, NULL, NULL, NULL, NULL),
(193, 561, 31, 'en_US', '728 x 560', NULL, NULL, NULL, NULL, NULL, NULL),
(194, 561, 33, 'en_US', 'IP68', NULL, NULL, NULL, NULL, NULL, NULL),
(195, 561, 35, 'en_US', 'F=1.8, 160°(D), 121°(H), 88°(V)', NULL, NULL, NULL, NULL, NULL, NULL),
(196, 564, 34, 'en_US', '1089K 1/3\"', NULL, NULL, NULL, NULL, NULL, NULL),
(197, 564, 36, 'en_US', '0.01Lux', NULL, NULL, NULL, NULL, NULL, NULL),
(198, 564, 37, 'en_US', '410K: 510(H) × 492(V)', NULL, NULL, NULL, NULL, NULL, NULL),
(199, 564, 22, 'en_US', '-20°C–+60°C (-4°F–+140°F)', NULL, NULL, NULL, NULL, NULL, NULL),
(200, 564, 33, 'en_US', 'IP68', NULL, NULL, NULL, NULL, NULL, NULL),
(201, 564, 35, 'en_US', 'F=1.8, 160°(D), 121°(H), 88°(V)', NULL, NULL, NULL, NULL, NULL, NULL);

-- --------------------------------------------------------

--
-- Table structure for table `sylius_product_channels`
--

CREATE TABLE `sylius_product_channels` (
  `product_id` int(11) NOT NULL,
  `channel_id` int(11) NOT NULL
) ENGINE=InnoDB DEFAULT CHARSET=utf8 COLLATE=utf8_unicode_ci;

--
-- Dumping data for table `sylius_product_channels`
--

INSERT INTO `sylius_product_channels` (`product_id`, `channel_id`) VALUES
(417, 57),
(418, 57),
(420, 57),
(422, 57),
(423, 57),
(443, 57),
(445, 57),
(446, 57),
(448, 57),
(449, 57),
(452, 57),
(453, 57),
(454, 57),
(455, 57),
(457, 57),
(458, 57),
(459, 57),
(462, 57),
(465, 57),
(466, 57),
(467, 57),
(468, 57),
(469, 57),
(476, 57),
(477, 57),
(478, 57),
(483, 57),
(484, 57),
(485, 57),
(486, 57),
(487, 57),
(488, 57),
(489, 57),
(492, 57),
(496, 57),
(497, 57),
(498, 57),
(499, 57),
(501, 57),
(503, 57),
(505, 57),
(506, 57),
(508, 57),
(510, 57),
(511, 57),
(512, 57),
(515, 57),
(517, 57),
(520, 57),
(521, 57),
(523, 57),
(524, 57),
(525, 57),
(526, 57),
(527, 57),
(528, 57),
(529, 57),
(530, 57),
(531, 57),
(532, 57),
(538, 57),
(539, 57),
(541, 57),
(543, 57),
(544, 57),
(545, 57),
(546, 57),
(547, 57),
(548, 57),
(549, 57),
(550, 57),
(552, 57),
(553, 57),
(554, 57),
(555, 57),
(556, 57),
(557, 57),
(559, 57),
(560, 57),
(561, 57),
(562, 57),
(564, 57),
(565, 57),
(568, 57),
(569, 57),
(571, 57),
(572, 57),
(573, 57),
(575, 57),
(576, 57),
(578, 57),
(579, 57),
(580, 57),
(581, 57),
(583, 57),
(584, 57),
(586, 57),
(587, 57),
(588, 57),
(589, 57),
(590, 57),
(591, 57),
(592, 57),
(594, 57),
(595, 57),
(597, 57),
(599, 57),
(600, 57),
(601, 57),
(602, 57),
(603, 57),
(604, 57),
(607, 57);

-- --------------------------------------------------------

--
-- Table structure for table `sylius_product_image`
--

CREATE TABLE `sylius_product_image` (
  `id` int(11) NOT NULL,
  `owner_id` int(11) NOT NULL,
  `type` varchar(255) COLLATE utf8_unicode_ci DEFAULT NULL,
  `path` varchar(255) COLLATE utf8_unicode_ci NOT NULL
) ENGINE=InnoDB DEFAULT CHARSET=utf8 COLLATE=utf8_unicode_ci;

--
-- Dumping data for table `sylius_product_image`
--

INSERT INTO `sylius_product_image` (`id`, `owner_id`, `type`, `path`) VALUES
(300, 418, NULL, '5c/68/b6bcc54b8d4515f820b268d7f46a.png'),
(301, 418, NULL, '98/0e/bb3dc78d312a97ba83bedc694843.png'),
(302, 418, NULL, '36/48/6ec76d097353bc69ae75e2673ef2.png'),
(303, 418, NULL, '05/96/2d31787d5ade9dfe60089807323b.png'),
(304, 417, NULL, '66/b4/7083e24aecd6bf58b7558d90e52b.png'),
(308, 423, NULL, 'c3/f7/6ae6bdf9ca90fb69e85e90130aff.png'),
(309, 422, NULL, '8d/66/bedc4f89149fbc6efd5348fe6b7a.png'),
(310, 420, NULL, '14/b4/d69f6c66f52c0abde9f988224ec3.png'),
(311, 443, NULL, 'bc/f9/55b5c8127e9e4cb169acfce61721.png'),
(312, 445, NULL, 'c0/72/e0f5357115253aec46455e142119.png'),
(313, 446, NULL, '60/f0/25b56878703e23d46defe3a851bf.png'),
(315, 455, NULL, 'ea/4a/9b2a27e1fa51c5f72ec4f7bd5847.png'),
(316, 454, NULL, '75/de/04f7d7e586ff28e04c0b8683dd03.png'),
(317, 462, NULL, '3d/e3/3ffe7d6091e4c5fe3404cad48836.png'),
(318, 465, NULL, '05/3b/ce2107fe09a3cd7311ce000f0ff7.png'),
(319, 466, NULL, 'cf/57/d73a227cc5447ba22d1e0b5086fa.png'),
(320, 467, NULL, '8b/c8/af3b71cfa435443d97e0778179d3.png'),
(321, 468, NULL, '8a/16/f22eb5ec6e41111aea6feae131d4.png'),
(322, 469, NULL, '89/58/5d22bb405d808acf9411b5a2ecf5.png'),
(323, 476, NULL, 'db/e2/7d5474f4379f00c694306f298624.png'),
(324, 477, NULL, '95/0f/9ae98ca180f58457f7703940000a.png'),
(325, 478, NULL, '73/1e/68a0ecae754dcc342ac1eaf36313.png'),
(326, 483, NULL, 'f8/b7/3746e993060e23d906337dba3135.png'),
(327, 484, NULL, '5c/83/08b1df7d20b34a7d7392124c76c4.png'),
(328, 485, NULL, '90/3e/9de5619ccd9121e27e13185e9926.png'),
(329, 486, NULL, '48/6c/daecf0134278ee752ba8e687837c.png'),
(330, 487, NULL, '17/58/38d0a1d0dc1f0ed851668dfe3f81.png'),
(331, 488, NULL, 'da/f2/2944d17a389e704533970b32cfba.png'),
(332, 489, NULL, '08/95/aec1730ffc5772f384683b701fea.png'),
(333, 492, NULL, 'd5/52/4e91acfaae47bf364e0abeb71c18.png'),
(334, 492, NULL, 'bb/46/51be35607e079fa212a74ba4cd0c.png'),
(335, 492, NULL, '87/d1/ea64fd37700705e9a010d0d167bd.png'),
(336, 496, NULL, 'f5/22/0b9cbce2e50463e2e53937a2e84d.png'),
(337, 497, NULL, '62/33/8b926ccacd433a8210fdbabe765b.png'),
(338, 497, NULL, '99/7a/ed49b1838fc8d9091ba07f61069c.png'),
(339, 497, NULL, '16/95/11b9f6c8aad4c3574123808acd29.png'),
(340, 498, NULL, '4c/48/82cd386502154be0bcef89ce3464.png'),
(341, 499, NULL, '15/05/a7bad3dc38ccc37bcc3085d438a8.png'),
(342, 499, NULL, '0e/61/4808401d1875976da808eb406dbc.png'),
(343, 499, NULL, 'a3/c3/888171db6e337e973c6e8e790fd5.png'),
(344, 501, NULL, '7b/ba/d09014bda39d732f362b03974204.png'),
(345, 501, NULL, '1f/ba/0cdb5206e61063485f6e8092d11f.png'),
(346, 501, NULL, '7c/64/0f462ea02c858f095fc06ea1f45a.png'),
(348, 503, NULL, '90/7b/f00d521d9f93501cdbfcc23e1572.png'),
(349, 503, NULL, '49/4a/41c1b92f1d9e1ca1e779f2f7a11a.png'),
(350, 503, NULL, '44/14/d22799d1f1dd2a583fc422e749ee.png'),
(353, 505, NULL, 'bb/1f/a7b83b4302db2b141b566a265a05.png'),
(354, 505, NULL, 'f8/5d/b40ef03e4e11cd6e5ec2c87c5ad7.png'),
(355, 505, NULL, 'e3/c1/6b7595be2345fbe6cee1a13df721.png'),
(356, 506, NULL, '4f/e3/3223ee4c55451c8ffcaf5704c0d2.png'),
(357, 506, NULL, '48/c8/0f5a28803a1b4227dfc1898acf02.png'),
(358, 506, NULL, '1f/b2/ada5106cb72b2374162438d5cd86.png'),
(359, 508, NULL, '46/71/f6d698682ccc0cb7c8a175e94551.png'),
(360, 508, NULL, '75/36/8b73f46c3701b0f86ecce2d2e93e.png'),
(361, 508, NULL, '3e/de/aa8610223e861975ac50847a29fd.png'),
(362, 510, NULL, '78/b2/ed3da5aede665a49ffdfa0ec19b3.png'),
(363, 510, NULL, 'f4/8d/d24caa2d377c3bad2093511e09aa.png'),
(364, 510, NULL, 'ad/45/14209c76206ecca93833019eb919.png'),
(365, 511, NULL, 'ef/bf/bf2baa8acc75f0ffffca894f868f.png'),
(366, 511, NULL, '0f/9a/cff77cd883ddce31e13ac9763257.png'),
(367, 511, NULL, '37/41/b8a2a911a07b986cf435db82e391.png'),
(368, 512, NULL, '9f/c9/d57344970596e7e7f9d1992567fb.png'),
(369, 515, NULL, '09/d1/4f97cf980d1d7277d1468129bf73.png'),
(370, 517, NULL, 'b5/03/d393109679c2334005e7b33a14dc.png'),
(371, 520, NULL, '7a/21/fedaa4dd63c49d67d5e4ef12c265.png'),
(372, 523, NULL, 'fe/5d/b0a5842952814a16389675bffb4f.png'),
(373, 524, NULL, '35/68/cd881110475b9194e71a606a41cb.png'),
(374, 525, NULL, '00/22/66d6403a81527cea62db6c5647e0.png'),
(375, 526, NULL, '71/b4/d4cb0b221c152e4a0ae376efc5d4.png'),
(376, 527, NULL, '69/7e/4ceae705d945cb0d43b63c746f0f.png'),
(377, 528, NULL, '62/0c/34dc4c102337217905c79ace3e44.png'),
(378, 529, NULL, '50/02/aecc72ed99bddcfd978b2e218a5f.png'),
(379, 530, NULL, '19/3a/dbb15e90b60f2ffd035da6384e13.png'),
(380, 531, NULL, '5f/76/e74fdf196dc7b2079e4fde51bf5c.png'),
(381, 532, NULL, '1e/0b/877f9cbc81b179e3b4e95ce16c39.png'),
(382, 538, NULL, 'f4/d7/4bf0176dd8942e72592a75593312.png'),
(383, 539, NULL, 'd6/bc/3cc5c169d80eb7ffee108bceedcf.png'),
(384, 541, NULL, '3b/75/2dbbd2998246d219177262699f31.png'),
(385, 543, NULL, 'e5/31/c884a7b22c12ae0a758c20ed3557.png'),
(386, 544, NULL, '1f/2a/97edb0175dd5ab3e67845fdfe087.png'),
(387, 545, NULL, '63/6e/e86a8ff3a147624cb7b57f91a1ec.png'),
(388, 546, NULL, 'f8/9c/ecc7d050e9ebe802ee81115a4ec8.png'),
(389, 547, NULL, '15/ac/1626f24ba676e644083a67b11a9b.png'),
(390, 548, NULL, 'f5/ae/ae8ec51fb162bceec72b1257f651.png'),
(391, 549, NULL, 'ff/7d/7740546b72a8a4f10337cfac4ea4.png'),
(392, 550, NULL, '45/ce/47646fd98d62253e8f9d452d41c8.png'),
(393, 552, NULL, '8e/a9/c8dfbfee9e128496f3cc4979e9a2.png'),
(394, 553, NULL, 'f4/2e/8b576f0ffb1a8e3708bd2c7312b5.png'),
(395, 555, NULL, 'df/1d/b0a96c9ccf413983a476f9a7bb8b.png'),
(396, 556, NULL, 'a6/8a/98e24f0bad4b157a7d232399f76e.png'),
(397, 557, NULL, '9a/48/9a0ffffe2fcf75ece7b2d2a0754a.png'),
(398, 559, NULL, '67/2f/e676338b51a3843e39e11a012c4d.png'),
(399, 560, NULL, '7e/a5/0144b300fdd1fbb2daba121f6887.png'),
(400, 561, NULL, '8f/a1/84c63683cb996b2b420d36e377f2.png'),
(401, 564, NULL, '72/c3/3109734ee34498496d2f74ed4bc6.png'),
(402, 565, NULL, '81/b3/5f7c6215fa1970c5ed6584d9337f.png'),
(403, 568, NULL, '83/7b/83f120f3bf868ae23dae62798b84.png'),
(404, 569, NULL, '0e/b7/9c56e036a40f1ff61cbd1753e8de.png'),
(405, 572, NULL, 'f2/8e/06bfe1946e2ebb9ffb1660fb0b83.png'),
(406, 573, NULL, '7d/aa/feaf52197906c444e50b67f1814d.png'),
(407, 575, NULL, 'e6/d6/9c211a3bc50202f34955b519abd0.png'),
(408, 576, NULL, '71/18/b1b7e33c59e5400cc9524c3d2460.png'),
(409, 578, NULL, '82/a1/1ad64dc3f77df59dda76c10a9e3e.png'),
(410, 579, NULL, 'a5/c6/98edeed18b48d08451c9c52a12e1.png'),
(411, 521, NULL, '7a/07/322a53efedd6106ead062877825c.png'),
(412, 554, NULL, 'd0/78/9cf61f45e586d1cb956e422a4b87.png'),
(413, 571, NULL, '16/68/f79cc7863bfdb685f9bdc3c77010.png'),
(414, 581, NULL, 'eb/16/64ce1308f6146fd6c171db8d7eec.png'),
(415, 580, NULL, 'd9/6b/99ef8970b96c794bea0b2aae1d10.png'),
(416, 583, NULL, '6b/66/8982b516e344892f474370227626.png'),
(417, 584, NULL, '2b/6a/09b5821b470f6069a074f44eb389.png'),
(418, 586, NULL, 'd9/ae/993b1aa10df84f60fa7ea5346528.png'),
(419, 587, NULL, 'f7/30/426f854b19a6108e19a395fb6cf0.png'),
(420, 588, NULL, '06/cc/a8497d1c39bf8d9a086941a03626.png'),
(421, 589, NULL, 'fb/1d/53d01ca9704b360ced43e3c99ca6.png'),
(422, 590, NULL, '1c/1a/e4b46441ba72446750634d1976d8.png'),
(423, 591, NULL, '07/f1/2c46c4897ee85f5b83544d7cdbc4.png'),
(424, 592, NULL, '2a/61/f3fb6b9a7040d415b6ee3ff69deb.png'),
(425, 594, NULL, '4f/8f/694c53f7a816f7d5bb41960e00dd.png'),
(426, 595, NULL, 'f7/c9/d14f8c6805d4d875f88cff593f22.png'),
(427, 597, NULL, 'ec/3e/f4a1bfde70a36e7ef3e0f4e464be.png'),
(428, 599, NULL, '42/56/ff0f2bd6e9f05e532ee5f5cdce5f.png'),
(429, 600, NULL, 'f6/30/9f3b49deab9d2e0b65baa96b5067.png'),
(430, 601, NULL, '44/09/74638554c7bfa8a1284f7f425e5e.png');

-- --------------------------------------------------------

--
-- Table structure for table `sylius_product_image_product_variants`
--

CREATE TABLE `sylius_product_image_product_variants` (
  `image_id` int(11) NOT NULL,
  `variant_id` int(11) NOT NULL
) ENGINE=InnoDB DEFAULT CHARSET=utf8 COLLATE=utf8_unicode_ci;

-- --------------------------------------------------------

--
-- Table structure for table `sylius_product_option`
--

CREATE TABLE `sylius_product_option` (
  `id` int(11) NOT NULL,
  `code` varchar(255) COLLATE utf8_unicode_ci NOT NULL,
  `position` int(11) NOT NULL,
  `created_at` datetime NOT NULL,
  `updated_at` datetime DEFAULT NULL
) ENGINE=InnoDB DEFAULT CHARSET=utf8 COLLATE=utf8_unicode_ci;

-- --------------------------------------------------------

--
-- Table structure for table `sylius_product_options`
--

CREATE TABLE `sylius_product_options` (
  `product_id` int(11) NOT NULL,
  `option_id` int(11) NOT NULL
) ENGINE=InnoDB DEFAULT CHARSET=utf8 COLLATE=utf8_unicode_ci;

-- --------------------------------------------------------

--
-- Table structure for table `sylius_product_option_translation`
--

CREATE TABLE `sylius_product_option_translation` (
  `id` int(11) NOT NULL,
  `translatable_id` int(11) NOT NULL,
  `name` varchar(255) COLLATE utf8_unicode_ci NOT NULL,
  `locale` varchar(255) COLLATE utf8_unicode_ci NOT NULL
) ENGINE=InnoDB DEFAULT CHARSET=utf8 COLLATE=utf8_unicode_ci;

-- --------------------------------------------------------

--
-- Table structure for table `sylius_product_option_value`
--

CREATE TABLE `sylius_product_option_value` (
  `id` int(11) NOT NULL,
  `option_id` int(11) NOT NULL,
  `code` varchar(255) COLLATE utf8_unicode_ci NOT NULL
) ENGINE=InnoDB DEFAULT CHARSET=utf8 COLLATE=utf8_unicode_ci;

-- --------------------------------------------------------

--
-- Table structure for table `sylius_product_option_value_translation`
--

CREATE TABLE `sylius_product_option_value_translation` (
  `id` int(11) NOT NULL,
  `translatable_id` int(11) NOT NULL,
  `value` varchar(255) COLLATE utf8_unicode_ci NOT NULL,
  `locale` varchar(255) COLLATE utf8_unicode_ci NOT NULL
) ENGINE=InnoDB DEFAULT CHARSET=utf8 COLLATE=utf8_unicode_ci;

-- --------------------------------------------------------

--
-- Table structure for table `sylius_product_review`
--

CREATE TABLE `sylius_product_review` (
  `id` int(11) NOT NULL,
  `product_id` int(11) NOT NULL,
  `author_id` int(11) NOT NULL,
  `title` varchar(255) COLLATE utf8_unicode_ci DEFAULT NULL,
  `rating` int(11) NOT NULL,
  `comment` longtext COLLATE utf8_unicode_ci DEFAULT NULL,
  `status` varchar(255) COLLATE utf8_unicode_ci NOT NULL,
  `created_at` datetime NOT NULL,
  `updated_at` datetime DEFAULT NULL
) ENGINE=InnoDB DEFAULT CHARSET=utf8 COLLATE=utf8_unicode_ci;

--
-- Dumping data for table `sylius_product_review`
--

INSERT INTO `sylius_product_review` (`id`, `product_id`, `author_id`, `title`, `rating`, `comment`, `status`, `created_at`, `updated_at`) VALUES
(1, 543, 241, '1', 5, 'this is to test the emails', 'accepted', '2019-05-16 08:32:03', '2019-05-16 08:32:14'),
(2, 420, 242, '1', 4, 'swqwqewqe wqe wqe wq eqw ', 'new', '2019-05-16 09:41:58', '2019-05-16 09:41:58'),
(3, 420, 242, '1', 5, 'werwe rew ewr we', 'new', '2019-05-16 09:43:30', '2019-05-16 09:43:30'),
(6, 530, 241, '1', 5, 'this is my comments', 'new', '2019-05-16 10:42:44', '2019-05-16 10:42:44'),
(7, 538, 241, '1', 5, 'this is my comment', 'new', '2019-05-17 07:25:57', '2019-05-17 07:25:57');

-- --------------------------------------------------------

--
-- Table structure for table `sylius_product_taxon`
--

CREATE TABLE `sylius_product_taxon` (
  `id` int(11) NOT NULL,
  `product_id` int(11) NOT NULL,
  `taxon_id` int(11) NOT NULL,
  `position` int(11) NOT NULL
) ENGINE=InnoDB DEFAULT CHARSET=utf8 COLLATE=utf8_unicode_ci;

--
-- Dumping data for table `sylius_product_taxon`
--

INSERT INTO `sylius_product_taxon` (`id`, `product_id`, `taxon_id`, `position`) VALUES
(418, 418, 174, 0),
(419, 420, 174, 1),
(420, 422, 190, 0),
(421, 423, 190, 1),
(423, 440, 177, 0),
(425, 443, 190, 2),
(426, 445, 190, 3),
(427, 446, 190, 4),
(429, 452, 187, 0),
(430, 453, 187, 1),
(431, 454, 191, 0),
(432, 455, 191, 1),
(433, 462, 196, 0),
(434, 465, 196, 1),
(435, 466, 196, 2),
(436, 467, 196, 3),
(437, 468, 196, 4),
(438, 469, 196, 5),
(439, 474, 179, 0),
(440, 476, 197, 0),
(441, 477, 197, 1),
(442, 478, 197, 2),
(443, 417, 198, 0),
(444, 483, 198, 1),
(445, 484, 198, 2),
(446, 485, 198, 3),
(447, 486, 198, 4),
(448, 487, 198, 5),
(449, 488, 198, 6),
(450, 489, 198, 7),
(451, 492, 201, 0),
(452, 496, 186, 0),
(453, 497, 201, 1),
(454, 498, 186, 1),
(455, 499, 201, 2),
(456, 501, 201, 3),
(458, 503, 201, 4),
(461, 505, 201, 5),
(462, 506, 201, 6),
(463, 508, 201, 7),
(464, 510, 201, 8),
(465, 511, 201, 9),
(466, 512, 202, 0),
(467, 515, 202, 1),
(468, 517, 202, 2),
(469, 520, 202, 3),
(470, 523, 203, 0),
(471, 524, 203, 1),
(472, 525, 203, 2),
(473, 526, 203, 3),
(474, 527, 204, 0),
(475, 528, 204, 1),
(476, 529, 174, 2),
(477, 530, 177, 1),
(478, 531, 177, 2),
(479, 532, 177, 3),
(480, 537, 177, 4),
(481, 538, 182, 0),
(482, 539, 182, 1),
(484, 541, 174, 3),
(485, 543, 177, 5),
(486, 544, 174, 4),
(487, 545, 187, 2),
(488, 546, 177, 6),
(489, 547, 182, 2),
(490, 548, 209, 0),
(491, 549, 209, 1),
(492, 550, 209, 2),
(494, 552, 210, 0),
(495, 553, 210, 1),
(496, 555, 210, 2),
(497, 556, 210, 3),
(498, 557, 210, 4),
(499, 559, 210, 5),
(500, 560, 210, 6),
(501, 561, 210, 7),
(502, 562, 203, 4),
(503, 564, 174, 5),
(504, 565, 211, 0),
(505, 568, 211, 1),
(506, 569, 211, 2),
(507, 572, 211, 3),
(508, 573, 211, 4),
(509, 576, 211, 5),
(510, 578, 211, 6),
(511, 579, 211, 7),
(512, 521, 212, 0),
(513, 554, 212, 1),
(514, 571, 212, 2),
(515, 581, 212, 3),
(516, 580, 213, 0),
(517, 583, 213, 1),
(518, 584, 213, 2),
(519, 586, 186, 2),
(520, 587, 214, 0),
(521, 588, 214, 1),
(522, 589, 214, 2),
(523, 590, 215, 0),
(524, 591, 215, 1),
(525, 592, 215, 2),
(526, 594, 215, 3),
(527, 595, 215, 4),
(529, 599, 184, 0),
(530, 575, 211, 8),
(531, 600, 182, 3),
(532, 601, 180, 0),
(533, 449, 190, 5),
(534, 448, 190, 6),
(535, 597, 216, 0),
(536, 602, 216, 1),
(537, 603, 216, 2),
(538, 604, 216, 3),
(539, 607, 211, 9);

-- --------------------------------------------------------

--
-- Table structure for table `sylius_product_translation`
--

CREATE TABLE `sylius_product_translation` (
  `id` int(11) NOT NULL,
  `translatable_id` int(11) NOT NULL,
  `name` varchar(255) COLLATE utf8_unicode_ci NOT NULL,
  `slug` varchar(255) COLLATE utf8_unicode_ci NOT NULL,
  `description` longtext COLLATE utf8_unicode_ci DEFAULT NULL,
  `meta_keywords` varchar(255) COLLATE utf8_unicode_ci DEFAULT NULL,
  `meta_description` varchar(255) COLLATE utf8_unicode_ci DEFAULT NULL,
  `short_description` longtext COLLATE utf8_unicode_ci DEFAULT NULL,
  `locale` varchar(255) COLLATE utf8_unicode_ci NOT NULL
) ENGINE=InnoDB DEFAULT CHARSET=utf8 COLLATE=utf8_unicode_ci;

--
-- Dumping data for table `sylius_product_translation`
--

INSERT INTO `sylius_product_translation` (`id`, `translatable_id`, `name`, `slug`, `description`, `meta_keywords`, `meta_description`, `short_description`, `locale`) VALUES
(417, 417, 'BMW LIVE Navigation Map Update 2018/2019', 'bmw-live-navigation-map-update-2018-2019-mapupdateliveenavevo', NULL, 'bmw navigation update, bmw software update, bmw map update, bmw map download, bmw road map, bmw map update usb, bmw navigation system map update, bmw idrive map update,bmw navigation map certificate release code, bmw gps map,  bmw gps map update, bmw codi', 'BMW navigation map update provides the latest info about existing, new and closed routes. Learn more about it and our fast BMW map update USB installation!', '<ul>\r\n	<li>Keep your maps updated without leaving your home</li>\r\n	<li>Take charge of your time and find routes through new, more convenient roads and expressways</li>\r\n	<li>Know exactly where the next gas station, ATM or restaurant is</li>\r\n	<li>Save fuel by choosing the most efficient ways to get to your destination</li>\r\n</ul>', 'en_US'),
(418, 418, 'Front View Camera Retrofit', 'front-view-camera-retrofit-frontcam', NULL, 'Front View Camera, BMW aftermarket front view camera, bmw front view camera retrofit, bmw front camera installation, exterior parking camera, bmw front view camera kit, add front view camera to bmw, diy front view camera, front view camera wiring, bmw par', 'Better safe than sorry — get a BMW aftermarket front view camera at a fair price and enjoy the chance to see all the low obstacles and protect your front lip.', '<ul>\r\n	<li>Helps you avoid scratches, dents or other damages on your BMW front bumper</li>\r\n	<li>Lets you notice any hard-to-see objects and low obstacles in front of your vehicle</li>\r\n	<li>Activated automatically after you shift from reverse into drive</li>\r\n	<li>Overrides the native iDrive mode with a full-screen camera image</li>\r\n	<li>Equipped with a wide angle lens</li>\r\n	<li>Produces a high-quality image</li>\r\n</ul>', 'en_US'),
(420, 420, 'Grill-Friendly Front View Camera for F30', 'grill-friendly-front-view-camera-for-f30-frontcamf30', NULL, 'Front View Camera, BMW aftermarket front view camera, bmw front view camera retrofit, bmw front camera installation, exterior parking camera, bmw front view camera kit, add front view camera to bmw, diy front view camera, front view camera wiring, bmw par', 'The BMW aftermarket front view camera made to fit into the kidney grill is all you need to keep your BMW’s front safe. Click the link and find out more.', '<ul>\r\n	<li>Effortlessly mounts into the F30 kidney grill without any modifications to the vehicle</li>\r\n	<li>Helps you avoid scratches, dents or other damage on your BMW&rsquo;s front bumper</li>\r\n	<li>Lets you see any hard-to-see objects and low obstacles in front of your vehicle</li>\r\n	<li>Activated automatically after you shift from reverse into drive</li>\r\n	<li>Overrides the native iDrive mode with a full-screen camera image</li>\r\n	<li>Equipped with a wide angle lens</li>\r\n	<li>Produces a high-quality image</li>\r\n</ul>', 'en_US'),
(422, 422, 'SiriusXM Satellite Radio USB Activation', 'siriusxm-satellite-radio-activation-usb-siriusactivationusb', NULL, NULL, NULL, '<ul>\r\n	<li>Activate SiriusXM satellite radio in your vehicle, without leaving your home</li>\r\n	<li>Enjoy over 150 radio channels, from Howard Stern and Bloomberg to NFL and Comedy Central</li>\r\n	<li>50% off the typical dealer pricing</li>\r\n	<li>Get a free All Access SiriusXM package for up to 12 months (conditions apply)</li>\r\n</ul>', 'en_US'),
(423, 423, 'SiriusXM Satellite Radio Cable Activation', 'siriusxm-satellite-radio-activation-cable-siriusactivationcable-e-series', NULL, NULL, NULL, '<ul>\r\n	<li>Activate SiriusXM satellite radio in your vehicle, without leaving your home</li>\r\n	<li>Enjoy over 150 radio channels, from Howard Stern and Bloomberg to NFL and Comedy Central</li>\r\n	<li>50% off the typical dealer pricing</li>\r\n	<li>Get a free All Access SiriusXM package for up to 12 months (conditions apply)</li>\r\n</ul>', 'en_US'),
(424, 424, 'Trim Tool Kit', 'trim-tool-kit', NULL, NULL, NULL, NULL, 'en_US'),
(426, 426, 'SmartView HD Flex', 'smartview-hd-flex-no-vividscreen-add-on', NULL, NULL, NULL, NULL, 'en_US'),
(432, 440, 'SmartView HD ATV4', 'smartview-hd-apple-tv4-no-vividscreen-add-on', NULL, NULL, NULL, NULL, 'en_US'),
(433, 441, 'SmartView HD ATV3', 'smartview-hd-apple-tv3-no-vividscreen-add-on', NULL, NULL, NULL, NULL, 'en_US'),
(434, 442, 'VividScreen', 'vividscreen-idrive-display-for-bmw-Vivid-Screen', NULL, NULL, NULL, NULL, 'en_US'),
(435, 443, 'SiriusXM Satellite Radio USB Activation', 'siriusxm-satellite-radio-activation-usb-convertibles-siriusactivationusb-conv', NULL, NULL, NULL, '<ul>\r\n	<li>Activate SiriusXM satellite radio in your vehicle, without leaving your home</li>\r\n	<li>Enjoy over 150 radio channels, from Howard Stern and Bloomberg to NFL and Comedy Central</li>\r\n	<li>50% off the typical dealer pricing</li>\r\n	<li>Get a free All Access SiriusXM package for up to 12 months (conditions apply)</li>\r\n</ul>', 'en_US'),
(436, 444, 'Sirius Antenna', 'sirius-antenna', NULL, NULL, NULL, NULL, 'en_US'),
(437, 445, 'SiriusXM Satellite Radio Cable Activation', 'siriusxm-satellite-radio-activation-cable-convertibles-siriusactivationcable-conveseries', NULL, NULL, NULL, '<ul>\r\n	<li>Activate SiriusXM satellite radio in your vehicle, without leaving your home</li>\r\n	<li>Enjoy over 150 radio channels, from Howard Stern and Bloomberg to NFL and Comedy Central</li>\r\n	<li>50% off the typical dealer pricing&nbsp;</li>\r\n	<li>Get a free All Access SiriusXM package for up to 12 months (conditions apply)</li>\r\n</ul>', 'en_US'),
(438, 446, 'SiriusXM Satellite Radio Cable Activation', 'siriusxm-satellite-radio-activation-cable-2009-or-earlier-bmws-siriusactivationcable-2009', NULL, NULL, NULL, '<ul>\r\n	<li>Activate SiriusXM satellite radio in your vehicle, without leaving your home</li>\r\n	<li>Enjoy over 150 radio channels, from Howard Stern and Bloomberg to NFL and Comedy Central</li>\r\n	<li>50% off the typical dealer pricing</li>\r\n	<li>Get a free All Access SiriusXM package for up to 12 months (conditions apply)</li>\r\n</ul>', 'en_US'),
(439, 447, 'Express Delivery', 'express-delivery-up-to-5-hours-SiriusExpressDelivery', NULL, NULL, NULL, NULL, 'en_US'),
(440, 448, 'SiriusXM Satellite Radio Cable Activation', 'siriusxm-satellite-radio-activation-cable-siriusactivationcablefg-series', NULL, NULL, NULL, '<ul>\r\n	<li>Activate SiriusXM satellite radio in your vehicle, without leaving your home</li>\r\n	<li>Enjoy over 150 radio channels, from Howard Stern and Bloomberg to NFL and Comedy Central</li>\r\n	<li>50% off the typical dealer pricing</li>\r\n	<li>Get a free All Access SiriusXM package for up to 12 months (conditions apply)</li>\r\n</ul>', 'en_US'),
(441, 449, 'SiriusXM Satellite Radio Cable Activation', 'siriusxm-satellite-radio-activation-cable-convertibles-siriusactivationcable-convfg-series', NULL, NULL, NULL, '<ul>\r\n	<li>Activate SiriusXM satellite radio in your vehicle, without leaving your home</li>\r\n	<li>Enjoy over 150 radio channels, from Howard Stern and Bloomberg to NFL and Comedy Central</li>\r\n	<li>50% off the typical dealer pricing&nbsp;</li>\r\n	<li>Get a free All Access SiriusXM package for up to 12 months (conditions apply)</li>\r\n</ul>', 'en_US'),
(444, 452, 'TESTPRODUCT1', 'testproduct1', NULL, NULL, NULL, NULL, 'en_US'),
(445, 453, 'TESTPRODUCT2', 'testproduct2', NULL, NULL, NULL, NULL, 'en_US'),
(446, 454, 'BMW CarPlay MMI Retrofit', 'bmw-carplay-mmi-retrofit-carplaymmi', NULL, NULL, NULL, '<ul>\r\n	<li>\r\n	<p>Lets you comfortably use the iPhone apps on your native iDrive display</p>\r\n	</li>\r\n	<li>\r\n	<p>Uses the factory car microphone to let Siri hear voice commands</p>\r\n	</li>\r\n	<li>\r\n	<p>Allows playing videos from a USB thumb drive</p>\r\n	</li>\r\n	<li>\r\n	<p>Provides audio playback through your BMW&#39;s AUX port</p>\r\n	</li>\r\n	<li>\r\n	<p>Makes it easy to switch between the CarPlay and your car&rsquo;s interfaces using an iDrive controller</p>\r\n	</li>\r\n	<li>\r\n	<p>Compatible with older BMW iDrive generations</p>\r\n	</li>\r\n</ul>', 'en_US'),
(447, 455, 'BMW CarPlay MMI Retrofit', 'bmw-carplay-mmi-retrofit-carplaymmii3', NULL, NULL, NULL, '<ul>\r\n	<li>Lets you comfortably use the iPhone apps on your native iDrive display</li>\r\n	<li>Uses the factory car microphone to let Siri hear voice commands</li>\r\n	<li>Allows playing videos from a USB thumb drive</li>\r\n	<li>Provides audio playback through your BMW&#39;s AUX port</li>\r\n	<li>Makes it easy to switch between the CarPlay and your car&rsquo;s interfaces using an iDrive controller</li>\r\n	<li>Compatible with older BMW iDrive generations</li>\r\n</ul>', 'en_US'),
(448, 456, 'Rear View Camera', 'rear-view-camera-addon', NULL, NULL, NULL, NULL, 'en_US'),
(449, 457, '1 Year Standard Warranty', '1-year-standard-warranty', NULL, NULL, NULL, NULL, 'en_US'),
(450, 458, '2 Year Extended Warranty', '2-year-extended-warranty', NULL, NULL, NULL, NULL, 'en_US'),
(451, 459, '3 Year Extended Warranty', '3-year-extended-warranty', NULL, NULL, NULL, NULL, 'en_US'),
(454, 462, 'VividScreen - iDrive Display for BMW', 'vividscreen-idrive-display-for-bmw-vividscreene60e61-6', NULL, NULL, NULL, '<ul>\r\n	<li>Provides twice the screen resolution compared to the OEM display</li>\r\n	<li>Enhances the quality of the image and contrast for a better viewing experience</li>\r\n	<li>Has the same design as the OEM screen to maintain the factory look</li>\r\n	<li>Supports SmartView mirroring functionality for using iPhone apps on the dashboard display</li>\r\n	<li>Compatible with many technological upgrades not available with the stock screen</li>\r\n</ul>', 'en_US'),
(455, 463, 'Front View Camera', 'front-view-camera-addon', NULL, NULL, NULL, NULL, 'en_US'),
(456, 464, 'AUX Port', 'aux-port-addon', NULL, NULL, NULL, NULL, 'en_US'),
(457, 465, 'VividScreen - iDrive Display for BMW', 'vividscreen-idrive-display-for-bmw-vividscreene60e61-8', NULL, NULL, NULL, '<ul>\r\n	<li>Provides twice the screen resolution compared to the OEM display</li>\r\n	<li>Enhances the quality of the image and contrast for a better viewing experience</li>\r\n	<li>Has the same design as the OEM screen to maintain the factory look</li>\r\n	<li>Supports SmartView mirroring functionality for using iPhone apps on the dashboard display</li>\r\n	<li>Compatible with many technological upgrades not available with the stock screen</li>\r\n</ul>', 'en_US'),
(458, 466, 'VividScreen - iDrive Display for BMW', 'vividscreen-idrive-display-for-bmw-vividscreene9xe63e64-6', NULL, NULL, NULL, '<ul>\r\n	<li>Provides twice the screen resolution compared to the OEM display</li>\r\n	<li>Enhances the quality of the image and contrast for a better viewing experience</li>\r\n	<li>Has the same design as the OEM screen to maintain the factory look</li>\r\n	<li>Supports SmartView mirroring functionality for using iPhone apps on the dashboard display</li>\r\n	<li>Compatible with many technological upgrades not available with the stock screen</li>\r\n</ul>', 'en_US'),
(459, 467, 'VividScreen - iDrive Display for BMW', 'vividscreen-idrive-display-for-bmw-vividscreene9xe63e64-8', NULL, NULL, NULL, '<ul>\r\n	<li>Provides twice the screen resolution compared to the OEM display</li>\r\n	<li>Enhances the quality of the image and contrast for a better viewing experience</li>\r\n	<li>Has the same design as the OEM screen to maintain the factory look</li>\r\n	<li>Supports SmartView mirroring functionality for using iPhone apps on the dashboard display</li>\r\n	<li>Compatible with many technological upgrades not available with the stock screen</li>\r\n</ul>', 'en_US'),
(460, 468, 'VividScreen - iDrive Display for BMW', 'vividscreen-idrive-display-for-bmw-vividscreenf3x6champ2entry', NULL, NULL, NULL, '<ul>\r\n	<li>Provides twice the screen resolution compared to the OEM display</li>\r\n	<li>Enhances the quality of the image and contrast for a better viewing experience</li>\r\n	<li>Has the same design as the OEM screen to maintain the factory look</li>\r\n	<li>Supports SmartView mirroring functionality for using iPhone apps on the dashboard display</li>\r\n	<li>Compatible with many technological upgrades not available with the stock screen</li>\r\n</ul>', 'en_US'),
(461, 469, 'VividScreen - iDrive Display for BMW', 'vividScreen-idrive-display-for-bmw-vividscreenf3x6entrynav', NULL, NULL, NULL, '<ul>\r\n	<li>Provides twice the screen resolution compared to the OEM display</li>\r\n	<li>Enhances the quality of the image and contrast for a better viewing experience</li>\r\n	<li>Has the same design as the OEM screen to maintain the factory look</li>\r\n	<li>Supports SmartView mirroring functionality for using iPhone apps on the dashboard display</li>\r\n	<li>Compatible with many technological upgrades not available with the stock screen</li>\r\n</ul>', 'en_US'),
(463, 471, 'Stretch Correction', 'stretch-correction-addon', NULL, NULL, NULL, NULL, 'en_US'),
(464, 472, 'Coding Cable', 'coding-cable-addon', NULL, NULL, NULL, NULL, 'en_US'),
(466, 474, 'CarPlayActivationUSB', 'carplayactivationusb', NULL, NULL, NULL, NULL, 'en_US'),
(468, 476, 'Power Trunk Release Retrofit for BMW', 'power-trunk-release-retrofit-for-bmw-power-trunk-retrofit-f30-f80-f10', NULL, NULL, NULL, '<ul>\r\n	<li>Adds a luxury convenience feature that is available in higher BMW models</li>\r\n	<li>Allows you to open &amp; close the trunk by pushing a button on your remote key fob, trunk lid, or dashboard</li>\r\n	<li>Stops closing automatically in case of any obstacle for added safety</li>\r\n	<li>Lets you set the exact position the trunk lid opens to</li>\r\n	<li>Based on a high-end motorized system that makes opening &amp; closing smooth and easy</li>\r\n</ul>', 'en_US'),
(469, 477, 'Power Trunk Release Retrofit for BMW', 'power-trunk-release-retrofit-for-bmw-power-trunk-retrofit-f25', NULL, NULL, NULL, '<ul>\r\n	<li>Adds a luxury convenience feature that is available in higher BMW models</li>\r\n	<li>Allows you to open &amp; close the trunk by pushing a button on your remote key fob, trunk lid, or dashboard</li>\r\n	<li>Stops closing automatically in case of any obstacle for added safety</li>\r\n	<li>Lets you set the exact position the trunk lid opens to</li>\r\n	<li>Based on a high-end motorized system that makes opening &amp; closing smooth and easy</li>\r\n</ul>', 'en_US'),
(470, 478, 'Power Trunk Release Retrofit', 'power-trunk-release-retrofit-power-trunk-retrofit-g30', NULL, NULL, NULL, '<ul>\r\n	<li>Allows you to open &amp; close the trunk by pushing a button on your remote key fob, trunk lid, or dashboard</li>\r\n	<li>Stops closing automatically in case of any obstacle for added safety</li>\r\n	<li>Lets you set the exact position the trunk lid opens to</li>\r\n	<li>Based on a high-end motorized system that makes opening &amp; closing smooth and easy</li>\r\n</ul>', 'en_US'),
(475, 483, 'BMW PREMIUM Navigation Map Update 2018/2019', 'bmw-premium-navigation-map-update-2018-2019-mapupdatepremiumciccicr', NULL, NULL, NULL, '<ul>\r\n	<li>Keep your maps updated without leaving your home</li>\r\n	<li>Take charge of your time and find routes through new, more convenient roads and expressways</li>\r\n	<li>Know exactly where the next gas station, ATM or restaurant is</li>\r\n	<li>Save fuel by choosing the most efficient ways to get to your destination</li>\r\n</ul>', 'en_US'),
(476, 484, 'BMW MOTION Navigation Map Update 2018/2019', 'bmw-motion-navigation-map-update-2018-2019-mapupdatemotionmask2', NULL, NULL, NULL, '<ul>\r\n	<li>Keep your maps updated without leaving your home</li>\r\n	<li>Take charge of your time and find routes through new, more convenient roads and expressways</li>\r\n	<li>Know exactly where the next gas station, ATM or restaurant is</li>\r\n	<li>Save fuel by choosing the most efficient ways to get to your destination</li>\r\n</ul>', 'en_US'),
(477, 485, 'BMW MOVE Navigation Map Update 2018/2019', 'bmw-move-navigation-map-update-2018-2019-mapupdatemovechamp2', NULL, NULL, NULL, '<ul>\r\n	<li>Keep your maps updated without leaving your home</li>\r\n	<li>Take charge of your time and find routes through new, more convenient roads and expressways</li>\r\n	<li>Know exactly where the next gas station, ATM or restaurant is</li>\r\n	<li>Save fuel by choosing the most efficient ways to get to your destination</li>\r\n</ul>', 'en_US'),
(478, 486, 'BMW ROUTE Navigation Map Update 2018/2019', 'bmw-route-navigation-map-update-2018-2019-mapupdaterouteentrynav', NULL, NULL, NULL, '<ul>\r\n	<li>Keep your maps updated without leaving your home</li>\r\n	<li>Take charge of your time and find routes through new, more convenient roads and expressways</li>\r\n	<li>Know exactly where the next gas station, ATM or restaurant is</li>\r\n	<li>Save fuel by choosing the most efficient ways to get to your destination</li>\r\n</ul>', 'en_US'),
(479, 487, 'BMW NEXT Navigation Map Update 2018/2019', 'bmw-next-navigation-map-update-2018-2019-mapupdatenextnbt', NULL, NULL, NULL, '<ul>\r\n	<li>Keep your maps updated without leaving your home</li>\r\n	<li>Take charge of your time and find routes through new, more convenient roads and expressways</li>\r\n	<li>Know exactly where the next gas station, ATM or restaurant is</li>\r\n	<li>Save fuel by choosing the most efficient ways to get to your destination</li>\r\n</ul>', 'en_US'),
(480, 488, 'BMW EVO Navigation Map Update 2018/2019', 'bmw-evo-navigation-map-update-2018-2019-mapupdateevonbtevo', NULL, NULL, NULL, '<ul>\r\n	<li>Keep your maps updated without leaving your home</li>\r\n	<li>Take charge of your time and find routes through new, more convenient roads and expressways</li>\r\n	<li>Know exactly where the next gas station, ATM or restaurant is</li>\r\n	<li>Save fuel by choosing the most efficient ways to get to your destination</li>\r\n</ul>', 'en_US'),
(481, 489, 'BMW WAY Navigation Map Update 2018/2019', 'bmw-way-navigation-map-update-2018-2019-mapupdatewaymgu', NULL, NULL, NULL, '<ul>\r\n	<li>Keep your maps updated without leaving your home</li>\r\n	<li>Take charge of your time and find routes through new, more convenient roads and expressways</li>\r\n	<li>Know exactly where the next gas station, ATM or restaurant is</li>\r\n	<li>Save fuel by choosing the most efficient ways to get to your destination</li>\r\n</ul>', 'en_US'),
(484, 492, 'Rear View Camera (OEM)', 'rear-view-camera-oem-f10-f11-f07-f25', NULL, NULL, NULL, '<ul>\r\n	<li>It&rsquo;s the same camera that BMW installs at factory&nbsp;</li>\r\n	<li>Consists entirely of genuine BMW parts&nbsp;</li>\r\n	<li>Produces a high-quality image</li>\r\n	<li>Allows to zoom in on the trailer hitch to neatly drive up to the right spot</li>\r\n	<li>Supports Dynamic Parking Lines and Obstacle Marking&nbsp;</li>\r\n	<li>360 degree Surround View camera system available as an optional add-on</li>\r\n</ul>', 'en_US'),
(485, 493, 'Dynamic Parking Lines', 'dynamic-parking-lines', NULL, NULL, NULL, NULL, 'en_US'),
(486, 494, 'Obstacle Marking', 'obstacle-marking', NULL, NULL, NULL, NULL, 'en_US'),
(487, 495, 'Trailer Hitch Mode', 'trailer-hitch-mode', NULL, NULL, NULL, NULL, 'en_US'),
(488, 496, 'BMW Comfort Access Kit', 'bmw-comfort-access-kit', NULL, 'BMW Comfort Access, comfort access keyless entry, mini cooper comfort access, comfort access programming, bmw comfort access trunk, comfort access system, bmw comfort access aftermarket, bmw comfort access key fob, bmw remote control, bmw comfort access k', 'People say that BMW Comfort Access takes convenience to another level. Get to know why so many people opt in for comfort access keyless entry and join the club!', '<ul>\r\n	<li>Lets you lock or unlock the doors without even touching your key</li>\r\n	<li>May include two or four handles depending on how many doors you want to upgrade</li>\r\n	<li>Contains an additional antenna for keyless access to the trunk</li>\r\n	<li>Allows you to customize which doors you want to open &amp; close with a touch</li>\r\n</ul>', 'en_US'),
(489, 497, 'Rear View Camera (OEM)', 'rear-view-camera-oem-e70-e71', NULL, NULL, NULL, '<ul>\r\n	<li>It&rsquo;s the same camera that BMW installs at factory&nbsp;</li>\r\n	<li>Consists entirely of genuine BMW parts&nbsp;</li>\r\n	<li>Produces a high-quality image</li>\r\n	<li>Allows to zoom in on the trailer hitch to neatly drive up to the right spot&nbsp;</li>\r\n	<li>Supports Dynamic Parking Lines and Obstacle Marking&nbsp;</li>\r\n	<li>360 degree Surround View camera system available as an optional add-on</li>\r\n</ul>', 'en_US'),
(490, 498, 'BMW Soft Close Retrofit', 'bmw-soft-close-retrofit', NULL, 'bmw soft close doors, bmw soft close doors, bmw soft close automatic doors, adding soft close to bmw, soft close doors retrofit, bmw parts, beamer car, bmw aftermarket parts, bmw auto parts, bmw key fob', 'After you try BMW Soft Close doors once, you’ll get what the fuss is all about. Check how not slamming your doors can change the lives of you and your passengers.', '<ul>\r\n	<li>Lets you avoid slamming the doors shut</li>\r\n	<li>Pulls the door quietly and securely closed when it&rsquo;s within 1/4&Prime; of the lock</li>\r\n	<li>Adds convenience in tight parking spaces or whenever a gentle closing of the door is needed</li>\r\n	<li>Runs even when the door is closed manually to ensure that it&rsquo;s properly shut</li>\r\n</ul>', 'en_US'),
(491, 499, 'Rear View Camera (OEM)', 'rear-view-camera-oem-f01-f02', NULL, NULL, NULL, '<ul>\r\n	<li>It&rsquo;s the same camera that BMW installs at factory&nbsp;</li>\r\n	<li>Consists entirely of genuine BMW parts&nbsp;</li>\r\n	<li>Produces a high-quality image</li>\r\n	<li>Allows to zoom in on the trailer hitch to neatly drive up to the right spot&nbsp;</li>\r\n	<li>Supports Dynamic Parking Lines and Obstacle Marking&nbsp;</li>\r\n	<li>360 degree Surround View camera system available as an optional add-on</li>\r\n</ul>', 'en_US'),
(492, 500, '2 Rear Door Handles', '2-rear-door-handles', NULL, NULL, NULL, NULL, 'en_US'),
(493, 501, 'Rear View Camera (OEM)', 'rear-view-camera-oem-f22-f23', NULL, NULL, NULL, '<ul>\r\n	<li>It&rsquo;s the same camera that BMW installs at factory&nbsp;</li>\r\n	<li>Consists entirely of genuine BMW parts&nbsp;</li>\r\n	<li>Produces a high-quality image</li>\r\n	<li>Allows to zoom in on the trailer hitch to neatly drive up to the right spot&nbsp;</li>\r\n	<li>Supports Dynamic Parking Lines and Obstacle Marking&nbsp;</li>\r\n	<li>360 degree Surround View camera system available as an optional add-on</li>\r\n</ul>', 'en_US'),
(495, 503, 'Rear View Camera (OEM)', 'rear-view-camera-oem-f22-f23-icam', NULL, NULL, NULL, '<ul>\r\n	<li>It&rsquo;s the same camera that BMW installs at factory&nbsp;</li>\r\n	<li>Consists entirely of genuine BMW parts&nbsp;</li>\r\n	<li>Produces a high-quality image</li>\r\n	<li>Allows to zoom in on the trailer hitch to neatly drive up to the right spot&nbsp;</li>\r\n	<li>Supports Dynamic Parking Lines and Obstacle Marking&nbsp;</li>\r\n	<li>360 degree Surround View camera system available as an optional add-on</li>\r\n</ul>', 'en_US'),
(497, 505, 'Rear View Camera (OEM)', 'rear-view-camera-oem-f3x-f8x', NULL, NULL, NULL, '<ul>\r\n	<li>It&rsquo;s the same camera that BMW installs at factory&nbsp;</li>\r\n	<li>Consists entirely of genuine BMW parts&nbsp;</li>\r\n	<li>Produces a high-quality image</li>\r\n	<li>Allows to zoom in on the trailer hitch to neatly drive up to the right spot&nbsp;</li>\r\n	<li>Supports Dynamic Parking Lines and Obstacle Marking&nbsp;</li>\r\n	<li>360 degree Surround View camera system available as an optional add-on</li>\r\n</ul>', 'en_US'),
(498, 506, 'Rear View Camera (OEM)', 'rear-view-camera-oem-f3x-f8x-icam', NULL, NULL, NULL, '<ul>\r\n	<li>It&rsquo;s the same camera that BMW installs at factory&nbsp;</li>\r\n	<li>Consists entirely of genuine BMW parts&nbsp;</li>\r\n	<li>Produces a high-quality image</li>\r\n	<li>Allows to zoom in on the trailer hitch to neatly drive up to the right spot&nbsp;</li>\r\n	<li>Supports Dynamic Parking Lines and Obstacle Marking&nbsp;</li>\r\n	<li>360 degree Surround View camera system available as an optional add-on</li>\r\n</ul>', 'en_US'),
(500, 508, 'Rear View Camera (OEM)', 'rear-view-camera-oem-f15-f16-f26-f48', NULL, NULL, NULL, '<ul>\r\n	<li>It&rsquo;s the same camera that BMW installs at factory&nbsp;</li>\r\n	<li>Consists entirely of genuine BMW parts&nbsp;</li>\r\n	<li>Produces a high-quality image</li>\r\n	<li>Allows to zoom in on the trailer hitch to neatly drive up to the right spot&nbsp;</li>\r\n	<li>Supports Dynamic Parking Lines and Obstacle Marking&nbsp;</li>\r\n	<li>360 degree Surround View camera system available as an optional add-on</li>\r\n</ul>', 'en_US'),
(501, 509, 'WiFi Antenna', 'wifi-antenna-addon', NULL, NULL, NULL, NULL, 'en_US'),
(502, 510, 'Rear View Camera (OEM)', 'rear-view-camera-oem-f06-f12-f13', NULL, NULL, NULL, '<ul>\r\n	<li>It&rsquo;s the same camera that BMW installs at factory&nbsp;</li>\r\n	<li>Consists entirely of genuine BMW parts&nbsp;</li>\r\n	<li>Produces a high-quality image</li>\r\n	<li>Allows to zoom in on the trailer hitch to neatly drive up to the right spot&nbsp;</li>\r\n	<li>Supports Dynamic Parking Lines and Obstacle Marking&nbsp;</li>\r\n	<li>360 degree Surround View camera system available as an optional add-on</li>\r\n</ul>', 'en_US'),
(503, 511, 'Rear View Camera (OEM)', 'rear-view-camera-oem-g30-g31-g38-g11-g12', NULL, NULL, NULL, '<ul>\r\n	<li>It&rsquo;s the same camera that BMW installs at factory&nbsp;</li>\r\n	<li>Consists entirely of genuine BMW parts&nbsp;</li>\r\n	<li>Produces a high-quality image</li>\r\n	<li>Allows to zoom in on the trailer hitch to neatly drive up to the right spot&nbsp;</li>\r\n	<li>Supports Dynamic Parking Lines and Obstacle Marking&nbsp;</li>\r\n	<li>360 degree Surround View camera system available as an optional add-on</li>\r\n</ul>', 'en_US'),
(504, 512, 'BMW Apple CarPlay USB Activation', 'bmw-apple-carplay-usb-activation-carplayusb', NULL, NULL, NULL, '<ul>\r\n	<li>Lets you safely use iPhone apps on your native iDrive display</li>\r\n	<li>Uses the factory car microphone to let Siri hear voice commands</li>\r\n	<li>Connects your iPhone wirelessly to the BMW iDrive system</li>\r\n	<li>Provides audio playback through your BMW&#39;s stereo system</li>\r\n	<li>Makes it easy to switch between CarPlay and your car&rsquo;s standard interface using the iDrive controller</li>\r\n</ul>', 'en_US'),
(507, 515, 'BMW Apple CarPlay USB Activation', 'bmw-apple-carplay-usb-activation-carplayusbfullscreen', NULL, NULL, NULL, '<ul>\r\n	<li>Lets you safely use iPhone apps on your native iDrive display</li>\r\n	<li>Uses the factory car microphone to let Siri hear voice commands</li>\r\n	<li>Connects your iPhone wirelessly to the BMW iDrive system</li>\r\n	<li>Provides audio playback through your BMW&#39;s stereo system</li>\r\n	<li>Makes it easy to switch between CarPlay and your car&rsquo;s standard interface using the iDrive controller</li>\r\n</ul>', 'en_US'),
(509, 517, 'BMW Apple CarPlay Cable Activation', 'bmw-apple-carplay-cable-activation-carplaycable', NULL, NULL, NULL, '<ul>\r\n	<li>Lets you safely use iPhone apps on your native iDrive display</li>\r\n	<li>Uses the factory car microphone to let Siri hear voice commands</li>\r\n	<li>Connects your iPhone wirelessly to the BMW iDrive system</li>\r\n	<li>Provides audio playback through your BMW&#39;s stereo system</li>\r\n	<li>Makes it easy to switch between CarPlay and your car&rsquo;s standard interface using the iDrive controller</li>\r\n</ul>', 'en_US'),
(512, 520, 'BMW Apple CarPlay Cable Activation', 'bmw-apple-carplay-cable-activation-carplaycablefullscreen', NULL, NULL, NULL, '<ul>\r\n	<li>Lets you safely use iPhone apps on your native iDrive display</li>\r\n	<li>Uses the factory car microphone to let Siri hear voice commands</li>\r\n	<li>Connects your iPhone wirelessly to the BMW iDrive system</li>\r\n	<li>Provides audio playback through your BMW&#39;s stereo system</li>\r\n	<li>Makes it easy to switch between CarPlay and your car&rsquo;s standard interface using the iDrive controller</li>\r\n</ul>', 'en_US'),
(513, 521, 'BMW Remote Key Fob', 'bmw-remote-key-fob-keyfob-e-comaccess', NULL, NULL, NULL, '<ul>\r\n	<li>Get a BMW key fob pre-programmed and matched to your specific model</li>\r\n	<li>Fit your old key blade into the fob or order a new one together with a replacement</li>\r\n	<li>Lock and unlock your car remotely</li>\r\n	<li>Open the trunk without getting out of your BMW</li>\r\n	<li>Sound the horn from a distance when there&rsquo;s a need</li>\r\n</ul>', 'en_US'),
(515, 523, '6WB BMW OEM Digital Cluster', '6wb-bmw-oem-digital-cluster-6wbcluster-f3x-nbt-entrynav-hud', NULL, NULL, NULL, '<ul>\r\n	<li>Features a fully digital setup and several sorts of animations</li>\r\n	<li>Offers different looks for three driving modes</li>\r\n	<li>Focuses on speedometer and rev counter gauges in Sport Mode</li>\r\n	<li>Emphasizes an economical driving style in Eco Pro mode</li>\r\n	<li>Displays the car in the center portion of the cluster in the real time</li>\r\n	<li>Consists entirely of genuine BMW parts</li>\r\n</ul>', 'en_US'),
(516, 524, '6WB BMW OEM Digital Cluster', '6wb-bmw-oem-digital-cluster-6wbclusterf3x', NULL, NULL, NULL, '<ul>\r\n	<li>Features a fully digital setup and several sorts of animations</li>\r\n	<li>Offers different looks for three driving modes</li>\r\n	<li>Focuses on speedometer and rev counter gauges in Sport Mode</li>\r\n	<li>Emphasizes an economical driving style in Eco Pro mode</li>\r\n	<li>Displays the car in the center portion of the cluster in the real time</li>\r\n	<li>Consists entirely of genuine BMW parts</li>\r\n</ul>', 'en_US'),
(517, 525, '6WB BMW OEM Digital Cluster', '6wb-bmw-oem-digital-cluster-6wbclusterf15-f16', NULL, NULL, NULL, '<ul>\r\n	<li>Features a fully digital setup and several sorts of animations</li>\r\n	<li>Offers different looks for three driving modes</li>\r\n	<li>Focuses on speedometer and rev counter gauges in Sport Mode</li>\r\n	<li>Emphasizes an economical driving style in Eco Pro mode</li>\r\n	<li>Displays the car in the center portion of the cluster in the real time</li>\r\n	<li>Consists entirely of genuine BMW parts</li>\r\n</ul>', 'en_US'),
(518, 526, '6WB BMW OEM Digital Cluster', '6wb-bmww-oem-digital-cluster-6wbclusterlci', NULL, NULL, NULL, '<ul>\r\n	<li>Features a fully digital setup and several sorts of animations</li>\r\n	<li>Offers different looks for three driving modes</li>\r\n	<li>Focuses on speedometer and rev counter gauges in Sport Mode</li>\r\n	<li>Emphasizes an economical driving style in Eco Pro mode</li>\r\n	<li>Displays the car in the center portion of the cluster in the real time</li>\r\n	<li>Consists entirely of genuine BMW parts</li>\r\n</ul>', 'en_US'),
(519, 527, 'BMW PDC (Park Distance Control) Retrofit', 'pdc-park-distance-control-retrofit-oem-pdc-eseries', NULL, NULL, NULL, '<ul>\r\n	<li>Makes parking easy and safe</li>\r\n	<li>Warns you about any tight spaces between your car and obstacles</li>\r\n	<li>Uses ultrasound sensors to detect the distance to nearby objects &nbsp;</li>\r\n	<li>Consists entirely of genuine BMW parts</li>\r\n	<li>Allows retrofitting the front, rear or both bumpers of your vehicle</li>\r\n</ul>', 'en_US'),
(520, 528, 'BMW PDC (Park Distance Control) Retrofit', 'pdc-park-distance-control-retrofit-oem-pdc-fseries', NULL, NULL, NULL, '<ul>\r\n	<li>Makes parking easy and safe</li>\r\n	<li>Warns you about any tight spaces between your car and obstacles</li>\r\n	<li>Uses ultrasound sensors to detect the distance to nearby objects &nbsp;</li>\r\n	<li>Consists entirely of genuine BMW parts</li>\r\n	<li>Allows retrofitting the front, rear or both bumpers of your vehicle</li>\r\n</ul>', 'en_US'),
(521, 529, 'Surround View Retrofit', 'surround-view-retrofit', NULL, 'car camera system, 360 degree camera, cameras for cars, exterior parking camera rear, RVS Systems, Bird\'s Eye View Camera System, Panoramic View,  360 degree car camera, cars top view, side view car', 'The 360 degree car camera system will make sure you are never in a difficult parking situation. Find out more about Surround View retrofit and let it protect your BMW.', '<ul>\r\n	<li>Shows you camera images from different viewing angles on the iDrive screen</li>\r\n	<li>Assists you in parking and difficult traffic situations</li>\r\n	<li>Combines images from several cameras and creates a perfect overview</li>\r\n	<li>Helps to see approaching traffic at junctions or areas with restricted views</li>\r\n</ul>', 'en_US'),
(522, 530, 'SmartView HD Apple TV3', 'smartviewhd-apple-tv3-smartviewhdatv3', NULL, 'smartphone mirroring in car, screen mirroring, screen mirroring iphone, wireless airplay, Apple TV in Car, screen mirroring  Iphone X, screen share,, wireless display, screen mirroring over wifi, screen mirroring device, screen share, screen sharing, mirr', 'Looking for an upgrade for iPhone screen mirroring? SmartView HD Apple TV3 will do exactly what you need, and even more. Check out the upgrade in our webshop.', '<ul>\r\n	<li>Allows streaming videos from your iPhone onto<strong>&nbsp;</strong>the iDrive screen</li>\r\n	<li>Provides audio streaming through your BMW&#39;s AUX port</li>\r\n	<li>Wirelessly connects to any iOS device</li>\r\n	<li>Includes an original Apple TV unit modified to function with the BMW iDrive system</li>\r\n	<li>Gives the possibility to use Apple TV3 native apps without connecting your phone</li>\r\n</ul>', 'en_US'),
(523, 531, 'SmartView HD Apple TV4', 'smartviewhd-apple-tv4-smartviewhdatv4', NULL, 'smartphone mirroring in car, screen mirroring, screen mirroring iphone, wireless airplay, Apple TV in Car, screen share,, wireless display, screen mirroring over wifi, screen mirroring device, screen share, screen sharing, mirror app, screen sharing softw', 'Get Apple TV4 and make the most out of it by mirroring or using your favorite apps on the BMW iDrive screen. Find out more about iPhone Screen Mirroring.', '<ul>\r\n	<li>Lets you mirror your iPhone screen onto the onto the native iDrive display</li>\r\n	<li>Has an inbuilt Apple TV4 with its own App Store which gives the possibility to use apps without connecting your phone</li>\r\n	<li>Allows streaming videos from your iPhone onto the car screen</li>\r\n	<li>Provides audio streaming through your BMW&#39;s AUX port</li>\r\n	<li>Wirelessly connects any iOS device to the BMW iDrive system</li>\r\n</ul>', 'en_US'),
(524, 532, 'SmartView HD Flex', 'smartviewhd-flex-smartviewhdflex', NULL, 'screen mirroring, screen mirroring android, bmw android auto, samsung screen mirroring, screen mirroring iphone, screen mirroring  S10, S9, S8, S7, screen share, samsung smart view, wireless display, screen mirroring over wifi, screen mirroring device, sc', 'Want to cast the screen of Android and iOS devices onto the car’s display? Consider our SmartView HD Flex screen mirroring upgrade which will do that and more.', '<ul>\r\n	<li>Allows streaming videos from your Android smartphone or iPhone onto the iDrive screen</li>\r\n	<li>Lets you use your favorite maps on a bigger display</li>\r\n	<li>Produces its own WiFi network for connecting to mobile devices so no cables or mobile hotspots are needed</li>\r\n	<li>Provides audio playback through your BMW&#39;s AUX port</li>\r\n	<li>Has in-built AirPlay and Miracast receivers</li>\r\n</ul>', 'en_US'),
(526, 534, 'SmartView HD ATV3', 'smartview-hd-apple-tv3-add-on', NULL, NULL, NULL, NULL, 'en_US'),
(527, 535, 'SmartView HD ATV4', 'smartview-hd-apple-tv4-add-on', NULL, NULL, NULL, NULL, 'en_US'),
(528, 536, 'SmartView HD Flex', 'smartview-hd-flex-add-on', NULL, NULL, NULL, NULL, 'en_US'),
(529, 537, 'Internal Key Blade', 'internal-key-blade-e-42-addon', NULL, NULL, NULL, NULL, 'en_US'),
(530, 538, 'NBT/NBT Evo Remote Software Activation', 'nbt-nbt-evo-remote-software-activation', NULL, 'bmw coding, bmw navigation update, bmw coding software, bmw navigation system, bmw idrive update, bmw software update', 'Bought a new NBT or NBT Evo system for your car but have no idea how to activate it? Get in touch with us and our pro technician will do all the BMW coding for you!', '<ul>\r\n	<li>Allows you to have your BMW coded without leaving home</li>\r\n	<li>Sets up the NBT or NBT Evo head unit specifically for your vehicle</li>\r\n	<li>Activates Navigation for more comfortable driving</li>\r\n	<li>Unlocks Voice Control and Video &amp; Services in motion features in your BMW iDrive system</li>\r\n</ul>', 'en_US'),
(531, 539, 'iDrive Touch Controller Retrofit', 'idrive-touch-controller-retrofit', NULL, 'iDrive Touch Controller, idrive touchpad, idrive auto parts, idrive touch screen, bmw idrive controller knob, idrive touch module, idrive touch handwriting, idrive controller replacement, handwriting recognition, touch-sensitive pad, bmw parts, beamer car', 'A sleek iDrive Touch Controller with a bigger wheel and touchpad will certainly refresh your BMW’s interior. Click the link and check out its features in detail.', '<ul>\r\n	<li>Equipped with a touchpad on the BMW iDrive controller knob that you can use to write letters while navigating through the system</li>\r\n	<li>Allows more focus on the road</li>\r\n	<li>Designed to amplify the premium look of your BMW</li>\r\n	<li>Provides a quick response to your touch</li>\r\n	<li>Consists entirely of genuine BMW parts</li>\r\n</ul>', 'en_US'),
(532, 540, 'Ceramic Version', 'ceramic-version-addon', NULL, NULL, NULL, NULL, 'en_US'),
(533, 541, 'BMW Parking Assistant Retrofit', 'bmw-parking-assistant-retrofit', NULL, 'Park assist, Intelligent Parking, self parking car, parallel parking distance, autoparking system, automatic parking systems, active park assist, BMW Reversing Assistant, rear park assist, parking aid, rear parking aid, automated parking, bmw park distanc', 'BMW Parking Assistant turns your vehicle into a smart self parking car. Click the link and learn more about parallel parking and detecting perfect parking spots.', '<ul>\r\n	<li>Turns your BMW into a self parking car</li>\r\n	<li>Helps you in difficult parking situations</li>\r\n	<li>Spots suitable parking spaces and notifies you about them on the iDrive screen</li>\r\n	<li>Uses sensors to detect and measure spaces on both sides of your BMW</li>\r\n	<li>Supports you during parallel parking and can control steering, braking and acceleration while parking</li>\r\n	<li>Consists entirely of genuine BMW parts</li>\r\n</ul>', 'en_US'),
(534, 542, 'BDC Module', 'bdc-module-addon', NULL, NULL, NULL, NULL, 'en_US'),
(535, 543, 'AUX Port', 'bmw-aux-port', NULL, 'aux port for car, aux port adapter, add an aux port to car stereo, add aux port to car, car stereo, car radio, aux cable, aux cord for car, auxiliary cable, 3.5mm jack', 'The AUX port for car is the basic and one of the most important things. So if your BMW doesn’t have one, follow the link and get it with free worldwide shipping.', '<ul>\r\n	<li>Enables you to connect almost any audio device</li>\r\n	<li>Lets you listen to the music through your BMW&rsquo;s stereo system</li>\r\n	<li>Ensures easy and quick installation</li>\r\n	<li>Seamlessly integrates into your car&rsquo;s interior</li>\r\n	<li>Contains only BMW genuine parts</li>\r\n</ul>', 'en_US'),
(536, 544, 'Remote Control Parking System', 'remote-control-parking-system', NULL, 'bmw key fob replacement, bmw key fob programming, remote key fob, lost bmw key fob, bmw key fob functions, bmw key fob battery, remote key fob, key fob with remote start, Lost key fob, bmw oem, beamer car, bmw parts', 'Do you want to park your car without actually being inside? Get the Remote Control Parking System and forget about getting in/out of your car in tight spaces!', '<ul>\r\n	<li>Makes your car pull in and out of the garage or tight parking spaces without you sitting behind the wheel</li>\r\n	<li>Can take over steering, braking and acceleration</li>\r\n	<li>Lets you avoid unintentional damage to your BMW and surrounding vehicles</li>\r\n	<li>Provides a remote display key fob for parking while outside the vehicle</li>\r\n	<li>Consists entirely of genuine BMW parts</li>\r\n</ul>', 'en_US'),
(537, 545, 'Remote Control Display Key Fob', 'remote-control-display-key-fob', NULL, 'bmw key fob replacement, bmw key fob programming, remote key fob, lost bmw key fob, bmw key fob functions, bmw key fob battery, remote key fob, key fob with remote start, Lost key fob', 'The Remote Control Display Key Fob is an upgrade that will turn your into the vehicle from the future. Find out more about the remote start and other features now!', '<ul>\r\n	<li>Equipped with an LCD touch screen for comfortable use</li>\r\n	<li>Shows the status of central locking, alarm, fuel and other important information</li>\r\n	<li>Indicates if the windows are open or closed</li>\r\n	<li>Lets you set a timer for the climate control</li>\r\n	<li>Works at a range of up to 985ft</li>\r\n	<li>Enables you to lock/unlock the doors as well as open the trunk and sound the horn remotely</li>\r\n</ul>', 'en_US'),
(538, 546, '6FL USB/AUX Interface Retrofit', '6fl-usb-aux-interface-retrofit', NULL, 'aux port adapter, add an aux port to car stereo, add aux port to car, car stereo, car radio, aux cable, 3.5mm jack, how to put an aux port in your car, add an aux port to car stereo', 'Want to add AUX port to car together with the USB socket? Our original BMW 6FL USB/AUX interface is exactly what you need! Click the link and see it for yourself.', '<ul>\r\n	<li>Enables connecting almost any audio device through the AUX port</li>\r\n	<li>Provides the highest quality sound out of a USB connection among all the audio inputs</li>\r\n	<li>Lets you listen to music through your BMW&rsquo;s stereo system</li>\r\n	<li>Ensures easy and quick installation</li>\r\n	<li>Seamlessly integrates into your car&rsquo;s interior</li>\r\n	<li>Contains only BMW genuine parts</li>\r\n</ul>', 'en_US'),
(539, 547, 'BMW CIC Remote Software Activation', 'bmw-cic-remote-software-activation', NULL, 'BMW CIC Navigation system retrofit, Navigation system, bmw navigation update, bmw idrive update, CIC retrofit, bmw CIC update idrive versions, Navigation System Professional, iDrive interface, idrive upgrade, HARDWARE UPGRADE, bmw software update, bmw map', 'Bought a new BMW CIC Navigation system retrofit but have no idea what to do next? Contact us and have it coded for your specific BMW without leaving your home!', '<ul>\r\n	<li>Allows you to have your BMW coded without leaving home</li>\r\n	<li>Sets up the BMW CIC Navigation system retrofit specifically for your vehicle</li>\r\n	<li>Activates Navigation for more comfortable driving</li>\r\n	<li>Unlocks Voice Control and Video &amp; Services in motion features in your iDrive upgrade</li>\r\n</ul>', 'en_US'),
(540, 548, 'BMW Enhanced Bluetooth Update / USB Port Activation', 'bmw-enhanced-bluetooth-update-usb-port-activation-enhbtusbactiv', NULL, NULL, NULL, '<ul>\r\n	<li>Extends the multimedia capabilities of your BMW</li>\r\n	<li>Lets you stream audio from a smartphone or MP3 player via Bluetooth/USB port</li>\r\n	<li>Allows pairing up multiple devices via Bluetooth</li>\r\n	<li>Gives read-only access to SMS messages, email, reminders, etc.</li>\r\n	<li>Provides USB audio playback through the BMW stereo system</li>\r\n	<li>Enables you to use Voice Control to make calls without taking your hands of the wheel</li>\r\n</ul>', 'en_US'),
(541, 549, 'BMW Enhanced Bluetooth Update / USB Port Activation', 'bmw-enhanced-bluetooth-update-usb-port-activation-enhbtusbactivcable-e-series', NULL, NULL, NULL, '<ul>\r\n	<li>Extends the multimedia capabilities of your BMW</li>\r\n	<li>Lets you stream audio from a smartphone or MP3 player via Bluetooth/USB port</li>\r\n	<li>Allows pairing up multiple devices via Bluetooth</li>\r\n	<li>Gives read-only access to SMS messages, email, reminders, etc.</li>\r\n	<li>Provides USB audio playback through the BMW stereo system</li>\r\n	<li>Enables you to use Voice Control to make calls without taking your hands of the wheel</li>\r\n</ul>', 'en_US'),
(542, 550, 'BMW Enhanced Bluetooth Update / USB Port Activation', 'bmw-enhanced-bluetooth-update-usb-port-activation-enhbtusbactivcable-f-g-series', NULL, NULL, NULL, '<ul>\r\n	<li>Extends the multimedia capabilities of your BMW</li>\r\n	<li>Lets you stream audio from a smartphone or MP3 player via Bluetooth/USB port</li>\r\n	<li>Allows pairing up multiple devices via Bluetooth</li>\r\n	<li>Gives read-only access to SMS messages, email, reminders, etc.</li>\r\n	<li>Provides USB audio playback through the BMW stereo system</li>\r\n	<li>Enables you to use Voice Control to make calls without taking your hands of the wheel</li>\r\n</ul>', 'en_US'),
(543, 551, 'Comfort Access Coding', 'comfort-access-coding-addon', NULL, NULL, NULL, NULL, 'en_US'),
(544, 552, 'Rear View Camera Retrofit (MMI)', 'rear-view-camera-retrofit-mmi-i3-mini', NULL, NULL, NULL, '<ul>\r\n	<li>​​​​Overrides the native iDrive display with a full-screen camera image</li>\r\n	<li>Activates automatically when the car goes into reverse</li>\r\n	<li>Allows adding a mirroring device or front view camera for a lower price</li>\r\n	<li>Produces a high-quality image &nbsp;</li>\r\n	<li>Easily integrated into the trunk handle just like an original BMW backup camera</li>\r\n	<li>Supports Dynamic Parking Lines</li>\r\n</ul>', 'en_US'),
(545, 553, 'Rear View Camera Retrofit (MMI)', 'rear-view-camera-retrofit-mmi-e63-e64-e89-f20-f21-f39', NULL, NULL, NULL, '<ul>\r\n	<li>Overrides the native iDrive display with a full-screen camera image</li>\r\n	<li>Activates automatically when the car goes into reverse</li>\r\n	<li>Allows adding a mirroring device or front view camera for a lower price</li>\r\n	<li>Produces a high-quality image &nbsp;</li>\r\n	<li>Easily integrated into the trunk handle just like an original BMW backup camera</li>\r\n	<li>Supports Dynamic Parking Lines</li>\r\n</ul>', 'en_US'),
(546, 554, 'BMW Remote Key Fob', 'bmw-remote-key-fob-e-series', NULL, NULL, NULL, '<ul>\r\n	<li>Get a BMW key fob pre-programmed and matched to your specific model</li>\r\n	<li>Fit your old key blade into the fob or order a new one together with a replacement</li>\r\n	<li>Lock and unlock your car remotely</li>\r\n	<li>Open the trunk without getting out of your BMW</li>\r\n	<li>Sound the horn from a distance when there&rsquo;s a need</li>\r\n</ul>', 'en_US'),
(547, 555, 'Rear View Camera Retrofit (MMI)', 'rear-view-camera-retrofit-mmi-nbtevo-cuttingahole', NULL, NULL, NULL, '<ul>\r\n	<li>Overrides the native iDrive display with a full-screen camera image</li>\r\n	<li>Activates automatically when the car goes into reverse</li>\r\n	<li>Allows adding a mirroring device or front view camera for a lower price</li>\r\n	<li>Produces a high-quality image &nbsp;</li>\r\n	<li>Easily integrated into the trunk handle just like an original BMW backup camera</li>\r\n	<li>Supports Dynamic Parking Lines</li>\r\n</ul>', 'en_US'),
(548, 556, 'Rear View Camera Retrofit (MMI)', 'rear-view-camera-retrofit-mmi-staticlines', NULL, NULL, NULL, '<ul>\r\n	<li>Overrides the native iDrive display with a full-screen camera image</li>\r\n	<li>Activates automatically when the car goes into reverse</li>\r\n	<li>Allows adding a mirroring device or front view camera for a lower price</li>\r\n	<li>Produces a high-quality image &nbsp;</li>\r\n	<li>Easily integrated into the trunk handle just like an original BMW backup camera</li>\r\n	<li>Supports Static Parking Lines</li>\r\n</ul>', 'en_US'),
(549, 557, 'Rear View Camera Retrofit (MMI)', 'rear-view-camera-retrofit-mmi-staticlinese63-e64-e89', NULL, NULL, NULL, '<ul>\r\n	<li>Overrides the native iDrive display with a full-screen camera image</li>\r\n	<li>Activates automatically when the car goes into reverse</li>\r\n	<li>Allows adding a mirroring device or front view camera for a lower price</li>\r\n	<li>Produces a high-quality image &nbsp;</li>\r\n	<li>Easily integrated into the trunk handle just like an original BMW backup camera</li>\r\n	<li>Supports Static Parking Lines</li>\r\n</ul>', 'en_US'),
(550, 558, 'Static Parking Lines', 'static-parking-lines-addon', NULL, NULL, NULL, NULL, 'en_US'),
(551, 559, 'Rear View Camera Retrofit (MMI)', 'rear-view-camera-retrofit-mmi-therest', NULL, NULL, NULL, '<ul>\r\n	<li>Overrides the native iDrive display with a full-screen camera image</li>\r\n	<li>Activates automatically when the car goes into reverse</li>\r\n	<li>Allows adding a mirroring device or front view camera for a lower price</li>\r\n	<li>Produces a high-quality image &nbsp;</li>\r\n	<li>Easily integrated into the trunk handle just like an original BMW backup camera</li>\r\n	<li>Supports Dynamic Parking Lines</li>\r\n</ul>', 'en_US'),
(552, 560, 'Rear View Camera Retrofit (MMI)', 'rear-view-camera-retrofit-mmi-e60-e61', NULL, NULL, NULL, '<ul>\r\n	<li>Overrides the native iDrive display with a full-screen camera image</li>\r\n	<li>Activates automatically when the car goes into reverse</li>\r\n	<li>Allows adding a mirroring device or front view camera for a lower price</li>\r\n	<li>Produces a high-quality image &nbsp;</li>\r\n	<li>Easily integrated into the trunk handle just like an original BMW backup camera</li>\r\n	<li>Supports Dynamic Parking Lines</li>\r\n</ul>', 'en_US'),
(553, 561, 'Rear View Camera Retrofit (MMI)', 'rear-view-camera-retrofit-mmi-nbtevo', NULL, NULL, NULL, '<ul>\r\n	<li>Overrides the native iDrive display with a full-screen camera image</li>\r\n	<li>Activates automatically when the car goes into reverse</li>\r\n	<li>Allows adding a mirroring device or front view camera for a lower price</li>\r\n	<li>Produces a high-quality image &nbsp;</li>\r\n	<li>Easily integrated into the trunk handle just like an original BMW backup camera</li>\r\n	<li>Supports Dynamic Parking Lines</li>\r\n</ul>', 'en_US');
INSERT INTO `sylius_product_translation` (`id`, `translatable_id`, `name`, `slug`, `description`, `meta_keywords`, `meta_description`, `short_description`, `locale`) VALUES
(554, 562, '6WB BMW OEM Digital Cluster', '6wb-bmww-oem-digital-cluster-g01-g30-g31', NULL, NULL, NULL, '<ul>\r\n	<li>Features a fully digital setup and several sorts of animations</li>\r\n	<li>Offers different looks for three driving modes</li>\r\n	<li>Focuses on speedometer and rev counter gauges in Sport Mode</li>\r\n	<li>Emphasizes an economical driving style in Eco Pro mode</li>\r\n	<li>Displays the car in the center portion of the cluster in the real time</li>\r\n	<li>Consists entirely of genuine BMW parts</li>\r\n</ul>', 'en_US'),
(555, 563, 'Internal Key Blade', 'internal-key-blade-f-g-85-addon', NULL, NULL, NULL, NULL, 'en_US'),
(556, 564, 'BMW Rear View Camera Retrofit (OEM Integration)', 'bmw-rear-view-camera-retrofit-oem-integration', NULL, NULL, NULL, '<ul>\r\n	<li>Budget-friendly BMW aftermarket backup camera with OEM look and feel</li>\r\n	<li>Appears on the screen automatically when the car is put into reverse</li>\r\n	<li>Ensures a high-quality image</li>\r\n	<li>Easily integrated into the trunk handle just like an original BMW backup camera</li>\r\n	<li>Uses the iDrive factory camera mode</li>\r\n	<li>Compatible with PDC equipped vehicles</li>\r\n	<li>Supports Dynamic Parking Lines</li>\r\n</ul>', 'en_US'),
(557, 565, 'NBT EVO ID5/ID6 Navigation System Retrofit', 'nbt-evo-id-5-6-f10-f11-f07-f01-f02-with-nbt-nbtevoid4', NULL, NULL, NULL, '<ul>\r\n	<li>Contains only BMW genuine parts including an NBT Evo head unit with ID5 or ID6 interface</li>\r\n	<li>Provides the latest version of the maps for your region</li>\r\n	<li>Comes with a number of activated multimedia features like Video &amp; Services in motion, BMW Apps, etc.</li>\r\n	<li>Lets you use iPhone apps on your new iDrive screen with CarPlay</li>\r\n</ul>', 'en_US'),
(558, 566, 'SiriusXM/HD Radio', 'siriusxm-hd-radio-addon', NULL, NULL, NULL, NULL, 'en_US'),
(559, 567, 'DAB Radio', 'dab-radio-addon', NULL, NULL, NULL, NULL, 'en_US'),
(560, 568, 'NBT EVO ID5/ID6 Navigation System Retrofit', 'nbt-evo-id-5-6-f10-f11-f07-f01-f02', NULL, NULL, NULL, '<ul>\r\n	<li>Features a high definition 10.25&Prime; screen</li>\r\n	<li>Contains only BMW genuine parts including an NBT Evo head unit with ID5 or ID6 interface</li>\r\n	<li>Provides the latest version of the maps for your region</li>\r\n	<li>Comes with a number of activated multimedia features like Video &amp; Services in motion, BMW Apps, etc.</li>\r\n	<li>Lets you use iPhone apps on your new iDrive screen with CarPlay</li>\r\n	<li>Includes an iDrive Touch Controller</li>\r\n</ul>', 'en_US'),
(561, 569, 'NBT EVO ID5/ID6 Navigation System Retrofit', 'nbt-evo-id-5-1-2-3-4-series-x3-x4-with-nbt-nbtevoid4', NULL, NULL, NULL, '<ul>\r\n	<li>Contains only BMW genuine parts including an NBT Evo head unit with ID5 or ID6 interface</li>\r\n	<li>Provides the latest version of the maps for your region</li>\r\n	<li>Comes with a number of activated multimedia features like Video &amp; Services in motion, BMW Apps, etc.</li>\r\n	<li>Lets you use iPhone apps on your new iDrive screen with CarPlay</li>\r\n</ul>', 'en_US'),
(562, 570, '10.25” Touch Screen', 'touch-screen-600-addon', NULL, NULL, NULL, NULL, 'en_US'),
(563, 571, 'BMW Remote Key Fob', 'bmw-remote-key-fob-f-g-series', NULL, NULL, NULL, '<ul>\r\n	<li>Get a BMW key fob pre-programmed and matched to your specific model</li>\r\n	<li>Fit your old key blade into the fob or order a new one together with a replacement</li>\r\n	<li>Lock and unlock your car remotely</li>\r\n	<li>Open the trunk without getting out of your BMW</li>\r\n	<li>Sound the horn from a distance when there&rsquo;s a need</li>\r\n</ul>', 'en_US'),
(564, 572, 'NBT EVO ID5/ID6 Navigation System Retrofit', 'nbt-evo-id-5-1-2-3-4-series-x3-x4', NULL, NULL, NULL, '<ul>\r\n	<li>Features a high definition 8.8&Prime; screen</li>\r\n	<li>Contains only BMW genuine parts including an NBT Evo head unit with ID5 or ID6 interface</li>\r\n	<li>Provides the latest version of the maps for your region</li>\r\n	<li>Comes with a number of activated multimedia features like Video &amp; Services in motion, BMW Apps, etc.</li>\r\n	<li>Lets you use iPhone apps on your new iDrive screen with CarPlay</li>\r\n	<li>Includes an iDrive Touch Controller</li>\r\n</ul>', 'en_US'),
(565, 573, 'NBT EVO ID5/ID6 Navigation System Retrofit', 'nbt-evo-id-5-6-f06-f12-f13-with-nbt-nbtevoid4', NULL, NULL, NULL, '<ul>\r\n	<li>Contains only BMW genuine parts including an NBT Evo head unit with ID5 or ID6 interface</li>\r\n	<li>Provides the latest version of the maps for your region</li>\r\n	<li>Comes with a number of activated multimedia features like Video &amp; Services in motion, BMW Apps, etc.</li>\r\n	<li>Lets you use iPhone apps on your new iDrive screen with CarPlay</li>\r\n</ul>', 'en_US'),
(566, 574, '10.25” Hi-Res Screen', 'high-resolution-screen-addon', NULL, NULL, NULL, NULL, 'en_US'),
(567, 575, 'NBT EVO ID5/ID6 Navigation System Retrofit', 'nbt-evo-id-5-6-f06-f12-f13', NULL, NULL, NULL, '<ul>\r\n	<li>Features a high definition 8.8&Prime; screen</li>\r\n	<li>Contains only BMW genuine parts including an NBT Evo head unit with ID5 or ID6 interface</li>\r\n	<li>Provides the latest version of the maps for your region</li>\r\n	<li>Comes with a number of activated multimedia features like Video &amp; Services in motion, BMW Apps, etc.</li>\r\n	<li>Lets you use iPhone apps on your new iDrive screen with CarPlay</li>\r\n	<li>Includes an iDrive Touch Controller</li>\r\n</ul>', 'en_US'),
(568, 576, 'NBT EVO ID5/ID6 Navigation System Retrofit', 'nbt-evo-id-5-6-x5f15-x6f16-with-nbt-nbtevoid4', NULL, NULL, NULL, '<ul>\r\n	<li>Contains only BMW genuine parts including an NBT Evo head unit with ID5 or ID6 interface</li>\r\n	<li>Provides the latest version of the maps for your region</li>\r\n	<li>Comes with a number of activated multimedia features like Video &amp; Services in motion, BMW Apps, etc.</li>\r\n	<li>Lets you use iPhone apps on your new iDrive screen with CarPlay</li>\r\n</ul>', 'en_US'),
(569, 577, '10.25” Touch Screen', 'touch-screen-300-addon', NULL, NULL, NULL, NULL, 'en_US'),
(570, 578, 'NBT EVO ID5/ID6 Navigation System Retrofit', 'nbt-evo-id-5-6-x5f15-x6f16', NULL, NULL, NULL, '<ul>\r\n	<li>Features a high definition 10.25&Prime; screen</li>\r\n	<li>Contains only BMW genuine parts including an NBT Evo head unit with ID5 or ID6 interface</li>\r\n	<li>Provides the latest version of the maps for your region</li>\r\n	<li>Comes with a number of activated multimedia features like Video &amp; Services in motion, BMW Apps, etc.</li>\r\n	<li>Lets you use iPhone apps on your new iDrive screen with CarPlay</li>\r\n	<li>Includes an iDrive Touch Controller</li>\r\n</ul>\r\n\r\n<p>&nbsp;</p>', 'en_US'),
(571, 579, 'NBT EVO ID5/ID6 Navigation System Retrofit', 'nbt-evo-id-5-6-g30-g31-f90', NULL, NULL, NULL, '<ul>\r\n	<li>Features a high definition 10.25&Prime; touch screen</li>\r\n	<li>Contains only BMW genuine parts including an NBT Evo head unit with ID5 or ID6 interface</li>\r\n	<li>Provides the latest version of the maps for your region</li>\r\n	<li>Comes with a number of activated multimedia features like Video &amp; Services in motion, BMW Apps, etc.</li>\r\n	<li>Lets you use iPhone apps on your new iDrive screen with CarPlay</li>\r\n	<li>Includes an iDrive Touch Controller</li>\r\n</ul>', 'en_US'),
(572, 580, 'MINI Key Fob', 'mini-key-fob-r-series-comaccess', NULL, NULL, NULL, '<ul>\r\n	<li>Get a MINI key fob pre-programmed and matched to your specific model</li>\r\n	<li>Fit your old key blade into the fob or order a new one together with a replacement</li>\r\n	<li>Lock and unlock your car remotely</li>\r\n	<li>Open the trunk without getting out of your MINI</li>\r\n	<li>Sound the horn from a distance when there&rsquo;s a need</li>\r\n</ul>', 'en_US'),
(573, 581, 'BMW Remote Key Fob', 'bmw-remote-key-fob-i3-i8', NULL, NULL, NULL, '<ul>\r\n	<li>Get a BMW key fob pre-programmed and matched to your specific model</li>\r\n	<li>Fit your old key blade into the fob or order a new one together with a replacement</li>\r\n	<li>Lock and unlock your car remotely</li>\r\n	<li>Open the trunk without getting out of your BMW</li>\r\n	<li>Sound the horn from a distance when there&rsquo;s a need</li>\r\n</ul>', 'en_US'),
(574, 582, 'Internal Key Blade', 'internal-key-blade-mini-r-55-addon', NULL, NULL, NULL, NULL, 'en_US'),
(575, 583, 'MINI Key Fob', 'mini-key-fob-r-series', NULL, NULL, NULL, '<ul>\r\n	<li>Get a MINI key fob pre-programmed and matched to your specific model</li>\r\n	<li>Fit your old key blade into the fob or order a new one together with a replacement</li>\r\n	<li>Lock and unlock your car remotely</li>\r\n	<li>Open the trunk without getting out of your MINI</li>\r\n	<li>Sound the horn from a distance when there&rsquo;s a need</li>\r\n</ul>', 'en_US'),
(576, 584, 'MINI Key Fob', 'mini-key-fob-f-series', NULL, NULL, NULL, '<ul>\r\n	<li>Get a MINI key fob pre-programmed and matched to your specific model</li>\r\n	<li>Fit your old key blade into the fob or order a new one together with a replacement</li>\r\n	<li>Lock and unlock your car remotely</li>\r\n	<li>Open the trunk without getting out of your MINI</li>\r\n	<li>Sound the horn from a distance when there&rsquo;s a need</li>\r\n</ul>', 'en_US'),
(577, 585, 'Internal Key Blade', 'internal-key-blade-mini-f-59-addon', NULL, NULL, NULL, NULL, 'en_US'),
(578, 586, 'BMW Anti-Theft Alarm System', 'bmw-oem-anti-theft-alarm-system', NULL, NULL, NULL, '<ul>\r\n	<li>Protects your vehicle from any attempts of theft or break in</li>\r\n	<li>Signals the alarm when the interior space or exterior locks are disturbed</li>\r\n	<li>Uses special motion sensors installed in the door pillars</li>\r\n	<li>Turns on the inbuilt siren and hazard warning lights</li>\r\n	<li>Very easy to operate using the remote key fob</li>\r\n</ul>', 'en_US'),
(579, 587, 'BMW Apps Retrofit', 'bmw-apps-retrofit-usb', NULL, NULL, NULL, '<ul>\r\n	<li>Lets you see or listen to status updates from social networks like Twitter</li>\r\n	<li>Gives access to Spotify, Pandora Radio and other music apps with audio playback through the BMW stereo system</li>\r\n	<li>Adds Calendar, ECO PRO analyzer, GoPro and many other iOS apps to your iDrive menu</li>\r\n	<li>Allows you to type in a location and send it to the navigation on the BMW screen</li>\r\n	<li>Features a genuine factory BMW Apps activation</li>\r\n</ul>', 'en_US'),
(580, 588, 'BMW Apps Retrofit', 'bmw-apps-retrofit-cable-f-g-series', NULL, NULL, NULL, '<ul>\r\n	<li>Lets you see or listen to status updates from social networks like Twitter</li>\r\n	<li>Gives access to Spotify, Pandora Radio and other music apps with audio playback through the BMW stereo system</li>\r\n	<li>Adds Calendar, ECO PRO analyzer, GoPro and many other iOS apps to your iDrive menu</li>\r\n	<li>Allows you to type in a location and send it to the navigation on the BMW screen</li>\r\n	<li>Features a genuine factory BMW Apps activation</li>\r\n</ul>', 'en_US'),
(581, 589, 'BMW Apps Retrofit', 'bmw-apps-retrofit-cable-e-series', NULL, NULL, NULL, '<ul>\r\n	<li>Lets you see or listen to status updates from social networks like Twitter</li>\r\n	<li>Gives access to Spotify, Pandora Radio and other music apps with audio playback through the BMW stereo system</li>\r\n	<li>Adds Calendar, ECO PRO analyzer, GoPro and many other iOS apps to your iDrive menu</li>\r\n	<li>Allows you to type in a location and send it to the navigation on the BMW screen</li>\r\n	<li>Features a genuine factory BMW Apps activation</li>\r\n</ul>', 'en_US'),
(582, 590, 'CIC Navigation Retrofit', 'cic-navigation-retrofit-e63-e64', NULL, NULL, NULL, '<ul>\r\n	<li>Features a high definition screen</li>\r\n	<li>Contains only BMW genuine parts including a CIC head unit updated to the latest software version</li>\r\n	<li>Includes the latest version of the maps for your region</li>\r\n	<li>Comes with a number of activated multimedia features like Video &amp; Services in motion and Voice Control</li>\r\n	<li>Adds a USB port that can be used for updating maps or upgrading software</li>\r\n	<li>Includes an iDrive controller</li>\r\n</ul>', 'en_US'),
(583, 591, 'CIC Navigation Retrofit', 'cic-navigation-retrofit-e9x', NULL, NULL, NULL, '<ul>\r\n	<li>Features a high definition screen</li>\r\n	<li>Contains only BMW genuine parts including a CIC head unit updated to the latest software version</li>\r\n	<li>Includes the latest version of the maps for your region</li>\r\n	<li>Comes with a number of activated multimedia features like Video &amp; Services in motion and Voice Control</li>\r\n	<li>Adds a USB port that can be used for updating maps or upgrading software</li>\r\n	<li>Includes an iDrive controller</li>\r\n</ul>', 'en_US'),
(584, 592, 'CIC Navigation Retrofit', 'cic-navigation-retrofit-e60-e61', NULL, NULL, NULL, '<ul>\r\n	<li>Features a high definition screen</li>\r\n	<li>Contains only BMW genuine parts including a CIC head unit updated to the latest software version</li>\r\n	<li>Includes the latest version of the maps for your region</li>\r\n	<li>Comes with a number of activated multimedia features like Video &amp; Services in motion and Voice Control</li>\r\n	<li>Adds a USB port that can be used for updating maps or upgrading software</li>\r\n</ul>', 'en_US'),
(585, 593, 'iDrive Controller', 'idrive-controller-addon', NULL, NULL, NULL, NULL, 'en_US'),
(586, 594, 'CIC Navigation Retrofit', 'cic-navigation-retrofit-e60-e61-lci', NULL, NULL, NULL, '<ul>\r\n	<li>Features a high definition screen</li>\r\n	<li>Contains only BMW genuine parts including a CIC head unit updated to the latest software version</li>\r\n	<li>Includes the latest version of the maps for your region</li>\r\n	<li>Comes with a number of activated multimedia features like Video &amp; Services in motion and Voice Control</li>\r\n	<li>Adds a USB port that can be used for updating maps or upgrading software</li>\r\n</ul>', 'en_US'),
(587, 595, 'CIC Navigation Retrofit', 'cic-navigation-retrofit-e70-e71-e8x', NULL, NULL, NULL, '<ul>\r\n	<li>Features a high definition screen</li>\r\n	<li>Contains only BMW genuine parts including a CIC head unit updated to the latest software version</li>\r\n	<li>Includes the latest version of the maps for your region</li>\r\n	<li>Comes with a number of activated multimedia features like Video &amp; Services in motion and Voice Control</li>\r\n	<li>Adds a USB port that can be used for updating maps or upgrading software</li>\r\n	<li>Includes an iDrive controller</li>\r\n</ul>', 'en_US'),
(588, 596, 'PnP Harness', 'pnp-harness-addon', NULL, NULL, NULL, NULL, 'en_US'),
(589, 597, 'Combox Media PnP Retrofit', 'combox-media-pnp-retrofit-with-bluetooth', NULL, NULL, NULL, '<ul>\r\n	<li>Extends the multimedia capabilities of your BMW</li>\r\n	<li>Lets you stream audio from a smartphone or MP3 player via Bluetooth</li>\r\n	<li>Allows pairing up multiple devices via Bluetooth</li>\r\n	<li>Gives access to reading SMS messages, email, reminders, etc.</li>\r\n	<li>Provides USB audio playback for iPhone/iPod devices</li>\r\n</ul>', 'en_US'),
(590, 598, 'USB/AUX Interface', 'usb-aux-interface-addon', NULL, NULL, NULL, NULL, 'en_US'),
(591, 599, '6WA Hybrid Instrument Cluster', '6wa-hybrid-instrument-cluster', NULL, 'digital instrument cluster,digital gauge cluster, digital dash, digital dashboard bmw, instrument panel cluster, digital speedometer, virtual cockpit, custom gauges cluster, bmw oem digital cluster', '6WA half digital instrument cluster will take your driving experience to another level! Check out what it does and how easy it’s installed!', '<ul>\r\n	<li>Includes analogue gauges with LED lights</li>\r\n	<li>Has a digital display in its lower half</li>\r\n	<li>Consists of only genuine BMW parts</li>\r\n	<li>Shows Comfort/ECO PRO/Sport/Sport+ modes on the digital part</li>\r\n</ul>', 'en_US'),
(592, 600, 'NBT EVO ID4 Navigation System Retrofit', 'nbt-evo-id4-navigation-system-retrofit', NULL, 'Navigation system retrofit, Navigation system, bmw navigation update, bmw idrive update, nbt evo retrofit, idrive versions, Navigation System Professional, iDrive interface, idrive upgrade, HARDWARE UPGRADE, bmw software update', 'The NBT Evo ID4 Navigation System retrofit will freshen up the look of the iDrive you’re used to, but also make it considerably faster and better. Find out more now!', '<ul>\r\n	<li>Includes a high definition 8.8&Prime; screen</li>\r\n	<li>Contains only BMW original parts</li>\r\n	<li>Provides the latest version of the maps for your region</li>\r\n	<li>Comes with a number of unlocked multimedia features like Video &amp; Services in motion, BMW Apps, etc.</li>\r\n	<li>Features an iDrive Touch Controller</li>\r\n</ul>', 'en_US'),
(593, 601, 'Trim Tool Kit', 'trim-tool-kit-trimtoolkit', NULL, NULL, 'Want to do all your DIY upgrades without damaging your BMW? Get yourself a Trim Tool Kit and enjoy doing different mods to your car without a scratch!', '<ul>\r\n	<li>Includes all the tools you&#39;ll need to remove interior trim pieces safely</li>\r\n	<li>Made with durable, vehicle-friendly plastic</li>\r\n	<li>Features an ergonomic design that makes it easy to get to the tightest spaces</li>\r\n</ul>', 'en_US'),
(594, 602, 'Combox Media PnP Retrofit', 'combox-media-pnp-retrofit-no-bluetooth-e-series', NULL, NULL, NULL, '<ul>\r\n	<li>Extends the multimedia capabilities of your BMW</li>\r\n	<li>Lets you stream audio from a smartphone or MP3 player via Bluetooth</li>\r\n	<li>Allows pairing up multiple devices via Bluetooth</li>\r\n	<li>Gives access to reading SMS messages, email, reminders, etc.</li>\r\n	<li>Provides USB audio playback for iPhone/iPod devices</li>\r\n</ul>', 'en_US'),
(595, 603, 'Combox Media PnP Retrofit', 'combox-media-pnp-retrofit-no-bluetooth-f-series', NULL, NULL, NULL, '<ul>\r\n	<li>Extends the multimedia capabilities of your BMW</li>\r\n	<li>Lets you stream audio from a smartphone or MP3 player via Bluetooth</li>\r\n	<li>Allows pairing up multiple devices via Bluetooth</li>\r\n	<li>Gives access to reading SMS messages, email, reminders, etc.</li>\r\n	<li>Provides USB audio playback for iPhone/iPod devices</li>\r\n</ul>', 'en_US'),
(596, 604, 'Combox Media PnP Retrofit', 'combox-media-pnp-retrofit-with-6fl', NULL, NULL, NULL, '<ul>\r\n	<li>Extends the multimedia capabilities of your BMW</li>\r\n	<li>Lets you stream audio from a smartphone or MP3 player via Bluetooth</li>\r\n	<li>Allows pairing up multiple devices via Bluetooth</li>\r\n	<li>Gives access to reading SMS messages, email, reminders, etc.</li>\r\n	<li>Provides USB audio playback for iPhone/iPod devices</li>\r\n</ul>', 'en_US'),
(597, 605, '10.25” Touch Screen', 'touch-screen-1000-addon', NULL, NULL, NULL, NULL, 'en_US'),
(598, 606, '10.25” Touch Screen', 'touch-screen-500-addon', NULL, NULL, NULL, NULL, 'en_US'),
(599, 607, 'NBT EVO ID5/ID6 Navigation System Retrofit', 'nbt-evo-id-5-2-3-series-2016-with-nbtevoid4', NULL, NULL, NULL, '<ul>\r\n	<li>Contains only BMW genuine parts including an NBT Evo head unit with ID5 or ID6 interface</li>\r\n	<li>Provides the latest version of the maps for your region</li>\r\n	<li>Comes with a number of activated multimedia features like Video &amp; Services in motion, BMW Apps, etc.</li>\r\n	<li>Lets you use iPhone apps on your new iDrive screen with CarPlay</li>\r\n</ul>', 'en_US'),
(600, 608, '10.25” Touch Screen', 'touch-screen-800-addon', NULL, NULL, NULL, NULL, 'en_US'),
(601, 609, 'new_product_610', 'new-product-610', NULL, NULL, NULL, NULL, 'en_US');

-- --------------------------------------------------------

--
-- Table structure for table `sylius_product_variant`
--

CREATE TABLE `sylius_product_variant` (
  `id` int(11) NOT NULL,
  `product_id` int(11) NOT NULL,
  `tax_category_id` int(11) DEFAULT NULL,
  `shipping_category_id` int(11) DEFAULT NULL,
  `code` varchar(255) COLLATE utf8_unicode_ci NOT NULL,
  `created_at` datetime NOT NULL,
  `updated_at` datetime DEFAULT NULL,
  `position` int(11) NOT NULL,
  `version` int(11) NOT NULL DEFAULT 1,
  `on_hold` int(11) NOT NULL,
  `on_hand` int(11) NOT NULL,
  `tracked` tinyint(1) NOT NULL,
  `width` double DEFAULT NULL,
  `height` double DEFAULT NULL,
  `depth` double DEFAULT NULL,
  `weight` double DEFAULT NULL,
  `shipping_required` tinyint(1) NOT NULL,
  `instructionRequired` tinyint(1) NOT NULL,
  `imageRequired` tinyint(1) NOT NULL,
  `instruction` varchar(255) COLLATE utf8_unicode_ci DEFAULT NULL,
  `installationTime` varchar(255) COLLATE utf8_unicode_ci DEFAULT NULL,
  `priority` int(11) DEFAULT NULL,
  `vincheckserviceId` int(11) DEFAULT NULL,
  `hasHardware` tinyint(1) DEFAULT NULL,
  `hasSoftware` tinyint(1) DEFAULT NULL,
  `defaultWarehouse_id` int(11) DEFAULT NULL
) ENGINE=InnoDB DEFAULT CHARSET=utf8 COLLATE=utf8_unicode_ci;

--
-- Dumping data for table `sylius_product_variant`
--

INSERT INTO `sylius_product_variant` (`id`, `product_id`, `tax_category_id`, `shipping_category_id`, `code`, `created_at`, `updated_at`, `position`, `version`, `on_hold`, `on_hand`, `tracked`, `width`, `height`, `depth`, `weight`, `shipping_required`, `instructionRequired`, `imageRequired`, `instruction`, `installationTime`, `priority`, `vincheckserviceId`, `hasHardware`, `hasSoftware`, `defaultWarehouse_id`) VALUES
(461, 417, NULL, NULL, 'new_product_1', '2019-04-15 09:13:31', '2019-05-13 14:39:44', 0, 31, 0, 0, 0, NULL, NULL, NULL, NULL, 0, 1, 1, NULL, NULL, NULL, 172, 0, 0, 55),
(462, 418, NULL, NULL, 'new_product_418', '2019-04-16 08:53:15', '2019-05-14 08:10:59', 0, 12, 0, 0, 0, NULL, NULL, NULL, NULL, 0, 1, 1, NULL, NULL, NULL, 25, 0, 0, 55),
(464, 420, NULL, NULL, 'new_product_419', '2019-04-17 08:30:49', '2019-05-17 14:50:26', 0, 23, 0, 0, 0, NULL, NULL, NULL, NULL, 0, 1, 1, NULL, NULL, NULL, 132, 0, 0, 55),
(466, 422, NULL, NULL, 'new_product_421', '2019-04-17 09:36:16', '2019-05-15 09:24:49', 0, 9, 0, 0, 0, NULL, NULL, NULL, NULL, 0, 1, 0, NULL, NULL, NULL, 122, 0, 0, 56),
(467, 423, NULL, NULL, 'new_product_423', '2019-04-17 11:49:00', '2019-05-15 13:36:50', 0, 24, 0, 0, 0, NULL, NULL, NULL, NULL, 0, 1, 0, NULL, NULL, NULL, 151, 0, 1, 55),
(468, 424, NULL, NULL, 'new_product_424', '2019-04-17 12:05:01', '2019-05-13 08:01:53', 0, 4, 0, 0, 0, NULL, NULL, NULL, NULL, 0, 0, 1, NULL, NULL, NULL, 28, 0, 0, 55),
(470, 426, NULL, NULL, 'new_product_426', '2019-04-18 12:33:42', '2019-05-10 11:42:10', 0, 6, 0, 0, 0, NULL, NULL, NULL, NULL, 0, 1, 1, NULL, NULL, NULL, 225, 0, 0, 55),
(484, 440, NULL, NULL, 'new_product_427', '2019-04-18 13:32:32', '2019-05-10 11:41:49', 0, 4, 0, 0, 0, NULL, NULL, NULL, NULL, 0, 1, 1, NULL, NULL, NULL, 223, 0, 0, 55),
(485, 441, NULL, NULL, 'new_product_441', '2019-04-18 13:35:05', '2019-05-10 11:40:47', 0, 4, 0, 0, 0, NULL, NULL, NULL, NULL, 0, 1, 1, NULL, NULL, NULL, 221, 0, 0, 55),
(486, 442, NULL, NULL, 'new_product_442', '2019-04-19 09:03:44', '2019-04-24 10:48:46', 0, 4, 0, 0, 0, NULL, NULL, NULL, NULL, 0, 1, 1, NULL, NULL, NULL, 161, 0, 0, 55),
(487, 443, NULL, NULL, 'new_product_443', '2019-04-19 10:08:53', '2019-05-15 09:26:21', 0, 7, 0, 0, 0, NULL, NULL, NULL, NULL, 0, 1, 0, NULL, NULL, NULL, 150, 0, 0, 56),
(488, 444, NULL, NULL, 'new_product_444', '2019-04-19 10:17:35', '2019-04-24 08:01:31', 0, 8, 0, 0, 0, NULL, NULL, NULL, NULL, 0, 1, 1, NULL, NULL, NULL, 155, 0, 0, 55),
(489, 445, NULL, NULL, 'new_product_445', '2019-04-19 10:29:10', '2019-05-15 13:37:39', 0, 16, 0, 0, 0, NULL, NULL, NULL, NULL, 0, 1, 0, NULL, NULL, NULL, 152, 0, 1, 55),
(490, 446, NULL, NULL, 'new_product_446', '2019-04-19 10:41:31', '2019-05-15 13:42:22', 0, 16, 0, 0, 0, NULL, NULL, NULL, NULL, 0, 1, 0, NULL, NULL, NULL, 154, 0, 1, 55),
(491, 447, NULL, NULL, 'new_product_447', '2019-04-19 11:55:08', '2019-05-06 10:03:21', 0, 5, 0, 0, 0, NULL, NULL, NULL, NULL, 0, 0, 0, NULL, NULL, NULL, 217, 0, 0, 55),
(492, 448, NULL, NULL, 'new_product_448', '2019-04-19 12:43:45', '2019-05-15 13:37:11', 0, 17, 0, 0, 0, NULL, NULL, NULL, NULL, 0, 1, 0, NULL, NULL, NULL, 156, 0, 1, 55),
(493, 449, NULL, NULL, 'new_product_449', '2019-04-19 12:56:56', '2019-05-15 13:40:59', 0, 19, 0, 0, 0, NULL, NULL, NULL, NULL, 0, 1, 0, NULL, NULL, NULL, 153, 0, 1, 55),
(496, 452, NULL, NULL, 'new_product_453', '2019-04-23 09:38:08', '2019-05-08 07:54:51', 0, 9, 0, 0, 0, NULL, NULL, NULL, NULL, 0, 0, 0, NULL, NULL, NULL, 138, 0, 0, NULL),
(497, 453, NULL, NULL, 'new_product_454', '2019-04-23 09:40:10', '2019-05-07 09:04:00', 0, 5, 0, 0, 0, NULL, NULL, NULL, NULL, 0, 0, 0, NULL, NULL, NULL, 141, 0, 0, NULL),
(498, 454, NULL, NULL, 'new_product_455', '2019-04-23 11:02:31', '2019-04-29 11:48:51', 0, 6, 0, 0, 0, NULL, NULL, NULL, NULL, 0, 1, 1, NULL, NULL, NULL, 159, 0, 0, 55),
(499, 455, NULL, NULL, 'new_product_456', '2019-04-23 12:11:18', '2019-05-16 09:05:28', 0, 6, 0, 0, 0, NULL, NULL, NULL, NULL, 0, 1, 1, NULL, NULL, NULL, 158, 0, 0, 55),
(500, 456, NULL, NULL, 'new_product_457', '2019-04-23 13:28:20', '2019-05-06 10:01:12', 0, 4, 0, 0, 0, NULL, NULL, NULL, NULL, 0, 1, 1, NULL, NULL, NULL, 216, 0, 0, 55),
(501, 457, NULL, NULL, 'new_product_458', '2019-04-23 13:59:58', '2019-04-23 14:01:23', 0, 2, 0, 0, 0, NULL, NULL, NULL, NULL, 0, 0, 0, NULL, NULL, NULL, NULL, 0, 0, NULL),
(502, 458, NULL, NULL, 'new_product_459', '2019-04-23 14:01:43', '2019-04-23 14:09:22', 0, 2, 0, 0, 0, NULL, NULL, NULL, NULL, 0, 0, 0, NULL, NULL, NULL, NULL, 0, 0, NULL),
(503, 459, NULL, NULL, 'new_product_460', '2019-04-23 14:09:33', '2019-04-23 14:10:19', 0, 2, 0, 0, 0, NULL, NULL, NULL, NULL, 0, 0, 0, NULL, NULL, NULL, NULL, 0, 0, NULL),
(506, 462, NULL, NULL, 'new_product_463', '2019-04-24 06:58:42', '2019-05-14 08:20:48', 0, 4, 0, 0, 0, NULL, NULL, NULL, NULL, 0, 1, 1, NULL, NULL, NULL, 164, 0, 0, 55),
(507, 463, NULL, NULL, 'new_product_464', '2019-04-24 07:24:03', '2019-05-06 09:34:50', 0, 3, 0, 0, 0, NULL, NULL, NULL, NULL, 0, 1, 1, NULL, NULL, NULL, 215, 0, 0, 55),
(508, 464, NULL, NULL, 'new_product_465', '2019-04-24 07:26:58', '2019-05-06 08:51:51', 0, 3, 0, 0, 0, NULL, NULL, NULL, NULL, 0, 1, 1, NULL, NULL, NULL, 212, 0, 0, 55),
(509, 465, NULL, NULL, 'new_product_466', '2019-04-24 07:36:56', '2019-05-14 08:22:41', 0, 5, 0, 0, 0, NULL, NULL, NULL, NULL, 0, 1, 1, NULL, NULL, NULL, 165, 0, 0, 55),
(510, 466, NULL, NULL, 'new_product_467', '2019-04-24 08:02:33', '2019-05-14 08:33:13', 0, 6, 0, 0, 0, NULL, NULL, NULL, NULL, 0, 1, 1, NULL, NULL, NULL, 166, 0, 0, 55),
(511, 467, NULL, NULL, 'new_product_468', '2019-04-24 08:24:50', '2019-05-14 08:34:53', 0, 5, 0, 0, 0, NULL, NULL, NULL, NULL, 0, 1, 1, NULL, NULL, NULL, 167, 0, 0, 55),
(512, 468, NULL, NULL, 'new_product_469', '2019-04-24 08:38:03', '2019-05-14 08:40:14', 0, 7, 0, 0, 0, NULL, NULL, NULL, NULL, 0, 1, 1, NULL, NULL, NULL, 162, 0, 0, 55),
(513, 469, NULL, NULL, 'new_product_470', '2019-04-24 08:51:02', '2019-05-14 08:52:04', 0, 7, 0, 0, 0, NULL, NULL, NULL, NULL, 0, 1, 1, NULL, NULL, NULL, 163, 0, 0, 55),
(515, 471, NULL, NULL, 'new_product_471', '2019-04-24 09:29:45', '2019-05-10 11:42:38', 0, 3, 0, 0, 0, NULL, NULL, NULL, NULL, 0, 0, 0, NULL, NULL, NULL, 211, 0, 1, 55),
(516, 472, NULL, NULL, 'new_product_473', '2019-04-24 09:31:38', '2019-05-06 08:59:06', 0, 3, 0, 0, 0, NULL, NULL, NULL, NULL, 0, 1, 1, NULL, NULL, NULL, 213, 0, 0, 55),
(518, 474, NULL, NULL, 'new_product_475', '2019-04-24 13:27:46', '2019-04-24 13:29:38', 0, 2, 0, 0, 0, NULL, NULL, NULL, NULL, 0, 0, 0, NULL, NULL, NULL, NULL, 0, 0, NULL),
(520, 476, NULL, NULL, 'new_product_477', '2019-04-25 09:34:18', '2019-05-13 14:19:16', 0, 5, 0, 0, 0, NULL, NULL, NULL, NULL, 0, 1, 1, NULL, NULL, NULL, 169, 0, 0, 55),
(521, 477, NULL, NULL, 'new_product_478', '2019-04-25 12:29:01', '2019-05-13 14:20:29', 0, 5, 0, 0, 0, NULL, NULL, NULL, NULL, 0, 1, 1, NULL, NULL, NULL, 170, 0, 0, 55),
(522, 478, NULL, NULL, 'new_product_479', '2019-04-25 12:38:04', '2019-05-13 14:21:52', 0, 5, 0, 0, 0, NULL, NULL, NULL, NULL, 0, 1, 1, NULL, NULL, NULL, 171, 0, 0, 55),
(527, 483, NULL, NULL, 'new_product_484', '2019-04-26 12:50:54', '2019-05-13 14:31:55', 0, 5, 0, 0, 0, NULL, NULL, NULL, NULL, 0, 1, 1, NULL, NULL, NULL, 173, 0, 0, 55),
(528, 484, NULL, NULL, 'new_product_485', '2019-04-26 13:09:25', '2019-05-13 14:34:31', 0, 5, 0, 0, 0, NULL, NULL, NULL, NULL, 0, 1, 1, NULL, NULL, NULL, 174, 0, 0, 55),
(529, 485, NULL, NULL, 'new_product_486', '2019-04-26 13:13:31', '2019-05-13 14:35:47', 0, 6, 0, 0, 0, NULL, NULL, NULL, NULL, 0, 1, 1, NULL, NULL, NULL, 175, 0, 0, 55),
(530, 486, NULL, NULL, 'new_product_487', '2019-04-26 13:16:53', '2019-05-13 14:40:36', 0, 6, 0, 0, 0, NULL, NULL, NULL, NULL, 0, 1, 1, NULL, NULL, NULL, 176, 0, 0, 55),
(531, 487, NULL, NULL, 'new_product_488', '2019-04-26 13:19:49', '2019-05-14 07:57:07', 0, 6, 0, 0, 0, NULL, NULL, NULL, NULL, 0, 1, 1, NULL, NULL, NULL, 177, 0, 0, 55),
(532, 488, NULL, NULL, 'new_product_489', '2019-04-26 13:22:42', '2019-05-13 14:46:32', 0, 5, 0, 0, 0, NULL, NULL, NULL, NULL, 0, 1, 1, NULL, NULL, NULL, 178, 0, 0, 55),
(533, 489, NULL, NULL, 'new_product_490', '2019-04-26 13:26:04', '2019-05-13 14:45:21', 0, 5, 0, 0, 0, NULL, NULL, NULL, NULL, 0, 1, 1, NULL, NULL, NULL, 179, 0, 0, 55),
(536, 492, NULL, NULL, 'new_product_493', '2019-04-29 08:49:14', '2019-05-14 09:26:09', 0, 11, 0, 0, 0, NULL, NULL, NULL, NULL, 0, 1, 1, NULL, NULL, NULL, 181, 0, 1, 55),
(537, 493, NULL, NULL, 'new_product_494', '2019-04-29 09:31:52', '2019-04-29 09:37:46', 0, 2, 0, 0, 0, NULL, NULL, NULL, NULL, 0, 0, 0, NULL, NULL, NULL, NULL, 0, 0, NULL),
(538, 494, NULL, NULL, 'new_product_495', '2019-04-29 09:45:04', '2019-04-29 09:45:59', 0, 2, 0, 0, 0, NULL, NULL, NULL, NULL, 0, 0, 0, NULL, NULL, NULL, NULL, 0, 0, 55),
(539, 495, NULL, NULL, 'new_product_496', '2019-04-29 09:46:16', '2019-04-29 09:47:18', 0, 2, 0, 0, 0, NULL, NULL, NULL, NULL, 0, 0, 0, NULL, NULL, NULL, NULL, 0, 0, 55),
(540, 496, NULL, NULL, 'new_product_497', '2019-04-29 09:47:23', '2019-05-14 11:12:09', 0, 7, 0, 0, 0, NULL, NULL, NULL, NULL, 0, 1, 1, NULL, NULL, NULL, 17, 0, 0, 55),
(541, 497, NULL, NULL, 'new_product_498', '2019-04-29 09:52:34', '2019-05-14 09:30:30', 0, 10, 0, 0, 0, NULL, NULL, NULL, NULL, 0, 1, 1, NULL, NULL, NULL, 182, 0, 1, 55),
(542, 498, NULL, NULL, 'new_product_499', '2019-04-29 10:19:09', '2019-05-14 11:13:32', 0, 5, 0, 0, 0, NULL, NULL, NULL, NULL, 0, 1, 1, NULL, NULL, NULL, 65, 0, 0, 55),
(543, 499, NULL, NULL, 'new_product_500', '2019-04-29 10:38:59', '2019-05-14 09:38:05', 0, 10, 0, 0, 0, NULL, NULL, NULL, NULL, 0, 1, 1, NULL, NULL, NULL, 183, 0, 1, 55),
(544, 500, NULL, NULL, 'new_product_501', '2019-04-29 10:40:17', '2019-05-06 09:18:32', 0, 3, 0, 0, 0, NULL, NULL, NULL, NULL, 0, 1, 1, NULL, NULL, NULL, 214, 0, 0, 55),
(545, 501, NULL, NULL, 'new_product_502', '2019-04-29 10:50:02', '2019-05-14 09:41:29', 0, 9, 0, 0, 0, NULL, NULL, NULL, NULL, 0, 1, 1, NULL, NULL, NULL, 184, 0, 1, 55),
(547, 503, NULL, NULL, 'new_product_504', '2019-04-29 11:02:34', '2019-05-14 09:43:22', 0, 10, 0, 0, 0, NULL, NULL, NULL, NULL, 0, 1, 1, NULL, NULL, NULL, 185, 0, 1, 55),
(549, 505, NULL, NULL, 'new_product_506', '2019-04-29 11:10:41', '2019-05-14 10:00:53', 0, 12, 0, 0, 0, NULL, NULL, NULL, NULL, 0, 1, 1, NULL, NULL, NULL, 186, 0, 1, 55),
(550, 506, NULL, NULL, 'new_product_507', '2019-04-29 11:11:51', '2019-05-14 09:47:14', 0, 9, 0, 0, 0, NULL, NULL, NULL, NULL, 0, 1, 1, NULL, NULL, NULL, 187, 0, 1, 55),
(552, 508, NULL, NULL, 'new_product_509', '2019-04-29 11:38:59', '2019-05-14 09:53:07', 0, 10, 0, 0, 0, NULL, NULL, NULL, NULL, 0, 1, 1, NULL, NULL, NULL, 188, 0, 1, 55),
(553, 509, NULL, NULL, 'new_product_510', '2019-04-29 11:44:21', '2019-04-30 08:32:27', 0, 3, 0, 0, 0, NULL, NULL, NULL, NULL, 0, 1, 1, NULL, NULL, NULL, 117, 0, 0, 55),
(554, 510, NULL, NULL, 'new_product_511', '2019-04-29 11:50:53', '2019-05-14 10:02:32', 0, 14, 0, 0, 0, NULL, NULL, NULL, NULL, 0, 1, 1, NULL, NULL, NULL, 189, 0, 1, 55),
(555, 511, NULL, NULL, 'new_product_512', '2019-04-29 12:05:52', '2019-05-14 09:59:37', 0, 9, 0, 0, 0, NULL, NULL, NULL, NULL, 0, 1, 1, NULL, NULL, NULL, 190, 0, 1, 55),
(556, 512, NULL, NULL, 'new_product_513', '2019-04-29 12:58:00', '2019-05-14 11:17:48', 0, 8, 0, 0, 0, NULL, NULL, NULL, NULL, 0, 1, 0, NULL, NULL, NULL, 203, 0, 0, 55),
(559, 515, NULL, NULL, 'new_product_514', '2019-04-29 13:27:39', '2019-05-14 11:18:05', 0, 7, 0, 0, 0, NULL, NULL, NULL, NULL, 0, 1, 0, NULL, NULL, NULL, 204, 0, 0, 55),
(561, 517, NULL, NULL, 'new_product_518', '2019-04-29 13:40:56', '2019-05-15 13:31:45', 0, 9, 0, 0, 0, NULL, NULL, NULL, NULL, 0, 1, 0, NULL, NULL, NULL, 205, 0, 1, 55),
(564, 520, NULL, NULL, 'new_product_519', '2019-04-29 13:59:22', '2019-05-14 11:20:11', 0, 7, 0, 0, 0, NULL, NULL, NULL, NULL, 0, 1, 0, NULL, NULL, NULL, 206, 0, 1, 55),
(565, 521, NULL, NULL, 'new_product_522', '2019-04-30 06:32:26', '2019-05-13 12:55:48', 0, 6, 0, 0, 0, NULL, NULL, NULL, NULL, 0, 1, 1, NULL, NULL, NULL, 255, 0, 1, 55),
(567, 523, NULL, NULL, 'new_product_524', '2019-04-30 07:04:29', '2019-05-15 11:58:23', 0, 6, 0, 0, 0, NULL, NULL, NULL, NULL, 0, 1, 1, NULL, NULL, NULL, 195, 0, 1, 55),
(568, 524, NULL, NULL, 'new_product_525', '2019-04-30 07:38:37', '2019-05-14 12:16:14', 0, 6, 0, 0, 0, NULL, NULL, NULL, NULL, 0, 1, 1, NULL, NULL, NULL, 194, 0, 1, 55),
(569, 525, NULL, NULL, 'new_product_526', '2019-04-30 08:03:24', '2019-05-14 12:21:38', 0, 6, 0, 0, 0, NULL, NULL, NULL, NULL, 0, 1, 1, NULL, NULL, NULL, 193, 0, 1, 55),
(570, 526, NULL, NULL, 'new_product_527', '2019-04-30 08:12:42', '2019-05-14 12:16:34', 0, 7, 0, 0, 0, NULL, NULL, NULL, NULL, 0, 1, 1, NULL, NULL, NULL, 192, 0, 1, 55),
(571, 527, NULL, NULL, 'new_product_528', '2019-04-30 09:37:17', '2019-05-08 11:53:24', 0, 3, 0, 0, 0, NULL, NULL, NULL, NULL, 0, 1, 1, NULL, NULL, NULL, 209, 0, 1, 55),
(572, 528, NULL, NULL, 'new_product_529', '2019-04-30 10:06:30', '2019-05-08 11:53:32', 0, 3, 0, 0, 0, NULL, NULL, NULL, NULL, 0, 1, 1, NULL, NULL, NULL, 210, 0, 1, 55),
(573, 529, NULL, NULL, 'new_product_530', '2019-04-30 10:15:45', '2019-05-06 11:00:33', 0, 3, 0, 0, 0, NULL, NULL, NULL, NULL, 0, 1, 1, NULL, NULL, NULL, 219, 0, 1, 55),
(574, 530, NULL, NULL, 'new_product_531', '2019-04-30 10:51:36', '2019-05-17 11:23:18', 0, 11, 0, 0, 0, NULL, NULL, NULL, NULL, 0, 1, 1, NULL, NULL, NULL, 10, 0, 0, 55),
(575, 531, NULL, NULL, 'new_product_532', '2019-04-30 11:33:43', '2019-05-17 11:25:58', 0, 5, 0, 0, 0, NULL, NULL, NULL, NULL, 0, 1, 1, NULL, NULL, NULL, 86, 0, 1, 55),
(576, 532, NULL, NULL, 'new_product_533', '2019-04-30 11:59:23', '2019-05-17 11:26:54', 0, 7, 0, 0, 0, NULL, NULL, NULL, NULL, 0, 1, 1, NULL, NULL, NULL, 11, 0, 1, 55),
(578, 534, NULL, NULL, 'new_product_535', '2019-05-06 10:29:32', '2019-05-10 11:40:10', 0, 3, 0, 0, 0, NULL, NULL, NULL, NULL, 0, 1, 1, NULL, NULL, NULL, 222, 0, 0, 55),
(579, 535, NULL, NULL, 'new_product_536', '2019-05-06 10:34:04', '2019-05-10 11:41:32', 0, 3, 0, 0, 0, NULL, NULL, NULL, NULL, 0, 1, 1, NULL, NULL, NULL, 224, 0, 0, 55),
(580, 536, NULL, NULL, 'new_product_537', '2019-05-06 10:39:17', '2019-05-10 11:42:01', 0, 3, 0, 0, 0, NULL, NULL, NULL, NULL, 0, 1, 1, NULL, NULL, NULL, 226, 0, 0, 55),
(581, 537, NULL, NULL, 'new_product_538', '2019-05-07 08:15:29', '2019-05-10 11:33:11', 0, 8, 0, 0, 0, NULL, NULL, NULL, NULL, 0, 0, 1, NULL, NULL, NULL, 272, 0, 0, 55),
(582, 538, NULL, NULL, 'new_product_539', '2019-05-08 08:12:41', '2019-05-13 07:53:50', 0, 3, 0, 0, 0, NULL, NULL, NULL, NULL, 0, 1, 0, NULL, NULL, NULL, 229, 0, 1, 55),
(583, 539, NULL, NULL, 'new_product_540', '2019-05-08 08:58:10', '2019-05-14 12:40:51', 0, 7, 0, 0, 0, NULL, NULL, NULL, NULL, 0, 1, 1, NULL, NULL, NULL, 231, 0, 1, 55),
(584, 540, NULL, NULL, 'new_product_541', '2019-05-08 09:15:14', '2019-05-10 11:17:41', 0, 3, 0, 0, 0, NULL, NULL, NULL, NULL, 0, 0, 1, NULL, NULL, NULL, 268, 0, 0, 55),
(585, 541, NULL, NULL, 'new_product_542', '2019-05-08 09:24:10', '2019-05-08 14:05:09', 0, 4, 0, 0, 0, NULL, NULL, NULL, NULL, 0, 1, 1, NULL, NULL, NULL, 232, 0, 1, 55),
(586, 542, NULL, NULL, 'new_product_543', '2019-05-08 09:40:08', '2019-05-08 12:07:28', 0, 3, 0, 0, 0, NULL, NULL, NULL, NULL, 0, 0, 1, NULL, NULL, NULL, 234, 0, 0, 55),
(587, 543, NULL, NULL, 'new_product_544', '2019-05-08 09:44:12', '2019-05-13 07:49:34', 0, 5, 0, 0, 0, NULL, NULL, NULL, NULL, 0, 1, 1, NULL, NULL, NULL, 218, 0, 1, 55),
(588, 544, NULL, NULL, 'new_product_545', '2019-05-08 10:04:29', '2019-05-14 12:45:34', 0, 7, 0, 0, 0, NULL, NULL, NULL, NULL, 0, 1, 1, NULL, NULL, NULL, 230, 0, 1, 55),
(589, 545, NULL, NULL, 'new_product_546', '2019-05-08 10:19:07', '2019-05-14 12:46:23', 0, 9, 0, 0, 0, NULL, NULL, NULL, NULL, 0, 1, 1, NULL, NULL, NULL, 233, 0, 1, 55),
(590, 546, NULL, NULL, 'new_product_547', '2019-05-08 10:36:18', '2019-05-16 07:49:14', 0, 10, 0, 0, 0, NULL, NULL, NULL, NULL, 0, 1, 1, NULL, NULL, NULL, 236, 0, 1, 55),
(591, 547, NULL, NULL, 'new_product_548', '2019-05-08 10:47:31', '2019-05-14 12:49:10', 0, 8, 0, 0, 0, NULL, NULL, NULL, NULL, 0, 1, 0, NULL, NULL, NULL, 235, 0, 1, 55),
(592, 548, NULL, NULL, 'new_product_549', '2019-05-08 11:37:34', '2019-05-13 11:19:35', 0, 8, 0, 0, 0, NULL, NULL, NULL, NULL, 0, 1, 0, NULL, NULL, NULL, 238, 0, 0, 56),
(593, 549, NULL, NULL, 'new_product_550', '2019-05-08 11:51:46', '2019-05-13 13:38:27', 0, 12, 0, 0, 0, NULL, NULL, NULL, NULL, 0, 1, 0, NULL, NULL, NULL, 239, 0, 1, 56),
(594, 550, NULL, NULL, 'new_product_551', '2019-05-08 12:04:27', '2019-05-13 13:39:03', 0, 14, 0, 0, 0, NULL, NULL, NULL, NULL, 0, 1, 0, NULL, NULL, NULL, 240, 0, 1, 56),
(595, 551, NULL, NULL, 'new_product_552', '2019-05-08 13:01:19', '2019-05-10 11:23:37', 0, 4, 0, 0, 0, NULL, NULL, NULL, NULL, 0, 0, 0, NULL, NULL, NULL, 269, 0, 1, 56),
(596, 552, NULL, NULL, 'new_product_553', '2019-05-08 13:18:47', '2019-05-14 10:13:14', 0, 10, 0, 0, 0, NULL, NULL, NULL, NULL, 0, 1, 1, NULL, NULL, NULL, 196, 0, 0, 55),
(597, 553, NULL, NULL, 'new_product_554', '2019-05-08 14:14:54', '2019-05-14 10:14:28', 0, 7, 0, 0, 0, NULL, NULL, NULL, NULL, 0, 1, 1, NULL, NULL, NULL, 197, 0, 0, 55),
(598, 554, NULL, NULL, 'new_product_555', '2019-05-09 08:26:48', '2019-05-13 13:03:16', 0, 6, 0, 0, 0, NULL, NULL, NULL, NULL, 0, 1, 1, NULL, NULL, NULL, 256, 0, 0, 55),
(599, 555, NULL, NULL, 'new_product_556', '2019-05-09 08:28:53', '2019-05-14 10:16:41', 0, 6, 0, 0, 0, NULL, NULL, NULL, NULL, 0, 1, 1, NULL, NULL, NULL, 228, 0, 0, 55),
(600, 556, NULL, NULL, 'new_product_557', '2019-05-09 08:45:09', '2019-05-14 11:05:19', 0, 7, 0, 0, 0, NULL, NULL, NULL, NULL, 0, 1, 1, NULL, NULL, NULL, 198, 0, 0, 55),
(601, 557, NULL, NULL, 'new_product_558', '2019-05-09 09:03:02', '2019-05-14 10:22:45', 0, 6, 0, 0, 0, NULL, NULL, NULL, NULL, 0, 1, 1, NULL, NULL, NULL, 227, 0, 0, 55),
(602, 558, NULL, NULL, 'new_product_559', '2019-05-09 09:21:44', '2019-05-09 09:25:42', 0, 2, 0, 0, 0, NULL, NULL, NULL, NULL, 0, 0, 0, NULL, NULL, NULL, NULL, 0, 0, 55),
(603, 559, NULL, NULL, 'new_product_560', '2019-05-09 10:02:12', '2019-05-14 10:23:12', 0, 7, 0, 0, 0, NULL, NULL, NULL, NULL, 0, 1, 1, NULL, NULL, NULL, 199, 0, 0, 55),
(604, 560, NULL, NULL, 'new_product_561', '2019-05-09 10:19:57', '2019-05-14 10:26:05', 0, 6, 0, 0, 0, NULL, NULL, NULL, NULL, 0, 1, 1, NULL, NULL, NULL, 200, 0, 0, 55),
(605, 561, NULL, NULL, 'new_product_562', '2019-05-09 10:33:40', '2019-05-14 10:27:39', 0, 7, 0, 0, 0, NULL, NULL, NULL, NULL, 0, 1, 1, NULL, NULL, NULL, 201, 0, 0, 55),
(606, 562, NULL, NULL, 'new_product_563', '2019-05-09 10:36:18', '2019-05-14 12:26:40', 0, 4, 0, 0, 0, NULL, NULL, NULL, NULL, 0, 1, 1, NULL, NULL, NULL, 241, 0, 1, 55),
(607, 563, NULL, NULL, 'new_product_564', '2019-05-09 11:12:41', '2019-05-10 11:35:07', 0, 3, 0, 0, 0, NULL, NULL, NULL, NULL, 0, 0, 1, NULL, NULL, NULL, 273, 0, 0, 55),
(608, 564, NULL, NULL, 'new_product_565', '2019-05-09 11:12:42', '2019-05-14 10:33:20', 0, 9, 0, 0, 0, NULL, NULL, NULL, NULL, 0, 1, 1, NULL, NULL, NULL, 9, 0, 1, 55),
(609, 565, NULL, NULL, 'new_product_566', '2019-05-09 12:12:03', '2019-05-14 14:09:11', 0, 11, 0, 0, 0, NULL, NULL, NULL, NULL, 0, 1, 1, NULL, NULL, NULL, 243, 0, 1, 55),
(610, 566, NULL, NULL, 'new_product_567', '2019-05-09 12:40:42', '2019-05-10 11:37:12', 0, 3, 0, 0, 0, NULL, NULL, NULL, NULL, 0, 0, 0, NULL, NULL, NULL, 274, 0, 0, 56),
(611, 567, NULL, NULL, 'new_product_568', '2019-05-09 12:45:21', '2019-05-10 11:26:57', 0, 3, 0, 0, 0, NULL, NULL, NULL, NULL, 0, 0, 0, NULL, NULL, NULL, 270, 0, 0, 56),
(612, 568, NULL, NULL, 'new_product_569', '2019-05-09 12:50:26', '2019-05-13 13:36:30', 0, 10, 0, 0, 0, NULL, NULL, NULL, NULL, 0, 1, 1, NULL, NULL, NULL, 244, 0, 1, 56),
(613, 569, NULL, NULL, 'new_product_570', '2019-05-09 13:01:45', '2019-05-14 14:13:53', 0, 12, 0, 0, 0, NULL, NULL, NULL, NULL, 0, 1, 1, NULL, NULL, NULL, 245, 0, 1, 56),
(614, 570, NULL, NULL, 'new_product_571', '2019-05-09 13:16:05', '2019-05-10 11:46:00', 0, 3, 0, 0, 0, NULL, NULL, NULL, NULL, 0, 0, 1, NULL, NULL, NULL, 276, 0, 0, 55),
(615, 571, NULL, NULL, 'new_product_572', '2019-05-09 13:25:05', '2019-05-13 13:05:57', 0, 8, 0, 0, 0, NULL, NULL, NULL, NULL, 0, 1, 1, NULL, NULL, NULL, 257, 0, 0, 55),
(616, 572, NULL, NULL, 'new_product_573', '2019-05-09 13:26:05', '2019-05-14 14:16:04', 0, 12, 0, 0, 0, NULL, NULL, NULL, NULL, 0, 1, 1, NULL, NULL, NULL, 246, 0, 1, 56),
(617, 573, NULL, NULL, 'new_product_574', '2019-05-09 13:36:35', '2019-05-14 14:10:19', 0, 13, 0, 0, 0, NULL, NULL, NULL, NULL, 0, 1, 1, NULL, NULL, NULL, 262, 0, 1, 56),
(618, 574, NULL, NULL, 'new_product_575', '2019-05-09 13:45:31', '2019-05-14 14:11:46', 0, 6, 0, 0, 0, NULL, NULL, NULL, NULL, 0, 0, 1, NULL, NULL, NULL, 271, 0, 0, 56),
(619, 575, NULL, NULL, 'new_product_576', '2019-05-09 13:57:32', '2019-05-13 13:36:47', 0, 14, 0, 0, 0, NULL, NULL, NULL, NULL, 0, 1, 1, NULL, NULL, NULL, 263, 0, 1, 56),
(620, 576, NULL, NULL, 'new_product_577', '2019-05-09 14:05:58', '2019-05-14 14:25:35', 0, 14, 0, 0, 0, NULL, NULL, NULL, NULL, 0, 1, 1, NULL, NULL, NULL, 247, 0, 1, 56),
(621, 577, NULL, NULL, 'new_product_578', '2019-05-09 14:15:37', '2019-05-14 14:22:29', 0, 5, 0, 0, 0, NULL, NULL, NULL, NULL, 0, 0, 1, NULL, NULL, NULL, 275, 0, 0, 56),
(622, 578, NULL, NULL, 'new_product_579', '2019-05-09 14:19:10', '2019-05-14 14:25:23', 0, 11, 0, 0, 0, NULL, NULL, NULL, NULL, 0, 1, 1, NULL, NULL, NULL, 248, 0, 1, 56),
(623, 579, NULL, NULL, 'new_product_580', '2019-05-09 14:28:07', '2019-05-14 14:28:13', 0, 10, 0, 0, 0, NULL, NULL, NULL, NULL, 0, 1, 1, NULL, NULL, NULL, 249, 0, 1, 56),
(624, 580, NULL, NULL, 'new_product_581', '2019-05-10 09:12:14', '2019-05-13 13:10:31', 0, 6, 0, 0, 0, NULL, NULL, NULL, NULL, 0, 1, 1, NULL, NULL, NULL, 259, 0, 1, 55),
(625, 581, NULL, NULL, 'new_product_582', '2019-05-10 10:25:59', '2019-05-13 13:07:22', 0, 8, 0, 0, 0, NULL, NULL, NULL, NULL, 0, 1, 1, NULL, NULL, NULL, 258, 0, 0, 55),
(626, 582, NULL, NULL, 'new_product_583', '2019-05-10 11:27:14', '2019-05-13 07:52:34', 0, 3, 0, 0, 0, NULL, NULL, NULL, NULL, 0, 0, 1, NULL, NULL, NULL, 277, 0, 0, 55),
(627, 583, NULL, NULL, 'new_product_584', '2019-05-10 11:33:25', '2019-05-13 13:12:42', 0, 7, 0, 0, 0, NULL, NULL, NULL, NULL, 0, 1, 1, NULL, NULL, NULL, 261, 0, 0, 55),
(628, 584, NULL, NULL, 'new_product_585', '2019-05-10 11:43:26', '2019-05-13 13:15:02', 0, 5, 0, 0, 0, NULL, NULL, NULL, NULL, 0, 1, 1, NULL, NULL, NULL, 260, 0, 0, 55),
(629, 585, NULL, NULL, 'new_product_586', '2019-05-10 11:47:02', '2019-05-10 11:54:14', 0, 3, 0, 0, 0, NULL, NULL, NULL, NULL, 0, 0, 1, NULL, NULL, NULL, 278, 0, 0, NULL),
(630, 586, NULL, NULL, 'new_product_587', '2019-05-10 11:52:06', '2019-05-13 13:18:21', 0, 7, 0, 0, 0, NULL, NULL, NULL, NULL, 0, 1, 1, NULL, NULL, NULL, 126, 0, 1, 55),
(631, 587, NULL, NULL, 'new_product_588', '2019-05-10 12:06:38', '2019-05-13 13:34:51', 0, 5, 0, 0, 0, NULL, NULL, NULL, NULL, 0, 1, 0, NULL, NULL, NULL, 265, 0, 0, 56),
(632, 588, NULL, NULL, 'new_product_589', '2019-05-10 12:15:30', '2019-05-13 13:31:38', 0, 9, 0, 0, 0, NULL, NULL, NULL, NULL, 0, 1, 0, NULL, NULL, NULL, 266, 0, 1, 56),
(633, 589, NULL, NULL, 'new_product_590', '2019-05-10 12:23:10', '2019-05-15 13:33:17', 0, 10, 0, 0, 0, NULL, NULL, NULL, NULL, 0, 1, 0, NULL, NULL, NULL, 267, 0, 1, 55),
(634, 590, NULL, NULL, 'new_product_591', '2019-05-10 12:50:55', '2019-05-13 13:45:04', 0, 6, 0, 0, 0, NULL, NULL, NULL, NULL, 0, 1, 1, NULL, NULL, NULL, 96, 0, 1, 56),
(635, 591, NULL, NULL, 'new_product_592', '2019-05-10 13:01:25', '2019-05-13 13:48:40', 0, 6, 0, 0, 0, NULL, NULL, NULL, NULL, 0, 1, 1, NULL, NULL, NULL, 97, 0, 1, 56),
(636, 592, NULL, NULL, 'new_product_593', '2019-05-10 13:07:53', '2019-05-13 13:50:33', 0, 6, 0, 0, 0, NULL, NULL, NULL, NULL, 0, 1, 1, NULL, NULL, NULL, 98, 0, 1, 56),
(637, 593, NULL, NULL, 'new_product_594', '2019-05-10 13:11:53', '2019-05-10 13:36:26', 0, 3, 0, 0, 0, NULL, NULL, NULL, NULL, 0, 0, 1, NULL, NULL, NULL, 283, 0, 0, 55),
(638, 594, NULL, NULL, 'new_product_595', '2019-05-10 13:18:33', '2019-05-13 13:52:20', 0, 6, 0, 0, 0, NULL, NULL, NULL, NULL, 0, 1, 1, NULL, NULL, NULL, 281, 0, 1, 56),
(639, 595, NULL, NULL, 'new_product_596', '2019-05-10 13:25:54', '2019-05-13 13:55:57', 0, 6, 0, 0, 0, NULL, NULL, NULL, NULL, 0, 1, 1, NULL, NULL, NULL, 280, 0, 1, 56),
(640, 596, NULL, NULL, 'new_product_597', '2019-05-10 13:31:21', '2019-05-10 13:36:53', 0, 3, 0, 0, 0, NULL, NULL, NULL, NULL, 0, 0, 1, NULL, NULL, NULL, 282, 0, 0, 56),
(641, 597, NULL, NULL, 'new_product_598', '2019-05-10 13:36:41', '2019-05-14 14:54:27', 0, 16, 0, 0, 0, NULL, NULL, NULL, NULL, 0, 1, 1, NULL, NULL, NULL, 288, 0, 1, 56),
(642, 598, NULL, NULL, 'new_product_599', '2019-05-10 13:43:04', '2019-05-10 13:52:01', 0, 2, 0, 0, 0, NULL, NULL, NULL, NULL, 0, 0, 1, NULL, NULL, NULL, NULL, 0, 0, 56),
(643, 599, NULL, NULL, 'new_product_600', '2019-05-10 14:08:14', '2019-05-17 14:31:39', 0, 8, 0, 0, 0, NULL, NULL, NULL, NULL, 0, 1, 1, NULL, NULL, NULL, 137, 0, 1, 55),
(644, 600, NULL, NULL, 'new_product_601', '2019-05-13 12:24:31', '2019-05-13 14:28:51', 0, 3, 0, 0, 0, NULL, NULL, NULL, NULL, 0, 1, 1, NULL, NULL, NULL, 285, 0, 1, 56),
(645, 601, NULL, NULL, 'new_product_602', '2019-05-13 12:33:56', '2019-05-13 12:37:03', 0, 2, 0, 0, 0, NULL, NULL, NULL, NULL, 0, 0, 1, NULL, NULL, NULL, NULL, 0, 0, 55),
(646, 602, NULL, NULL, 'new_product_603', '2019-05-14 13:11:32', '2019-05-14 14:54:41', 0, 3, 0, 0, 0, NULL, NULL, NULL, NULL, 0, 1, 1, NULL, NULL, NULL, 289, 0, 1, 56),
(647, 603, NULL, NULL, 'new_product_604', '2019-05-14 13:21:13', '2019-05-14 14:54:34', 0, 3, 0, 0, 0, NULL, NULL, NULL, NULL, 0, 1, 1, NULL, NULL, NULL, 290, 0, 1, 56),
(648, 604, NULL, NULL, 'new_product_605', '2019-05-14 13:31:28', '2019-05-15 08:51:48', 0, 4, 0, 0, 0, NULL, NULL, NULL, NULL, 0, 1, 1, NULL, NULL, NULL, 291, 0, 1, 56),
(649, 605, NULL, NULL, 'new_product_606', '2019-05-14 14:20:10', '2019-05-14 14:32:14', 0, 4, 0, 0, 0, NULL, NULL, NULL, NULL, 0, 0, 1, NULL, NULL, NULL, 287, 0, 0, 56),
(650, 606, NULL, NULL, 'new_product_607', '2019-05-14 14:22:22', '2019-05-14 14:32:20', 0, 3, 0, 0, 0, NULL, NULL, NULL, NULL, 0, 0, 1, NULL, NULL, NULL, 286, 0, 0, 56),
(651, 607, NULL, NULL, 'new_product_608', '2019-05-14 14:29:38', '2019-05-14 14:33:43', 0, 2, 0, 0, 0, NULL, NULL, NULL, NULL, 0, 1, 1, NULL, NULL, NULL, NULL, 0, 1, 56),
(652, 608, NULL, NULL, 'new_product_609', '2019-05-14 14:30:41', '2019-05-14 15:21:01', 0, 3, 0, 0, 0, NULL, NULL, NULL, NULL, 0, 0, 1, NULL, NULL, NULL, 293, 0, 0, 56),
(653, 609, NULL, NULL, 'new_product_610', '2019-05-17 09:32:16', '2019-05-17 09:32:16', 0, 1, 0, 0, 0, NULL, NULL, NULL, NULL, 1, 0, 0, NULL, NULL, NULL, NULL, 0, 0, NULL);

-- --------------------------------------------------------

--
-- Table structure for table `sylius_product_variant_option_value`
--

CREATE TABLE `sylius_product_variant_option_value` (
  `variant_id` int(11) NOT NULL,
  `option_value_id` int(11) NOT NULL
) ENGINE=InnoDB DEFAULT CHARSET=utf8 COLLATE=utf8_unicode_ci;

-- --------------------------------------------------------

--
-- Table structure for table `sylius_product_variant_translation`
--

CREATE TABLE `sylius_product_variant_translation` (
  `id` int(11) NOT NULL,
  `translatable_id` int(11) NOT NULL,
  `name` varchar(255) COLLATE utf8_unicode_ci DEFAULT NULL,
  `locale` varchar(255) COLLATE utf8_unicode_ci NOT NULL
) ENGINE=InnoDB DEFAULT CHARSET=utf8 COLLATE=utf8_unicode_ci;

--
-- Dumping data for table `sylius_product_variant_translation`
--

INSERT INTO `sylius_product_variant_translation` (`id`, `translatable_id`, `name`, `locale`) VALUES
(320, 461, NULL, 'en_US'),
(321, 462, NULL, 'en_US'),
(322, 464, NULL, 'en_US'),
(323, 466, NULL, 'en_US'),
(324, 467, NULL, 'en_US'),
(325, 468, NULL, 'en_US'),
(326, 470, NULL, 'en_US'),
(327, 484, NULL, 'en_US'),
(328, 485, NULL, 'en_US'),
(329, 486, NULL, 'en_US'),
(330, 487, NULL, 'en_US'),
(331, 488, NULL, 'en_US'),
(332, 489, NULL, 'en_US'),
(333, 490, NULL, 'en_US'),
(334, 491, NULL, 'en_US'),
(335, 492, NULL, 'en_US'),
(336, 493, NULL, 'en_US'),
(338, 496, NULL, 'en_US'),
(339, 497, NULL, 'en_US'),
(340, 498, NULL, 'en_US'),
(341, 499, NULL, 'en_US'),
(342, 500, NULL, 'en_US'),
(343, 501, NULL, 'en_US'),
(344, 502, NULL, 'en_US'),
(345, 503, NULL, 'en_US'),
(346, 506, NULL, 'en_US'),
(347, 507, NULL, 'en_US'),
(348, 508, NULL, 'en_US'),
(349, 509, NULL, 'en_US'),
(350, 510, NULL, 'en_US'),
(351, 511, NULL, 'en_US'),
(352, 512, NULL, 'en_US'),
(353, 513, NULL, 'en_US'),
(354, 515, NULL, 'en_US'),
(355, 516, NULL, 'en_US'),
(356, 518, NULL, 'en_US'),
(357, 520, NULL, 'en_US'),
(358, 521, NULL, 'en_US'),
(359, 522, NULL, 'en_US'),
(360, 527, NULL, 'en_US'),
(361, 528, NULL, 'en_US'),
(362, 529, NULL, 'en_US'),
(363, 530, NULL, 'en_US'),
(364, 531, NULL, 'en_US'),
(365, 532, NULL, 'en_US'),
(366, 533, NULL, 'en_US'),
(367, 536, NULL, 'en_US'),
(368, 537, NULL, 'en_US'),
(369, 538, NULL, 'en_US'),
(370, 539, NULL, 'en_US'),
(371, 540, NULL, 'en_US'),
(372, 541, NULL, 'en_US'),
(373, 542, NULL, 'en_US'),
(374, 543, NULL, 'en_US'),
(375, 544, NULL, 'en_US'),
(377, 545, NULL, 'en_US'),
(379, 547, NULL, 'en_US'),
(381, 549, NULL, 'en_US'),
(382, 550, NULL, 'en_US'),
(383, 552, NULL, 'en_US'),
(384, 553, NULL, 'en_US'),
(385, 554, NULL, 'en_US'),
(386, 555, NULL, 'en_US'),
(387, 556, NULL, 'en_US'),
(388, 559, NULL, 'en_US'),
(389, 561, NULL, 'en_US'),
(390, 564, NULL, 'en_US'),
(391, 567, NULL, 'en_US'),
(392, 568, NULL, 'en_US'),
(393, 569, NULL, 'en_US'),
(394, 570, NULL, 'en_US'),
(395, 571, NULL, 'en_US'),
(396, 572, NULL, 'en_US'),
(397, 573, NULL, 'en_US'),
(398, 574, NULL, 'en_US'),
(399, 575, NULL, 'en_US'),
(400, 576, NULL, 'en_US'),
(401, 578, NULL, 'en_US'),
(402, 579, NULL, 'en_US'),
(403, 580, NULL, 'en_US'),
(404, 581, NULL, 'en_US'),
(405, 582, NULL, 'en_US'),
(406, 583, NULL, 'en_US'),
(407, 584, NULL, 'en_US'),
(408, 585, NULL, 'en_US'),
(409, 586, NULL, 'en_US'),
(410, 587, NULL, 'en_US'),
(411, 588, NULL, 'en_US'),
(412, 589, NULL, 'en_US'),
(413, 590, NULL, 'en_US'),
(414, 591, NULL, 'en_US'),
(415, 592, NULL, 'en_US'),
(416, 593, NULL, 'en_US'),
(417, 594, NULL, 'en_US'),
(418, 596, NULL, 'en_US'),
(419, 597, NULL, 'en_US'),
(420, 599, NULL, 'en_US'),
(421, 600, NULL, 'en_US'),
(422, 601, NULL, 'en_US'),
(423, 602, NULL, 'en_US'),
(424, 603, NULL, 'en_US'),
(425, 604, NULL, 'en_US'),
(426, 605, NULL, 'en_US'),
(427, 606, NULL, 'en_US'),
(428, 608, NULL, 'en_US'),
(429, 609, NULL, 'en_US'),
(430, 610, NULL, 'en_US'),
(431, 611, NULL, 'en_US'),
(432, 612, NULL, 'en_US'),
(433, 613, NULL, 'en_US'),
(434, 614, NULL, 'en_US'),
(435, 616, NULL, 'en_US'),
(436, 617, NULL, 'en_US'),
(437, 618, NULL, 'en_US'),
(438, 619, NULL, 'en_US'),
(439, 620, NULL, 'en_US'),
(440, 621, NULL, 'en_US'),
(441, 622, NULL, 'en_US'),
(442, 623, NULL, 'en_US'),
(443, 565, NULL, 'en_US'),
(444, 595, NULL, 'en_US'),
(445, 598, NULL, 'en_US'),
(446, 607, NULL, 'en_US'),
(447, 615, NULL, 'en_US'),
(448, 625, NULL, 'en_US'),
(449, 624, NULL, 'en_US'),
(450, 626, NULL, 'en_US'),
(451, 627, NULL, 'en_US'),
(452, 628, NULL, 'en_US'),
(453, 629, NULL, 'en_US'),
(454, 630, NULL, 'en_US'),
(455, 631, NULL, 'en_US'),
(456, 632, NULL, 'en_US'),
(457, 633, NULL, 'en_US'),
(458, 634, NULL, 'en_US'),
(459, 635, NULL, 'en_US'),
(460, 636, NULL, 'en_US'),
(461, 637, NULL, 'en_US'),
(462, 638, NULL, 'en_US'),
(463, 639, NULL, 'en_US'),
(464, 640, NULL, 'en_US'),
(465, 641, NULL, 'en_US'),
(466, 642, NULL, 'en_US'),
(467, 643, NULL, 'en_US'),
(468, 644, NULL, 'en_US'),
(469, 645, NULL, 'en_US'),
(470, 646, NULL, 'en_US'),
(471, 647, NULL, 'en_US'),
(472, 648, NULL, 'en_US'),
(473, 649, NULL, 'en_US'),
(474, 650, NULL, 'en_US'),
(475, 652, NULL, 'en_US'),
(476, 651, NULL, 'en_US');

-- --------------------------------------------------------

--
-- Table structure for table `sylius_promotion`
--

CREATE TABLE `sylius_promotion` (
  `id` int(11) NOT NULL,
  `code` varchar(255) COLLATE utf8_unicode_ci NOT NULL,
  `name` varchar(255) COLLATE utf8_unicode_ci NOT NULL,
  `description` varchar(255) COLLATE utf8_unicode_ci DEFAULT NULL,
  `priority` int(11) NOT NULL,
  `exclusive` tinyint(1) NOT NULL,
  `usage_limit` int(11) DEFAULT NULL,
  `used` int(11) NOT NULL,
  `coupon_based` tinyint(1) NOT NULL,
  `starts_at` datetime DEFAULT NULL,
  `ends_at` datetime DEFAULT NULL,
  `created_at` datetime NOT NULL,
  `updated_at` datetime DEFAULT NULL
) ENGINE=InnoDB DEFAULT CHARSET=utf8 COLLATE=utf8_unicode_ci;

-- --------------------------------------------------------

--
-- Table structure for table `sylius_promotion_action`
--

CREATE TABLE `sylius_promotion_action` (
  `id` int(11) NOT NULL,
  `promotion_id` int(11) DEFAULT NULL,
  `type` varchar(255) COLLATE utf8_unicode_ci NOT NULL,
  `configuration` longtext COLLATE utf8_unicode_ci NOT NULL COMMENT '(DC2Type:array)'
) ENGINE=InnoDB DEFAULT CHARSET=utf8 COLLATE=utf8_unicode_ci;

-- --------------------------------------------------------

--
-- Table structure for table `sylius_promotion_channels`
--

CREATE TABLE `sylius_promotion_channels` (
  `promotion_id` int(11) NOT NULL,
  `channel_id` int(11) NOT NULL
) ENGINE=InnoDB DEFAULT CHARSET=utf8 COLLATE=utf8_unicode_ci;

-- --------------------------------------------------------

--
-- Table structure for table `sylius_promotion_coupon`
--

CREATE TABLE `sylius_promotion_coupon` (
  `id` int(11) NOT NULL,
  `promotion_id` int(11) DEFAULT NULL,
  `code` varchar(255) COLLATE utf8_unicode_ci NOT NULL,
  `usage_limit` int(11) DEFAULT NULL,
  `used` int(11) NOT NULL,
  `expires_at` datetime DEFAULT NULL,
  `created_at` datetime NOT NULL,
  `updated_at` datetime DEFAULT NULL,
  `per_customer_usage_limit` int(11) DEFAULT NULL
) ENGINE=InnoDB DEFAULT CHARSET=utf8 COLLATE=utf8_unicode_ci;

-- --------------------------------------------------------

--
-- Table structure for table `sylius_promotion_order`
--

CREATE TABLE `sylius_promotion_order` (
  `order_id` int(11) NOT NULL,
  `promotion_id` int(11) NOT NULL
) ENGINE=InnoDB DEFAULT CHARSET=utf8 COLLATE=utf8_unicode_ci;

-- --------------------------------------------------------

--
-- Table structure for table `sylius_promotion_rule`
--

CREATE TABLE `sylius_promotion_rule` (
  `id` int(11) NOT NULL,
  `promotion_id` int(11) DEFAULT NULL,
  `type` varchar(255) COLLATE utf8_unicode_ci NOT NULL,
  `configuration` longtext COLLATE utf8_unicode_ci NOT NULL COMMENT '(DC2Type:array)'
) ENGINE=InnoDB DEFAULT CHARSET=utf8 COLLATE=utf8_unicode_ci;

-- --------------------------------------------------------

--
-- Table structure for table `sylius_province`
--

CREATE TABLE `sylius_province` (
  `id` int(11) NOT NULL,
  `country_id` int(11) NOT NULL,
  `code` varchar(255) COLLATE utf8_unicode_ci NOT NULL,
  `name` varchar(255) COLLATE utf8_unicode_ci NOT NULL,
  `abbreviation` varchar(255) COLLATE utf8_unicode_ci DEFAULT NULL
) ENGINE=InnoDB DEFAULT CHARSET=utf8 COLLATE=utf8_unicode_ci;

-- --------------------------------------------------------

--
-- Table structure for table `sylius_shipment`
--

CREATE TABLE `sylius_shipment` (
  `id` int(11) NOT NULL,
  `method_id` int(11) NOT NULL,
  `order_id` int(11) NOT NULL,
  `state` varchar(255) COLLATE utf8_unicode_ci NOT NULL,
  `tracking` varchar(255) COLLATE utf8_unicode_ci DEFAULT NULL,
  `created_at` datetime NOT NULL,
  `updated_at` datetime DEFAULT NULL,
  `dhlNumberOfPieces` int(11) DEFAULT 1,
  `dhlWeight` varchar(255) COLLATE utf8_unicode_ci DEFAULT '0.5',
  `dhlInsuredAmount` varchar(255) COLLATE utf8_unicode_ci DEFAULT '0',
  `courier` varchar(255) COLLATE utf8_unicode_ci DEFAULT NULL,
  `length` varchar(255) COLLATE utf8_unicode_ci DEFAULT NULL,
  `height` varchar(255) COLLATE utf8_unicode_ci DEFAULT NULL,
  `width` varchar(255) COLLATE utf8_unicode_ci DEFAULT NULL
) ENGINE=InnoDB DEFAULT CHARSET=utf8 COLLATE=utf8_unicode_ci;

--
-- Dumping data for table `sylius_shipment`
--

INSERT INTO `sylius_shipment` (`id`, `method_id`, `order_id`, `state`, `tracking`, `created_at`, `updated_at`, `dhlNumberOfPieces`, `dhlWeight`, `dhlInsuredAmount`, `courier`, `length`, `height`, `width`) VALUES
(564, 78, 725, 'delivered', '7972743494', '2019-05-16 09:18:42', '2019-05-16 10:13:10', NULL, NULL, NULL, 'dhl', NULL, NULL, NULL),
(565, 78, 725, 'delivered', '9400110200881033654919', '2019-05-16 09:20:48', '2019-05-16 10:13:05', NULL, NULL, NULL, 'usps', NULL, NULL, NULL),
(566, 75, 727, 'shipped', '7579795510', '2019-05-16 09:55:26', '2019-05-16 09:55:30', 1, '0.5', '0', NULL, NULL, '10', '10'),
(567, 75, 729, 'shipped', '7579795661', '2019-05-16 10:07:19', '2019-05-16 10:07:24', 1, '0.5', '0', NULL, NULL, '10', '10'),
(568, 78, 728, 'delivered', 'LJ558105238US', '2019-05-16 10:20:41', '2019-05-16 10:30:02', NULL, NULL, NULL, 'usps', NULL, NULL, NULL),
(569, 78, 739, 'delivered', '2047942890', '2019-05-16 10:35:44', '2019-05-16 11:00:02', NULL, NULL, NULL, 'dhl', NULL, NULL, NULL),
(570, 78, 734, 'delivered', '7972743494', '2019-05-16 10:46:36', '2019-05-16 11:00:05', NULL, NULL, NULL, 'dhl', NULL, NULL, NULL),
(571, 75, 743, 'shipped', '7579796442', '2019-05-16 12:01:17', '2019-05-16 12:01:23', 1, '0.5', '0', NULL, NULL, '10', '10'),
(572, 78, 746, 'delivered', '1751462414', '2019-05-16 15:04:42', '2019-05-16 15:30:03', NULL, NULL, NULL, 'dhl', NULL, NULL, NULL),
(573, 78, 750, 'shipped', '6851038316', '2019-05-17 07:23:50', '2019-05-17 07:23:50', NULL, NULL, NULL, 'dhl', NULL, NULL, NULL),
(574, 78, 751, 'delivered', '7972743494', '2019-05-17 07:31:04', '2019-05-17 09:30:03', NULL, NULL, NULL, 'dhl', NULL, NULL, NULL),
(575, 78, 749, 'delivered', '7972743494', '2019-05-17 07:32:27', '2019-05-17 08:30:06', NULL, NULL, NULL, 'dhl', NULL, NULL, NULL),
(576, 78, 749, 'delivered', '7972743494', '2019-05-17 07:33:51', '2019-05-17 08:00:06', NULL, NULL, NULL, 'dhl', NULL, NULL, NULL),
(577, 78, 747, 'delivered', '7972743494', '2019-05-17 07:34:42', '2019-05-17 08:00:08', NULL, NULL, NULL, 'dhl', NULL, NULL, NULL),
(578, 78, 747, 'delivered', '7972743494', '2019-05-17 07:35:17', '2019-05-17 08:00:11', NULL, NULL, NULL, 'dhl', NULL, NULL, NULL),
(579, 78, 750, 'shipped', '88888888', '2019-05-17 12:01:48', '2019-05-17 12:01:48', NULL, NULL, NULL, 'dhl', NULL, NULL, NULL),
(580, 75, 726, 'shipped', '8615740442', '2019-05-18 11:18:10', '2019-05-18 11:18:14', 1, '0.5', '0', NULL, NULL, '10', '10'),
(581, 75, 726, 'shipped', '8615740453', '2019-05-18 11:18:22', '2019-05-18 11:18:26', 1, '0.5', '0', NULL, NULL, '10', '10');

-- --------------------------------------------------------

--
-- Table structure for table `sylius_shipping_category`
--

CREATE TABLE `sylius_shipping_category` (
  `id` int(11) NOT NULL,
  `code` varchar(255) COLLATE utf8_unicode_ci NOT NULL,
  `name` varchar(255) COLLATE utf8_unicode_ci NOT NULL,
  `description` longtext COLLATE utf8_unicode_ci DEFAULT NULL,
  `created_at` datetime NOT NULL,
  `updated_at` datetime DEFAULT NULL
) ENGINE=InnoDB DEFAULT CHARSET=utf8 COLLATE=utf8_unicode_ci;

-- --------------------------------------------------------

--
-- Table structure for table `sylius_shipping_method`
--

CREATE TABLE `sylius_shipping_method` (
  `id` int(11) NOT NULL,
  `category_id` int(11) DEFAULT NULL,
  `zone_id` int(11) NOT NULL,
  `tax_category_id` int(11) DEFAULT NULL,
  `code` varchar(255) COLLATE utf8_unicode_ci NOT NULL,
  `configuration` longtext COLLATE utf8_unicode_ci NOT NULL COMMENT '(DC2Type:array)',
  `category_requirement` int(11) NOT NULL,
  `calculator` varchar(255) COLLATE utf8_unicode_ci NOT NULL,
  `is_enabled` tinyint(1) NOT NULL,
  `position` int(11) NOT NULL,
  `archived_at` datetime DEFAULT NULL,
  `created_at` datetime NOT NULL,
  `updated_at` datetime DEFAULT NULL
) ENGINE=InnoDB DEFAULT CHARSET=utf8 COLLATE=utf8_unicode_ci;

--
-- Dumping data for table `sylius_shipping_method`
--

INSERT INTO `sylius_shipping_method` (`id`, `category_id`, `zone_id`, `tax_category_id`, `code`, `configuration`, `category_requirement`, `calculator`, `is_enabled`, `position`, `archived_at`, `created_at`, `updated_at`) VALUES
(74, NULL, 37, NULL, 'dhl_pl', 'a:4:{s:11:\"bimmer_tech\";a:1:{s:6:\"amount\";i:0;}s:6:\"addons\";a:1:{s:6:\"amount\";i:0;}s:8:\"speakers\";a:1:{s:6:\"amount\";i:0;}s:6:\"idrive\";a:1:{s:6:\"amount\";i:0;}}', 1, 'flat_rate', 0, 0, NULL, '2018-08-17 13:51:54', '2019-04-25 07:12:11'),
(75, NULL, 37, NULL, 'dhl_ae', 'a:3:{s:11:\"bimmer_tech\";a:1:{s:6:\"amount\";i:0;}s:6:\"addons\";a:1:{s:6:\"amount\";i:0;}s:8:\"speakers\";a:1:{s:6:\"amount\";i:0;}}', 1, 'flat_rate', 1, 1, NULL, '2018-08-17 13:51:54', '2019-04-25 07:17:00'),
(76, NULL, 37, NULL, 'usps', 'a:4:{s:11:\"bimmer_tech\";a:1:{s:6:\"amount\";i:0;}s:6:\"addons\";a:1:{s:6:\"amount\";i:0;}s:8:\"speakers\";a:1:{s:6:\"amount\";i:0;}s:6:\"idrive\";a:1:{s:6:\"amount\";i:0;}}', 1, 'flat_rate', 0, 3, NULL, '2018-08-17 13:51:54', '2019-04-25 07:12:35'),
(77, NULL, 38, NULL, 'ems', 'a:4:{s:11:\"bimmer_tech\";a:1:{s:6:\"amount\";i:0;}s:6:\"addons\";a:1:{s:6:\"amount\";i:0;}s:8:\"speakers\";a:1:{s:6:\"amount\";i:0;}s:6:\"idrive\";a:1:{s:6:\"amount\";i:0;}}', 1, 'flat_rate', 0, 4, NULL, '2018-08-17 13:51:54', '2019-04-25 07:12:52'),
(78, NULL, 37, NULL, 'other', 'a:4:{s:11:\"bimmer_tech\";a:1:{s:6:\"amount\";i:0;}s:6:\"addons\";a:1:{s:6:\"amount\";i:0;}s:8:\"speakers\";a:1:{s:6:\"amount\";i:0;}s:6:\"idrive\";a:1:{s:6:\"amount\";i:0;}}', 1, 'flat_rate', 1, 2, NULL, '2019-04-25 07:13:52', '2019-04-25 07:17:00');

-- --------------------------------------------------------

--
-- Table structure for table `sylius_shipping_method_channels`
--

CREATE TABLE `sylius_shipping_method_channels` (
  `shipping_method_id` int(11) NOT NULL,
  `channel_id` int(11) NOT NULL
) ENGINE=InnoDB DEFAULT CHARSET=utf8 COLLATE=utf8_unicode_ci;

--
-- Dumping data for table `sylius_shipping_method_channels`
--

INSERT INTO `sylius_shipping_method_channels` (`shipping_method_id`, `channel_id`) VALUES
(74, 57),
(75, 57),
(76, 57),
(77, 57),
(78, 57);

-- --------------------------------------------------------

--
-- Table structure for table `sylius_shipping_method_translation`
--

CREATE TABLE `sylius_shipping_method_translation` (
  `id` int(11) NOT NULL,
  `translatable_id` int(11) NOT NULL,
  `name` varchar(255) COLLATE utf8_unicode_ci NOT NULL,
  `description` varchar(255) COLLATE utf8_unicode_ci DEFAULT NULL,
  `locale` varchar(255) COLLATE utf8_unicode_ci NOT NULL
) ENGINE=InnoDB DEFAULT CHARSET=utf8 COLLATE=utf8_unicode_ci;

--
-- Dumping data for table `sylius_shipping_method_translation`
--

INSERT INTO `sylius_shipping_method_translation` (`id`, `translatable_id`, `name`, `description`, `locale`) VALUES
(74, 74, 'DHL Pl', 'The DHL Pl shipping method', 'en_US'),
(75, 75, 'DHL AE', 'The DHL AE shipping method', 'en_US'),
(76, 76, 'USPS', 'The test shipping method', 'en_US'),
(77, 77, 'EMS', 'The test shipping method', 'en_US'),
(78, 78, 'Other', 'other', 'en_US');

-- --------------------------------------------------------

--
-- Table structure for table `sylius_shop_user`
--

CREATE TABLE `sylius_shop_user` (
  `id` int(11) NOT NULL,
  `customer_id` int(11) NOT NULL,
  `username` varchar(255) COLLATE utf8_unicode_ci DEFAULT NULL,
  `username_canonical` varchar(255) COLLATE utf8_unicode_ci DEFAULT NULL,
  `enabled` tinyint(1) NOT NULL,
  `salt` varchar(255) COLLATE utf8_unicode_ci NOT NULL,
  `password` varchar(255) COLLATE utf8_unicode_ci NOT NULL,
  `last_login` datetime DEFAULT NULL,
  `password_reset_token` varchar(255) COLLATE utf8_unicode_ci DEFAULT NULL,
  `password_requested_at` datetime DEFAULT NULL,
  `email_verification_token` varchar(255) COLLATE utf8_unicode_ci DEFAULT NULL,
  `verified_at` datetime DEFAULT NULL,
  `locked` tinyint(1) NOT NULL,
  `expires_at` datetime DEFAULT NULL,
  `credentials_expire_at` datetime DEFAULT NULL,
  `roles` longtext COLLATE utf8_unicode_ci NOT NULL COMMENT '(DC2Type:array)',
  `email` varchar(255) COLLATE utf8_unicode_ci DEFAULT NULL,
  `email_canonical` varchar(255) COLLATE utf8_unicode_ci DEFAULT NULL,
  `created_at` datetime NOT NULL,
  `updated_at` datetime DEFAULT NULL,
  `path` longtext COLLATE utf8_unicode_ci DEFAULT NULL,
  `closed_account` tinyint(1) DEFAULT NULL
) ENGINE=InnoDB DEFAULT CHARSET=utf8 COLLATE=utf8_unicode_ci;

--
-- Dumping data for table `sylius_shop_user`
--

INSERT INTO `sylius_shop_user` (`id`, `customer_id`, `username`, `username_canonical`, `enabled`, `salt`, `password`, `last_login`, `password_reset_token`, `password_requested_at`, `email_verification_token`, `verified_at`, `locked`, `expires_at`, `credentials_expire_at`, `roles`, `email`, `email_canonical`, `created_at`, `updated_at`, `path`, `closed_account`) VALUES
(225, 230, 'anastasiya.movchanyuk@gmail.com', 'anastasiya.movchanyuk@gmail.com', 1, '8zwz22m9klk4o4wgooswggk4o4gso4g', 'GboJzbSCq0UsNDL57j+bgM8QXHSscMHqO4Co8uz+g0+J1Ffe6/nS9ag7rmw0w/NsSIqhvKo7TWPjD73fKlkVzQ==', '2019-05-10 11:29:38', NULL, NULL, NULL, '2019-04-17 11:56:11', 0, NULL, NULL, 'a:1:{i:0;s:9:\"ROLE_USER\";}', NULL, NULL, '2019-04-17 11:55:57', '2019-05-10 11:29:38', NULL, 0),
(226, 231, 'julia.koval@bimmer-tech.net', 'julia.koval@bimmer-tech.net', 1, '4cjm9swwngg0gowc0kgc40kg40cwcos', 'gTjLAZnN5sJwCvgULVCHWSN47Wf4tHBjiz4iFpDUGpK/ncHu6BHafj4eFaBO1S4Kx50pWXl8egwWp4vt0dxTkg==', '2019-05-16 09:48:51', NULL, NULL, NULL, '2019-04-18 08:10:05', 0, NULL, NULL, 'a:1:{i:0;s:9:\"ROLE_USER\";}', NULL, NULL, '2019-04-18 08:09:48', '2019-05-16 09:48:51', NULL, 0),
(227, 232, 'jdforrest.sc@gmail.com', 'jdforrest.sc@gmail.com', 1, 'diidnaj4m3soc80w0swowoogok00okg', 'IcWLwcSvNKk1DI4zdLrmvEOddvlb36eAntLQVGvNtsuMYvpGWokcaMf5fmf86eMQYLfff2/eLFdLds3UrAw7/w==', '2019-04-19 20:57:32', NULL, NULL, NULL, '2019-04-19 20:57:08', 0, NULL, NULL, 'a:1:{i:0;s:9:\"ROLE_USER\";}', NULL, NULL, '2019-04-19 20:56:21', '2019-04-19 20:57:32', NULL, 0),
(228, 233, 'krystyna.beniger@bimmer-tech.net', 'krystyna.beniger@bimmer-tech.net', 1, 'lhxbow3rm2o0wk04gooww8w8cc84csw', 'w4moyxjxmnrt5wPloYOn86VJ5mhj+IQtSgVMJoDKhXJTD6YAOlwFWUXB08cLfYe9NivF5GFCe3VcJ9eXxJPYtQ==', '2019-05-16 13:22:27', NULL, NULL, '910967b7a642a88b2ffb', NULL, 0, NULL, NULL, 'a:1:{i:0;s:9:\"ROLE_USER\";}', NULL, NULL, '2019-04-23 11:27:11', '2019-05-16 13:22:27', NULL, 0),
(229, 234, 'julia.koval1@bimmer-tech.net', 'julia.koval1@bimmer-tech.net', 1, 'mecixcy79m8sgs8g0kkk0ks4wkcg0kw', 'UMo7Nr6t+GYO6hexztIuu+qyDK/DvGbyWse0fsxdftVLuRKNhVJs5f9pukY/K7yqYlGdH8uCKZ16X5epkbfH8Q==', '2019-04-23 15:38:49', NULL, NULL, 'e09339603e3c23bead30', NULL, 0, NULL, NULL, 'a:1:{i:0;s:9:\"ROLE_USER\";}', NULL, NULL, '2019-04-23 11:31:44', '2019-04-23 15:38:49', NULL, 0),
(230, 235, 'mykola.fedan@gmail.com', 'mykola.fedan@gmail.com', 1, '6e71832xz1s8sk0cco4sw0cwgsg80k8', 'd/DGMCwHlH1oGiyI8WWnlePDgWgibDqIm3Nbl4B+4w0Eeg6lBq3kcbdibZxcDuiD7BGy5EOBSghqh4HG/pNbvQ==', '2019-05-14 17:59:27', NULL, NULL, 'c4af8d4507648762fcaa', NULL, 0, NULL, NULL, 'a:1:{i:0;s:9:\"ROLE_USER\";}', NULL, NULL, '2019-04-23 12:03:35', '2019-05-14 17:59:27', NULL, 0),
(231, 236, 'igor.rokobit@gmail.com', 'igor.rokobit@gmail.com', 0, 'rc1m3khi7kgcog4ogokcgcw0sco4s8o', 'nVzue51wZdH+op9c6pM6MWVSiBcZLSaxkaSC6Z2x+ht2CegYeUCHUxeAOgFFzGPoonWPEEYfvEQs7NmxqDBf/g==', NULL, NULL, NULL, 'c536431f0daf06e4d454', NULL, 0, NULL, NULL, 'a:1:{i:0;s:9:\"ROLE_USER\";}', NULL, NULL, '2019-04-25 10:37:29', '2019-04-25 10:37:29', NULL, 0),
(232, 237, 'krystynabeniger@interia.pl', 'krystynabeniger@interia.pl', 0, 'j2l55ti3k0g8okwocc8ww8ssc0c004c', '4BxicpHrupIElcnP3SYy5c10/oeAA5CAkAG1/Uj9hbtyHFIO7iQUohHPhfOR2U3BW9b1fY0vreBMNOB9MXLUYA==', NULL, NULL, NULL, '2ede6213b8552b7e5bcf', NULL, 0, NULL, NULL, 'a:1:{i:0;s:9:\"ROLE_USER\";}', NULL, NULL, '2019-04-30 09:43:52', '2019-04-30 09:43:52', NULL, 0),
(233, 238, 'kryts.junior@gmail.com', 'kryts.junior@gmail.com', 1, 'ohu3b6oaylcgo88ss8oo0cw4csc80kc', '144EIJnaQPKOda4OcEKJalTqtzpB1gRgvRlLFCPpUfUJotY32iyAbxoMI+3f5JZXyBLV2m9eYWYwqZePl0BTtw==', '2019-05-17 14:18:24', NULL, NULL, NULL, '2019-05-07 12:19:55', 0, NULL, NULL, 'a:1:{i:0;s:9:\"ROLE_USER\";}', NULL, NULL, '2019-05-03 10:13:52', '2019-05-17 14:18:24', '8d/9a/1405a8dd4b0fae708c6bd953bd55.jpg', 1),
(234, 239, 'MICHALOWCZAREK154@GMAIL.COM', 'michalowczarek154@gmail.com', 0, 'magiuwz75r4kscc8swcs84o8ckggk0o', 'P7QiGlT5zZXeLOGj2t/Qyg7gbMRkuhnEeyjzsvWDIaPgOxJ9UzSSWOclwQFIEWODaDiAnvQ1htOnajriG+QvUA==', NULL, NULL, NULL, '897b61fe9f78176c0247', NULL, 0, NULL, NULL, 'a:1:{i:0;s:9:\"ROLE_USER\";}', NULL, NULL, '2019-05-08 07:46:14', '2019-05-08 07:46:14', NULL, 0),
(235, 240, 'ammar.rokobit@gmail.com', 'ammar.rokobit@gmail.com', 1, 'jz841wt5xb4k0o8w8kkwwwk48s4s04k', '/u++E6fJnfplokIMiHLVs2N9juYIggs+IMcM4RwFvBmYlnNTs88nb4Gog78LgG+a5HKk1LEBqgwuI3biw5X18g==', '2019-05-14 12:29:12', NULL, NULL, NULL, '2019-05-14 12:16:29', 0, NULL, NULL, 'a:1:{i:0;s:9:\"ROLE_USER\";}', NULL, NULL, '2019-05-14 12:16:12', '2019-05-14 12:29:12', NULL, 0),
(236, 241, 'bohdan.rokobit@gmail.com', 'bohdan.rokobit@gmail.com', 1, 'igg3cllum7ks40wk0cw0g4okksccwsk', 'PgkXhYgvBGRioKsHbOrf0YGhkbGcQC10kxJAWocAvxRckW/TpBx9F9VUFfnYcCd2Gf3xc5fSG8rxrF/tcCgkuw==', '2019-05-17 07:25:38', NULL, NULL, NULL, '2019-05-16 08:06:06', 0, NULL, NULL, 'a:1:{i:0;s:9:\"ROLE_USER\";}', NULL, NULL, '2019-05-16 08:05:59', '2019-05-17 07:25:38', NULL, 0),
(237, 242, 'ihor1234525@gmail.com', 'ihor1234525@gmail.com', 1, 'dyssmifppgoowsw0w800k4g8ggs0os4', 'L5qAYBjSuuB1O/bqw5PebuqHsNWl+25A9JwDKq+HCQB19wd0CTGLgQYZ8lOIoujhoahrJvntjiVOnsdVaKH9+w==', '2019-05-16 10:38:31', NULL, NULL, NULL, '2019-05-16 09:39:36', 0, NULL, NULL, 'a:1:{i:0;s:9:\"ROLE_USER\";}', NULL, NULL, '2019-05-16 09:38:46', '2019-05-16 10:38:31', NULL, 0),
(238, 243, 'tsikora@dotx.pl', 'tsikora@dotx.pl', 0, 'on2wl9zub80ckw008woscc8w0sccwk0', '08U7zFrm7XKw6P/Pac0/0ajpgskTk2iPQJHfIkhE+3E7wSYfkdjAFCFkEuKRR61Dkz4VF3nHNwCFH/A8C9Ddjw==', NULL, NULL, NULL, '5b866e083be87a153228', NULL, 0, NULL, NULL, 'a:1:{i:0;s:9:\"ROLE_USER\";}', NULL, NULL, '2019-05-16 10:08:23', '2019-05-16 10:08:23', NULL, 0),
(239, 244, 'koval8julia@gmail.com', 'koval8julia@gmail.com', 0, '2pl31qxqf8e8wsgsos0s4kgs0wsksok', '06bEUCA3SOi/+wJU3TcJLjPsZaW31c3KvUBbLQbA7eeI9sDWcTR0xyWDZslKeDLhz6xuiC4dWLF1ayw63ko1cA==', NULL, NULL, NULL, 'b89e6d1aac35e907e194', NULL, 0, NULL, NULL, 'a:1:{i:0;s:9:\"ROLE_USER\";}', NULL, NULL, '2019-05-16 10:08:47', '2019-05-16 10:08:47', NULL, 0),
(240, 245, 'julia.koval2@bimmer-tech.net', 'julia.koval2@bimmer-tech.net', 0, 'q8bcen21xq80sswssco0sg8g4c4skwk', 'pUj/lu2TWOQhhsmf4BZKSqpbYL3S6K1rLSls4BhldQCOnKbdVy20+pAkQo4nNUi18jJiBlc0MgeyPmSVihRYpw==', NULL, NULL, NULL, 'da19fba4ba45e7847378', NULL, 0, NULL, NULL, 'a:1:{i:0;s:9:\"ROLE_USER\";}', NULL, NULL, '2019-05-16 10:13:08', '2019-05-16 10:13:08', NULL, 0),
(241, 246, 'christina.ryzhnitsyna@bimmer-tech.net', 'christina.ryzhnitsyna@bimmer-tech.net', 0, '2kiutmwf37mswos8g8s88s0ocg0o4gw', 'fKnrVjLXIwXAzXrvyZ/rrDaH6vgYKwzPRKanmExRU0n/Fn3VjXK1YriNfM9uQfN0worRzKIZ1glnO5wpTTCI7w==', '2019-05-16 12:25:31', NULL, NULL, NULL, '2019-05-16 11:14:42', 0, NULL, NULL, 'a:1:{i:0;s:9:\"ROLE_USER\";}', NULL, NULL, '2019-05-16 11:14:11', '2019-05-16 12:43:52', NULL, 1),
(242, 247, 'christinaryzhnitsyna@gmail.com', 'christinaryzhnitsyna@gmail.com', 1, '40dr89p6tds0ko4co8ok4os84s0o0og', 'F2E8kOXSaGGmBVJxcPGwtNXLYdON2og0C+6f6rFEPisxf935ZVracnj88ABx+gJ9cBExQTRXNOG4H0xCviGrWg==', '2019-05-17 09:34:03', NULL, NULL, NULL, '2019-05-16 12:51:10', 0, NULL, NULL, 'a:1:{i:0;s:9:\"ROLE_USER\";}', NULL, NULL, '2019-05-16 12:50:47', '2019-05-17 09:39:59', NULL, 0),
(243, 248, 'jagodka1988@inbox.ru', 'jagodka1988@inbox.ru', 0, 'j5oj1q35bm88cw4gkow8o0gc88wgg8g', 'UNuKXH6HAJopLXz83GZkp81+W97WHU8LADNp5ExfCvluZ3SVvkF2vFxcGszGeHeZVpwcxucYt4VTVFRzQCLW0Q==', NULL, NULL, NULL, 'cf341d28d8785b4a9db0', NULL, 0, NULL, NULL, 'a:1:{i:0;s:9:\"ROLE_USER\";}', NULL, NULL, '2019-05-16 13:12:35', '2019-05-16 13:12:35', NULL, 0),
(244, 249, 'vasyl.rokobit@gmail.com', 'vasyl.rokobit@gmail.com', 1, 'whjro5bnc1co8g404ssoo80kccwgwo', 'NKqRCOUQJd6gMcnCGT5c0A6tDL5rGcZtJXUquya0WNsp3YJ+RVQG1XV5AMAQdDdQtPx2k+xtPsR0nssfaN0JKw==', '2019-05-17 15:59:29', NULL, NULL, NULL, '2019-05-17 12:18:25', 0, NULL, NULL, 'a:1:{i:0;s:9:\"ROLE_USER\";}', NULL, NULL, '2019-05-17 12:15:16', '2019-05-17 15:59:29', NULL, 0);

-- --------------------------------------------------------

--
-- Table structure for table `sylius_taxon`
--

CREATE TABLE `sylius_taxon` (
  `id` int(11) NOT NULL,
  `tree_root` int(11) DEFAULT NULL,
  `parent_id` int(11) DEFAULT NULL,
  `code` varchar(255) COLLATE utf8_unicode_ci NOT NULL,
  `tree_left` int(11) NOT NULL,
  `tree_right` int(11) NOT NULL,
  `tree_level` int(11) NOT NULL,
  `position` int(11) NOT NULL,
  `created_at` datetime NOT NULL,
  `updated_at` datetime DEFAULT NULL,
  `price` int(11) DEFAULT NULL,
  `is_container` tinyint(1) NOT NULL,
  `productName` varchar(255) COLLATE utf8_unicode_ci DEFAULT NULL,
  `shortDescription` longtext COLLATE utf8_unicode_ci DEFAULT NULL,
  `enabled` tinyint(1) DEFAULT NULL,
  `metaTitle` varchar(255) COLLATE utf8_unicode_ci DEFAULT NULL,
  `metaKeywords` varchar(255) COLLATE utf8_unicode_ci DEFAULT NULL,
  `metaDescription` longtext COLLATE utf8_unicode_ci DEFAULT NULL,
  `seoText` longtext COLLATE utf8_unicode_ci DEFAULT NULL,
  `teaser` longtext COLLATE utf8_unicode_ci DEFAULT NULL
) ENGINE=InnoDB DEFAULT CHARSET=utf8 COLLATE=utf8_unicode_ci;

--
-- Dumping data for table `sylius_taxon`
--

INSERT INTO `sylius_taxon` (`id`, `tree_root`, `parent_id`, `code`, `tree_left`, `tree_right`, `tree_level`, `position`, `created_at`, `updated_at`, `price`, `is_container`, `productName`, `shortDescription`, `enabled`, `metaTitle`, `metaKeywords`, `metaDescription`, `seoText`, `teaser`) VALUES
(173, 173, NULL, 'category', 1, 56, 0, 0, '2018-08-17 13:51:54', '2018-08-17 13:51:54', NULL, 0, NULL, NULL, 1, NULL, NULL, NULL, NULL, NULL),
(174, 173, 173, 'taxone_park_assists', 6, 13, 1, 4, '2018-08-17 13:51:54', '2019-04-23 11:56:15', 0, 0, 'PARKING', NULL, 1, NULL, NULL, NULL, NULL, NULL),
(176, 173, 173, 'audio', 14, 15, 1, 5, '2018-08-17 13:51:54', '2019-04-23 12:38:58', 0, 0, 'CAR AUDIO', NULL, 1, NULL, NULL, NULL, NULL, NULL),
(177, 173, 173, 'Smartphone', 16, 27, 1, 0, '2018-08-17 13:51:54', '2019-05-10 18:53:44', 0, 0, 'SMARTPHONE', NULL, 1, NULL, NULL, NULL, NULL, NULL),
(179, 173, 173, 'idrive', 28, 29, 1, 8, '2018-08-17 13:51:54', '2019-04-23 12:33:34', 0, 0, 'CODING', NULL, 1, NULL, NULL, NULL, NULL, NULL),
(180, 173, 173, 'Accessories', 30, 31, 1, 9, '2018-08-17 13:51:54', '2019-04-23 12:34:58', 0, 0, 'ACCESSORIES', NULL, 1, NULL, NULL, NULL, NULL, NULL),
(182, 173, 173, 'taxone_navigation', 32, 39, 1, 1, '2018-08-17 13:51:54', '2019-05-07 13:54:01', 0, 0, 'NAVIGATION', NULL, 1, NULL, NULL, NULL, NULL, NULL),
(184, 173, 173, 'Displays', 40, 45, 1, 2, '2018-08-17 13:51:54', '2019-04-23 12:58:00', 0, 0, 'DISPLAYS', NULL, 1, NULL, NULL, NULL, NULL, NULL),
(186, 173, 173, 'doors_and_trunks', 46, 49, 1, 6, '2018-08-17 13:51:54', '2019-04-23 12:58:25', 0, 0, 'DOORS & TRUNK', NULL, 1, NULL, NULL, NULL, NULL, NULL),
(187, 173, 173, 'key_fobs', 50, 55, 1, 7, '2018-08-17 13:51:54', '2019-04-23 12:58:32', 0, 0, 'KEY FOBS', NULL, 1, NULL, NULL, NULL, NULL, NULL),
(188, 173, 173, 'SiriusXM', 2, 5, 1, 3, '2019-04-15 08:01:47', '2019-04-23 12:58:04', 0, 0, 'SIRIUSXM', NULL, 1, NULL, NULL, NULL, NULL, NULL),
(190, 173, 188, 'SiriusActivation', 3, 4, 2, 0, '2019-04-17 09:30:12', '2019-04-30 07:48:17', 25000, 1, 'SiriusXM Satellite Radio Activation', '<ul>\r\n	<li>\r\n	<p>Activate SiriusXM satellite radio in your vehicle, without leaving your home</p>\r\n	</li>\r\n	<li>\r\n	<p>Enjoy over 150 radio channels, from Howard Stern and Bloomberg to NFL and Comedy Central</p>\r\n	</li>\r\n	<li>\r\n	<p>50% off the typical dealer pricing</p>\r\n	</li>\r\n	<li>\r\n	<p>Get a free All Access SiriusXM package for up to 12 months (conditions apply)</p>\r\n	</li>\r\n</ul>', 1, NULL, 'siriusxm activation, sirius car radio, sirius xm car kit, sirius xm car subscription, sirius xm channels, satellite radio, sirius xm free trial, xm radio channels, sirius streaming, siriusxm packages, xm radio stations, sirius xm channels list 2019, siriu', 'Don’t know what to listen to while driving? Go for SiriusXM activation in your BMW and enjoy more than 150 XM radio channels through your car’s stereo system.', '<p>Looking for the easiest way to add Sirius XM car subscription to your BMW or MINI? Our remote SiriusXM activation process means you&rsquo;ll be enjoying satellite radio in less than 30 minutes, without even leaving your home.</p>\r\n\r\n<p>With around 150 <a href=\"https://www.bimmer-tech.net/blog/item/51-4-satellite-radio-stations-worth-activating-siriusxm-in-your-bmw-for\">XM radio channels</a> to choose from, including news, music, sports and entertainment, you and your family will always find something worth listening to.</p>\r\n\r\n<p>BMW owners often ask: &ldquo;How to get Sirius radio in my car for free for a year?&rdquo;, and the answer is that with BimmerTech it&rsquo;s pretty simple. We use a genuine BMW activation code to add satellite radio to your vehicle, meaning you can benefit from the <a href=\"https://www.siriusxm.com/sxm-learnmore?intcmp=hp_cta_0218_learn&amp;hpid=HP_NEW_LearnAboutMyTrial\">Sirius XM free trial period</a>. If you&rsquo;re the original owner of the car, you may receive the All Access SiriusXM subscription free of charge for up to 12 months (or 2 months in case the BMW/MINI is Certified Pre-Owned).</p>\r\n\r\n<p>What XM radio stations are available for your car depends on its hardware. Visit the <a href=\"http://www.siriusxm.com/channellineup\">SiriusXM official website</a> to check the lineup for your car. Also, have a look at the <a href=\"https://www.siriusxm.com/servlet/Satellite?blobcol=urlimage&amp;blobheadername1=Content-Type&amp;blobheadervalue1=application%2Fpdf&amp;blobkey=id&amp;blobtable=ImageAsset&amp;blobwhere=1283879646761&amp;ssbinary=true\">Sirius XM channels list 2019</a>.</p>\r\n\r\n<p>How do you install Sirius Satellite radio in your car? Identify your BMW/MINI at the top and you will get a full description of Sirius car radio activation in your specific vehicle together with the details on what comes in a Sirius XM car kit.</p>', 'Get up to 150 satellite radio channels activated in your car in less than 30 minutes.'),
(191, 173, 177, 'CarPlayMMI', 25, 26, 2, 0, '2019-04-23 10:44:52', '2019-05-17 14:35:11', 52500, 1, 'BMW CarPlay MMI Retrofit', '<ul>\r\n	<li>Lets you comfortably use the iPhone apps on your native iDrive display</li>\r\n	<li>Uses the factory car microphone to let Siri hear voice commands</li>\r\n	<li>Allows playing videos from a USB thumb drive</li>\r\n	<li>Provides audio playback through your BMW&#39;s AUX port</li>\r\n	<li>Makes it easy to switch between the BMW CarPlay upgrade and your car&rsquo;s interfaces using the iDrive controller</li>\r\n	<li>Compatible with older BMW iDrive generations</li>\r\n</ul>', 1, NULL, 'bmw carplay, apple carplay, bmw carplay retrofit, bmw carplay upgrade, bmw carplay setup, bmw apple carplay upgrade, bmw carplay 2019, bmw apple carplay compatibility, bmw carplay support, bmw carplay activation, bmw carplay update, wireless carplay, bmw', 'Want to use your iPhone apps on the BMW screen in a 2016 or older car? Our BMW CarPlay MMI retrofit will make it happen. Check it out now!', '<p>If you have a 2016 or older car, you can use BMW Apple CarPlay apps on your iDrive screen thanks to our unique retrofit &mdash; CarPlay MMI. Original BMW Apple CarPlay compatibility is limited only to the newest iDrive systems, but our aftermarket solution offers you the same features as the original software, and adds a few more functionalities on top of that. Identify your car to find out more about them.</p>\r\n\r\n<p>CarPlay MMI retrofit supports devices running iOS up to version 12, meaning that you can take advantage of Google Maps and Waze while navigating through the city. BMW CarPlay retrofit will also let you benefit from Apple Maps, Spotify, Siri and other applications on the iDrive screen without actually using the phone.</p>\r\n\r\n<p>Unlike BMW CarPlay activation, our upgrade is compatible with F-series cars that have both newer and older iDrive generations.</p>', 'Not compatible with original Apple CarPlay? Our CarPlay MMI will save the day.'),
(196, 173, 184, 'VividScreen', 43, 44, 2, 0, '2019-04-24 06:38:47', '2019-04-30 07:47:47', 59900, 1, 'VividScreen - iDrive Display for BMW', '<ul>\r\n	<li>Provides twice the screen resolution compared to the OEM iDrive display</li>\r\n	<li>Enhances the quality of the image and contrast for a better viewing experience</li>\r\n	<li>Has the same design as the OEM iDrive screen to maintain the factory look</li>\r\n	<li>Supports SmartView BMW idrive screen mirroring functionality for using iPhone apps on the dashboard display</li>\r\n	<li>Compatible with many technological upgrades not available with the stock screen</li>\r\n</ul>', 1, NULL, 'VividScreen, iDrive Display for BMW, idrive display, idrive screen, split screen idrive, idrive screen upgrade, idrive full screen, touch screen idrive, vividscreen upgrade kit, bmw idrive screen mirror, vividscreen apple tv 4, vividscreen carplay, vivids', 'Fancying a bigger iDrive display for BMW? VividScreen is exactly what you need — check out how a 8.8″ hi-res display renovates the car and brightens the rides.', '<p>How to upgrade 6.5 inch iDrive screen to bigger resolution? The answer is simpler than you&rsquo;ve thought: there is no need to replace the whole iDrive system. All you need to do is swap your stock display for BimmerTech&rsquo;s VividScreen &mdash; an iDrive display for BMW that lets you add the latest technology upgrades to your car and realize its potential.</p>\r\n\r\n<p>The new 8.8&Prime; 1280x480 BMW iDrive screen replacement doubles or triples the pixel density of the stock screen options, as well as sporting noticeably improved contrast for a better overall image quality. iDrive screen upgrade is completely compatible with the BMW system and designed to look the same as a factory installed screen to smoothly fit into your interior.</p>\r\n\r\n<p>You can also make the most of the iDrive display using screen mirroring &mdash; your car becomes compatible with SmartView mirroring functionality. It means that you&rsquo;ll be able to stream the display of your smartphone onto the iDrive full screen. Thanks to the inbuilt Multimedia Interface (MMI), you can also add our rear &amp; front view cameras and the above mentioned mirroring devices for a much lower price if compatible.</p>\r\n\r\n<p>Identify your car and find out the full list of compatible add-ons for the VividScreen upgrade kit. On top of that, learn more about features relatable to your specific model and details on VividScreen installation.</p>', 'A big high-res screen capable of renewing your BMW.'),
(197, 173, 186, 'PowerTrunk', 47, 48, 2, 0, '2019-04-25 09:29:25', '2019-04-26 10:56:36', 69900, 1, 'Power Trunk Release Retrofit', '<ul>\r\n	<li>Allows you to open &amp; close the trunk by pushing a button on your remote key fob, trunk lid, or dashboard</li>\r\n	<li>Stops closing automatically in case of any obstacle for added safety</li>\r\n	<li>Lets you set the exact position the trunk lid opens to</li>\r\n	<li>Based on a high-end motorized system that makes the power trunk lift smooth and easy</li>\r\n</ul>', 1, NULL, 'Power Trunk Release, power trunk release kit, boot release, power trunk release, electric trunk release, power tailgate opener, power trunk release kit installation, open trunk button, power trunk lift, automatic trunk, power trunk closer, aftermarket pow', 'Want to open & close the trunk just by pushing a button? Check out our Power Trunk Release retrofit and confirm to yourself once more that you can’t do without it.', '<p>When your hands are full of packages, bags and kids, what could be better than being able to close your automatic trunk just by pressing a button? You will say &ldquo;nothing&rdquo; after you experience the convenience of BimmerTech&rsquo;s Power Trunk Release retrofit.</p>\r\n\r\n<p>With this kit installed in your BMW, you&rsquo;ll be able to control the lid with:</p>\r\n\r\n<ul>\r\n	<li>The boot release button on the remote key fob</li>\r\n	<li>The button in the trunk handle, and an additional button built in to the inside of the trunk lid</li>\r\n	<li>The open trunk button button on the dashboard (if your vehicle has it)</li>\r\n	<li>The kick feature if your car is equipped with a factory or retrofitted Comfort Access system with this functionality</li>\r\n</ul>\r\n\r\n<p>You can easily open and close the trunk from the inside or whenever you are around your car, and despite the convenience of using the key fob, you&rsquo;re not bound only to it.</p>\r\n\r\n<p>You can customize the electric trunk release and choose the position the lid opens to. In addition, our Power Trunk Release kit features anti-pinch technology. Specify your BMW model or put in your VIN to discover more information about these attributes and power tailgate opener itself.</p>', 'A push of a button is all you’ll need to do to open & close your car trunk.'),
(198, 173, 182, 'MapUpdate', 37, 38, 2, 0, '2019-04-26 11:48:40', '2019-05-13 14:25:06', 11500, 1, 'BMW Navigation Map Update 2018/2019', '<ul>\r\n	<li>Keep your maps updated without leaving your home</li>\r\n	<li>Take charge of your time and find routes through new, more convenient roads and expressways</li>\r\n	<li>Know exactly where the next gas station, ATM or restaurant is</li>\r\n	<li>Save fuel by choosing the most efficient ways to get to your destination</li>\r\n</ul>', 1, NULL, 'bmw navigation update, bmw software update, bmw map update, bmw map download, bmw road map, bmw map update usb, bmw navigation system map update, bmw idrive map update,bmw navigation map certificate release code, bmw gps map,  bmw gps map update, bmw codi', 'BMW navigation map update provides the latest info about existing, new and closed routes. Learn more about it and our fast BMW map update USB installation!', '<p>They say time is money, so finding your way around as quickly as possible should be a priority. And keeping your map up-to-date ensures you&#39;ll always know the best and fastest routes to get to your destination.</p>\r\n\r\n<p>When you regularly refresh your BMW navigation, your map shows you:</p>\r\n\r\n<ul>\r\n	<li>New roads opened or existing ones closed</li>\r\n	<li>Time-saving detours for your usual rides</li>\r\n	<li>Almost 300 000 new points of interest added each year (hotels, gas stations, cafes, etc.)</li>\r\n</ul>\r\n\r\n<p>BMW recommends performing a BMW navigation system map update at least once a year. For anybody who drives a lot, though, it&rsquo;s better to get new information every three to six months.</p>\r\n\r\n<p>Type in your VIN to learn more about the BMW map update USB process as well as what kind of BMW navigation update is available. We offer Premium, Live, Motion, Move, Route, Next, Evo &amp; Way BMW GPS map updates for cars with different configurations.</p>', 'Plan your rides and detours with precision thanks to a map that’s always spot-on.'),
(201, 173, 174, 'BMWRearCamOEM', 11, 12, 2, 0, '2019-04-29 08:12:14', '2019-05-14 09:00:14', 99900, 1, 'BMW Rear View Camera Retrofit (OEM)', '<ul>\r\n	<li>It&rsquo;s the same BMW OEM backup camera that BMW installs at factory</li>\r\n	<li>Consists entirely of genuine BMW parts</li>\r\n	<li>Produces a high-quality image</li>\r\n	<li>Allows to zoom in on the trailer hitch to neatly drive up to the right spot</li>\r\n	<li>Supports Dynamic Parking Lines and Obstacle Marking</li>\r\n	<li>360 degree Surround View camera system available as an optional add-on</li>\r\n</ul>', 1, NULL, 'BMW backup camera, BMW rear view camera, BMW OEM backup camera,  bmw backup camera retrofit, bmw backup camera installation, bmw backup camera kit, bmw rear view camera car kit, add backup camera to bmw, rear view camera retrofit, reverse camera, rv backu', 'Dreaming about a BMW backup camera that would work and look like factory installed? Check out our BMW Rear View Camera (OEM) and make your dreams come true.', '<p>If you want to stay completely true to BMW even in your aftermarket choices, we&rsquo;re always happy to give you the options you&#39;re looking for. Our BMW rear view camera retrofit is exactly the same park assist upgrade that BMW offers and installs at the factory.&nbsp;</p>\r\n\r\n<p>Due to the OEM origin, the BMW backup camera kit perfectly integrates into the bodywork of your car as well as your iDrive system. What&rsquo;s more, this BMW backup camera retrofit produces the highest picture quality on the market. But these are not the only aspects that make it stand out.&nbsp;</p>\r\n\r\n<p>To take advantage of all the BMW rear view camera car kit&rsquo;s features, your vehicle must be equipped with the Park Distance Control (PDC) and iDrive with Navigation System Professional. Please identify your car to find out whether it&rsquo;s compatible with the upgrade and to discover more information about other important functionalities as well as BMW backup camera installation.</p>\r\n\r\n<p>You will be able to check out some DIY backup camera tips that will help you save money on going to an installer together with general professional advice on how to install a backup camera in your specific BMW.&nbsp;</p>', 'Turn parking into a pleasant and easy drill with the BMW original backup camera.'),
(202, 173, 177, 'CarPlay', 23, 24, 2, 2, '2019-04-29 12:44:05', '2019-04-30 07:30:23', 39900, 1, 'BMW Apple CarPlay Activation', '<ul>\r\n	<li>Lets you safely use iPhone apps on your native iDrive screen</li>\r\n	<li>Uses the factory car microphone to let Siri hear voice commands</li>\r\n	<li>Connects your iPhone wirelessly to the BMW iDrive system</li>\r\n	<li>Provides audio playback through your BMW&#39;s stereo system</li>\r\n	<li>Makes it easy to switch between CarPlay and your car&rsquo;s standard interface using the iDrive controller</li>\r\n</ul>', 1, NULL, 'bmw carplay, apple carplay, bmw carplay retrofit, bmw carplay upgrade, bmw carplay setup, bmw apple carplay upgrade, bmw carplay 2019, bmw apple carplay compatibility, bmw carplay support, bmw carplay activation, bmw carplay update, wireless carplay, bmw', 'Apple CarPlay lets you connect an iPhone to the car, and use BMW CarPlay apps on the iDrive screen. Find out why it’s the best way to use your phone in a BMW.', '<p>Do you dream of using Apple Maps on your car screen or listening to Spotify through the BMW speakers? All this is possible with BMW CarPlay &mdash; an original Apple system that lets you use your favorite iPhone apps on the iDrive display.</p>\r\n\r\n<p>BMW Apple CarPlay upgrade supports devices running iOS up to version 12, meaning that you can take advantage of Google Maps and Waze while navigating through the cit</p>\r\n\r\n<p>After BMW CarPlay activation, you can use the factory car microphone for Siri Voice commands. This means that you can listen to and dictate text messages without distracting yourself from the road. With BMW CarPlay upgrade nothing stops you from making calls or checking up on your voicemail either.</p>\r\n\r\n<p>With this upgrade you don&rsquo;t need any cables; you wirelessly connect your iPhone to BMW CarPlay over WiFi. It&rsquo;s also very easy to switch between the iDrive and CarPlay interfaces, and operate both with the iDrive controller.</p>\r\n\r\n<p>Among BMW CarPlay apps you will find Spotify, Tidal, Amazon Music, WhatsApp, SiriusXM Radio, etc. The full list can be found <a href=\"https://www.apple.com/ios/carplay/\">here</a>.</p>', 'The safest, most convenient way to use your iPhone apps while driving.'),
(203, 173, 184, '6WB', 41, 42, 2, 1, '2019-04-30 06:44:18', '2019-04-30 08:55:18', 169900, 1, '6WB BMW OEM Digital Instrument Cluster', '<ul>\r\n	<li>Features a fully digital setup and several sorts of animations</li>\r\n	<li>Offers different looks for three driving modes</li>\r\n	<li>Focuses on speedometer and rev counter gauges in Sport Mode</li>\r\n	<li>Emphasizes an economical driving style in Eco Pro mode</li>\r\n	<li>Displays the car in the center portion of the cluster in the real time</li>\r\n	<li>Consists entirely of genuine BMW parts</li>\r\n</ul>', 1, NULL, 'digital instrument cluster, digital gauge cluster, digital dash, digital dashboard bmw, digital display, instrument panel cluster, digital speedometer, virtual cockpit, custom gauges cluster,  dynamic digital cluster, bmw oem digital cluster', 'BMW Digital Instrument Cluster is exactly what you need to make your car look high-tech. Click the link and learn about numerous cool features of the digital dash.', '<p>Amplifying your driving experience is not a whim&mdash;it&rsquo;s means making the absolute most of your BMW&rsquo;s potential. And the 6WB Digital Instrument Cluster is exactly what your car needs to reach the next level of comfort and confidence within your virtual cockpit.</p>\r\n\r\n<p>The digital gauge cluster is fully digitized. It has different setups for three driving modes &mdash; Comfort, Eco Pro and Sport modes (together with Sport+ mode).</p>\r\n\r\n<p>The center portion of the digital dash can show your car in real time &mdash; when some of your doors are opened, it is accurately displayed on the panel. When you turn on navigation, the instructions will be also indicated on the instrument panel cluster.</p>\r\n\r\n<p>To know more about the digital dashboard BMW features, please identify your car. The details of custom gauges cluster installation will give you a general overview of what instruments are needed and how much time it might take. You can also have a look at our video on <a href=\"https://www.youtube.com/watch?v=DFNzsh_-SJk\">how to change the car instrument cluster to a digital one</a>.</p>', 'Experience Comfort, Sport or Eco Pro modes in a new way with a digital instrument cluster.'),
(204, 173, 174, 'PDCRetrofit', 9, 10, 2, 1, '2019-04-30 09:27:01', '2019-04-30 11:45:01', 69700, 1, 'BMW PDC (Park Distance Control) Retrofit', '<ul>\r\n	<li>Makes parking easy and safe</li>\r\n	<li>Warns you about any tight spaces between your car and obstacles</li>\r\n	<li>Uses ultrasound sensors to detect the distance to nearby objects &nbsp;</li>\r\n	<li>Consists entirely of genuine BMW parts</li>\r\n	<li>Allows retrofitting the front, rear or both bumpers of your vehicle</li>\r\n</ul>', 1, NULL, 'Park Distance Control, bmw active park distance control, parallel parking distances, bmw pdc', 'Park Distance Control is an upgrade that will save your BMW from damage. Follow the link and find out more more about the original BMW parking sensors.', '<p>Tired of bending, twisting and constantly looking around when you try to park or drive out of a space tightly packed with other vehicles? We perfectly understand the feeling, but you can easily change the situation with our cutting-edge park assist retrofit.</p>\r\n\r\n<p>BMW Active Park Distance Control (PDC) equips your car with sensors that use ultrasound to measure the distance to the nearest obstacles. The system turns on when your vehicle is less than 80 cm away from the closest large object and approaching, or less than 30cm when your BMW isn&rsquo;t moving.</p>\r\n\r\n<p>PDC retrofit warns you about any obstacles with a distinctive acoustic signal, and different warning colors on the iDrive screen as your vehicle draws closer.</p>\r\n\r\n<p>If you want to know more about the Park Distance Control upgrade, its features or installation, identify your BMW in the top right corner.</p>', 'Hear and see all the obstacles around your car to park and manoeuvre in tight spaces.'),
(209, 173, 177, 'EnhBTandUSB', 21, 22, 2, 3, '2019-05-08 11:15:49', '2019-05-08 13:37:32', 17500, 1, 'BMW Enhanced Bluetooth Update / USB Port Activation', '<ul>\r\n	<li>Extends the multimedia capabilities of your BMW</li>\r\n	<li>Lets you stream audio from a smartphone or MP3 player via Bluetooth/USB port</li>\r\n	<li>Allows pairing up multiple devices via Bluetooth</li>\r\n	<li>Gives read-only access to SMS messages, email, reminders, etc.</li>\r\n	<li>Provides USB audio playback through the BMW stereo system</li>\r\n	<li>Enables you to use Voice Control to make calls without taking your hands of the wheel</li>\r\n</ul>', 1, NULL, 'Bluetooth Update, media streaming, audio streaming, Enhanced Bluetooth package, bluetooth phone functionality, bmw enhanced bluetooth with usb and voice, bmw bluetooth update, activating bluetooth, bmw smartphone integration, bmw bluetooth audio streaming', 'Do you want to stream music over Bluetooth or turn on some favourite songs via USB port? Then check out our Enhanced Bluetooth update and USB port activation!', '<p>With BMW Enhanced Bluetooth Update &amp; USB Port Activation you will be able to check out a new Spotify playlist through the car&rsquo;s stereo system, or accept calls hands-free without breaking your focus on the road.</p>\r\n\r\n<p><a href=\"https://www.youtube.com/watch?time_continue=98&amp;v=LHUXg6_Ycag\">What is &ldquo;Enhanced Bluetooth&rdquo;</a>? The most obvious benefit of adding this feature to your car is that audio streaming won&rsquo;t just be something you&rsquo;ve read about online anymore. You&rsquo;ll be able to play your favorite tracks through the car&rsquo;s speakers via Bluetooth. In terms of BMW smartphone integration, you&rsquo;ll also have the chance to connect your smartphone via a USB port, ensuring much better sound quality (this activation ensures support for Apple white cable meaning you don&rsquo;t need a BMW Y cable adapter). With <a href=\"https://www.bimmer-tech.net/blog/item/56-bmw-enhanced-bluetooth\">Enhanced Bluetooth package</a> activated, it&rsquo;s also possible to pair up multiple devices simultaneously. Listen to music from your passenger&rsquo;s phone and receive calls from your own!</p>\r\n\r\n<p>Apart from media streaming functionalities, you will have the Office Menu available in your car. Want to learn more about what you will get after the BMW Bluetooth update? Type in your VIN and you will get a full product description with all the details on activation Bluetooth and its features.</p>', 'Connect your smartphone to your BMW to enjoy its best features while driving.'),
(210, 173, 174, 'RearCamMMI', 7, 8, 2, 2, '2019-05-08 13:01:35', '2019-05-08 13:17:28', 69900, 1, 'BMW Rear View Camera Retrofit (MMI)', '<ul>\r\n	<li>Overrides the native iDrive display with a full-screen camera image</li>\r\n	<li>Activates automatically when the car goes into reverse</li>\r\n	<li>Allows adding a mirroring device or front view camera for a lower price</li>\r\n	<li>Produces a high-quality image &nbsp;</li>\r\n	<li>Easily integrated into the trunk handle just like an original BMW backup camera</li>\r\n	<li>Supports Static or Dynamic Parking Lines</li>\r\n</ul>', 1, NULL, 'BMW backup camera, BMW rear view camera, bmw aftermarket backup camera, rv backup camera, bmw backup camera retrofit, bmw backup camera installation, bmw backup camera kit, bmw rear view camera car kit, add backup camera to bmw, rear view camera retrofit,', 'A BMW backup camera with MMI will take your parking to another level. Have the BMW rear view camera image full-screen and no obstacles will escape your sight!', '<p>The Rear View Camera (MMI) is created for those drivers who expect more than just park assist functionality from a BMW aftermarket backup camera. It is designed to make your car flexible and compatible with a host of technological upgrades. Because the factory pre-set features are not the limit. &nbsp;</p>\r\n\r\n<p>This BMW rear view camera doesn&rsquo;t use the native camera mode of your car. Instead, its display overrides the iDrive screen when the car is put in reverse. The reverse camera image takes up the full screen, giving a bigger and clearer picture of what&rsquo;s behind you.</p>\r\n\r\n<p>This retrofit is ideal for drivers looking for a flexible park assist solution that leaves room for customizing and expanding your vehicle&rsquo;s features. The BMW backup camera kit includes a Multimedia Interface (MMI) &mdash; a BimmerTech original module that makes it easy to add a Front View Camera, one of our mirroring devices (SmartView HD Flex, SmartView Apple TV3 or SmartView Apple TV4). Identify your car to find out which add-ons are compatible with your specific BMW.</p>\r\n\r\n<p>If you want to know more about BMW backup camera installation, type in your VIN or choose your model manually. You will see what a regular BMW rear view camera car kit includes together with info on how to add backup camera to BMW.</p>', 'A BimmerTech original backup camera with a full-screen image and handy add-ons.'),
(211, 173, 182, 'NBTEVOID5_ID6', 35, 36, 2, 1, '2019-05-09 11:56:43', '2019-05-15 08:52:07', 170000, 1, 'NBT EVO ID5/ID6 Navigation System Retrofit', '<ul>\r\n	<li>Features a high-definition screen</li>\r\n	<li>Contains only BMW genuine parts including an NBT Evo head unit with ID5 or ID6 interface</li>\r\n	<li>Provides the latest version of the maps for your region</li>\r\n	<li>Comes with a number of activated multimedia features like Video &amp; Services in motion, BMW Apps, etc.</li>\r\n	<li>Lets you use iPhone apps on your new iDrive screen with CarPlay</li>\r\n</ul>', 1, NULL, 'Navigation system retrofit, Navigation system, bmw navigation update, bmw idrive update, nbt evo retrofit, idrive versions, Navigation System Professional, iDrive interface, idrive upgrade, HARDWARE UPGRADE, bmw software update', 'Installing NBT EVO ID5/ID6 navigation system retrofit is just like buying a new car, but much cheaper. Find out more about NBT Evo iDrive and see it for yourself.', '<p>The most technologically advanced retrofits always bring the greatest deal of comfort, especially when it comes to owning a BMW. Our <a href=\"https://www.bimmer-tech.net/blog/item/58-bmw-nbt-evo-id5-id6-idrive-upgrade\">NBT Evo ID5/ID6 navigation system</a> will certainly add convenience to using the driver assistance systems as well as infotainment perks.</p>\r\n\r\n<p>The kit contains only BMW original parts and FSC-certified codes, so there is no need for aftermarket emulators. It comes either with ID5 or ID6 iDrive versions &mdash; it&rsquo;s up to you to choose the iDrive interface that suits you best and specify it during the purchase. It can be easily changed though with the help of simple USB BMW iDrive update.</p>\r\n\r\n<p>This <a href=\"https://www.youtube.com/watch?v=4HaUDEj1Oyc\">BMW NBT Evo retrofit</a> supplies the latest version of the maps for your region. The FSC activation also includes such multimedia features as DVD/Video in Motion, Voice Control and BMW apps. NBT Evo ID5/ID6 belongs to the Navigation System Professional vehicles and comes with CarPlay built in. This software lets you use iPhone apps on the native iDrive screen.</p>\r\n\r\n<p>Please note that NBT Evo ID5/ID6 retrofit is not a BMW software update, but a full hardware upgrade. To get to know more about installation and other features, identify your BMW.</p>', 'Switch to the newest-generation iDrive system and enjoy the latest tech perks.'),
(212, 173, 187, 'KeyFob', 53, 54, 2, 0, '2019-05-10 09:05:31', '2019-05-13 12:44:53', 29900, 1, 'BMW Key Fob', '<ul>\r\n	<li>Get a BMW key fob pre-programmed and matched to your specific model</li>\r\n	<li>Fit your old key blade into the fob or order a new one together with a BMW key fob replacement</li>\r\n	<li>Lock and unlock your car remotely</li>\r\n	<li>Open the trunk without getting out of your BMW</li>\r\n	<li>Sound the horn from a distance when there&rsquo;s a need</li>\r\n</ul>', 1, NULL, 'BMW Key Fob, bmw key fob replacement, bmw key fob programming, remote key fob, lost bmw key fob, bmw key fob functions, bmw key fob battery, remote key fob, key fob with remote start, Lost key fob, bmw oem, beamer car, bmw parts, how to program bmw key fo', 'Damaged your BMW Key Fob? Or want a spare one for your family? Check our our remote key fobs and get one programmed specifically for your BMW.', '<p>Sometimes remote key fobs get damaged, and sometimes you need spares for your family. In any of these scenarios you might think that getting a BMW replacement key fob is cumbersome. But we assure you that with BimmerTech the process is simple and smooth.</p>\r\n\r\n<p>You can order a BMW key fob from us and get a perfectly matched retrofit in a few days. The remote key fob comes pre-programmed by BMW itself for your specific model and resembles your factory remote key, having the same look and features. It doesn&rsquo;t require any BMW key fob programming &mdash; you just need to follow a few instructions to get it activated and that&rsquo;s all. Identify your car to find out the exact price of the BMW key fob for your vehicle.</p>', 'Replace a damaged key fob or get a spare one straight from the BMW factory.'),
(213, 173, 187, 'KeyFobMINI', 51, 52, 2, 1, '2019-05-10 11:13:42', '2019-05-13 12:47:37', 29900, 1, 'MINI Key Fob', '<ul>\r\n	<li>Get a MINI key fob pre-coded for your specific vehicle</li>\r\n	<li>Fit your old key blade into the fob or order a new one together with a MINI key fob replacement</li>\r\n	<li>Lock and unlock your car remotely</li>\r\n	<li>Open the trunk without getting out of your MINI</li>\r\n	<li>Sound the horn from a distance when there&rsquo;s a need</li>\r\n</ul>', 1, NULL, 'MINI Key Fob, MINI key fob replacement, MINI key fob programming, remote key fob, lost key fob, MINI key fob functions, MINI key fob battery, remote key fob, key fob with remote start, MINI OEM, MINI parts', 'Lost you MINI key fob or just want a spare one for your family members? Look at what we have for your MINI and get the key fob with free shipping worldwide!', '<p>Whether your remote key fob is damaged or you just need a spare one, we offer MINI original replacements, perfectly matched to your vehicle.</p>\r\n\r\n<p>The replacement comes pre-coded for your specific vehicle so no MINI key fob programming is needed. Replacing an old or lost key fob doesn&rsquo;t have to be cumbersome and we do our best to make the process as easy as possible.</p>\r\n\r\n<p>If you want to know more about the MINI key fob functions or details on its activation, please identify your car to proceed.</p>', 'Get a spare MINI key fob or replace the lost one without leaving your home!'),
(214, 173, 177, 'BMWAppsRetrofit', 19, 20, 2, 4, '2019-05-10 12:01:24', '2019-05-13 13:26:05', 39900, 1, 'BMW Apps Retrofit', '<ul>\r\n	<li>Lets you see or listen to status updates from social networks like Twitter</li>\r\n	<li>Gives access to Spotify, Pandora Radio and other music apps with audio playback through the BMW stereo system</li>\r\n	<li>Adds Calendar, ECO PRO analyzer, GoPro and many other iOS apps to your iDrive menu</li>\r\n	<li>Allows you to type in a location and send it to the navigation on the BMW screen</li>\r\n	<li>Features a genuine factory BMW Apps activation</li>\r\n</ul>', 1, NULL, 'bmw connected app, bmw connected car, bmw connected app compatibility', 'Want to use your iPhone apps on the BMW screen? Activate the BMW Apps with BimmerTech and get Spotify, Pandora, Deezer and many more, on your car’s display!', '<p>Just imagine how comfortable it would be to listen to Spotify through the car speakers and switch between songs with the help of the iDrive controller. And what about checking out Twitter updates on the BMW native screen? The truth is that it&rsquo;s very easy to arrange with our BMW Apps activation.</p>\r\n\r\n<p>If you add BMW apps to your iDrive, you will get access to:</p>\r\n\r\n<ul>\r\n	<li>Twitter</li>\r\n	<li>Web Radio</li>\r\n	<li>Calendar</li>\r\n	<li>Wiki Local</li>\r\n	<li>ECO PRO Analyzer</li>\r\n	<li>Last Mile Navigation</li>\r\n	<li>Pandora Radio</li>\r\n	<li>MOG</li>\r\n	<li>AUPEO!</li>\r\n	<li>Audible</li>\r\n	<li>Glympse</li>\r\n	<li>Rhapsody</li>\r\n	<li>TuneIn</li>\r\n	<li>GoPro</li>\r\n	<li>Spotify</li>\r\n	<li>Napster</li>\r\n	<li>Deezer</li>\r\n	<li>Many more!</li>\r\n</ul>\r\n\r\n<p>After activation you will need to download a free BMW Connected app that will ensure that you have all the compatible apps on your iDrive display. Through this application, you will also be able to find a destination in the map on your iPhone and send it to the vehicle&rsquo;s navigation. BMW Connected App compatibility is limited only to iOS devices.</p>\r\n\r\n<p>If you wish to know more about the BMW Connected car features, BMW Apps activation or navigation perks, identify your car in the top right corner.</p>', 'Unlock the full potential of your iDrive system with your favorite iPhone apps.'),
(215, 173, 182, 'CICNavSysRetrofit', 33, 34, 2, 2, '2019-05-10 12:43:55', '2019-05-13 13:42:04', 177500, 1, 'BMW CIC Navigation System Retrofit', '<ul>\r\n	<li>Features a high definition screen</li>\r\n	<li>Contains only BMW genuine parts including a CIC head unit updated to the latest BMW software update version</li>\r\n	<li>Includes the latest version of the maps for your region</li>\r\n	<li>Comes with a number of activated multimedia features like Video &amp; Services in motion and Voice Control.</li>\r\n	<li>Adds a USB port that can be used for updating maps or upgrading software</li>\r\n</ul>', 1, NULL, 'BMW CIC Navigation system retrofit, Navigation system, bmw navigation update, bmw idrive update, CIC retrofit, bmw CIC update idrive versions, Navigation System Professional, iDrive interface, idrive upgrade, HARDWARE UPGRADE, bmw software update, bmw map', 'Renew your car with a BMW CIC Navigation System retrofit instead of spending thousands on a new and more modern vehicle. Check out what difference it might make.', '<p>If your older BMW is not equipped with some advanced tech features, it doesn&rsquo;t mean that you have to wait ages saving up for a new vehicle. You can retrofit your favorite car with a BMW CIC Navigation System retrofit and enjoy the most important tech functionalities, getting real value for your money.</p>\r\n\r\n<p><a href=\"https://www.bimmer-tech.net/blog/item/54-bmw-cic-nbt-nbtevo\">Upgrading your BMW with a newer navigation system</a>, you get a high definition screen and the latest BMW map update for your region, to make navigating through the streets a breeze. In addition, the CIC iDrive upgrade coding activation, included into the kit, provides you with such multimedia features as Video &amp; Services in motion and Voice Control.</p>\r\n\r\n<p>Your hardware upgrade will also add a USB port that can be used in several ways. Given that the CIC iDrive interface is a part of Navigation System Professional head unit line, you can benefit from it by updating your maps with a flash drive every time BMW releases a new version. What is more, through that port you will also be able to extend the capabilities of your car with the help of some <a href=\"https://www.bimmer-tech.net/bmw-idrive-coding/\">USB coding</a> (the range of possible features will depend on your car&rsquo;s specs).</p>\r\n\r\n<p>Find out more about the BMW CIC Navigation System retrofit for your car by typing in your VIN or choosing the model &amp; year manually.</p>', 'An easy way to upgrade your older BMW to a newer navigation system.'),
(216, 173, 177, 'Combox', 17, 18, 2, 1, '2019-05-14 12:59:13', '2019-05-14 13:43:56', 69900, 1, 'Combox Media PnP Retrofit', '<ul>\r\n	<li>Extends the multimedia capabilities of your BMW</li>\r\n	<li>Lets you stream audio from a smartphone or MP3 player via Bluetooth</li>\r\n	<li>Allows pairing up multiple devices via Bluetooth</li>\r\n	<li>Gives access to reading SMS messages, email, reminders, etc.</li>\r\n	<li>Provides USB audio playback for iPhone/iPod devices</li>\r\n</ul>', 1, NULL, 'bmw connected drive, bmw bluetooth pairing, bmw bluetooth compatibility, bmw bluetooth compatible phones, bmw bluetooth update, bmw bluetooth audio streaming, bmw bluetooth pairing code, bmw bluetooth iphone, bmw smartphone integration, Enhanced Bluetooth', 'Do you want to enjoy BMW Bluetooth audio streaming in an older BMW? Combox Media PnP retrofit is exactly the upgrade that will make it work. See it for yourself.', '<p>If you want to breathe new life into your favorite BMW (instead of spending thousands on a new model), revitalizing its multimedia functionalities is the perfect step towards a better driving experience.</p>\r\n\r\n<p>Combox Media PnP Retrofit is a module that adds many new features to your iDrive system. Most importantly, your car will be equipped with BMW Bluetooth audio streaming thanks to the <a href=\"https://www.bimmer-tech.net/blog/item/56-bmw-enhanced-bluetooth\" target=\"_blank\">Enhanced Bluetooth</a> feature. You&rsquo;ll be able to stream music from your MP3 player or smartphone through the car&rsquo;s stereo system.</p>\r\n\r\n<p><a href=\"https://www.youtube.com/watch?v=et8Y6pHMor4\" target=\"_blank\">Combox retrofit </a>provides support for Apple white cable which accounts for a much better BMW Bluetooth iPhone integration &mdash; your iPhone or iPod can be connected to your BMW. This lets you stream music with a much better audio quality and, at the same time, charge the device.</p>\r\n\r\n<p>If you want to know more about the BMW Bluetooth pairing, BMW Connected Drive and Bluetooth audio after the combox installation, please identify your car in the top right corner.</p>', 'Enjoy Bluetooth, the Office Menu and a USB audio interface in older BMW models.'),
(217, 217, NULL, 'category_name216', 1, 2, 0, 1, '2019-05-17 15:55:52', '2019-05-17 15:55:52', NULL, 0, NULL, NULL, 0, NULL, NULL, NULL, NULL, NULL);

-- --------------------------------------------------------

--
-- Table structure for table `sylius_taxon_image`
--

CREATE TABLE `sylius_taxon_image` (
  `id` int(11) NOT NULL,
  `owner_id` int(11) NOT NULL,
  `type` varchar(255) COLLATE utf8_unicode_ci DEFAULT NULL,
  `path` varchar(255) COLLATE utf8_unicode_ci NOT NULL
) ENGINE=InnoDB DEFAULT CHARSET=utf8 COLLATE=utf8_unicode_ci;

--
-- Dumping data for table `sylius_taxon_image`
--

INSERT INTO `sylius_taxon_image` (`id`, `owner_id`, `type`, `path`) VALUES
(55, 179, NULL, '85/13/b4c45ca88e68641cedc4ccd9c5ad.svg'),
(56, 180, NULL, 'c8/84/694d6cf64618d7a25a3a5e633a86.svg'),
(63, 187, NULL, '00/4c/48c4a3ab305371c9b4dc8ff5041d.svg'),
(69, 190, NULL, '59/d8/c2bc3f95c3048690db79ec95045e.png'),
(70, 191, NULL, '5c/b7/e12f6783093a4cefca0f5dc5a870.png'),
(71, 196, NULL, 'bf/c5/dd9a25a41f9a3411a54c36ea99a8.png'),
(73, 197, NULL, '4b/36/31da634ff687ec15f89ab20b3145.png'),
(74, 198, NULL, 'f6/a1/1c324c7db0cce4dd4bf4ed8a6e86.png'),
(76, 201, NULL, '33/2f/341f228f405a8922366093cd00cb.png'),
(77, 202, NULL, '66/09/313e47ff4bceb271a5f206611e52.png'),
(78, 203, NULL, 'ec/e2/716bbcb97d6cec5761a292bc6dd8.png'),
(79, 204, NULL, '3c/61/e1575eff7be7ea1679ca65dd5bcf.png'),
(81, 182, NULL, '60/d3/c5c9dae9333ed2c67f4fa0a472f3.png'),
(87, 184, NULL, 'c6/27/c362a1a90148894c781e53348af8.png'),
(88, 188, NULL, 'a3/18/9e2d0c498000fa49bbacae060779.png'),
(89, 174, NULL, '95/27/2842c862e74ed030a23465bd4875.png'),
(90, 176, NULL, '8a/e8/bed67465e3da237e04476086d623.png'),
(92, 177, NULL, '17/37/3c6bb10d6bf6467199c1fe3f75d0.png'),
(93, 209, NULL, 'f0/2d/80b9f517ba582560bc3281c51424.png'),
(94, 210, NULL, '35/84/dd5ddf2bd1488bfd29febe1c1e79.png'),
(95, 211, NULL, '13/21/87e36c2f60121c192820a197c80f.png'),
(96, 212, NULL, '2e/2a/68cc771ea859de6cc526806cbb9f.png'),
(97, 213, NULL, 'e1/e0/1a938e508830b1c62318dc57684b.png'),
(98, 214, NULL, 'b6/1c/b1211f2ba7ada79a9d5474c57b9f.png'),
(99, 215, NULL, '3f/b7/d50625d7d7016f65dcd49e59adb0.png'),
(100, 216, NULL, '33/fb/3b3126db4eb02f60ea3687e0e7f3.png');

-- --------------------------------------------------------

--
-- Table structure for table `sylius_taxon_translation`
--

CREATE TABLE `sylius_taxon_translation` (
  `id` int(11) NOT NULL,
  `translatable_id` int(11) NOT NULL,
  `name` varchar(255) COLLATE utf8_unicode_ci NOT NULL,
  `slug` varchar(255) COLLATE utf8_unicode_ci NOT NULL,
  `description` longtext COLLATE utf8_unicode_ci DEFAULT NULL,
  `locale` varchar(255) COLLATE utf8_unicode_ci NOT NULL
) ENGINE=InnoDB DEFAULT CHARSET=utf8 COLLATE=utf8_unicode_ci;

--
-- Dumping data for table `sylius_taxon_translation`
--

INSERT INTO `sylius_taxon_translation` (`id`, `translatable_id`, `name`, `slug`, `description`, `locale`) VALUES
(173, 173, 'Category', 'category', 'This is the first Taxon', 'en_US'),
(174, 174, 'PARKING', 'park_assists', NULL, 'en_US'),
(176, 176, 'CAR AUDIO', 'audio', NULL, 'en_US'),
(177, 177, 'SMARTPHONE', 'smartphone', 'This is the first Taxon.', 'en_US'),
(179, 179, 'CODING', 'coding', 'This is the first Taxon.', 'en_US'),
(180, 180, 'ACCESSORIES', 'convenience', NULL, 'en_US'),
(182, 182, 'NAVIGATION', 'navigation', NULL, 'en_US'),
(184, 184, 'DISPLAYS', 'displays', NULL, 'en_US'),
(186, 186, 'DOORS & TRUNK', 'exterior', NULL, 'en_US'),
(187, 187, 'KEY FOBS', 'outlet', NULL, 'en_US'),
(188, 188, 'SIRIUSXM', 'siriusxm', NULL, 'en_US'),
(190, 190, 'SiriusXM Satellite Radio Activation', 'SiriusXM-Satellite-Radio-Activation-SiriusActivation', 'SiriusXM Satellite radio can be activated through a remote coding session or with a USB stick. The type of the activation depends on the vehicle specs and can be determined only after you type in your VIN. Please identify your car and read the full description of the product together with details on its installation.', 'en_US'),
(191, 191, 'BMW CarPlay MMI Retrofit', 'bmw-carplay-mmi-retrofit', 'BMW CarPlay MMI retrofit is customized for each model separately due to the various configurations of every BMW vehicle. If you wish to read the full CarPlay MMI description for your specific car, type in your VIN or choose the model manually.', 'en_US'),
(196, 196, 'VividScreen - iDrive Display for BMW', 'vividscreen-idrive-display-for-bmw-VividScreen', 'VividScreen iDrive display upgrade is a retrofit prepared for each BMW individually, meaning the kit contents and some small features can vary. In addition, every model is compatible with a different number of extra add-ons. Identify your car and get a full product description for your specific vehicle.', 'en_US'),
(197, 197, 'Power Trunk Release Retrofit', 'power-trunk-release-retrofit-powertrunk', 'Every BMW model is characterized by a certain number of specs. That’s why each Power Trunk Release kit can be a little bit different for different vehicles. Type in your VIN or choose your car manually to read the full description of the upgrade and learn more about Power Trunk Release kit installation in your BMW model.', 'en_US'),
(198, 198, 'BMW Navigation Map Update 2018/2019', 'bmw-navigation-map-update-2018-2019-mapupdate', 'The list of available maps and regions for each BMW may be different due to its individual configurations. Identify your car to find out to which countries the BMW iDrive map update for your specific car extends and which year/quarter is covered.', 'en_US'),
(201, 201, 'BMW Rear View Camera Retrofit (OEM)', 'rear-view-camera-retrofit-oem', 'BMW Rear View Camera (OEM) kit is assembled for each model separately due to the various specs of every BMW vehicle. If you wish to find out more about the BMW backup camera for your specific car, type in your VIN or choose the model manually.', 'en_US'),
(202, 202, 'BMW Apple CarPlay Activation', 'bmw-apple-carplay-activation', 'The type of Apple CarPlay activation (via USB or during a remote coding session) strongly depends on your BMW configurations. If you specify your VIN, you will get a detailed description on BMW CarPlay setup in your vehicle as well as information whether your BMW is compatible with full screen option.', 'en_US'),
(203, 203, '6WB BMW OEM Digital Instrument Cluster', '6wb-bmw-oem-digital-instrument-cluster-6wb', '6WB BMW OEM Digital Cluster is a high-tech solution for a more effective and functional dash. But depending on the model and car’s configurations, it can have a different price for each vehicle due to the kit contents. Please type in your VIN number or select the model & year manually to get the exact quote and full description.', 'en_US'),
(204, 204, 'BMW PDC (Park Distance Control) Retrofit', 'pdc-park-distance-control-retrofit-oem-pdcretrofit', 'Original BMW PDC (Park Distance Control) is a retrofit prepared for each BMW separately. Given that every car has its own configurations, the kit contents and its price may vary. In order to get information concerning your specific vehicle, please fill in the VIN field or choose your model & year manually.', 'en_US'),
(209, 209, 'BMW Enhanced Bluetooth Update / USB Port Activation', 'bmw-enhanced-bluetooth-update-usb-port-activation-enhbtandusb', 'The price and the type of BMW Enhanced Bluetooth Update / USB Port Activation strongly depend on the configurations of your vehicle. In order to find out how we will enable Enhanced Bluetooth and USB port in your specific car (via USB or during a remote coding session), please identify your BMW/MINI.', 'en_US'),
(210, 210, 'BMW Rear View Camera Retrofit (MMI)', 'rear-view-camera-retrofit-mmi', 'BimmerTech assembles every BMW Rear View Camera (MMI) kit for each model separately because every BMW vehicle has a different configuration, and thus requires different BMW parts. Want to learn more about the rear view camera retrofit for your specific car? Identify your BMW.', 'en_US'),
(211, 211, 'NBT EVO ID5/ID6 Navigation System Retrofit', 'nbt-evo-id5-id6-navigation-system-retrofit', 'NBT EVO ID5/ID6 navigation system retrofit may consist of different parts depending on your BMW model and its specs. In order to find out the exact price and features included with the iDrive upgrade for your specific car, identify your vehicle.', 'en_US'),
(212, 212, 'BMW Key Fob', 'bmw-key-fob', 'Each BMW model is compatible with a different BMW key fob. In order to learn about the one designed for your vehicle, type in your VIN or select the model & year. You will get a full description together with details on BMW key fob functions and its activation.', 'en_US'),
(213, 213, 'MINI Key Fob', 'mini-key-fob', 'Type in your VIN or choose your MINI model to learn the exact price of the remote key fob for your car. By identifying your vehicle, you will also get detailed information on the MINI OEM key fob activation as well as additional features relevant to your vehicle.', 'en_US'),
(214, 214, 'BMW Apps Retrofit', 'bmw-apps-retrofit', 'If you want to know which type of BMW Apps activation (via USB or through a remote coding session) is compatible with your vehicle, please type in your VIN so that we could identify your car. You will be able to get more info about BMW Apps features, a short overview of the activation process and the exact price.', 'en_US'),
(215, 215, 'BMW CIC Navigation System Retrofit', 'bmw-cic-navigation-system-retrofit', 'BMW CIC Navigation System retrofit contains a head unit, modules, wiring and different types of trim. To discover what kind of iDrive auto parts are included into the kit for your BMW, specify your model & year, or type in your VIN number. You will get a complete description of the CIC retrofit together with details on its features.', 'en_US'),
(216, 216, 'Combox Media PnP Retrofit', 'bmw-combox-retrofit', 'In order to know the exact price of the Combox retrofit for your BMW model, please type in your VIN. We will provide you with all the information concerning the functionalities and features the Combox is responsible for as well as details on its installation.', 'en_US'),
(217, 217, 'CategoryName216', 'category_name216', NULL, 'en_US');

-- --------------------------------------------------------

--
-- Table structure for table `sylius_tax_category`
--

CREATE TABLE `sylius_tax_category` (
  `id` int(11) NOT NULL,
  `code` varchar(255) COLLATE utf8_unicode_ci NOT NULL,
  `name` varchar(255) COLLATE utf8_unicode_ci NOT NULL,
  `description` longtext COLLATE utf8_unicode_ci DEFAULT NULL,
  `created_at` datetime NOT NULL,
  `updated_at` datetime DEFAULT NULL
) ENGINE=InnoDB DEFAULT CHARSET=utf8 COLLATE=utf8_unicode_ci;

--
-- Dumping data for table `sylius_tax_category`
--

INSERT INTO `sylius_tax_category` (`id`, `code`, `name`, `description`, `created_at`, `updated_at`) VALUES
(20, 'tax_category_warehouse_eu', 'Tax Category Warehouse EU', 'The European tax category', '2018-08-17 13:51:54', '2018-08-17 13:51:54');

-- --------------------------------------------------------

--
-- Table structure for table `sylius_tax_rate`
--

CREATE TABLE `sylius_tax_rate` (
  `id` int(11) NOT NULL,
  `category_id` int(11) NOT NULL,
  `zone_id` int(11) NOT NULL,
  `code` varchar(255) COLLATE utf8_unicode_ci NOT NULL,
  `name` varchar(255) COLLATE utf8_unicode_ci NOT NULL,
  `amount` decimal(10,5) NOT NULL,
  `included_in_price` tinyint(1) NOT NULL,
  `calculator` varchar(255) COLLATE utf8_unicode_ci NOT NULL,
  `created_at` datetime NOT NULL,
  `updated_at` datetime DEFAULT NULL
) ENGINE=InnoDB DEFAULT CHARSET=utf8 COLLATE=utf8_unicode_ci;

--
-- Dumping data for table `sylius_tax_rate`
--

INSERT INTO `sylius_tax_rate` (`id`, `category_id`, `zone_id`, `code`, `name`, `amount`, `included_in_price`, `calculator`, `created_at`, `updated_at`) VALUES
(20, 20, 38, 'tax_eu', 'ax EU', '0.23000', 0, 'default', '2018-08-17 13:51:54', '2018-08-17 13:51:54');

-- --------------------------------------------------------

--
-- Table structure for table `sylius_user_oauth`
--

CREATE TABLE `sylius_user_oauth` (
  `id` int(11) NOT NULL,
  `user_id` int(11) DEFAULT NULL,
  `provider` varchar(255) COLLATE utf8_unicode_ci NOT NULL,
  `identifier` varchar(255) COLLATE utf8_unicode_ci NOT NULL,
  `access_token` varchar(255) COLLATE utf8_unicode_ci DEFAULT NULL,
  `refresh_token` varchar(255) COLLATE utf8_unicode_ci DEFAULT NULL
) ENGINE=InnoDB DEFAULT CHARSET=utf8 COLLATE=utf8_unicode_ci;

--
-- Dumping data for table `sylius_user_oauth`
--

INSERT INTO `sylius_user_oauth` (`id`, `user_id`, `provider`, `identifier`, `access_token`, `refresh_token`) VALUES
(1, 233, 'facebook', '2024481740924901', 'EAAMvkDrsuCoBABanGGotPZBgitYKfx84wLKxgYf5gQVktjyGHZBUOmEbZAq45ANIXZA3n0pbla1yTDzBtOryV7fHMVXZAbSusrCmZAkUspdKYgqOP1v4KmycfSNPqwnSneMp3k3u3NWp8KehbhaepbXC9cX8HPH37mpYtszbntmAZDZD', NULL);

-- --------------------------------------------------------

--
-- Table structure for table `sylius_zone`
--

CREATE TABLE `sylius_zone` (
  `id` int(11) NOT NULL,
  `code` varchar(255) COLLATE utf8_unicode_ci NOT NULL,
  `name` varchar(255) COLLATE utf8_unicode_ci NOT NULL,
  `type` varchar(8) COLLATE utf8_unicode_ci NOT NULL,
  `scope` varchar(255) COLLATE utf8_unicode_ci DEFAULT NULL
) ENGINE=InnoDB DEFAULT CHARSET=utf8 COLLATE=utf8_unicode_ci;

--
-- Dumping data for table `sylius_zone`
--

INSERT INTO `sylius_zone` (`id`, `code`, `name`, `type`, `scope`) VALUES
(37, 'US_Zone', ' USA (United State of America)', 'country', 'all'),
(38, 'Zone_tax_Europe', 'Tax Europe', 'country', 'all');

-- --------------------------------------------------------

--
-- Table structure for table `sylius_zone_member`
--

CREATE TABLE `sylius_zone_member` (
  `id` int(11) NOT NULL,
  `belongs_to` int(11) DEFAULT NULL,
  `code` varchar(255) COLLATE utf8_unicode_ci NOT NULL
) ENGINE=InnoDB DEFAULT CHARSET=utf8 COLLATE=utf8_unicode_ci;

--
-- Dumping data for table `sylius_zone_member`
--

INSERT INTO `sylius_zone_member` (`id`, `belongs_to`, `code`) VALUES
(128, 37, 'CA'),
(127, 37, 'US'),
(130, 38, 'AL'),
(129, 38, 'DE'),
(132, 38, 'DZ'),
(131, 38, 'FR'),
(133, 38, 'IT');

-- --------------------------------------------------------

--
-- Table structure for table `taxon_popup_option`
--

CREATE TABLE `taxon_popup_option` (
  `taxon_id` int(11) NOT NULL,
  `popup_option_id` int(11) NOT NULL
) ENGINE=InnoDB DEFAULT CHARSET=utf8 COLLATE=utf8_unicode_ci;

--
-- Dumping data for table `taxon_popup_option`
--

INSERT INTO `taxon_popup_option` (`taxon_id`, `popup_option_id`) VALUES
(191, 9),
(196, 10),
(196, 18),
(201, 21),
(201, 22),
(202, 18),
(202, 19),
(209, 28),
(210, 9),
(210, 22),
(211, 30),
(211, 32),
(215, 28),
(215, 30);

-- --------------------------------------------------------

--
-- Table structure for table `warehouse`
--

CREATE TABLE `warehouse` (
  `id` int(11) NOT NULL,
  `zone_id` int(11) DEFAULT NULL,
  `name` varchar(255) COLLATE utf8_unicode_ci NOT NULL,
  `country` varchar(255) COLLATE utf8_unicode_ci NOT NULL,
  `city` varchar(255) COLLATE utf8_unicode_ci NOT NULL,
  `address` varchar(255) COLLATE utf8_unicode_ci DEFAULT NULL,
  `zip` varchar(255) COLLATE utf8_unicode_ci DEFAULT NULL,
  `phone` varchar(255) COLLATE utf8_unicode_ci DEFAULT NULL
) ENGINE=InnoDB DEFAULT CHARSET=utf8 COLLATE=utf8_unicode_ci;

--
-- Dumping data for table `warehouse`
--

INSERT INTO `warehouse` (`id`, `zone_id`, `name`, `country`, `city`, `address`, `zip`, `phone`) VALUES
(55, NULL, 'Dubai Warehouse', 'AE', 'Dubai', 'Lob15 #239, Jafza, Dubai', '26534', '+971521509404'),
(56, NULL, 'Warsaw Warehouse', 'PL', 'Warsaw', 'Serwituty 25, Warsaw, Poland', '26534', '+46464397920'),
(57, 37, 'Orlando Warehouse', 'US', 'Orlando', '2641 Dorena Dr, Orlando, Florida state, USA', '32839', '+6464397920');

-- --------------------------------------------------------

--
-- Table structure for table `warehouse_payment_method`
--

CREATE TABLE `warehouse_payment_method` (
  `payment_method_id` int(11) NOT NULL,
  `warehouse_id` int(11) NOT NULL
) ENGINE=InnoDB DEFAULT CHARSET=utf8 COLLATE=utf8_unicode_ci;

--
-- Dumping data for table `warehouse_payment_method`
--

INSERT INTO `warehouse_payment_method` (`payment_method_id`, `warehouse_id`) VALUES
(20, 55),
(20, 56),
(20, 57);

-- --------------------------------------------------------

--
-- Table structure for table `warehouse_shipping_method`
--

CREATE TABLE `warehouse_shipping_method` (
  `shipping_method_id` int(11) NOT NULL,
  `warehouse_id` int(11) NOT NULL
) ENGINE=InnoDB DEFAULT CHARSET=utf8 COLLATE=utf8_unicode_ci;

--
-- Dumping data for table `warehouse_shipping_method`
--

INSERT INTO `warehouse_shipping_method` (`shipping_method_id`, `warehouse_id`) VALUES
(75, 55),
(75, 56),
(75, 57),
(78, 55),
(78, 56),
(78, 57);

-- --------------------------------------------------------

--
-- Table structure for table `warehouse_tax_category`
--

CREATE TABLE `warehouse_tax_category` (
  `tax_category_id` int(11) NOT NULL,
  `warehouse_id` int(11) NOT NULL
) ENGINE=InnoDB DEFAULT CHARSET=utf8 COLLATE=utf8_unicode_ci;

--
-- Dumping data for table `warehouse_tax_category`
--

INSERT INTO `warehouse_tax_category` (`tax_category_id`, `warehouse_id`) VALUES
(20, 56);

-- --------------------------------------------------------

--
-- Table structure for table `webburza_article`
--

CREATE TABLE `webburza_article` (
  `id` int(11) NOT NULL,
  `image_id` int(11) DEFAULT NULL,
  `category_id` int(11) DEFAULT NULL,
  `published` tinyint(1) NOT NULL,
  `featured` tinyint(1) NOT NULL,
  `published_at` datetime DEFAULT NULL,
  `created_at` datetime NOT NULL,
  `updated_at` datetime NOT NULL,
  `homepage` tinyint(1) NOT NULL,
  `author` varchar(255) COLLATE utf8_unicode_ci DEFAULT NULL,
  `author_photo` varchar(255) COLLATE utf8_unicode_ci DEFAULT NULL
) ENGINE=InnoDB DEFAULT CHARSET=utf8 COLLATE=utf8_unicode_ci;

--
-- Dumping data for table `webburza_article`
--

INSERT INTO `webburza_article` (`id`, `image_id`, `category_id`, `published`, `featured`, `published_at`, `created_at`, `updated_at`, `homepage`, `author`, `author_photo`) VALUES
(11, 10, NULL, 1, 0, '2018-08-17 13:51:00', '2018-08-17 13:51:55', '2018-08-17 14:32:19', 1, 'Jon Snow', 'https://wallpaper-house.com/data/out/10/wallpaper2you_440080.jpg'),
(12, 11, NULL, 1, 0, '2018-08-17 13:51:00', '2018-08-17 13:51:55', '2018-08-17 14:30:29', 1, 'Jon Snow', 'https://wallpaper-house.com/data/out/10/wallpaper2you_440080.jpg'),
(13, 12, NULL, 1, 0, '2018-08-17 13:51:55', '2018-08-17 13:51:55', '2018-08-17 13:51:55', 1, 'Jon Snow', 'https://wallpaper-house.com/data/out/10/wallpaper2you_440080.jpg');

-- --------------------------------------------------------

--
-- Table structure for table `webburza_article_category`
--

CREATE TABLE `webburza_article_category` (
  `id` int(11) NOT NULL,
  `code` varchar(255) COLLATE utf8_unicode_ci DEFAULT NULL,
  `published` tinyint(1) NOT NULL,
  `created_at` datetime NOT NULL,
  `updated_at` datetime NOT NULL
) ENGINE=InnoDB DEFAULT CHARSET=utf8 COLLATE=utf8_unicode_ci;

-- --------------------------------------------------------

--
-- Table structure for table `webburza_article_category_translation`
--

CREATE TABLE `webburza_article_category_translation` (
  `id` int(11) NOT NULL,
  `translatable_id` int(11) NOT NULL,
  `title` varchar(255) COLLATE utf8_unicode_ci DEFAULT NULL,
  `slug` varchar(255) COLLATE utf8_unicode_ci NOT NULL,
  `locale` varchar(255) COLLATE utf8_unicode_ci NOT NULL
) ENGINE=InnoDB DEFAULT CHARSET=utf8 COLLATE=utf8_unicode_ci;

-- --------------------------------------------------------

--
-- Table structure for table `webburza_article_image`
--

CREATE TABLE `webburza_article_image` (
  `id` int(11) NOT NULL,
  `type` varchar(255) COLLATE utf8_unicode_ci DEFAULT NULL,
  `path` varchar(255) COLLATE utf8_unicode_ci NOT NULL
) ENGINE=InnoDB DEFAULT CHARSET=utf8 COLLATE=utf8_unicode_ci;

--
-- Dumping data for table `webburza_article_image`
--

INSERT INTO `webburza_article_image` (`id`, `type`, `path`) VALUES
(10, NULL, '20/a6/794fe6dde4b701ee707f1a20840b.png'),
(11, NULL, 'd2/88/26051d154e650a913167b9572567.jpeg'),
(12, NULL, '74/79/644ef31fe89a3886fc98b21a6bc2.jpeg');

-- --------------------------------------------------------

--
-- Table structure for table `webburza_article_product`
--

CREATE TABLE `webburza_article_product` (
  `product_id` int(11) NOT NULL,
  `article_id` int(11) NOT NULL
) ENGINE=InnoDB DEFAULT CHARSET=utf8 COLLATE=utf8_unicode_ci;

-- --------------------------------------------------------

--
-- Table structure for table `webburza_article_translation`
--

CREATE TABLE `webburza_article_translation` (
  `id` int(11) NOT NULL,
  `translatable_id` int(11) NOT NULL,
  `title` varchar(255) COLLATE utf8_unicode_ci DEFAULT NULL,
  `slug` varchar(255) COLLATE utf8_unicode_ci NOT NULL,
  `lead` text COLLATE utf8_unicode_ci DEFAULT NULL,
  `content` text COLLATE utf8_unicode_ci DEFAULT NULL,
  `meta_keywords` text COLLATE utf8_unicode_ci DEFAULT NULL,
  `meta_description` text COLLATE utf8_unicode_ci DEFAULT NULL,
  `active` tinyint(1) NOT NULL,
  `locale` varchar(255) COLLATE utf8_unicode_ci NOT NULL
) ENGINE=InnoDB DEFAULT CHARSET=utf8 COLLATE=utf8_unicode_ci;

--
-- Dumping data for table `webburza_article_translation`
--

INSERT INTO `webburza_article_translation` (`id`, `translatable_id`, `title`, `slug`, `lead`, `content`, `meta_keywords`, `meta_description`, `active`, `locale`) VALUES
(11, 11, 'Patent images of the BMW 8 Series Gran Coupe Surface Online', 'patent-images-of-the-bmw-8-series-gran-coupe-surface-online', NULL, '<p>BMW last week finally gave us an official view of the upcoming 8 Series. The return of the model after 20 years is a significant step for the Bavarian manufacturer, which will now have a weapon to take on the Mercedes-Benz E-Class, Audi S8 and Porsche Panamera. However, only the coupe version had been confirmed... until now. We now have the first images providing a glimpse of the four-door Gran Coupe variant of the model. As recently happened with the BMW Z4, the leaked sketches are patent images, destined for the patent office from the Brazilian National Institute of Industrial Property. Looks increasingly like there&rsquo;s a regular inside spy somewhere... This is not the first clue BMW watchers have gotten regarding what a four-door version of the 8 Series might look like. Earlier this year, BMW presented the M8 Gran Coupe as a concept at the Geneva auto show. The leaked images we&rsquo;re seeing this week confirm that the automaker did not intend to lose time at the concept stage for long. One surprising fact about the new 8 Series is that it&rsquo;s actually shorter than the 5 Series, by about 5 cm. it&rsquo;s also shorter than the 7 Series, by about 35 cm. Clearly, the model that arrives at dealerships in the near-future won&rsquo;t be an oversized monster. We expect that the production model will most closely resemble the company&rsquo;s 6 Series. Mechanically, the Gran Coupe will be powered by the same 4.4L twin-turbo V8 found in the coupe. With 523 hp and 553 lb-ft of torque, the car will be well-equipped to rival its powerful competitors. Spy images are also floating around online of an M8 coupe variant being tested in camouflage. In its case, the same engine will deliver at least 617 hp, the same as the M5, with the distinct possibility that it will go beyond that output. The images leaked from the Brazilian National Institute of Industrial Property include one of a cabriolet version as well.</p>', NULL, NULL, 1, 'en_US'),
(12, 12, 'BMW UNVEILS NEW 8 SERIES COUPE', 'bmw-unveils-new-8-series-coupe', NULL, '<p>20 years after the 8 Series disappeared, the BMW catalogue will once again feature the line, and soon. BMW has released official images of the reborn coupe. The images reveal much about the new product, of course, but also lifts the veil on the new design signature the Bavarian automaker is planning to gradually introduce across its product range. The defining elements of this new look include an elongated silhouette and pillars that are thinner than the norm today. The rear lights are much more stretched and slender than before, which represents a departure for the brand. This is undoubtedly good news &ndash; respect for tradition is great and all, but it is possible to evolve within that! Speaking of tradition, the new 8 Series, like its predecessor, features a stretched wheelbase as well as a wider-than-average tread.</p>', NULL, NULL, 1, 'en_US'),
(13, 13, '530 Horses for the New 2019 BMW M850i', '530-horses-for-the-new-2019-bmw-m850i', NULL, 'BMW made public more details regarding the power output of its upcoming M850i, set to make its debut this summer. Owners of the reborn 8 Series will, it’s clear, will have their hands full. The 4.4L turbo engine, which BMW says has been entirely revised, produces 530 hp and an astronomical 553 lb-ft of torque. The spectacular new car, which will get its official reveal on Friday, June 15 on the eve of the 24 Hours of Le Mans will be the first of the 8 Series models that the company is bringing back after a 20-year absence. This two-door coupe will be followed a convertible and a sedan. There is also talk of a possible 700-hp M8 further down the road. To start with, though, just the coupe will be available to consumers, as an xDrive. The powertrain will however prioritize the rear wheels. The engine will run in conjunction with an 8-speed automatic transmission, the only gearbox to be offered.', NULL, NULL, 1, 'en_US');

-- --------------------------------------------------------

--
-- Table structure for table `webburza_wishlist`
--

CREATE TABLE `webburza_wishlist` (
  `id` int(11) NOT NULL,
  `user_id` int(11) NOT NULL,
  `title` varchar(255) COLLATE utf8_unicode_ci NOT NULL,
  `slug` varchar(255) COLLATE utf8_unicode_ci NOT NULL,
  `public` tinyint(1) NOT NULL,
  `description` text COLLATE utf8_unicode_ci DEFAULT NULL,
  `created_at` datetime NOT NULL,
  `updated_at` datetime NOT NULL
) ENGINE=InnoDB DEFAULT CHARSET=utf8 COLLATE=utf8_unicode_ci;

--
-- Dumping data for table `webburza_wishlist`
--

INSERT INTO `webburza_wishlist` (`id`, `user_id`, `title`, `slug`, `public`, `description`, `created_at`, `updated_at`) VALUES
(213, 225, 'Wishlist', 'wishlist', 0, NULL, '2019-04-17 11:55:57', '2019-04-17 11:55:57'),
(214, 226, 'Wishlist', 'wishlist-1', 0, NULL, '2019-04-18 08:09:48', '2019-04-18 08:09:48'),
(215, 227, 'Wishlist', 'wishlist-2', 0, NULL, '2019-04-19 20:56:21', '2019-04-19 20:56:21'),
(216, 228, 'Wishlist', 'wishlist-3', 0, NULL, '2019-04-23 11:27:11', '2019-04-23 11:27:11'),
(217, 229, 'Wishlist', 'wishlist-4', 0, NULL, '2019-04-23 11:31:44', '2019-04-23 11:31:44'),
(218, 230, 'Wishlist', 'wishlist-5', 0, NULL, '2019-04-23 12:03:35', '2019-04-23 12:03:35'),
(219, 231, 'Wishlist', 'wishlist-6', 0, NULL, '2019-04-25 10:37:29', '2019-04-25 10:37:29'),
(220, 232, 'Wishlist', 'wishlist-7', 0, NULL, '2019-04-30 09:43:52', '2019-04-30 09:43:52'),
(221, 233, 'Wishlist', 'wishlist-8', 0, NULL, '2019-05-03 10:14:13', '2019-05-03 10:14:13'),
(222, 234, 'Wishlist', 'wishlist-9', 0, NULL, '2019-05-08 07:46:14', '2019-05-08 07:46:14'),
(223, 235, 'Wishlist', 'wishlist-10', 0, NULL, '2019-05-14 12:16:12', '2019-05-14 12:16:12'),
(224, 236, 'Wishlist', 'wishlist-11', 0, NULL, '2019-05-16 08:05:59', '2019-05-16 08:05:59'),
(225, 237, 'Wishlist', 'wishlist-12', 0, NULL, '2019-05-16 09:38:46', '2019-05-16 09:38:46'),
(226, 238, 'Wishlist', 'wishlist-13', 0, NULL, '2019-05-16 10:08:23', '2019-05-16 10:08:23'),
(227, 239, 'Wishlist', 'wishlist-14', 0, NULL, '2019-05-16 10:08:47', '2019-05-16 10:08:47'),
(228, 240, 'Wishlist', 'wishlist-15', 0, NULL, '2019-05-16 10:13:08', '2019-05-16 10:13:08'),
(229, 241, 'Wishlist', 'wishlist-16', 0, NULL, '2019-05-16 11:14:11', '2019-05-16 11:14:11'),
(230, 242, 'Wishlist', 'wishlist-17', 0, NULL, '2019-05-16 12:50:47', '2019-05-16 12:50:47'),
(231, 243, 'Wishlist', 'wishlist-18', 0, NULL, '2019-05-16 13:12:35', '2019-05-16 13:12:35'),
(232, 244, 'Wishlist', 'wishlist-19', 0, NULL, '2019-05-17 12:15:16', '2019-05-17 12:15:16');

-- --------------------------------------------------------

--
-- Table structure for table `webburza_wishlist_item`
--

CREATE TABLE `webburza_wishlist_item` (
  `id` int(11) NOT NULL,
  `wishlist_id` int(11) NOT NULL,
  `product_variant_id` int(11) NOT NULL,
  `created_at` datetime NOT NULL,
  `updated_at` datetime NOT NULL
) ENGINE=InnoDB DEFAULT CHARSET=utf8 COLLATE=utf8_unicode_ci;

--
-- Indexes for dumped tables
--

--
-- Indexes for table `app_blog_category`
--
ALTER TABLE `app_blog_category`
  ADD PRIMARY KEY (`id`);

--
-- Indexes for table `app_blog_post`
--
ALTER TABLE `app_blog_post`
  ADD PRIMARY KEY (`id`),
  ADD KEY `IDX_1235BF28CB76011C` (`blog_category_id`);

--
-- Indexes for table `app_blog_post_image`
--
ALTER TABLE `app_blog_post_image`
  ADD PRIMARY KEY (`id`),
  ADD KEY `IDX_EE3A8FD0A77FBEAF` (`blog_post_id`);

--
-- Indexes for table `app_blog_post_product`
--
ALTER TABLE `app_blog_post_product`
  ADD PRIMARY KEY (`id`),
  ADD UNIQUE KEY `UNIQ_153BF1864B89032C` (`post_id`);

--
-- Indexes for table `app_blog_post_products`
--
ALTER TABLE `app_blog_post_products`
  ADD PRIMARY KEY (`post_id`,`product_id`),
  ADD KEY `IDX_1FC0D2EF4B89032C` (`post_id`),
  ADD KEY `IDX_1FC0D2EF4584665A` (`product_id`);

--
-- Indexes for table `app_blog_products`
--
ALTER TABLE `app_blog_products`
  ADD PRIMARY KEY (`id`),
  ADD KEY `IDX_5D9A43D14584665A` (`product_id`);

--
-- Indexes for table `app_blog_review`
--
ALTER TABLE `app_blog_review`
  ADD PRIMARY KEY (`id`),
  ADD KEY `IDX_B5E902BBA77FBEAF` (`blog_post_id`),
  ADD KEY `IDX_B5E902BB9395C3F3` (`customer_id`);

--
-- Indexes for table `app_blog_review_like`
--
ALTER TABLE `app_blog_review_like`
  ADD PRIMARY KEY (`id`),
  ADD KEY `IDX_3D970F43E2E969B` (`review_id`),
  ADD KEY `IDX_3D970F49395C3F3` (`customer_id`);

--
-- Indexes for table `app_buyers_guide_image`
--
ALTER TABLE `app_buyers_guide_image`
  ADD PRIMARY KEY (`id`),
  ADD KEY `IDX_AEDC1F924584665A` (`product_id`);

--
-- Indexes for table `app_buyers_guide_option`
--
ALTER TABLE `app_buyers_guide_option`
  ADD PRIMARY KEY (`id`);

--
-- Indexes for table `app_buyers_guide_product_option`
--
ALTER TABLE `app_buyers_guide_product_option`
  ADD PRIMARY KEY (`id`),
  ADD KEY `IDX_9747DA4CA7C41D6F` (`option_id`),
  ADD KEY `IDX_9747DA4C4584665A` (`product_id`);

--
-- Indexes for table `app_buyers_guide_product_related`
--
ALTER TABLE `app_buyers_guide_product_related`
  ADD PRIMARY KEY (`id`),
  ADD KEY `IDX_D4910F7D9C63753B` (`currentProduct_id`),
  ADD KEY `IDX_D4910F7DEF84988C` (`relatedProduct_id`);

--
-- Indexes for table `app_color`
--
ALTER TABLE `app_color`
  ADD PRIMARY KEY (`id`);

--
-- Indexes for table `app_contact`
--
ALTER TABLE `app_contact`
  ADD PRIMARY KEY (`id`),
  ADD KEY `IDX_A13F6675F225D54F` (`contact_main_title_id`);

--
-- Indexes for table `app_contact_content`
--
ALTER TABLE `app_contact_content`
  ADD PRIMARY KEY (`id`),
  ADD KEY `IDX_3E3034A1E7A1254A` (`contact_id`);

--
-- Indexes for table `app_contact_title`
--
ALTER TABLE `app_contact_title`
  ADD PRIMARY KEY (`id`);

--
-- Indexes for table `app_dealer`
--
ALTER TABLE `app_dealer`
  ADD PRIMARY KEY (`id`);

--
-- Indexes for table `app_dealer_image`
--
ALTER TABLE `app_dealer_image`
  ADD PRIMARY KEY (`id`),
  ADD KEY `IDX_2AC58AA07E3C61F9` (`owner_id`);

--
-- Indexes for table `app_drop_down`
--
ALTER TABLE `app_drop_down`
  ADD PRIMARY KEY (`id`),
  ADD UNIQUE KEY `UNIQ_50B82B2E77153098` (`code`);

--
-- Indexes for table `app_drop_down_option`
--
ALTER TABLE `app_drop_down_option`
  ADD PRIMARY KEY (`id`),
  ADD KEY `IDX_BAE61C701651923E` (`dropDown_id`);

--
-- Indexes for table `app_general_option`
--
ALTER TABLE `app_general_option`
  ADD PRIMARY KEY (`id`);

--
-- Indexes for table `app_help_page`
--
ALTER TABLE `app_help_page`
  ADD PRIMARY KEY (`id`);

--
-- Indexes for table `app_history`
--
ALTER TABLE `app_history`
  ADD PRIMARY KEY (`id`),
  ADD KEY `IDX_CAE7F0068D9F6D38` (`order_id`),
  ADD KEY `IDX_CAE7F006A76ED395` (`user_id`);

--
-- Indexes for table `app_home`
--
ALTER TABLE `app_home`
  ADD PRIMARY KEY (`id`);

--
-- Indexes for table `app_installer`
--
ALTER TABLE `app_installer`
  ADD PRIMARY KEY (`id`);

--
-- Indexes for table `app_interesting_products`
--
ALTER TABLE `app_interesting_products`
  ADD PRIMARY KEY (`parent_id`,`interested_id`),
  ADD KEY `IDX_B36A6871727ACA70` (`parent_id`),
  ADD KEY `IDX_B36A687149BF83C1` (`interested_id`);

--
-- Indexes for table `app_media_folder`
--
ALTER TABLE `app_media_folder`
  ADD PRIMARY KEY (`id`),
  ADD KEY `IDX_92558992727ACA70` (`parent_id`);

--
-- Indexes for table `app_media_image`
--
ALTER TABLE `app_media_image`
  ADD PRIMARY KEY (`id`),
  ADD KEY `IDX_83C1E6527E3C61F9` (`owner_id`);

--
-- Indexes for table `app_media_image_used`
--
ALTER TABLE `app_media_image_used`
  ADD PRIMARY KEY (`id`),
  ADD KEY `IDX_1566A6B332C40BDF` (`media_image_id`);

--
-- Indexes for table `app_order_item_drop_down_option`
--
ALTER TABLE `app_order_item_drop_down_option`
  ADD PRIMARY KEY (`id`),
  ADD KEY `IDX_865B30EEE415FB15` (`order_item_id`),
  ADD KEY `IDX_865B30EEC3105F0F` (`drop_down_option_id`);

--
-- Indexes for table `app_order_item_image`
--
ALTER TABLE `app_order_item_image`
  ADD PRIMARY KEY (`id`),
  ADD KEY `IDX_C87E037B7E3C61F9` (`owner_id`);

--
-- Indexes for table `app_order_item_unit_refund`
--
ALTER TABLE `app_order_item_unit_refund`
  ADD PRIMARY KEY (`id`),
  ADD KEY `IDX_6311001EA41F7A2D` (`order_refund_id`),
  ADD KEY `IDX_6311001EF720C233` (`order_item_unit_id`);

--
-- Indexes for table `app_order_item_unit_return`
--
ALTER TABLE `app_order_item_unit_return`
  ADD PRIMARY KEY (`id`),
  ADD UNIQUE KEY `UNIQ_9FA32B49F720C233` (`order_item_unit_id`),
  ADD KEY `IDX_9FA32B49A41F7A2D` (`order_refund_id`);

--
-- Indexes for table `app_order_item_usb_coding`
--
ALTER TABLE `app_order_item_usb_coding`
  ADD PRIMARY KEY (`id`),
  ADD UNIQUE KEY `UNIQ_5D9BA4CAE415FB15` (`order_item_id`);

--
-- Indexes for table `app_order_note`
--
ALTER TABLE `app_order_note`
  ADD PRIMARY KEY (`id`),
  ADD KEY `IDX_D4576B7F8D9F6D38` (`order_id`);

--
-- Indexes for table `app_order_refund`
--
ALTER TABLE `app_order_refund`
  ADD PRIMARY KEY (`id`),
  ADD KEY `IDX_5A2D1E0C8D9F6D38` (`order_id`);

--
-- Indexes for table `app_oreder_item_drop_down_option`
--
ALTER TABLE `app_oreder_item_drop_down_option`
  ADD PRIMARY KEY (`order_item_id`,`drop_down_option_id`),
  ADD KEY `IDX_EEDC404FE415FB15` (`order_item_id`),
  ADD KEY `IDX_EEDC404FC3105F0F` (`drop_down_option_id`);

--
-- Indexes for table `app_page`
--
ALTER TABLE `app_page`
  ADD PRIMARY KEY (`id`);

--
-- Indexes for table `app_page_description`
--
ALTER TABLE `app_page_description`
  ADD PRIMARY KEY (`id`),
  ADD KEY `IDX_EE66FFF5C4663E4` (`page_id`);

--
-- Indexes for table `app_page_description_image`
--
ALTER TABLE `app_page_description_image`
  ADD PRIMARY KEY (`id`),
  ADD KEY `IDX_7D0FF2907E3C61F9` (`owner_id`);

--
-- Indexes for table `app_photo_report`
--
ALTER TABLE `app_photo_report`
  ADD PRIMARY KEY (`id`),
  ADD KEY `IDX_531E1A2D7E3C61F9` (`owner_id`);

--
-- Indexes for table `app_pop_up_option`
--
ALTER TABLE `app_pop_up_option`
  ADD PRIMARY KEY (`id`);

--
-- Indexes for table `app_products_properties`
--
ALTER TABLE `app_products_properties`
  ADD PRIMARY KEY (`product_id`,`property_id`),
  ADD KEY `IDX_B22211C549213EC` (`property_id`),
  ADD KEY `IDX_B22211C4584665A` (`product_id`);

--
-- Indexes for table `app_product_bestseller`
--
ALTER TABLE `app_product_bestseller`
  ADD PRIMARY KEY (`id`),
  ADD UNIQUE KEY `UNIQ_A33AFC97F6121304` (`produuct_id`);

--
-- Indexes for table `app_product_car_model`
--
ALTER TABLE `app_product_car_model`
  ADD PRIMARY KEY (`id`),
  ADD KEY `IDX_C7DBEC1C4584665A` (`product_id`),
  ADD KEY `IDX_C7DBEC1CF64382E3` (`car_model_id`);

--
-- Indexes for table `app_product_description`
--
ALTER TABLE `app_product_description`
  ADD PRIMARY KEY (`id`),
  ADD KEY `IDX_9F7536FC4584665A` (`product_id`);

--
-- Indexes for table `app_product_description_image`
--
ALTER TABLE `app_product_description_image`
  ADD PRIMARY KEY (`id`),
  ADD KEY `IDX_A99AD3E47E3C61F9` (`owner_id`);

--
-- Indexes for table `app_product_installer`
--
ALTER TABLE `app_product_installer`
  ADD PRIMARY KEY (`id`),
  ADD KEY `IDX_6390A45B4584665A` (`product_id`);

--
-- Indexes for table `app_product_installers_image`
--
ALTER TABLE `app_product_installers_image`
  ADD PRIMARY KEY (`id`),
  ADD KEY `IDX_E5E1CDE07E3C61F9` (`owner_id`);

--
-- Indexes for table `app_product_property`
--
ALTER TABLE `app_product_property`
  ADD PRIMARY KEY (`id`);

--
-- Indexes for table `app_product_review_like`
--
ALTER TABLE `app_product_review_like`
  ADD PRIMARY KEY (`id`),
  ADD KEY `IDX_BC467B713E2E969B` (`review_id`),
  ADD KEY `IDX_BC467B719395C3F3` (`customer_id`);

--
-- Indexes for table `app_save_price`
--
ALTER TABLE `app_save_price`
  ADD PRIMARY KEY (`id`),
  ADD UNIQUE KEY `UNIQ_A174FCC54584665A` (`product_id`);

--
-- Indexes for table `app_tag`
--
ALTER TABLE `app_tag`
  ADD PRIMARY KEY (`id`),
  ADD KEY `IDX_2DFB04444584665A` (`product_id`);

--
-- Indexes for table `app_taxon_bestseller`
--
ALTER TABLE `app_taxon_bestseller`
  ADD PRIMARY KEY (`id`),
  ADD UNIQUE KEY `UNIQ_E141FF3FDE13F470` (`taxon_id`);

--
-- Indexes for table `app_taxon_inteteresting_products`
--
ALTER TABLE `app_taxon_inteteresting_products`
  ADD PRIMARY KEY (`taxon_id`,`product_id`),
  ADD KEY `IDX_30289A91DE13F470` (`taxon_id`),
  ADD KEY `IDX_30289A914584665A` (`product_id`);

--
-- Indexes for table `app_taxon_product_related`
--
ALTER TABLE `app_taxon_product_related`
  ADD PRIMARY KEY (`id`),
  ADD UNIQUE KEY `UNIQ_5BFBDFDBDE13F470` (`taxon_id`);

--
-- Indexes for table `bitbag_cms_block`
--
ALTER TABLE `bitbag_cms_block`
  ADD PRIMARY KEY (`id`),
  ADD UNIQUE KEY `UNIQ_321C84CF77153098` (`code`);

--
-- Indexes for table `bitbag_cms_block_image`
--
ALTER TABLE `bitbag_cms_block_image`
  ADD PRIMARY KEY (`id`),
  ADD UNIQUE KEY `UNIQ_D6FD8B297E3C61F9` (`owner_id`);

--
-- Indexes for table `bitbag_cms_block_products`
--
ALTER TABLE `bitbag_cms_block_products`
  ADD PRIMARY KEY (`page_id`,`product_id`),
  ADD KEY `IDX_C4B9089FC4663E4` (`page_id`),
  ADD KEY `IDX_C4B9089F4584665A` (`product_id`);

--
-- Indexes for table `bitbag_cms_block_sections`
--
ALTER TABLE `bitbag_cms_block_sections`
  ADD PRIMARY KEY (`block_id`,`section_id`),
  ADD KEY `IDX_5C95115DE9ED820C` (`block_id`),
  ADD KEY `IDX_5C95115DD823E37A` (`section_id`);

--
-- Indexes for table `bitbag_cms_block_translation`
--
ALTER TABLE `bitbag_cms_block_translation`
  ADD PRIMARY KEY (`id`),
  ADD UNIQUE KEY `bitbag_cms_block_translation_uniq_trans` (`translatable_id`,`locale`),
  ADD KEY `IDX_32897FDF2C2AC5D3` (`translatable_id`);

--
-- Indexes for table `bitbag_cms_faq`
--
ALTER TABLE `bitbag_cms_faq`
  ADD PRIMARY KEY (`id`);

--
-- Indexes for table `bitbag_cms_faq_translation`
--
ALTER TABLE `bitbag_cms_faq_translation`
  ADD PRIMARY KEY (`id`),
  ADD UNIQUE KEY `bitbag_cms_faq_translation_uniq_trans` (`translatable_id`,`locale`),
  ADD KEY `IDX_8B30DD2E2C2AC5D3` (`translatable_id`);

--
-- Indexes for table `bitbag_cms_page`
--
ALTER TABLE `bitbag_cms_page`
  ADD PRIMARY KEY (`id`),
  ADD UNIQUE KEY `UNIQ_18F07F1B77153098` (`code`);

--
-- Indexes for table `bitbag_cms_page_image`
--
ALTER TABLE `bitbag_cms_page_image`
  ADD PRIMARY KEY (`id`),
  ADD UNIQUE KEY `UNIQ_C9C589EA7E3C61F9` (`owner_id`);

--
-- Indexes for table `bitbag_cms_page_products`
--
ALTER TABLE `bitbag_cms_page_products`
  ADD PRIMARY KEY (`page_id`,`product_id`),
  ADD KEY `IDX_4D64FA85C4663E4` (`page_id`),
  ADD KEY `IDX_4D64FA854584665A` (`product_id`);

--
-- Indexes for table `bitbag_cms_page_sections`
--
ALTER TABLE `bitbag_cms_page_sections`
  ADD PRIMARY KEY (`block_id`,`section_id`),
  ADD KEY `IDX_D548E347E9ED820C` (`block_id`),
  ADD KEY `IDX_D548E347D823E37A` (`section_id`);

--
-- Indexes for table `bitbag_cms_page_translation`
--
ALTER TABLE `bitbag_cms_page_translation`
  ADD PRIMARY KEY (`id`),
  ADD UNIQUE KEY `bitbag_cms_page_translation_uniq_trans` (`translatable_id`,`locale`),
  ADD KEY `IDX_FDD074A62C2AC5D3` (`translatable_id`);

--
-- Indexes for table `bitbag_cms_section`
--
ALTER TABLE `bitbag_cms_section`
  ADD PRIMARY KEY (`id`),
  ADD UNIQUE KEY `UNIQ_421D079777153098` (`code`);

--
-- Indexes for table `bitbag_cms_section_translation`
--
ALTER TABLE `bitbag_cms_section_translation`
  ADD PRIMARY KEY (`id`),
  ADD UNIQUE KEY `bitbag_cms_section_translation_uniq_trans` (`translatable_id`,`locale`),
  ADD KEY `IDX_F99CA8582C2AC5D3` (`translatable_id`);

--
-- Indexes for table `bitbag_shipping_export`
--
ALTER TABLE `bitbag_shipping_export`
  ADD PRIMARY KEY (`id`),
  ADD UNIQUE KEY `UNIQ_20E62D9F7BE036FC` (`shipment_id`),
  ADD KEY `IDX_20E62D9FEF84DE5E` (`shipping_gateway_id`);

--
-- Indexes for table `bitbag_shipping_gateway`
--
ALTER TABLE `bitbag_shipping_gateway`
  ADD PRIMARY KEY (`id`);

--
-- Indexes for table `bitbag_shipping_gateway_method`
--
ALTER TABLE `bitbag_shipping_gateway_method`
  ADD PRIMARY KEY (`shipping_gateway_id`,`shipping_method_id`),
  ADD KEY `IDX_8606B9CBEF84DE5E` (`shipping_gateway_id`),
  ADD KEY `IDX_8606B9CB5F7D6850` (`shipping_method_id`);

--
-- Indexes for table `car_model`
--
ALTER TABLE `car_model`
  ADD PRIMARY KEY (`id`);

--
-- Indexes for table `comment`
--
ALTER TABLE `comment`
  ADD PRIMARY KEY (`id`),
  ADD KEY `IDX_9474526C23EDC87` (`subject_id`),
  ADD KEY `IDX_9474526CA76ED395` (`user_id`),
  ADD KEY `IDX_9474526C8D9F6D38` (`order_id`);

--
-- Indexes for table `dropdownoption_orderitem`
--
ALTER TABLE `dropdownoption_orderitem`
  ADD PRIMARY KEY (`dropdownoption_id`,`orderitem_id`),
  ADD KEY `IDX_30F6CD6FA06B1BFE` (`dropdownoption_id`),
  ADD KEY `IDX_30F6CD6F28D3A508` (`orderitem_id`);

--
-- Indexes for table `faq_header`
--
ALTER TABLE `faq_header`
  ADD PRIMARY KEY (`id`);

--
-- Indexes for table `faq_question`
--
ALTER TABLE `faq_question`
  ADD PRIMARY KEY (`id`),
  ADD KEY `IDX_4A55B0592EF91FD8` (`header_id`);

--
-- Indexes for table `jms_cron_jobs`
--
ALTER TABLE `jms_cron_jobs`
  ADD PRIMARY KEY (`id`),
  ADD UNIQUE KEY `UNIQ_55F5ED428ECAEAD4` (`command`);

--
-- Indexes for table `jms_jobs`
--
ALTER TABLE `jms_jobs`
  ADD PRIMARY KEY (`id`),
  ADD KEY `IDX_704ADB9349C447F1` (`originalJob_id`),
  ADD KEY `cmd_search_index` (`command`),
  ADD KEY `sorting_index` (`state`,`priority`,`id`);

--
-- Indexes for table `jms_job_dependencies`
--
ALTER TABLE `jms_job_dependencies`
  ADD PRIMARY KEY (`source_job_id`,`dest_job_id`),
  ADD KEY `IDX_8DCFE92CBD1F6B4F` (`source_job_id`),
  ADD KEY `IDX_8DCFE92C32CF8D4C` (`dest_job_id`);

--
-- Indexes for table `jms_job_related_entities`
--
ALTER TABLE `jms_job_related_entities`
  ADD PRIMARY KEY (`job_id`,`related_class`,`related_id`),
  ADD KEY `IDX_E956F4E2BE04EA9` (`job_id`);

--
-- Indexes for table `jms_job_statistics`
--
ALTER TABLE `jms_job_statistics`
  ADD PRIMARY KEY (`job_id`,`characteristic`,`createdAt`);

--
-- Indexes for table `productvariant_productoptionvalueinterface`
--
ALTER TABLE `productvariant_productoptionvalueinterface`
  ADD PRIMARY KEY (`productvariant_id`,`productoptionvalueinterface_id`),
  ADD KEY `IDX_4401C5141855BE3F` (`productvariant_id`),
  ADD KEY `IDX_4401C514C78B50C9` (`productoptionvalueinterface_id`);

--
-- Indexes for table `product_drop_down`
--
ALTER TABLE `product_drop_down`
  ADD PRIMARY KEY (`product_id`,`drop_down_id`),
  ADD KEY `IDX_9677C2964584665A` (`product_id`),
  ADD KEY `IDX_9677C29625D672DC` (`drop_down_id`);

--
-- Indexes for table `product_popup_option`
--
ALTER TABLE `product_popup_option`
  ADD PRIMARY KEY (`product_id`,`popup_option_id`),
  ADD KEY `IDX_CFE3ADD14584665A` (`product_id`),
  ADD KEY `IDX_CFE3ADD1FA2BEE03` (`popup_option_id`);

--
-- Indexes for table `product_property_image`
--
ALTER TABLE `product_property_image`
  ADD PRIMARY KEY (`id`),
  ADD KEY `IDX_5047BB7E7E3C61F9` (`owner_id`);

--
-- Indexes for table `slide`
--
ALTER TABLE `slide`
  ADD PRIMARY KEY (`id`),
  ADD KEY `IDX_72EFEE622CCC9638` (`slider_id`),
  ADD KEY `IDX_72EFEE624584665A` (`product_id`);

--
-- Indexes for table `slider`
--
ALTER TABLE `slider`
  ADD PRIMARY KEY (`id`);

--
-- Indexes for table `slide_image`
--
ALTER TABLE `slide_image`
  ADD PRIMARY KEY (`id`),
  ADD KEY `IDX_44B4D27C7E3C61F9` (`owner_id`);

--
-- Indexes for table `sylius_address`
--
ALTER TABLE `sylius_address`
  ADD PRIMARY KEY (`id`),
  ADD KEY `IDX_B97FF0589395C3F3` (`customer_id`);

--
-- Indexes for table `sylius_address_log_entries`
--
ALTER TABLE `sylius_address_log_entries`
  ADD PRIMARY KEY (`id`);

--
-- Indexes for table `sylius_adjustment`
--
ALTER TABLE `sylius_adjustment`
  ADD PRIMARY KEY (`id`),
  ADD KEY `IDX_ACA6E0F28D9F6D38` (`order_id`),
  ADD KEY `IDX_ACA6E0F2E415FB15` (`order_item_id`),
  ADD KEY `IDX_ACA6E0F2F720C233` (`order_item_unit_id`);

--
-- Indexes for table `sylius_admin_api_access_token`
--
ALTER TABLE `sylius_admin_api_access_token`
  ADD PRIMARY KEY (`id`),
  ADD UNIQUE KEY `UNIQ_2AA4915D5F37A13B` (`token`),
  ADD KEY `IDX_2AA4915D19EB6921` (`client_id`),
  ADD KEY `IDX_2AA4915DA76ED395` (`user_id`);

--
-- Indexes for table `sylius_admin_api_auth_code`
--
ALTER TABLE `sylius_admin_api_auth_code`
  ADD PRIMARY KEY (`id`),
  ADD UNIQUE KEY `UNIQ_E366D8485F37A13B` (`token`),
  ADD KEY `IDX_E366D84819EB6921` (`client_id`),
  ADD KEY `IDX_E366D848A76ED395` (`user_id`);

--
-- Indexes for table `sylius_admin_api_client`
--
ALTER TABLE `sylius_admin_api_client`
  ADD PRIMARY KEY (`id`);

--
-- Indexes for table `sylius_admin_api_refresh_token`
--
ALTER TABLE `sylius_admin_api_refresh_token`
  ADD PRIMARY KEY (`id`),
  ADD UNIQUE KEY `UNIQ_9160E3FA5F37A13B` (`token`),
  ADD KEY `IDX_9160E3FA19EB6921` (`client_id`),
  ADD KEY `IDX_9160E3FAA76ED395` (`user_id`);

--
-- Indexes for table `sylius_admin_user`
--
ALTER TABLE `sylius_admin_user`
  ADD PRIMARY KEY (`id`);

--
-- Indexes for table `sylius_admin_user_coding`
--
ALTER TABLE `sylius_admin_user_coding`
  ADD PRIMARY KEY (`id`);

--
-- Indexes for table `sylius_admin_user_logistic`
--
ALTER TABLE `sylius_admin_user_logistic`
  ADD PRIMARY KEY (`id`),
  ADD KEY `IDX_73B11AA25080ECDE` (`warehouse_id`);

--
-- Indexes for table `sylius_admin_user_marketing`
--
ALTER TABLE `sylius_admin_user_marketing`
  ADD PRIMARY KEY (`id`);

--
-- Indexes for table `sylius_admin_user_sale`
--
ALTER TABLE `sylius_admin_user_sale`
  ADD PRIMARY KEY (`id`);

--
-- Indexes for table `sylius_admin_user_support`
--
ALTER TABLE `sylius_admin_user_support`
  ADD PRIMARY KEY (`id`);

--
-- Indexes for table `sylius_channel`
--
ALTER TABLE `sylius_channel`
  ADD PRIMARY KEY (`id`),
  ADD UNIQUE KEY `UNIQ_16C8119E77153098` (`code`),
  ADD KEY `IDX_16C8119E743BF776` (`default_locale_id`),
  ADD KEY `IDX_16C8119E3101778E` (`base_currency_id`),
  ADD KEY `IDX_16C8119EA978C17` (`default_tax_zone_id`),
  ADD KEY `IDX_16C8119EE551C011` (`hostname`);

--
-- Indexes for table `sylius_channel_currencies`
--
ALTER TABLE `sylius_channel_currencies`
  ADD PRIMARY KEY (`channel_id`,`currency_id`),
  ADD KEY `IDX_AE491F9372F5A1AA` (`channel_id`),
  ADD KEY `IDX_AE491F9338248176` (`currency_id`);

--
-- Indexes for table `sylius_channel_locales`
--
ALTER TABLE `sylius_channel_locales`
  ADD PRIMARY KEY (`channel_id`,`locale_id`),
  ADD KEY `IDX_786B7A8472F5A1AA` (`channel_id`),
  ADD KEY `IDX_786B7A84E559DFD1` (`locale_id`);

--
-- Indexes for table `sylius_channel_pricing`
--
ALTER TABLE `sylius_channel_pricing`
  ADD PRIMARY KEY (`id`),
  ADD UNIQUE KEY `product_variant_channel_idx` (`product_variant_id`,`channel_code`),
  ADD KEY `IDX_7801820CA80EF684` (`product_variant_id`);

--
-- Indexes for table `sylius_country`
--
ALTER TABLE `sylius_country`
  ADD PRIMARY KEY (`id`),
  ADD UNIQUE KEY `UNIQ_E74256BF77153098` (`code`),
  ADD KEY `IDX_E74256BF77153098` (`code`);

--
-- Indexes for table `sylius_currency`
--
ALTER TABLE `sylius_currency`
  ADD PRIMARY KEY (`id`),
  ADD UNIQUE KEY `UNIQ_96EDD3D077153098` (`code`);

--
-- Indexes for table `sylius_customer`
--
ALTER TABLE `sylius_customer`
  ADD PRIMARY KEY (`id`),
  ADD UNIQUE KEY `UNIQ_7E82D5E6E7927C74` (`email`),
  ADD UNIQUE KEY `UNIQ_7E82D5E6A0D96FBF` (`email_canonical`),
  ADD UNIQUE KEY `UNIQ_7E82D5E6BD94FB16` (`default_address_id`),
  ADD KEY `IDX_7E82D5E6D2919A68` (`customer_group_id`),
  ADD KEY `IDX_7E82D5E612735662` (`user_sale_id`);

--
-- Indexes for table `sylius_customer_group`
--
ALTER TABLE `sylius_customer_group`
  ADD PRIMARY KEY (`id`),
  ADD UNIQUE KEY `UNIQ_7FCF9B0577153098` (`code`);

--
-- Indexes for table `sylius_exchange_rate`
--
ALTER TABLE `sylius_exchange_rate`
  ADD PRIMARY KEY (`id`),
  ADD UNIQUE KEY `UNIQ_5F52B852A76BEEDB3FD5856` (`source_currency`,`target_currency`),
  ADD KEY `IDX_5F52B852A76BEED` (`source_currency`),
  ADD KEY `IDX_5F52B85B3FD5856` (`target_currency`);

--
-- Indexes for table `sylius_gateway_config`
--
ALTER TABLE `sylius_gateway_config`
  ADD PRIMARY KEY (`id`);

--
-- Indexes for table `sylius_locale`
--
ALTER TABLE `sylius_locale`
  ADD PRIMARY KEY (`id`),
  ADD UNIQUE KEY `UNIQ_7BA1286477153098` (`code`);

--
-- Indexes for table `sylius_order`
--
ALTER TABLE `sylius_order`
  ADD PRIMARY KEY (`id`),
  ADD UNIQUE KEY `UNIQ_6196A1F996901F54` (`number`),
  ADD UNIQUE KEY `UNIQ_6196A1F94D4CFF2B` (`shipping_address_id`),
  ADD UNIQUE KEY `UNIQ_6196A1F979D0C0E4` (`billing_address_id`),
  ADD KEY `IDX_6196A1F972F5A1AA` (`channel_id`),
  ADD KEY `IDX_6196A1F917B24436` (`promotion_coupon_id`),
  ADD KEY `IDX_6196A1F99395C3F3` (`customer_id`),
  ADD KEY `IDX_6196A1F919A28D4A` (`userSale_id`),
  ADD KEY `IDX_6196A1F95080ECDE` (`warehouse_id`);

--
-- Indexes for table `sylius_order_item`
--
ALTER TABLE `sylius_order_item`
  ADD PRIMARY KEY (`id`),
  ADD KEY `IDX_77B587ED8D9F6D38` (`order_id`),
  ADD KEY `IDX_77B587ED3B69A9AF` (`variant_id`),
  ADD KEY `IDX_77B587ED5080ECDE` (`warehouse_id`),
  ADD KEY `IDX_77B587ED727ACA70` (`parent_id`),
  ADD KEY `IDX_77B587ED8439B702` (`save_price_id`);

--
-- Indexes for table `sylius_order_item_unit`
--
ALTER TABLE `sylius_order_item_unit`
  ADD PRIMARY KEY (`id`),
  ADD KEY `IDX_82BF226EE415FB15` (`order_item_id`),
  ADD KEY `IDX_82BF226E7BE036FC` (`shipment_id`),
  ADD KEY `IDX_82BF226E5080ECDE` (`warehouse_id`);

--
-- Indexes for table `sylius_order_sequence`
--
ALTER TABLE `sylius_order_sequence`
  ADD PRIMARY KEY (`id`);

--
-- Indexes for table `sylius_payment`
--
ALTER TABLE `sylius_payment`
  ADD PRIMARY KEY (`id`),
  ADD KEY `IDX_D9191BD419883967` (`method_id`),
  ADD KEY `IDX_D9191BD48D9F6D38` (`order_id`);

--
-- Indexes for table `sylius_payment_method`
--
ALTER TABLE `sylius_payment_method`
  ADD PRIMARY KEY (`id`),
  ADD UNIQUE KEY `UNIQ_A75B0B0D77153098` (`code`),
  ADD KEY `IDX_A75B0B0DF23D6140` (`gateway_config_id`);

--
-- Indexes for table `sylius_payment_method_channels`
--
ALTER TABLE `sylius_payment_method_channels`
  ADD PRIMARY KEY (`payment_method_id`,`channel_id`),
  ADD KEY `IDX_543AC0CC5AA1164F` (`payment_method_id`),
  ADD KEY `IDX_543AC0CC72F5A1AA` (`channel_id`);

--
-- Indexes for table `sylius_payment_method_translation`
--
ALTER TABLE `sylius_payment_method_translation`
  ADD PRIMARY KEY (`id`),
  ADD UNIQUE KEY `sylius_payment_method_translation_uniq_trans` (`translatable_id`,`locale`),
  ADD KEY `IDX_966BE3A12C2AC5D3` (`translatable_id`);

--
-- Indexes for table `sylius_payment_security_token`
--
ALTER TABLE `sylius_payment_security_token`
  ADD PRIMARY KEY (`hash`);

--
-- Indexes for table `sylius_product`
--
ALTER TABLE `sylius_product`
  ADD PRIMARY KEY (`id`),
  ADD UNIQUE KEY `UNIQ_677B9B7477153098` (`code`),
  ADD KEY `IDX_677B9B74731E505` (`main_taxon_id`),
  ADD KEY `IDX_677B9B746DD2AD1` (`flagColor_id`);

--
-- Indexes for table `sylius_product_association`
--
ALTER TABLE `sylius_product_association`
  ADD PRIMARY KEY (`id`),
  ADD UNIQUE KEY `product_association_idx` (`product_id`,`association_type_id`),
  ADD KEY `IDX_48E9CDABB1E1C39` (`association_type_id`),
  ADD KEY `IDX_48E9CDAB4584665A` (`product_id`);

--
-- Indexes for table `sylius_product_association_product`
--
ALTER TABLE `sylius_product_association_product`
  ADD PRIMARY KEY (`association_id`,`product_id`),
  ADD KEY `IDX_A427B983EFB9C8A5` (`association_id`),
  ADD KEY `IDX_A427B9834584665A` (`product_id`);

--
-- Indexes for table `sylius_product_association_type`
--
ALTER TABLE `sylius_product_association_type`
  ADD PRIMARY KEY (`id`),
  ADD UNIQUE KEY `UNIQ_CCB8914C77153098` (`code`);

--
-- Indexes for table `sylius_product_association_type_translation`
--
ALTER TABLE `sylius_product_association_type_translation`
  ADD PRIMARY KEY (`id`),
  ADD UNIQUE KEY `sylius_product_association_type_translation_uniq_trans` (`translatable_id`,`locale`),
  ADD KEY `IDX_4F618E52C2AC5D3` (`translatable_id`);

--
-- Indexes for table `sylius_product_attribute`
--
ALTER TABLE `sylius_product_attribute`
  ADD PRIMARY KEY (`id`),
  ADD UNIQUE KEY `UNIQ_BFAF484A77153098` (`code`);

--
-- Indexes for table `sylius_product_attribute_translation`
--
ALTER TABLE `sylius_product_attribute_translation`
  ADD PRIMARY KEY (`id`),
  ADD UNIQUE KEY `sylius_product_attribute_translation_uniq_trans` (`translatable_id`,`locale`),
  ADD KEY `IDX_93850EBA2C2AC5D3` (`translatable_id`);

--
-- Indexes for table `sylius_product_attribute_value`
--
ALTER TABLE `sylius_product_attribute_value`
  ADD PRIMARY KEY (`id`),
  ADD KEY `IDX_8A053E544584665A` (`product_id`),
  ADD KEY `IDX_8A053E54B6E62EFA` (`attribute_id`);

--
-- Indexes for table `sylius_product_channels`
--
ALTER TABLE `sylius_product_channels`
  ADD PRIMARY KEY (`product_id`,`channel_id`),
  ADD KEY `IDX_F9EF269B4584665A` (`product_id`),
  ADD KEY `IDX_F9EF269B72F5A1AA` (`channel_id`);

--
-- Indexes for table `sylius_product_image`
--
ALTER TABLE `sylius_product_image`
  ADD PRIMARY KEY (`id`),
  ADD KEY `IDX_88C64B2D7E3C61F9` (`owner_id`);

--
-- Indexes for table `sylius_product_image_product_variants`
--
ALTER TABLE `sylius_product_image_product_variants`
  ADD PRIMARY KEY (`image_id`,`variant_id`),
  ADD KEY `IDX_8FFDAE8D3DA5256D` (`image_id`),
  ADD KEY `IDX_8FFDAE8D3B69A9AF` (`variant_id`);

--
-- Indexes for table `sylius_product_option`
--
ALTER TABLE `sylius_product_option`
  ADD PRIMARY KEY (`id`),
  ADD UNIQUE KEY `UNIQ_E4C0EBEF77153098` (`code`);

--
-- Indexes for table `sylius_product_options`
--
ALTER TABLE `sylius_product_options`
  ADD PRIMARY KEY (`product_id`,`option_id`),
  ADD KEY `IDX_2B5FF0094584665A` (`product_id`),
  ADD KEY `IDX_2B5FF009A7C41D6F` (`option_id`);

--
-- Indexes for table `sylius_product_option_translation`
--
ALTER TABLE `sylius_product_option_translation`
  ADD PRIMARY KEY (`id`),
  ADD UNIQUE KEY `sylius_product_option_translation_uniq_trans` (`translatable_id`,`locale`),
  ADD KEY `IDX_CBA491AD2C2AC5D3` (`translatable_id`);

--
-- Indexes for table `sylius_product_option_value`
--
ALTER TABLE `sylius_product_option_value`
  ADD PRIMARY KEY (`id`),
  ADD UNIQUE KEY `UNIQ_F7FF7D4B77153098` (`code`),
  ADD KEY `IDX_F7FF7D4BA7C41D6F` (`option_id`);

--
-- Indexes for table `sylius_product_option_value_translation`
--
ALTER TABLE `sylius_product_option_value_translation`
  ADD PRIMARY KEY (`id`),
  ADD UNIQUE KEY `sylius_product_option_value_translation_uniq_trans` (`translatable_id`,`locale`),
  ADD KEY `IDX_8D4382DC2C2AC5D3` (`translatable_id`);

--
-- Indexes for table `sylius_product_review`
--
ALTER TABLE `sylius_product_review`
  ADD PRIMARY KEY (`id`),
  ADD KEY `IDX_C7056A994584665A` (`product_id`),
  ADD KEY `IDX_C7056A99F675F31B` (`author_id`);

--
-- Indexes for table `sylius_product_taxon`
--
ALTER TABLE `sylius_product_taxon`
  ADD PRIMARY KEY (`id`),
  ADD UNIQUE KEY `product_taxon_idx` (`product_id`,`taxon_id`),
  ADD KEY `IDX_169C6CD94584665A` (`product_id`),
  ADD KEY `IDX_169C6CD9DE13F470` (`taxon_id`);

--
-- Indexes for table `sylius_product_translation`
--
ALTER TABLE `sylius_product_translation`
  ADD PRIMARY KEY (`id`),
  ADD UNIQUE KEY `UNIQ_105A9084180C698989D9B62` (`locale`,`slug`),
  ADD UNIQUE KEY `sylius_product_translation_uniq_trans` (`translatable_id`,`locale`),
  ADD KEY `IDX_105A9082C2AC5D3` (`translatable_id`);

--
-- Indexes for table `sylius_product_variant`
--
ALTER TABLE `sylius_product_variant`
  ADD PRIMARY KEY (`id`),
  ADD UNIQUE KEY `UNIQ_A29B52377153098` (`code`),
  ADD KEY `IDX_A29B5234584665A` (`product_id`),
  ADD KEY `IDX_A29B5239DF894ED` (`tax_category_id`),
  ADD KEY `IDX_A29B5239E2D1A41` (`shipping_category_id`),
  ADD KEY `IDX_A29B523C2FF966E` (`defaultWarehouse_id`);

--
-- Indexes for table `sylius_product_variant_option_value`
--
ALTER TABLE `sylius_product_variant_option_value`
  ADD PRIMARY KEY (`variant_id`,`option_value_id`),
  ADD KEY `IDX_76CDAFA13B69A9AF` (`variant_id`),
  ADD KEY `IDX_76CDAFA1D957CA06` (`option_value_id`);

--
-- Indexes for table `sylius_product_variant_translation`
--
ALTER TABLE `sylius_product_variant_translation`
  ADD PRIMARY KEY (`id`),
  ADD UNIQUE KEY `sylius_product_variant_translation_uniq_trans` (`translatable_id`,`locale`),
  ADD KEY `IDX_8DC18EDC2C2AC5D3` (`translatable_id`);

--
-- Indexes for table `sylius_promotion`
--
ALTER TABLE `sylius_promotion`
  ADD PRIMARY KEY (`id`),
  ADD UNIQUE KEY `UNIQ_F157396377153098` (`code`);

--
-- Indexes for table `sylius_promotion_action`
--
ALTER TABLE `sylius_promotion_action`
  ADD PRIMARY KEY (`id`),
  ADD KEY `IDX_933D0915139DF194` (`promotion_id`);

--
-- Indexes for table `sylius_promotion_channels`
--
ALTER TABLE `sylius_promotion_channels`
  ADD PRIMARY KEY (`promotion_id`,`channel_id`),
  ADD KEY `IDX_1A044F64139DF194` (`promotion_id`),
  ADD KEY `IDX_1A044F6472F5A1AA` (`channel_id`);

--
-- Indexes for table `sylius_promotion_coupon`
--
ALTER TABLE `sylius_promotion_coupon`
  ADD PRIMARY KEY (`id`),
  ADD UNIQUE KEY `UNIQ_B04EBA8577153098` (`code`),
  ADD KEY `IDX_B04EBA85139DF194` (`promotion_id`);

--
-- Indexes for table `sylius_promotion_order`
--
ALTER TABLE `sylius_promotion_order`
  ADD PRIMARY KEY (`order_id`,`promotion_id`),
  ADD KEY `IDX_BF9CF6FB8D9F6D38` (`order_id`),
  ADD KEY `IDX_BF9CF6FB139DF194` (`promotion_id`);

--
-- Indexes for table `sylius_promotion_rule`
--
ALTER TABLE `sylius_promotion_rule`
  ADD PRIMARY KEY (`id`),
  ADD KEY `IDX_2C188EA8139DF194` (`promotion_id`);

--
-- Indexes for table `sylius_province`
--
ALTER TABLE `sylius_province`
  ADD PRIMARY KEY (`id`),
  ADD UNIQUE KEY `UNIQ_B5618FE477153098` (`code`),
  ADD UNIQUE KEY `UNIQ_B5618FE4F92F3E705E237E06` (`country_id`,`name`),
  ADD KEY `IDX_B5618FE4F92F3E70` (`country_id`);

--
-- Indexes for table `sylius_shipment`
--
ALTER TABLE `sylius_shipment`
  ADD PRIMARY KEY (`id`),
  ADD KEY `IDX_FD707B3319883967` (`method_id`),
  ADD KEY `IDX_FD707B338D9F6D38` (`order_id`);

--
-- Indexes for table `sylius_shipping_category`
--
ALTER TABLE `sylius_shipping_category`
  ADD PRIMARY KEY (`id`),
  ADD UNIQUE KEY `UNIQ_B1D6465277153098` (`code`);

--
-- Indexes for table `sylius_shipping_method`
--
ALTER TABLE `sylius_shipping_method`
  ADD PRIMARY KEY (`id`),
  ADD UNIQUE KEY `UNIQ_5FB0EE1177153098` (`code`),
  ADD KEY `IDX_5FB0EE1112469DE2` (`category_id`),
  ADD KEY `IDX_5FB0EE119F2C3FAB` (`zone_id`),
  ADD KEY `IDX_5FB0EE119DF894ED` (`tax_category_id`);

--
-- Indexes for table `sylius_shipping_method_channels`
--
ALTER TABLE `sylius_shipping_method_channels`
  ADD PRIMARY KEY (`shipping_method_id`,`channel_id`),
  ADD KEY `IDX_2D9833355F7D6850` (`shipping_method_id`),
  ADD KEY `IDX_2D98333572F5A1AA` (`channel_id`);

--
-- Indexes for table `sylius_shipping_method_translation`
--
ALTER TABLE `sylius_shipping_method_translation`
  ADD PRIMARY KEY (`id`),
  ADD UNIQUE KEY `sylius_shipping_method_translation_uniq_trans` (`translatable_id`,`locale`),
  ADD KEY `IDX_2B37DB3D2C2AC5D3` (`translatable_id`);

--
-- Indexes for table `sylius_shop_user`
--
ALTER TABLE `sylius_shop_user`
  ADD PRIMARY KEY (`id`),
  ADD UNIQUE KEY `UNIQ_7C2B74809395C3F3` (`customer_id`);

--
-- Indexes for table `sylius_taxon`
--
ALTER TABLE `sylius_taxon`
  ADD PRIMARY KEY (`id`),
  ADD UNIQUE KEY `UNIQ_CFD811CA77153098` (`code`),
  ADD KEY `IDX_CFD811CAA977936C` (`tree_root`),
  ADD KEY `IDX_CFD811CA727ACA70` (`parent_id`);

--
-- Indexes for table `sylius_taxon_image`
--
ALTER TABLE `sylius_taxon_image`
  ADD PRIMARY KEY (`id`),
  ADD KEY `IDX_DBE52B287E3C61F9` (`owner_id`);

--
-- Indexes for table `sylius_taxon_translation`
--
ALTER TABLE `sylius_taxon_translation`
  ADD PRIMARY KEY (`id`),
  ADD UNIQUE KEY `slug_uidx` (`locale`,`slug`),
  ADD UNIQUE KEY `sylius_taxon_translation_uniq_trans` (`translatable_id`,`locale`),
  ADD KEY `IDX_1487DFCF2C2AC5D3` (`translatable_id`);

--
-- Indexes for table `sylius_tax_category`
--
ALTER TABLE `sylius_tax_category`
  ADD PRIMARY KEY (`id`),
  ADD UNIQUE KEY `UNIQ_221EB0BE77153098` (`code`);

--
-- Indexes for table `sylius_tax_rate`
--
ALTER TABLE `sylius_tax_rate`
  ADD PRIMARY KEY (`id`),
  ADD UNIQUE KEY `UNIQ_3CD86B2E77153098` (`code`),
  ADD KEY `IDX_3CD86B2E12469DE2` (`category_id`),
  ADD KEY `IDX_3CD86B2E9F2C3FAB` (`zone_id`);

--
-- Indexes for table `sylius_user_oauth`
--
ALTER TABLE `sylius_user_oauth`
  ADD PRIMARY KEY (`id`),
  ADD UNIQUE KEY `user_provider` (`user_id`,`provider`),
  ADD KEY `IDX_C3471B78A76ED395` (`user_id`);

--
-- Indexes for table `sylius_zone`
--
ALTER TABLE `sylius_zone`
  ADD PRIMARY KEY (`id`),
  ADD UNIQUE KEY `UNIQ_7BE2258E77153098` (`code`);

--
-- Indexes for table `sylius_zone_member`
--
ALTER TABLE `sylius_zone_member`
  ADD PRIMARY KEY (`id`),
  ADD UNIQUE KEY `UNIQ_E8B5ABF34B0E929B77153098` (`belongs_to`,`code`),
  ADD KEY `IDX_E8B5ABF34B0E929B` (`belongs_to`);

--
-- Indexes for table `taxon_popup_option`
--
ALTER TABLE `taxon_popup_option`
  ADD PRIMARY KEY (`taxon_id`,`popup_option_id`),
  ADD KEY `IDX_BB75CB5EDE13F470` (`taxon_id`),
  ADD KEY `IDX_BB75CB5EFA2BEE03` (`popup_option_id`);

--
-- Indexes for table `warehouse`
--
ALTER TABLE `warehouse`
  ADD PRIMARY KEY (`id`),
  ADD KEY `IDX_ECB38BFC9F2C3FAB` (`zone_id`);

--
-- Indexes for table `warehouse_payment_method`
--
ALTER TABLE `warehouse_payment_method`
  ADD PRIMARY KEY (`payment_method_id`,`warehouse_id`),
  ADD KEY `IDX_313B411A5AA1164F` (`payment_method_id`),
  ADD KEY `IDX_313B411A5080ECDE` (`warehouse_id`);

--
-- Indexes for table `warehouse_shipping_method`
--
ALTER TABLE `warehouse_shipping_method`
  ADD PRIMARY KEY (`shipping_method_id`,`warehouse_id`),
  ADD KEY `IDX_DCF50B9C5F7D6850` (`shipping_method_id`),
  ADD KEY `IDX_DCF50B9C5080ECDE` (`warehouse_id`);

--
-- Indexes for table `warehouse_tax_category`
--
ALTER TABLE `warehouse_tax_category`
  ADD PRIMARY KEY (`tax_category_id`,`warehouse_id`),
  ADD KEY `IDX_C645042D9DF894ED` (`tax_category_id`),
  ADD KEY `IDX_C645042D5080ECDE` (`warehouse_id`);

--
-- Indexes for table `webburza_article`
--
ALTER TABLE `webburza_article`
  ADD PRIMARY KEY (`id`),
  ADD UNIQUE KEY `UNIQ_1F0572D23DA5256D` (`image_id`),
  ADD KEY `IDX_1F0572D212469DE2` (`category_id`);

--
-- Indexes for table `webburza_article_category`
--
ALTER TABLE `webburza_article_category`
  ADD PRIMARY KEY (`id`);

--
-- Indexes for table `webburza_article_category_translation`
--
ALTER TABLE `webburza_article_category_translation`
  ADD PRIMARY KEY (`id`),
  ADD UNIQUE KEY `webburza_article_category_translation_uniq_trans` (`translatable_id`,`locale`),
  ADD KEY `IDX_341B128C2C2AC5D3` (`translatable_id`);

--
-- Indexes for table `webburza_article_image`
--
ALTER TABLE `webburza_article_image`
  ADD PRIMARY KEY (`id`);

--
-- Indexes for table `webburza_article_product`
--
ALTER TABLE `webburza_article_product`
  ADD PRIMARY KEY (`product_id`,`article_id`),
  ADD UNIQUE KEY `UNIQ_2AB0C4537294869C` (`article_id`),
  ADD KEY `IDX_2AB0C4534584665A` (`product_id`);

--
-- Indexes for table `webburza_article_translation`
--
ALTER TABLE `webburza_article_translation`
  ADD PRIMARY KEY (`id`),
  ADD UNIQUE KEY `webburza_article_translation_uniq_trans` (`translatable_id`,`locale`),
  ADD KEY `IDX_694DF1342C2AC5D3` (`translatable_id`);

--
-- Indexes for table `webburza_wishlist`
--
ALTER TABLE `webburza_wishlist`
  ADD PRIMARY KEY (`id`),
  ADD KEY `IDX_50F062D8A76ED395` (`user_id`);

--
-- Indexes for table `webburza_wishlist_item`
--
ALTER TABLE `webburza_wishlist_item`
  ADD PRIMARY KEY (`id`),
  ADD KEY `IDX_65EB7091FB8E54CD` (`wishlist_id`),
  ADD KEY `IDX_65EB7091A80EF684` (`product_variant_id`);

--
-- AUTO_INCREMENT for dumped tables
--

--
-- AUTO_INCREMENT for table `app_blog_category`
--
ALTER TABLE `app_blog_category`
  MODIFY `id` int(11) NOT NULL AUTO_INCREMENT, AUTO_INCREMENT=2;

--
-- AUTO_INCREMENT for table `app_blog_post`
--
ALTER TABLE `app_blog_post`
  MODIFY `id` int(11) NOT NULL AUTO_INCREMENT, AUTO_INCREMENT=14;

--
-- AUTO_INCREMENT for table `app_blog_post_image`
--
ALTER TABLE `app_blog_post_image`
  MODIFY `id` int(11) NOT NULL AUTO_INCREMENT, AUTO_INCREMENT=59;

--
-- AUTO_INCREMENT for table `app_blog_post_product`
--
ALTER TABLE `app_blog_post_product`
  MODIFY `id` int(11) NOT NULL AUTO_INCREMENT, AUTO_INCREMENT=2;

--
-- AUTO_INCREMENT for table `app_blog_products`
--
ALTER TABLE `app_blog_products`
  MODIFY `id` int(11) NOT NULL AUTO_INCREMENT, AUTO_INCREMENT=6;

--
-- AUTO_INCREMENT for table `app_blog_review`
--
ALTER TABLE `app_blog_review`
  MODIFY `id` int(11) NOT NULL AUTO_INCREMENT, AUTO_INCREMENT=7;

--
-- AUTO_INCREMENT for table `app_blog_review_like`
--
ALTER TABLE `app_blog_review_like`
  MODIFY `id` int(11) NOT NULL AUTO_INCREMENT;

--
-- AUTO_INCREMENT for table `app_buyers_guide_image`
--
ALTER TABLE `app_buyers_guide_image`
  MODIFY `id` int(11) NOT NULL AUTO_INCREMENT, AUTO_INCREMENT=219;

--
-- AUTO_INCREMENT for table `app_buyers_guide_option`
--
ALTER TABLE `app_buyers_guide_option`
  MODIFY `id` int(11) NOT NULL AUTO_INCREMENT, AUTO_INCREMENT=33;

--
-- AUTO_INCREMENT for table `app_buyers_guide_product_option`
--
ALTER TABLE `app_buyers_guide_product_option`
  MODIFY `id` int(11) NOT NULL AUTO_INCREMENT, AUTO_INCREMENT=393;

--
-- AUTO_INCREMENT for table `app_buyers_guide_product_related`
--
ALTER TABLE `app_buyers_guide_product_related`
  MODIFY `id` int(11) NOT NULL AUTO_INCREMENT, AUTO_INCREMENT=77;

--
-- AUTO_INCREMENT for table `app_color`
--
ALTER TABLE `app_color`
  MODIFY `id` int(11) NOT NULL AUTO_INCREMENT, AUTO_INCREMENT=4;

--
-- AUTO_INCREMENT for table `app_contact`
--
ALTER TABLE `app_contact`
  MODIFY `id` int(11) NOT NULL AUTO_INCREMENT, AUTO_INCREMENT=7;

--
-- AUTO_INCREMENT for table `app_contact_content`
--
ALTER TABLE `app_contact_content`
  MODIFY `id` int(11) NOT NULL AUTO_INCREMENT, AUTO_INCREMENT=19;

--
-- AUTO_INCREMENT for table `app_contact_title`
--
ALTER TABLE `app_contact_title`
  MODIFY `id` int(11) NOT NULL AUTO_INCREMENT, AUTO_INCREMENT=7;

--
-- AUTO_INCREMENT for table `app_dealer`
--
ALTER TABLE `app_dealer`
  MODIFY `id` int(11) NOT NULL AUTO_INCREMENT, AUTO_INCREMENT=2;

--
-- AUTO_INCREMENT for table `app_dealer_image`
--
ALTER TABLE `app_dealer_image`
  MODIFY `id` int(11) NOT NULL AUTO_INCREMENT, AUTO_INCREMENT=2;

--
-- AUTO_INCREMENT for table `app_drop_down`
--
ALTER TABLE `app_drop_down`
  MODIFY `id` int(11) NOT NULL AUTO_INCREMENT, AUTO_INCREMENT=40;

--
-- AUTO_INCREMENT for table `app_drop_down_option`
--
ALTER TABLE `app_drop_down_option`
  MODIFY `id` int(11) NOT NULL AUTO_INCREMENT, AUTO_INCREMENT=240;

--
-- AUTO_INCREMENT for table `app_general_option`
--
ALTER TABLE `app_general_option`
  MODIFY `id` int(11) NOT NULL AUTO_INCREMENT, AUTO_INCREMENT=3;

--
-- AUTO_INCREMENT for table `app_help_page`
--
ALTER TABLE `app_help_page`
  MODIFY `id` int(11) NOT NULL AUTO_INCREMENT;

--
-- AUTO_INCREMENT for table `app_history`
--
ALTER TABLE `app_history`
  MODIFY `id` int(11) NOT NULL AUTO_INCREMENT, AUTO_INCREMENT=127;

--
-- AUTO_INCREMENT for table `app_home`
--
ALTER TABLE `app_home`
  MODIFY `id` int(11) NOT NULL AUTO_INCREMENT, AUTO_INCREMENT=5;

--
-- AUTO_INCREMENT for table `app_installer`
--
ALTER TABLE `app_installer`
  MODIFY `id` int(11) NOT NULL AUTO_INCREMENT, AUTO_INCREMENT=11;

--
-- AUTO_INCREMENT for table `app_media_folder`
--
ALTER TABLE `app_media_folder`
  MODIFY `id` int(11) NOT NULL AUTO_INCREMENT;

--
-- AUTO_INCREMENT for table `app_media_image`
--
ALTER TABLE `app_media_image`
  MODIFY `id` int(11) NOT NULL AUTO_INCREMENT, AUTO_INCREMENT=43;

--
-- AUTO_INCREMENT for table `app_media_image_used`
--
ALTER TABLE `app_media_image_used`
  MODIFY `id` int(11) NOT NULL AUTO_INCREMENT;

--
-- AUTO_INCREMENT for table `app_order_item_drop_down_option`
--
ALTER TABLE `app_order_item_drop_down_option`
  MODIFY `id` int(11) NOT NULL AUTO_INCREMENT, AUTO_INCREMENT=45;

--
-- AUTO_INCREMENT for table `app_order_item_image`
--
ALTER TABLE `app_order_item_image`
  MODIFY `id` int(11) NOT NULL AUTO_INCREMENT;

--
-- AUTO_INCREMENT for table `app_order_item_unit_refund`
--
ALTER TABLE `app_order_item_unit_refund`
  MODIFY `id` int(11) NOT NULL AUTO_INCREMENT, AUTO_INCREMENT=50;

--
-- AUTO_INCREMENT for table `app_order_item_unit_return`
--
ALTER TABLE `app_order_item_unit_return`
  MODIFY `id` int(11) NOT NULL AUTO_INCREMENT, AUTO_INCREMENT=25;

--
-- AUTO_INCREMENT for table `app_order_item_usb_coding`
--
ALTER TABLE `app_order_item_usb_coding`
  MODIFY `id` int(11) NOT NULL AUTO_INCREMENT, AUTO_INCREMENT=3;

--
-- AUTO_INCREMENT for table `app_order_note`
--
ALTER TABLE `app_order_note`
  MODIFY `id` int(11) NOT NULL AUTO_INCREMENT, AUTO_INCREMENT=17;

--
-- AUTO_INCREMENT for table `app_order_refund`
--
ALTER TABLE `app_order_refund`
  MODIFY `id` int(11) NOT NULL AUTO_INCREMENT, AUTO_INCREMENT=43;

--
-- AUTO_INCREMENT for table `app_page`
--
ALTER TABLE `app_page`
  MODIFY `id` int(11) NOT NULL AUTO_INCREMENT, AUTO_INCREMENT=7;

--
-- AUTO_INCREMENT for table `app_page_description`
--
ALTER TABLE `app_page_description`
  MODIFY `id` int(11) NOT NULL AUTO_INCREMENT;

--
-- AUTO_INCREMENT for table `app_page_description_image`
--
ALTER TABLE `app_page_description_image`
  MODIFY `id` int(11) NOT NULL AUTO_INCREMENT;

--
-- AUTO_INCREMENT for table `app_photo_report`
--
ALTER TABLE `app_photo_report`
  MODIFY `id` int(11) NOT NULL AUTO_INCREMENT, AUTO_INCREMENT=47;

--
-- AUTO_INCREMENT for table `app_pop_up_option`
--
ALTER TABLE `app_pop_up_option`
  MODIFY `id` int(11) NOT NULL AUTO_INCREMENT, AUTO_INCREMENT=34;

--
-- AUTO_INCREMENT for table `app_product_bestseller`
--
ALTER TABLE `app_product_bestseller`
  MODIFY `id` int(11) NOT NULL AUTO_INCREMENT;

--
-- AUTO_INCREMENT for table `app_product_car_model`
--
ALTER TABLE `app_product_car_model`
  MODIFY `id` int(11) NOT NULL AUTO_INCREMENT, AUTO_INCREMENT=19004;

--
-- AUTO_INCREMENT for table `app_product_description`
--
ALTER TABLE `app_product_description`
  MODIFY `id` int(11) NOT NULL AUTO_INCREMENT;

--
-- AUTO_INCREMENT for table `app_product_description_image`
--
ALTER TABLE `app_product_description_image`
  MODIFY `id` int(11) NOT NULL AUTO_INCREMENT;

--
-- AUTO_INCREMENT for table `app_product_installer`
--
ALTER TABLE `app_product_installer`
  MODIFY `id` int(11) NOT NULL AUTO_INCREMENT;

--
-- AUTO_INCREMENT for table `app_product_installers_image`
--
ALTER TABLE `app_product_installers_image`
  MODIFY `id` int(11) NOT NULL AUTO_INCREMENT;

--
-- AUTO_INCREMENT for table `app_product_property`
--
ALTER TABLE `app_product_property`
  MODIFY `id` int(11) NOT NULL AUTO_INCREMENT, AUTO_INCREMENT=199;

--
-- AUTO_INCREMENT for table `app_product_review_like`
--
ALTER TABLE `app_product_review_like`
  MODIFY `id` int(11) NOT NULL AUTO_INCREMENT, AUTO_INCREMENT=4;

--
-- AUTO_INCREMENT for table `app_save_price`
--
ALTER TABLE `app_save_price`
  MODIFY `id` int(11) NOT NULL AUTO_INCREMENT, AUTO_INCREMENT=266;

--
-- AUTO_INCREMENT for table `app_tag`
--
ALTER TABLE `app_tag`
  MODIFY `id` int(11) NOT NULL AUTO_INCREMENT;

--
-- AUTO_INCREMENT for table `app_taxon_bestseller`
--
ALTER TABLE `app_taxon_bestseller`
  MODIFY `id` int(11) NOT NULL AUTO_INCREMENT, AUTO_INCREMENT=20;

--
-- AUTO_INCREMENT for table `app_taxon_product_related`
--
ALTER TABLE `app_taxon_product_related`
  MODIFY `id` int(11) NOT NULL AUTO_INCREMENT, AUTO_INCREMENT=5;

--
-- AUTO_INCREMENT for table `bitbag_cms_block`
--
ALTER TABLE `bitbag_cms_block`
  MODIFY `id` int(11) NOT NULL AUTO_INCREMENT;

--
-- AUTO_INCREMENT for table `bitbag_cms_block_image`
--
ALTER TABLE `bitbag_cms_block_image`
  MODIFY `id` int(11) NOT NULL AUTO_INCREMENT;

--
-- AUTO_INCREMENT for table `bitbag_cms_block_translation`
--
ALTER TABLE `bitbag_cms_block_translation`
  MODIFY `id` int(11) NOT NULL AUTO_INCREMENT;

--
-- AUTO_INCREMENT for table `bitbag_cms_faq`
--
ALTER TABLE `bitbag_cms_faq`
  MODIFY `id` int(11) NOT NULL AUTO_INCREMENT;

--
-- AUTO_INCREMENT for table `bitbag_cms_faq_translation`
--
ALTER TABLE `bitbag_cms_faq_translation`
  MODIFY `id` int(11) NOT NULL AUTO_INCREMENT;

--
-- AUTO_INCREMENT for table `bitbag_cms_page`
--
ALTER TABLE `bitbag_cms_page`
  MODIFY `id` int(11) NOT NULL AUTO_INCREMENT;

--
-- AUTO_INCREMENT for table `bitbag_cms_page_image`
--
ALTER TABLE `bitbag_cms_page_image`
  MODIFY `id` int(11) NOT NULL AUTO_INCREMENT;

--
-- AUTO_INCREMENT for table `bitbag_cms_page_translation`
--
ALTER TABLE `bitbag_cms_page_translation`
  MODIFY `id` int(11) NOT NULL AUTO_INCREMENT;

--
-- AUTO_INCREMENT for table `bitbag_cms_section`
--
ALTER TABLE `bitbag_cms_section`
  MODIFY `id` int(11) NOT NULL AUTO_INCREMENT;

--
-- AUTO_INCREMENT for table `bitbag_cms_section_translation`
--
ALTER TABLE `bitbag_cms_section_translation`
  MODIFY `id` int(11) NOT NULL AUTO_INCREMENT;

--
-- AUTO_INCREMENT for table `bitbag_shipping_export`
--
ALTER TABLE `bitbag_shipping_export`
  MODIFY `id` int(11) NOT NULL AUTO_INCREMENT, AUTO_INCREMENT=17;

--
-- AUTO_INCREMENT for table `bitbag_shipping_gateway`
--
ALTER TABLE `bitbag_shipping_gateway`
  MODIFY `id` int(11) NOT NULL AUTO_INCREMENT, AUTO_INCREMENT=40;

--
-- AUTO_INCREMENT for table `car_model`
--
ALTER TABLE `car_model`
  MODIFY `id` int(11) NOT NULL AUTO_INCREMENT, AUTO_INCREMENT=295;

--
-- AUTO_INCREMENT for table `comment`
--
ALTER TABLE `comment`
  MODIFY `id` int(11) NOT NULL AUTO_INCREMENT;

--
-- AUTO_INCREMENT for table `faq_header`
--
ALTER TABLE `faq_header`
  MODIFY `id` int(11) NOT NULL AUTO_INCREMENT, AUTO_INCREMENT=5;

--
-- AUTO_INCREMENT for table `faq_question`
--
ALTER TABLE `faq_question`
  MODIFY `id` int(11) NOT NULL AUTO_INCREMENT, AUTO_INCREMENT=96;

--
-- AUTO_INCREMENT for table `jms_cron_jobs`
--
ALTER TABLE `jms_cron_jobs`
  MODIFY `id` int(10) UNSIGNED NOT NULL AUTO_INCREMENT;

--
-- AUTO_INCREMENT for table `jms_jobs`
--
ALTER TABLE `jms_jobs`
  MODIFY `id` bigint(20) UNSIGNED NOT NULL AUTO_INCREMENT, AUTO_INCREMENT=52;

--
-- AUTO_INCREMENT for table `product_property_image`
--
ALTER TABLE `product_property_image`
  MODIFY `id` int(11) NOT NULL AUTO_INCREMENT, AUTO_INCREMENT=45;

--
-- AUTO_INCREMENT for table `slide`
--
ALTER TABLE `slide`
  MODIFY `id` int(11) NOT NULL AUTO_INCREMENT, AUTO_INCREMENT=19;

--
-- AUTO_INCREMENT for table `slider`
--
ALTER TABLE `slider`
  MODIFY `id` int(11) NOT NULL AUTO_INCREMENT, AUTO_INCREMENT=7;

--
-- AUTO_INCREMENT for table `slide_image`
--
ALTER TABLE `slide_image`
  MODIFY `id` int(11) NOT NULL AUTO_INCREMENT, AUTO_INCREMENT=19;

--
-- AUTO_INCREMENT for table `sylius_address`
--
ALTER TABLE `sylius_address`
  MODIFY `id` int(11) NOT NULL AUTO_INCREMENT, AUTO_INCREMENT=388;

--
-- AUTO_INCREMENT for table `sylius_address_log_entries`
--
ALTER TABLE `sylius_address_log_entries`
  MODIFY `id` int(11) NOT NULL AUTO_INCREMENT, AUTO_INCREMENT=536;

--
-- AUTO_INCREMENT for table `sylius_adjustment`
--
ALTER TABLE `sylius_adjustment`
  MODIFY `id` int(11) NOT NULL AUTO_INCREMENT;

--
-- AUTO_INCREMENT for table `sylius_admin_api_access_token`
--
ALTER TABLE `sylius_admin_api_access_token`
  MODIFY `id` int(11) NOT NULL AUTO_INCREMENT;

--
-- AUTO_INCREMENT for table `sylius_admin_api_auth_code`
--
ALTER TABLE `sylius_admin_api_auth_code`
  MODIFY `id` int(11) NOT NULL AUTO_INCREMENT;

--
-- AUTO_INCREMENT for table `sylius_admin_api_client`
--
ALTER TABLE `sylius_admin_api_client`
  MODIFY `id` int(11) NOT NULL AUTO_INCREMENT;

--
-- AUTO_INCREMENT for table `sylius_admin_api_refresh_token`
--
ALTER TABLE `sylius_admin_api_refresh_token`
  MODIFY `id` int(11) NOT NULL AUTO_INCREMENT;

--
-- AUTO_INCREMENT for table `sylius_admin_user`
--
ALTER TABLE `sylius_admin_user`
  MODIFY `id` int(11) NOT NULL AUTO_INCREMENT, AUTO_INCREMENT=137;

--
-- AUTO_INCREMENT for table `sylius_channel`
--
ALTER TABLE `sylius_channel`
  MODIFY `id` int(11) NOT NULL AUTO_INCREMENT, AUTO_INCREMENT=61;

--
-- AUTO_INCREMENT for table `sylius_channel_pricing`
--
ALTER TABLE `sylius_channel_pricing`
  MODIFY `id` int(11) NOT NULL AUTO_INCREMENT, AUTO_INCREMENT=2015;

--
-- AUTO_INCREMENT for table `sylius_country`
--
ALTER TABLE `sylius_country`
  MODIFY `id` int(11) NOT NULL AUTO_INCREMENT, AUTO_INCREMENT=288;

--
-- AUTO_INCREMENT for table `sylius_currency`
--
ALTER TABLE `sylius_currency`
  MODIFY `id` int(11) NOT NULL AUTO_INCREMENT, AUTO_INCREMENT=41;

--
-- AUTO_INCREMENT for table `sylius_customer`
--
ALTER TABLE `sylius_customer`
  MODIFY `id` int(11) NOT NULL AUTO_INCREMENT, AUTO_INCREMENT=250;

--
-- AUTO_INCREMENT for table `sylius_customer_group`
--
ALTER TABLE `sylius_customer_group`
  MODIFY `id` int(11) NOT NULL AUTO_INCREMENT;

--
-- AUTO_INCREMENT for table `sylius_exchange_rate`
--
ALTER TABLE `sylius_exchange_rate`
  MODIFY `id` int(11) NOT NULL AUTO_INCREMENT;

--
-- AUTO_INCREMENT for table `sylius_gateway_config`
--
ALTER TABLE `sylius_gateway_config`
  MODIFY `id` int(11) NOT NULL AUTO_INCREMENT, AUTO_INCREMENT=21;

--
-- AUTO_INCREMENT for table `sylius_locale`
--
ALTER TABLE `sylius_locale`
  MODIFY `id` int(11) NOT NULL AUTO_INCREMENT, AUTO_INCREMENT=24;

--
-- AUTO_INCREMENT for table `sylius_order`
--
ALTER TABLE `sylius_order`
  MODIFY `id` int(11) NOT NULL AUTO_INCREMENT, AUTO_INCREMENT=760;

--
-- AUTO_INCREMENT for table `sylius_order_item`
--
ALTER TABLE `sylius_order_item`
  MODIFY `id` int(11) NOT NULL AUTO_INCREMENT, AUTO_INCREMENT=2136;

--
-- AUTO_INCREMENT for table `sylius_order_item_unit`
--
ALTER TABLE `sylius_order_item_unit`
  MODIFY `id` int(11) NOT NULL AUTO_INCREMENT, AUTO_INCREMENT=43838;

--
-- AUTO_INCREMENT for table `sylius_order_sequence`
--
ALTER TABLE `sylius_order_sequence`
  MODIFY `id` int(11) NOT NULL AUTO_INCREMENT, AUTO_INCREMENT=2;

--
-- AUTO_INCREMENT for table `sylius_payment`
--
ALTER TABLE `sylius_payment`
  MODIFY `id` int(11) NOT NULL AUTO_INCREMENT, AUTO_INCREMENT=103;

--
-- AUTO_INCREMENT for table `sylius_payment_method`
--
ALTER TABLE `sylius_payment_method`
  MODIFY `id` int(11) NOT NULL AUTO_INCREMENT, AUTO_INCREMENT=21;

--
-- AUTO_INCREMENT for table `sylius_payment_method_translation`
--
ALTER TABLE `sylius_payment_method_translation`
  MODIFY `id` int(11) NOT NULL AUTO_INCREMENT, AUTO_INCREMENT=21;

--
-- AUTO_INCREMENT for table `sylius_product`
--
ALTER TABLE `sylius_product`
  MODIFY `id` int(11) NOT NULL AUTO_INCREMENT, AUTO_INCREMENT=610;

--
-- AUTO_INCREMENT for table `sylius_product_association`
--
ALTER TABLE `sylius_product_association`
  MODIFY `id` int(11) NOT NULL AUTO_INCREMENT, AUTO_INCREMENT=284;

--
-- AUTO_INCREMENT for table `sylius_product_association_type`
--
ALTER TABLE `sylius_product_association_type`
  MODIFY `id` int(11) NOT NULL AUTO_INCREMENT, AUTO_INCREMENT=15;

--
-- AUTO_INCREMENT for table `sylius_product_association_type_translation`
--
ALTER TABLE `sylius_product_association_type_translation`
  MODIFY `id` int(11) NOT NULL AUTO_INCREMENT, AUTO_INCREMENT=15;

--
-- AUTO_INCREMENT for table `sylius_product_attribute`
--
ALTER TABLE `sylius_product_attribute`
  MODIFY `id` int(11) NOT NULL AUTO_INCREMENT, AUTO_INCREMENT=38;

--
-- AUTO_INCREMENT for table `sylius_product_attribute_translation`
--
ALTER TABLE `sylius_product_attribute_translation`
  MODIFY `id` int(11) NOT NULL AUTO_INCREMENT, AUTO_INCREMENT=38;

--
-- AUTO_INCREMENT for table `sylius_product_attribute_value`
--
ALTER TABLE `sylius_product_attribute_value`
  MODIFY `id` int(11) NOT NULL AUTO_INCREMENT, AUTO_INCREMENT=202;

--
-- AUTO_INCREMENT for table `sylius_product_image`
--
ALTER TABLE `sylius_product_image`
  MODIFY `id` int(11) NOT NULL AUTO_INCREMENT, AUTO_INCREMENT=431;

--
-- AUTO_INCREMENT for table `sylius_product_option`
--
ALTER TABLE `sylius_product_option`
  MODIFY `id` int(11) NOT NULL AUTO_INCREMENT;

--
-- AUTO_INCREMENT for table `sylius_product_option_translation`
--
ALTER TABLE `sylius_product_option_translation`
  MODIFY `id` int(11) NOT NULL AUTO_INCREMENT;

--
-- AUTO_INCREMENT for table `sylius_product_option_value`
--
ALTER TABLE `sylius_product_option_value`
  MODIFY `id` int(11) NOT NULL AUTO_INCREMENT;

--
-- AUTO_INCREMENT for table `sylius_product_option_value_translation`
--
ALTER TABLE `sylius_product_option_value_translation`
  MODIFY `id` int(11) NOT NULL AUTO_INCREMENT;

--
-- AUTO_INCREMENT for table `sylius_product_review`
--
ALTER TABLE `sylius_product_review`
  MODIFY `id` int(11) NOT NULL AUTO_INCREMENT, AUTO_INCREMENT=12;

--
-- AUTO_INCREMENT for table `sylius_product_taxon`
--
ALTER TABLE `sylius_product_taxon`
  MODIFY `id` int(11) NOT NULL AUTO_INCREMENT, AUTO_INCREMENT=540;

--
-- AUTO_INCREMENT for table `sylius_product_translation`
--
ALTER TABLE `sylius_product_translation`
  MODIFY `id` int(11) NOT NULL AUTO_INCREMENT, AUTO_INCREMENT=602;

--
-- AUTO_INCREMENT for table `sylius_product_variant`
--
ALTER TABLE `sylius_product_variant`
  MODIFY `id` int(11) NOT NULL AUTO_INCREMENT, AUTO_INCREMENT=654;

--
-- AUTO_INCREMENT for table `sylius_product_variant_translation`
--
ALTER TABLE `sylius_product_variant_translation`
  MODIFY `id` int(11) NOT NULL AUTO_INCREMENT, AUTO_INCREMENT=477;

--
-- AUTO_INCREMENT for table `sylius_promotion`
--
ALTER TABLE `sylius_promotion`
  MODIFY `id` int(11) NOT NULL AUTO_INCREMENT;

--
-- AUTO_INCREMENT for table `sylius_promotion_action`
--
ALTER TABLE `sylius_promotion_action`
  MODIFY `id` int(11) NOT NULL AUTO_INCREMENT;

--
-- AUTO_INCREMENT for table `sylius_promotion_coupon`
--
ALTER TABLE `sylius_promotion_coupon`
  MODIFY `id` int(11) NOT NULL AUTO_INCREMENT;

--
-- AUTO_INCREMENT for table `sylius_promotion_rule`
--
ALTER TABLE `sylius_promotion_rule`
  MODIFY `id` int(11) NOT NULL AUTO_INCREMENT;

--
-- AUTO_INCREMENT for table `sylius_province`
--
ALTER TABLE `sylius_province`
  MODIFY `id` int(11) NOT NULL AUTO_INCREMENT;

--
-- AUTO_INCREMENT for table `sylius_shipment`
--
ALTER TABLE `sylius_shipment`
  MODIFY `id` int(11) NOT NULL AUTO_INCREMENT, AUTO_INCREMENT=582;

--
-- AUTO_INCREMENT for table `sylius_shipping_category`
--
ALTER TABLE `sylius_shipping_category`
  MODIFY `id` int(11) NOT NULL AUTO_INCREMENT;

--
-- AUTO_INCREMENT for table `sylius_shipping_method`
--
ALTER TABLE `sylius_shipping_method`
  MODIFY `id` int(11) NOT NULL AUTO_INCREMENT, AUTO_INCREMENT=79;

--
-- AUTO_INCREMENT for table `sylius_shipping_method_translation`
--
ALTER TABLE `sylius_shipping_method_translation`
  MODIFY `id` int(11) NOT NULL AUTO_INCREMENT, AUTO_INCREMENT=79;

--
-- AUTO_INCREMENT for table `sylius_shop_user`
--
ALTER TABLE `sylius_shop_user`
  MODIFY `id` int(11) NOT NULL AUTO_INCREMENT, AUTO_INCREMENT=245;

--
-- AUTO_INCREMENT for table `sylius_taxon`
--
ALTER TABLE `sylius_taxon`
  MODIFY `id` int(11) NOT NULL AUTO_INCREMENT, AUTO_INCREMENT=218;

--
-- AUTO_INCREMENT for table `sylius_taxon_image`
--
ALTER TABLE `sylius_taxon_image`
  MODIFY `id` int(11) NOT NULL AUTO_INCREMENT, AUTO_INCREMENT=101;

--
-- AUTO_INCREMENT for table `sylius_taxon_translation`
--
ALTER TABLE `sylius_taxon_translation`
  MODIFY `id` int(11) NOT NULL AUTO_INCREMENT, AUTO_INCREMENT=218;

--
-- AUTO_INCREMENT for table `sylius_tax_category`
--
ALTER TABLE `sylius_tax_category`
  MODIFY `id` int(11) NOT NULL AUTO_INCREMENT, AUTO_INCREMENT=21;

--
-- AUTO_INCREMENT for table `sylius_tax_rate`
--
ALTER TABLE `sylius_tax_rate`
  MODIFY `id` int(11) NOT NULL AUTO_INCREMENT, AUTO_INCREMENT=21;

--
-- AUTO_INCREMENT for table `sylius_user_oauth`
--
ALTER TABLE `sylius_user_oauth`
  MODIFY `id` int(11) NOT NULL AUTO_INCREMENT, AUTO_INCREMENT=2;

--
-- AUTO_INCREMENT for table `sylius_zone`
--
ALTER TABLE `sylius_zone`
  MODIFY `id` int(11) NOT NULL AUTO_INCREMENT, AUTO_INCREMENT=39;

--
-- AUTO_INCREMENT for table `sylius_zone_member`
--
ALTER TABLE `sylius_zone_member`
  MODIFY `id` int(11) NOT NULL AUTO_INCREMENT, AUTO_INCREMENT=134;

--
-- AUTO_INCREMENT for table `warehouse`
--
ALTER TABLE `warehouse`
  MODIFY `id` int(11) NOT NULL AUTO_INCREMENT, AUTO_INCREMENT=58;

--
-- AUTO_INCREMENT for table `webburza_article`
--
ALTER TABLE `webburza_article`
  MODIFY `id` int(11) NOT NULL AUTO_INCREMENT, AUTO_INCREMENT=14;

--
-- AUTO_INCREMENT for table `webburza_article_category`
--
ALTER TABLE `webburza_article_category`
  MODIFY `id` int(11) NOT NULL AUTO_INCREMENT;

--
-- AUTO_INCREMENT for table `webburza_article_category_translation`
--
ALTER TABLE `webburza_article_category_translation`
  MODIFY `id` int(11) NOT NULL AUTO_INCREMENT;

--
-- AUTO_INCREMENT for table `webburza_article_image`
--
ALTER TABLE `webburza_article_image`
  MODIFY `id` int(11) NOT NULL AUTO_INCREMENT, AUTO_INCREMENT=13;

--
-- AUTO_INCREMENT for table `webburza_article_translation`
--
ALTER TABLE `webburza_article_translation`
  MODIFY `id` int(11) NOT NULL AUTO_INCREMENT, AUTO_INCREMENT=14;

--
-- AUTO_INCREMENT for table `webburza_wishlist`
--
ALTER TABLE `webburza_wishlist`
  MODIFY `id` int(11) NOT NULL AUTO_INCREMENT, AUTO_INCREMENT=233;

--
-- AUTO_INCREMENT for table `webburza_wishlist_item`
--
ALTER TABLE `webburza_wishlist_item`
  MODIFY `id` int(11) NOT NULL AUTO_INCREMENT;

--
-- Constraints for dumped tables
--

--
-- Constraints for table `app_blog_post`
--
ALTER TABLE `app_blog_post`
  ADD CONSTRAINT `FK_1235BF28CB76011C` FOREIGN KEY (`blog_category_id`) REFERENCES `app_blog_category` (`id`) ON DELETE SET NULL;

--
-- Constraints for table `app_blog_post_image`
--
ALTER TABLE `app_blog_post_image`
  ADD CONSTRAINT `FK_EE3A8FD0A77FBEAF` FOREIGN KEY (`blog_post_id`) REFERENCES `app_blog_post` (`id`);

--
-- Constraints for table `app_blog_post_product`
--
ALTER TABLE `app_blog_post_product`
  ADD CONSTRAINT `FK_153BF1864B89032C` FOREIGN KEY (`post_id`) REFERENCES `app_blog_post` (`id`);

--
-- Constraints for table `app_blog_post_products`
--
ALTER TABLE `app_blog_post_products`
  ADD CONSTRAINT `FK_1FC0D2EF4584665A` FOREIGN KEY (`product_id`) REFERENCES `sylius_product` (`id`),
  ADD CONSTRAINT `FK_1FC0D2EF4B89032C` FOREIGN KEY (`post_id`) REFERENCES `app_blog_post_product` (`id`);

--
-- Constraints for table `app_blog_products`
--
ALTER TABLE `app_blog_products`
  ADD CONSTRAINT `FK_5D9A43D14584665A` FOREIGN KEY (`product_id`) REFERENCES `sylius_product` (`id`) ON DELETE SET NULL;

--
-- Constraints for table `app_blog_review`
--
ALTER TABLE `app_blog_review`
  ADD CONSTRAINT `FK_B5E902BB9395C3F3` FOREIGN KEY (`customer_id`) REFERENCES `sylius_customer` (`id`),
  ADD CONSTRAINT `FK_B5E902BBA77FBEAF` FOREIGN KEY (`blog_post_id`) REFERENCES `app_blog_post` (`id`) ON DELETE CASCADE;

--
-- Constraints for table `app_blog_review_like`
--
ALTER TABLE `app_blog_review_like`
  ADD CONSTRAINT `FK_3D970F43E2E969B` FOREIGN KEY (`review_id`) REFERENCES `app_blog_review` (`id`),
  ADD CONSTRAINT `FK_3D970F49395C3F3` FOREIGN KEY (`customer_id`) REFERENCES `sylius_customer` (`id`);

--
-- Constraints for table `app_buyers_guide_image`
--
ALTER TABLE `app_buyers_guide_image`
  ADD CONSTRAINT `FK_AEDC1F924584665A` FOREIGN KEY (`product_id`) REFERENCES `sylius_product` (`id`) ON DELETE CASCADE;

--
-- Constraints for table `app_buyers_guide_product_option`
--
ALTER TABLE `app_buyers_guide_product_option`
  ADD CONSTRAINT `FK_9747DA4C4584665A` FOREIGN KEY (`product_id`) REFERENCES `sylius_product` (`id`),
  ADD CONSTRAINT `FK_9747DA4CA7C41D6F` FOREIGN KEY (`option_id`) REFERENCES `app_buyers_guide_option` (`id`);

--
-- Constraints for table `app_buyers_guide_product_related`
--
ALTER TABLE `app_buyers_guide_product_related`
  ADD CONSTRAINT `FK_D4910F7D9C63753B` FOREIGN KEY (`currentProduct_id`) REFERENCES `sylius_product` (`id`),
  ADD CONSTRAINT `FK_D4910F7DEF84988C` FOREIGN KEY (`relatedProduct_id`) REFERENCES `sylius_product` (`id`);

--
-- Constraints for table `app_contact`
--
ALTER TABLE `app_contact`
  ADD CONSTRAINT `FK_A13F6675F225D54F` FOREIGN KEY (`contact_main_title_id`) REFERENCES `app_contact_title` (`id`) ON DELETE SET NULL;

--
-- Constraints for table `app_contact_content`
--
ALTER TABLE `app_contact_content`
  ADD CONSTRAINT `FK_3E3034A1E7A1254A` FOREIGN KEY (`contact_id`) REFERENCES `app_contact` (`id`);

--
-- Constraints for table `app_dealer_image`
--
ALTER TABLE `app_dealer_image`
  ADD CONSTRAINT `FK_2AC58AA07E3C61F9` FOREIGN KEY (`owner_id`) REFERENCES `app_dealer` (`id`) ON DELETE CASCADE;

--
-- Constraints for table `app_drop_down_option`
--
ALTER TABLE `app_drop_down_option`
  ADD CONSTRAINT `FK_BAE61C701651923E` FOREIGN KEY (`dropDown_id`) REFERENCES `app_drop_down` (`id`);

--
-- Constraints for table `app_history`
--
ALTER TABLE `app_history`
  ADD CONSTRAINT `FK_CAE7F0068D9F6D38` FOREIGN KEY (`order_id`) REFERENCES `sylius_order` (`id`),
  ADD CONSTRAINT `FK_CAE7F006A76ED395` FOREIGN KEY (`user_id`) REFERENCES `sylius_admin_user` (`id`);

--
-- Constraints for table `app_interesting_products`
--
ALTER TABLE `app_interesting_products`
  ADD CONSTRAINT `FK_B36A687149BF83C1` FOREIGN KEY (`interested_id`) REFERENCES `sylius_product` (`id`),
  ADD CONSTRAINT `FK_B36A6871727ACA70` FOREIGN KEY (`parent_id`) REFERENCES `sylius_product` (`id`);

--
-- Constraints for table `app_media_folder`
--
ALTER TABLE `app_media_folder`
  ADD CONSTRAINT `FK_92558992727ACA70` FOREIGN KEY (`parent_id`) REFERENCES `app_media_folder` (`id`);

--
-- Constraints for table `app_media_image`
--
ALTER TABLE `app_media_image`
  ADD CONSTRAINT `FK_83C1E6527E3C61F9` FOREIGN KEY (`owner_id`) REFERENCES `app_media_folder` (`id`) ON DELETE CASCADE;

--
-- Constraints for table `app_media_image_used`
--
ALTER TABLE `app_media_image_used`
  ADD CONSTRAINT `FK_1566A6B332C40BDF` FOREIGN KEY (`media_image_id`) REFERENCES `app_media_image` (`id`);

--
-- Constraints for table `app_order_item_drop_down_option`
--
ALTER TABLE `app_order_item_drop_down_option`
  ADD CONSTRAINT `FK_865B30EEC3105F0F` FOREIGN KEY (`drop_down_option_id`) REFERENCES `app_drop_down_option` (`id`),
  ADD CONSTRAINT `FK_865B30EEE415FB15` FOREIGN KEY (`order_item_id`) REFERENCES `sylius_order_item` (`id`) ON DELETE CASCADE;

--
-- Constraints for table `app_order_item_image`
--
ALTER TABLE `app_order_item_image`
  ADD CONSTRAINT `FK_C87E037B7E3C61F9` FOREIGN KEY (`owner_id`) REFERENCES `sylius_order_item` (`id`) ON DELETE CASCADE;

--
-- Constraints for table `app_order_item_unit_refund`
--
ALTER TABLE `app_order_item_unit_refund`
  ADD CONSTRAINT `FK_6311001EA41F7A2D` FOREIGN KEY (`order_refund_id`) REFERENCES `app_order_refund` (`id`),
  ADD CONSTRAINT `FK_6311001EF720C233` FOREIGN KEY (`order_item_unit_id`) REFERENCES `sylius_order_item_unit` (`id`);

--
-- Constraints for table `app_order_item_unit_return`
--
ALTER TABLE `app_order_item_unit_return`
  ADD CONSTRAINT `FK_9FA32B49A41F7A2D` FOREIGN KEY (`order_refund_id`) REFERENCES `app_order_refund` (`id`),
  ADD CONSTRAINT `FK_9FA32B49F720C233` FOREIGN KEY (`order_item_unit_id`) REFERENCES `sylius_order_item_unit` (`id`);

--
-- Constraints for table `app_order_item_usb_coding`
--
ALTER TABLE `app_order_item_usb_coding`
  ADD CONSTRAINT `FK_5D9BA4CAE415FB15` FOREIGN KEY (`order_item_id`) REFERENCES `sylius_order_item` (`id`);

--
-- Constraints for table `app_order_note`
--
ALTER TABLE `app_order_note`
  ADD CONSTRAINT `FK_D4576B7F8D9F6D38` FOREIGN KEY (`order_id`) REFERENCES `sylius_order` (`id`);

--
-- Constraints for table `app_order_refund`
--
ALTER TABLE `app_order_refund`
  ADD CONSTRAINT `FK_5A2D1E0C8D9F6D38` FOREIGN KEY (`order_id`) REFERENCES `sylius_order` (`id`);

--
-- Constraints for table `app_oreder_item_drop_down_option`
--
ALTER TABLE `app_oreder_item_drop_down_option`
  ADD CONSTRAINT `FK_EEDC404FC3105F0F` FOREIGN KEY (`drop_down_option_id`) REFERENCES `app_drop_down_option` (`id`) ON DELETE CASCADE,
  ADD CONSTRAINT `FK_EEDC404FE415FB15` FOREIGN KEY (`order_item_id`) REFERENCES `sylius_order_item` (`id`) ON DELETE CASCADE;

--
-- Constraints for table `app_page_description`
--
ALTER TABLE `app_page_description`
  ADD CONSTRAINT `FK_EE66FFF5C4663E4` FOREIGN KEY (`page_id`) REFERENCES `app_page` (`id`);

--
-- Constraints for table `app_page_description_image`
--
ALTER TABLE `app_page_description_image`
  ADD CONSTRAINT `FK_7D0FF2907E3C61F9` FOREIGN KEY (`owner_id`) REFERENCES `app_page_description` (`id`) ON DELETE CASCADE;

--
-- Constraints for table `app_photo_report`
--
ALTER TABLE `app_photo_report`
  ADD CONSTRAINT `FK_531E1A2D7E3C61F9` FOREIGN KEY (`owner_id`) REFERENCES `sylius_shipment` (`id`) ON DELETE CASCADE;

--
-- Constraints for table `app_products_properties`
--
ALTER TABLE `app_products_properties`
  ADD CONSTRAINT `FK_B22211C4584665A` FOREIGN KEY (`product_id`) REFERENCES `sylius_product` (`id`) ON DELETE CASCADE,
  ADD CONSTRAINT `FK_B22211C549213EC` FOREIGN KEY (`property_id`) REFERENCES `app_product_property` (`id`) ON DELETE CASCADE;

--
-- Constraints for table `app_product_bestseller`
--
ALTER TABLE `app_product_bestseller`
  ADD CONSTRAINT `FK_A33AFC97F6121304` FOREIGN KEY (`produuct_id`) REFERENCES `sylius_product` (`id`);

--
-- Constraints for table `app_product_car_model`
--
ALTER TABLE `app_product_car_model`
  ADD CONSTRAINT `FK_C7DBEC1C4584665A` FOREIGN KEY (`product_id`) REFERENCES `sylius_product` (`id`) ON DELETE SET NULL,
  ADD CONSTRAINT `FK_C7DBEC1CF64382E3` FOREIGN KEY (`car_model_id`) REFERENCES `car_model` (`id`) ON DELETE SET NULL;

--
-- Constraints for table `app_product_description`
--
ALTER TABLE `app_product_description`
  ADD CONSTRAINT `FK_9F7536FC4584665A` FOREIGN KEY (`product_id`) REFERENCES `sylius_product` (`id`);

--
-- Constraints for table `app_product_description_image`
--
ALTER TABLE `app_product_description_image`
  ADD CONSTRAINT `FK_A99AD3E47E3C61F9` FOREIGN KEY (`owner_id`) REFERENCES `app_product_description` (`id`) ON DELETE CASCADE;

--
-- Constraints for table `app_product_installer`
--
ALTER TABLE `app_product_installer`
  ADD CONSTRAINT `FK_6390A45B4584665A` FOREIGN KEY (`product_id`) REFERENCES `sylius_product` (`id`);

--
-- Constraints for table `app_product_installers_image`
--
ALTER TABLE `app_product_installers_image`
  ADD CONSTRAINT `FK_E5E1CDE07E3C61F9` FOREIGN KEY (`owner_id`) REFERENCES `app_product_installer` (`id`) ON DELETE CASCADE;

--
-- Constraints for table `app_product_review_like`
--
ALTER TABLE `app_product_review_like`
  ADD CONSTRAINT `FK_BC467B713E2E969B` FOREIGN KEY (`review_id`) REFERENCES `sylius_product_review` (`id`),
  ADD CONSTRAINT `FK_BC467B719395C3F3` FOREIGN KEY (`customer_id`) REFERENCES `sylius_customer` (`id`);

--
-- Constraints for table `app_save_price`
--
ALTER TABLE `app_save_price`
  ADD CONSTRAINT `FK_A174FCC54584665A` FOREIGN KEY (`product_id`) REFERENCES `sylius_product` (`id`);

--
-- Constraints for table `app_tag`
--
ALTER TABLE `app_tag`
  ADD CONSTRAINT `FK_2DFB04444584665A` FOREIGN KEY (`product_id`) REFERENCES `sylius_product` (`id`);

--
-- Constraints for table `app_taxon_bestseller`
--
ALTER TABLE `app_taxon_bestseller`
  ADD CONSTRAINT `FK_E141FF3FDE13F470` FOREIGN KEY (`taxon_id`) REFERENCES `sylius_taxon` (`id`);

--
-- Constraints for table `app_taxon_inteteresting_products`
--
ALTER TABLE `app_taxon_inteteresting_products`
  ADD CONSTRAINT `FK_30289A914584665A` FOREIGN KEY (`product_id`) REFERENCES `sylius_product` (`id`),
  ADD CONSTRAINT `FK_30289A91DE13F470` FOREIGN KEY (`taxon_id`) REFERENCES `app_taxon_product_related` (`id`);

--
-- Constraints for table `app_taxon_product_related`
--
ALTER TABLE `app_taxon_product_related`
  ADD CONSTRAINT `FK_5BFBDFDBDE13F470` FOREIGN KEY (`taxon_id`) REFERENCES `sylius_taxon` (`id`);

--
-- Constraints for table `bitbag_cms_block_image`
--
ALTER TABLE `bitbag_cms_block_image`
  ADD CONSTRAINT `FK_D6FD8B297E3C61F9` FOREIGN KEY (`owner_id`) REFERENCES `bitbag_cms_block_translation` (`id`);

--
-- Constraints for table `bitbag_cms_block_products`
--
ALTER TABLE `bitbag_cms_block_products`
  ADD CONSTRAINT `FK_C4B9089F4584665A` FOREIGN KEY (`product_id`) REFERENCES `sylius_product` (`id`) ON DELETE CASCADE,
  ADD CONSTRAINT `FK_C4B9089FC4663E4` FOREIGN KEY (`page_id`) REFERENCES `bitbag_cms_block` (`id`);

--
-- Constraints for table `bitbag_cms_block_sections`
--
ALTER TABLE `bitbag_cms_block_sections`
  ADD CONSTRAINT `FK_5C95115DD823E37A` FOREIGN KEY (`section_id`) REFERENCES `bitbag_cms_section` (`id`) ON DELETE CASCADE,
  ADD CONSTRAINT `FK_5C95115DE9ED820C` FOREIGN KEY (`block_id`) REFERENCES `bitbag_cms_block` (`id`);

--
-- Constraints for table `bitbag_cms_block_translation`
--
ALTER TABLE `bitbag_cms_block_translation`
  ADD CONSTRAINT `FK_32897FDF2C2AC5D3` FOREIGN KEY (`translatable_id`) REFERENCES `bitbag_cms_block` (`id`) ON DELETE CASCADE;

--
-- Constraints for table `bitbag_cms_faq_translation`
--
ALTER TABLE `bitbag_cms_faq_translation`
  ADD CONSTRAINT `FK_8B30DD2E2C2AC5D3` FOREIGN KEY (`translatable_id`) REFERENCES `bitbag_cms_faq` (`id`) ON DELETE CASCADE;

--
-- Constraints for table `bitbag_cms_page_image`
--
ALTER TABLE `bitbag_cms_page_image`
  ADD CONSTRAINT `FK_C9C589EA7E3C61F9` FOREIGN KEY (`owner_id`) REFERENCES `bitbag_cms_page_translation` (`id`);

--
-- Constraints for table `bitbag_cms_page_products`
--
ALTER TABLE `bitbag_cms_page_products`
  ADD CONSTRAINT `FK_4D64FA854584665A` FOREIGN KEY (`product_id`) REFERENCES `sylius_product` (`id`) ON DELETE CASCADE,
  ADD CONSTRAINT `FK_4D64FA85C4663E4` FOREIGN KEY (`page_id`) REFERENCES `bitbag_cms_page` (`id`);

--
-- Constraints for table `bitbag_cms_page_sections`
--
ALTER TABLE `bitbag_cms_page_sections`
  ADD CONSTRAINT `FK_D548E347D823E37A` FOREIGN KEY (`section_id`) REFERENCES `bitbag_cms_section` (`id`) ON DELETE CASCADE,
  ADD CONSTRAINT `FK_D548E347E9ED820C` FOREIGN KEY (`block_id`) REFERENCES `bitbag_cms_page` (`id`);

--
-- Constraints for table `bitbag_cms_page_translation`
--
ALTER TABLE `bitbag_cms_page_translation`
  ADD CONSTRAINT `FK_FDD074A62C2AC5D3` FOREIGN KEY (`translatable_id`) REFERENCES `bitbag_cms_page` (`id`) ON DELETE CASCADE;

--
-- Constraints for table `bitbag_cms_section_translation`
--
ALTER TABLE `bitbag_cms_section_translation`
  ADD CONSTRAINT `FK_F99CA8582C2AC5D3` FOREIGN KEY (`translatable_id`) REFERENCES `bitbag_cms_section` (`id`) ON DELETE CASCADE;

--
-- Constraints for table `bitbag_shipping_export`
--
ALTER TABLE `bitbag_shipping_export`
  ADD CONSTRAINT `FK_20E62D9F7BE036FC` FOREIGN KEY (`shipment_id`) REFERENCES `sylius_shipment` (`id`) ON DELETE CASCADE,
  ADD CONSTRAINT `FK_20E62D9FEF84DE5E` FOREIGN KEY (`shipping_gateway_id`) REFERENCES `bitbag_shipping_gateway` (`id`);

--
-- Constraints for table `bitbag_shipping_gateway_method`
--
ALTER TABLE `bitbag_shipping_gateway_method`
  ADD CONSTRAINT `FK_8606B9CB5F7D6850` FOREIGN KEY (`shipping_method_id`) REFERENCES `sylius_shipping_method` (`id`),
  ADD CONSTRAINT `FK_8606B9CBEF84DE5E` FOREIGN KEY (`shipping_gateway_id`) REFERENCES `bitbag_shipping_gateway` (`id`);

--
-- Constraints for table `comment`
--
ALTER TABLE `comment`
  ADD CONSTRAINT `FK_9474526C23EDC87` FOREIGN KEY (`subject_id`) REFERENCES `sylius_order_item` (`id`),
  ADD CONSTRAINT `FK_9474526C8D9F6D38` FOREIGN KEY (`order_id`) REFERENCES `sylius_order` (`id`),
  ADD CONSTRAINT `FK_9474526CA76ED395` FOREIGN KEY (`user_id`) REFERENCES `sylius_admin_user` (`id`);

--
-- Constraints for table `dropdownoption_orderitem`
--
ALTER TABLE `dropdownoption_orderitem`
  ADD CONSTRAINT `FK_30F6CD6F28D3A508` FOREIGN KEY (`orderitem_id`) REFERENCES `sylius_order_item` (`id`) ON DELETE CASCADE,
  ADD CONSTRAINT `FK_30F6CD6FA06B1BFE` FOREIGN KEY (`dropdownoption_id`) REFERENCES `app_drop_down_option` (`id`) ON DELETE CASCADE;

--
-- Constraints for table `faq_question`
--
ALTER TABLE `faq_question`
  ADD CONSTRAINT `FK_4A55B0592EF91FD8` FOREIGN KEY (`header_id`) REFERENCES `faq_header` (`id`);

--
-- Constraints for table `jms_jobs`
--
ALTER TABLE `jms_jobs`
  ADD CONSTRAINT `FK_704ADB9349C447F1` FOREIGN KEY (`originalJob_id`) REFERENCES `jms_jobs` (`id`);

--
-- Constraints for table `jms_job_dependencies`
--
ALTER TABLE `jms_job_dependencies`
  ADD CONSTRAINT `FK_8DCFE92C32CF8D4C` FOREIGN KEY (`dest_job_id`) REFERENCES `jms_jobs` (`id`),
  ADD CONSTRAINT `FK_8DCFE92CBD1F6B4F` FOREIGN KEY (`source_job_id`) REFERENCES `jms_jobs` (`id`);

--
-- Constraints for table `jms_job_related_entities`
--
ALTER TABLE `jms_job_related_entities`
  ADD CONSTRAINT `FK_E956F4E2BE04EA9` FOREIGN KEY (`job_id`) REFERENCES `jms_jobs` (`id`);

--
-- Constraints for table `productvariant_productoptionvalueinterface`
--
ALTER TABLE `productvariant_productoptionvalueinterface`
  ADD CONSTRAINT `FK_4401C5141855BE3F` FOREIGN KEY (`productvariant_id`) REFERENCES `sylius_product_variant` (`id`) ON DELETE CASCADE,
  ADD CONSTRAINT `FK_4401C514C78B50C9` FOREIGN KEY (`productoptionvalueinterface_id`) REFERENCES `sylius_product_option_value` (`id`) ON DELETE CASCADE;

--
-- Constraints for table `product_drop_down`
--
ALTER TABLE `product_drop_down`
  ADD CONSTRAINT `FK_9677C29625D672DC` FOREIGN KEY (`drop_down_id`) REFERENCES `app_drop_down` (`id`) ON DELETE CASCADE,
  ADD CONSTRAINT `FK_9677C2964584665A` FOREIGN KEY (`product_id`) REFERENCES `sylius_product` (`id`);

--
-- Constraints for table `product_popup_option`
--
ALTER TABLE `product_popup_option`
  ADD CONSTRAINT `FK_CFE3ADD14584665A` FOREIGN KEY (`product_id`) REFERENCES `sylius_product` (`id`),
  ADD CONSTRAINT `FK_CFE3ADD1FA2BEE03` FOREIGN KEY (`popup_option_id`) REFERENCES `app_pop_up_option` (`id`) ON DELETE CASCADE;

--
-- Constraints for table `product_property_image`
--
ALTER TABLE `product_property_image`
  ADD CONSTRAINT `FK_5047BB7E7E3C61F9` FOREIGN KEY (`owner_id`) REFERENCES `app_product_property` (`id`) ON DELETE CASCADE;

--
-- Constraints for table `slide`
--
ALTER TABLE `slide`
  ADD CONSTRAINT `FK_72EFEE622CCC9638` FOREIGN KEY (`slider_id`) REFERENCES `slider` (`id`),
  ADD CONSTRAINT `FK_72EFEE624584665A` FOREIGN KEY (`product_id`) REFERENCES `sylius_product` (`id`);

--
-- Constraints for table `slide_image`
--
ALTER TABLE `slide_image`
  ADD CONSTRAINT `FK_44B4D27C7E3C61F9` FOREIGN KEY (`owner_id`) REFERENCES `slide` (`id`) ON DELETE CASCADE;

--
-- Constraints for table `sylius_address`
--
ALTER TABLE `sylius_address`
  ADD CONSTRAINT `FK_B97FF0589395C3F3` FOREIGN KEY (`customer_id`) REFERENCES `sylius_customer` (`id`) ON DELETE CASCADE;

--
-- Constraints for table `sylius_adjustment`
--
ALTER TABLE `sylius_adjustment`
  ADD CONSTRAINT `FK_ACA6E0F28D9F6D38` FOREIGN KEY (`order_id`) REFERENCES `sylius_order` (`id`) ON DELETE CASCADE,
  ADD CONSTRAINT `FK_ACA6E0F2E415FB15` FOREIGN KEY (`order_item_id`) REFERENCES `sylius_order_item` (`id`) ON DELETE CASCADE,
  ADD CONSTRAINT `FK_ACA6E0F2F720C233` FOREIGN KEY (`order_item_unit_id`) REFERENCES `sylius_order_item_unit` (`id`) ON DELETE CASCADE;

--
-- Constraints for table `sylius_admin_api_access_token`
--
ALTER TABLE `sylius_admin_api_access_token`
  ADD CONSTRAINT `FK_2AA4915D19EB6921` FOREIGN KEY (`client_id`) REFERENCES `sylius_admin_api_client` (`id`),
  ADD CONSTRAINT `FK_2AA4915DA76ED395` FOREIGN KEY (`user_id`) REFERENCES `sylius_admin_user` (`id`);

--
-- Constraints for table `sylius_admin_api_auth_code`
--
ALTER TABLE `sylius_admin_api_auth_code`
  ADD CONSTRAINT `FK_E366D84819EB6921` FOREIGN KEY (`client_id`) REFERENCES `sylius_admin_api_client` (`id`),
  ADD CONSTRAINT `FK_E366D848A76ED395` FOREIGN KEY (`user_id`) REFERENCES `sylius_admin_user` (`id`);

--
-- Constraints for table `sylius_admin_api_refresh_token`
--
ALTER TABLE `sylius_admin_api_refresh_token`
  ADD CONSTRAINT `FK_9160E3FA19EB6921` FOREIGN KEY (`client_id`) REFERENCES `sylius_admin_api_client` (`id`),
  ADD CONSTRAINT `FK_9160E3FAA76ED395` FOREIGN KEY (`user_id`) REFERENCES `sylius_admin_user` (`id`);

--
-- Constraints for table `sylius_admin_user_coding`
--
ALTER TABLE `sylius_admin_user_coding`
  ADD CONSTRAINT `FK_2C175DEABF396750` FOREIGN KEY (`id`) REFERENCES `sylius_admin_user` (`id`) ON DELETE CASCADE;

--
-- Constraints for table `sylius_admin_user_logistic`
--
ALTER TABLE `sylius_admin_user_logistic`
  ADD CONSTRAINT `FK_73B11AA25080ECDE` FOREIGN KEY (`warehouse_id`) REFERENCES `warehouse` (`id`),
  ADD CONSTRAINT `FK_73B11AA2BF396750` FOREIGN KEY (`id`) REFERENCES `sylius_admin_user` (`id`) ON DELETE CASCADE;

--
-- Constraints for table `sylius_admin_user_marketing`
--
ALTER TABLE `sylius_admin_user_marketing`
  ADD CONSTRAINT `FK_19AE60D4BF396750` FOREIGN KEY (`id`) REFERENCES `sylius_admin_user` (`id`) ON DELETE CASCADE;

--
-- Constraints for table `sylius_admin_user_sale`
--
ALTER TABLE `sylius_admin_user_sale`
  ADD CONSTRAINT `FK_5C8E98C0BF396750` FOREIGN KEY (`id`) REFERENCES `sylius_admin_user` (`id`) ON DELETE CASCADE;

--
-- Constraints for table `sylius_admin_user_support`
--
ALTER TABLE `sylius_admin_user_support`
  ADD CONSTRAINT `FK_8E0C5ED4BF396750` FOREIGN KEY (`id`) REFERENCES `sylius_admin_user` (`id`) ON DELETE CASCADE;

--
-- Constraints for table `sylius_channel`
--
ALTER TABLE `sylius_channel`
  ADD CONSTRAINT `FK_16C8119E3101778E` FOREIGN KEY (`base_currency_id`) REFERENCES `sylius_currency` (`id`),
  ADD CONSTRAINT `FK_16C8119E743BF776` FOREIGN KEY (`default_locale_id`) REFERENCES `sylius_locale` (`id`),
  ADD CONSTRAINT `FK_16C8119EA978C17` FOREIGN KEY (`default_tax_zone_id`) REFERENCES `sylius_zone` (`id`) ON DELETE SET NULL;

--
-- Constraints for table `sylius_channel_currencies`
--
ALTER TABLE `sylius_channel_currencies`
  ADD CONSTRAINT `FK_AE491F9338248176` FOREIGN KEY (`currency_id`) REFERENCES `sylius_currency` (`id`) ON DELETE CASCADE,
  ADD CONSTRAINT `FK_AE491F9372F5A1AA` FOREIGN KEY (`channel_id`) REFERENCES `sylius_channel` (`id`) ON DELETE CASCADE;

--
-- Constraints for table `sylius_channel_locales`
--
ALTER TABLE `sylius_channel_locales`
  ADD CONSTRAINT `FK_786B7A8472F5A1AA` FOREIGN KEY (`channel_id`) REFERENCES `sylius_channel` (`id`) ON DELETE CASCADE,
  ADD CONSTRAINT `FK_786B7A84E559DFD1` FOREIGN KEY (`locale_id`) REFERENCES `sylius_locale` (`id`) ON DELETE CASCADE;

--
-- Constraints for table `sylius_channel_pricing`
--
ALTER TABLE `sylius_channel_pricing`
  ADD CONSTRAINT `FK_7801820CA80EF684` FOREIGN KEY (`product_variant_id`) REFERENCES `sylius_product_variant` (`id`) ON DELETE CASCADE;

--
-- Constraints for table `sylius_customer`
--
ALTER TABLE `sylius_customer`
  ADD CONSTRAINT `FK_7E82D5E612735662` FOREIGN KEY (`user_sale_id`) REFERENCES `sylius_admin_user_sale` (`id`),
  ADD CONSTRAINT `FK_7E82D5E6BD94FB16` FOREIGN KEY (`default_address_id`) REFERENCES `sylius_address` (`id`) ON DELETE SET NULL,
  ADD CONSTRAINT `FK_7E82D5E6D2919A68` FOREIGN KEY (`customer_group_id`) REFERENCES `sylius_customer_group` (`id`);

--
-- Constraints for table `sylius_exchange_rate`
--
ALTER TABLE `sylius_exchange_rate`
  ADD CONSTRAINT `FK_5F52B852A76BEED` FOREIGN KEY (`source_currency`) REFERENCES `sylius_currency` (`id`) ON DELETE CASCADE,
  ADD CONSTRAINT `FK_5F52B85B3FD5856` FOREIGN KEY (`target_currency`) REFERENCES `sylius_currency` (`id`) ON DELETE CASCADE;

--
-- Constraints for table `sylius_order`
--
ALTER TABLE `sylius_order`
  ADD CONSTRAINT `FK_6196A1F917B24436` FOREIGN KEY (`promotion_coupon_id`) REFERENCES `sylius_promotion_coupon` (`id`),
  ADD CONSTRAINT `FK_6196A1F919A28D4A` FOREIGN KEY (`userSale_id`) REFERENCES `sylius_admin_user_sale` (`id`),
  ADD CONSTRAINT `FK_6196A1F94D4CFF2B` FOREIGN KEY (`shipping_address_id`) REFERENCES `sylius_address` (`id`),
  ADD CONSTRAINT `FK_6196A1F95080ECDE` FOREIGN KEY (`warehouse_id`) REFERENCES `warehouse` (`id`),
  ADD CONSTRAINT `FK_6196A1F972F5A1AA` FOREIGN KEY (`channel_id`) REFERENCES `sylius_channel` (`id`),
  ADD CONSTRAINT `FK_6196A1F979D0C0E4` FOREIGN KEY (`billing_address_id`) REFERENCES `sylius_address` (`id`),
  ADD CONSTRAINT `FK_6196A1F99395C3F3` FOREIGN KEY (`customer_id`) REFERENCES `sylius_customer` (`id`);

--
-- Constraints for table `sylius_order_item`
--
ALTER TABLE `sylius_order_item`
  ADD CONSTRAINT `FK_77B587ED3B69A9AF` FOREIGN KEY (`variant_id`) REFERENCES `sylius_product_variant` (`id`),
  ADD CONSTRAINT `FK_77B587ED5080ECDE` FOREIGN KEY (`warehouse_id`) REFERENCES `warehouse` (`id`),
  ADD CONSTRAINT `FK_77B587ED727ACA70` FOREIGN KEY (`parent_id`) REFERENCES `sylius_order_item` (`id`) ON DELETE CASCADE,
  ADD CONSTRAINT `FK_77B587ED8439B702` FOREIGN KEY (`save_price_id`) REFERENCES `app_save_price` (`id`) ON DELETE CASCADE,
  ADD CONSTRAINT `FK_77B587ED8D9F6D38` FOREIGN KEY (`order_id`) REFERENCES `sylius_order` (`id`) ON DELETE CASCADE;

--
-- Constraints for table `sylius_order_item_unit`
--
ALTER TABLE `sylius_order_item_unit`
  ADD CONSTRAINT `FK_82BF226E5080ECDE` FOREIGN KEY (`warehouse_id`) REFERENCES `warehouse` (`id`),
  ADD CONSTRAINT `FK_82BF226E7BE036FC` FOREIGN KEY (`shipment_id`) REFERENCES `sylius_shipment` (`id`) ON DELETE SET NULL,
  ADD CONSTRAINT `FK_82BF226EE415FB15` FOREIGN KEY (`order_item_id`) REFERENCES `sylius_order_item` (`id`) ON DELETE CASCADE;

--
-- Constraints for table `sylius_payment`
--
ALTER TABLE `sylius_payment`
  ADD CONSTRAINT `FK_D9191BD419883967` FOREIGN KEY (`method_id`) REFERENCES `sylius_payment_method` (`id`),
  ADD CONSTRAINT `FK_D9191BD48D9F6D38` FOREIGN KEY (`order_id`) REFERENCES `sylius_order` (`id`) ON DELETE CASCADE;

--
-- Constraints for table `sylius_payment_method`
--
ALTER TABLE `sylius_payment_method`
  ADD CONSTRAINT `FK_A75B0B0DF23D6140` FOREIGN KEY (`gateway_config_id`) REFERENCES `sylius_gateway_config` (`id`) ON DELETE SET NULL;

--
-- Constraints for table `sylius_payment_method_channels`
--
ALTER TABLE `sylius_payment_method_channels`
  ADD CONSTRAINT `FK_543AC0CC5AA1164F` FOREIGN KEY (`payment_method_id`) REFERENCES `sylius_payment_method` (`id`) ON DELETE CASCADE,
  ADD CONSTRAINT `FK_543AC0CC72F5A1AA` FOREIGN KEY (`channel_id`) REFERENCES `sylius_channel` (`id`) ON DELETE CASCADE;

--
-- Constraints for table `sylius_payment_method_translation`
--
ALTER TABLE `sylius_payment_method_translation`
  ADD CONSTRAINT `FK_966BE3A12C2AC5D3` FOREIGN KEY (`translatable_id`) REFERENCES `sylius_payment_method` (`id`) ON DELETE CASCADE;

--
-- Constraints for table `sylius_product`
--
ALTER TABLE `sylius_product`
  ADD CONSTRAINT `FK_677B9B746DD2AD1` FOREIGN KEY (`flagColor_id`) REFERENCES `app_color` (`id`),
  ADD CONSTRAINT `FK_677B9B74731E505` FOREIGN KEY (`main_taxon_id`) REFERENCES `sylius_taxon` (`id`);

--
-- Constraints for table `sylius_product_association`
--
ALTER TABLE `sylius_product_association`
  ADD CONSTRAINT `FK_48E9CDAB4584665A` FOREIGN KEY (`product_id`) REFERENCES `sylius_product` (`id`) ON DELETE CASCADE,
  ADD CONSTRAINT `FK_48E9CDABB1E1C39` FOREIGN KEY (`association_type_id`) REFERENCES `sylius_product_association_type` (`id`) ON DELETE CASCADE;

--
-- Constraints for table `sylius_product_association_product`
--
ALTER TABLE `sylius_product_association_product`
  ADD CONSTRAINT `FK_A427B9834584665A` FOREIGN KEY (`product_id`) REFERENCES `sylius_product` (`id`) ON DELETE CASCADE,
  ADD CONSTRAINT `FK_A427B983EFB9C8A5` FOREIGN KEY (`association_id`) REFERENCES `sylius_product_association` (`id`) ON DELETE CASCADE;

--
-- Constraints for table `sylius_product_association_type_translation`
--
ALTER TABLE `sylius_product_association_type_translation`
  ADD CONSTRAINT `FK_4F618E52C2AC5D3` FOREIGN KEY (`translatable_id`) REFERENCES `sylius_product_association_type` (`id`) ON DELETE CASCADE;

--
-- Constraints for table `sylius_product_attribute_translation`
--
ALTER TABLE `sylius_product_attribute_translation`
  ADD CONSTRAINT `FK_93850EBA2C2AC5D3` FOREIGN KEY (`translatable_id`) REFERENCES `sylius_product_attribute` (`id`) ON DELETE CASCADE;

--
-- Constraints for table `sylius_product_attribute_value`
--
ALTER TABLE `sylius_product_attribute_value`
  ADD CONSTRAINT `FK_8A053E544584665A` FOREIGN KEY (`product_id`) REFERENCES `sylius_product` (`id`) ON DELETE CASCADE,
  ADD CONSTRAINT `FK_8A053E54B6E62EFA` FOREIGN KEY (`attribute_id`) REFERENCES `sylius_product_attribute` (`id`) ON DELETE CASCADE;

--
-- Constraints for table `sylius_product_channels`
--
ALTER TABLE `sylius_product_channels`
  ADD CONSTRAINT `FK_F9EF269B4584665A` FOREIGN KEY (`product_id`) REFERENCES `sylius_product` (`id`) ON DELETE CASCADE,
  ADD CONSTRAINT `FK_F9EF269B72F5A1AA` FOREIGN KEY (`channel_id`) REFERENCES `sylius_channel` (`id`) ON DELETE CASCADE;

--
-- Constraints for table `sylius_product_image`
--
ALTER TABLE `sylius_product_image`
  ADD CONSTRAINT `FK_88C64B2D7E3C61F9` FOREIGN KEY (`owner_id`) REFERENCES `sylius_product` (`id`) ON DELETE CASCADE;

--
-- Constraints for table `sylius_product_image_product_variants`
--
ALTER TABLE `sylius_product_image_product_variants`
  ADD CONSTRAINT `FK_8FFDAE8D3B69A9AF` FOREIGN KEY (`variant_id`) REFERENCES `sylius_product_variant` (`id`) ON DELETE CASCADE,
  ADD CONSTRAINT `FK_8FFDAE8D3DA5256D` FOREIGN KEY (`image_id`) REFERENCES `sylius_product_image` (`id`) ON DELETE CASCADE;

--
-- Constraints for table `sylius_product_options`
--
ALTER TABLE `sylius_product_options`
  ADD CONSTRAINT `FK_2B5FF0094584665A` FOREIGN KEY (`product_id`) REFERENCES `sylius_product` (`id`) ON DELETE CASCADE,
  ADD CONSTRAINT `FK_2B5FF009A7C41D6F` FOREIGN KEY (`option_id`) REFERENCES `sylius_product_option` (`id`) ON DELETE CASCADE;

--
-- Constraints for table `sylius_product_option_translation`
--
ALTER TABLE `sylius_product_option_translation`
  ADD CONSTRAINT `FK_CBA491AD2C2AC5D3` FOREIGN KEY (`translatable_id`) REFERENCES `sylius_product_option` (`id`) ON DELETE CASCADE;

--
-- Constraints for table `sylius_product_option_value`
--
ALTER TABLE `sylius_product_option_value`
  ADD CONSTRAINT `FK_F7FF7D4BA7C41D6F` FOREIGN KEY (`option_id`) REFERENCES `sylius_product_option` (`id`) ON DELETE CASCADE;

--
-- Constraints for table `sylius_product_option_value_translation`
--
ALTER TABLE `sylius_product_option_value_translation`
  ADD CONSTRAINT `FK_8D4382DC2C2AC5D3` FOREIGN KEY (`translatable_id`) REFERENCES `sylius_product_option_value` (`id`) ON DELETE CASCADE;

--
-- Constraints for table `sylius_product_review`
--
ALTER TABLE `sylius_product_review`
  ADD CONSTRAINT `FK_C7056A994584665A` FOREIGN KEY (`product_id`) REFERENCES `sylius_product` (`id`) ON DELETE CASCADE,
  ADD CONSTRAINT `FK_C7056A99F675F31B` FOREIGN KEY (`author_id`) REFERENCES `sylius_customer` (`id`) ON DELETE CASCADE;

--
-- Constraints for table `sylius_product_taxon`
--
ALTER TABLE `sylius_product_taxon`
  ADD CONSTRAINT `FK_169C6CD94584665A` FOREIGN KEY (`product_id`) REFERENCES `sylius_product` (`id`) ON DELETE CASCADE,
  ADD CONSTRAINT `FK_169C6CD9DE13F470` FOREIGN KEY (`taxon_id`) REFERENCES `sylius_taxon` (`id`) ON DELETE CASCADE;

--
-- Constraints for table `sylius_product_translation`
--
ALTER TABLE `sylius_product_translation`
  ADD CONSTRAINT `FK_105A9082C2AC5D3` FOREIGN KEY (`translatable_id`) REFERENCES `sylius_product` (`id`) ON DELETE CASCADE;

--
-- Constraints for table `sylius_product_variant`
--
ALTER TABLE `sylius_product_variant`
  ADD CONSTRAINT `FK_A29B5234584665A` FOREIGN KEY (`product_id`) REFERENCES `sylius_product` (`id`) ON DELETE CASCADE,
  ADD CONSTRAINT `FK_A29B5239DF894ED` FOREIGN KEY (`tax_category_id`) REFERENCES `sylius_tax_category` (`id`) ON DELETE SET NULL,
  ADD CONSTRAINT `FK_A29B5239E2D1A41` FOREIGN KEY (`shipping_category_id`) REFERENCES `sylius_shipping_category` (`id`) ON DELETE SET NULL,
  ADD CONSTRAINT `FK_A29B523C2FF966E` FOREIGN KEY (`defaultWarehouse_id`) REFERENCES `warehouse` (`id`);

--
-- Constraints for table `sylius_product_variant_option_value`
--
ALTER TABLE `sylius_product_variant_option_value`
  ADD CONSTRAINT `FK_76CDAFA13B69A9AF` FOREIGN KEY (`variant_id`) REFERENCES `sylius_product_variant` (`id`) ON DELETE CASCADE,
  ADD CONSTRAINT `FK_76CDAFA1D957CA06` FOREIGN KEY (`option_value_id`) REFERENCES `sylius_product_option_value` (`id`) ON DELETE CASCADE;

--
-- Constraints for table `sylius_product_variant_translation`
--
ALTER TABLE `sylius_product_variant_translation`
  ADD CONSTRAINT `FK_8DC18EDC2C2AC5D3` FOREIGN KEY (`translatable_id`) REFERENCES `sylius_product_variant` (`id`) ON DELETE CASCADE;

--
-- Constraints for table `sylius_promotion_action`
--
ALTER TABLE `sylius_promotion_action`
  ADD CONSTRAINT `FK_933D0915139DF194` FOREIGN KEY (`promotion_id`) REFERENCES `sylius_promotion` (`id`);

--
-- Constraints for table `sylius_promotion_channels`
--
ALTER TABLE `sylius_promotion_channels`
  ADD CONSTRAINT `FK_1A044F64139DF194` FOREIGN KEY (`promotion_id`) REFERENCES `sylius_promotion` (`id`) ON DELETE CASCADE,
  ADD CONSTRAINT `FK_1A044F6472F5A1AA` FOREIGN KEY (`channel_id`) REFERENCES `sylius_channel` (`id`) ON DELETE CASCADE;

--
-- Constraints for table `sylius_promotion_coupon`
--
ALTER TABLE `sylius_promotion_coupon`
  ADD CONSTRAINT `FK_B04EBA85139DF194` FOREIGN KEY (`promotion_id`) REFERENCES `sylius_promotion` (`id`);

--
-- Constraints for table `sylius_promotion_order`
--
ALTER TABLE `sylius_promotion_order`
  ADD CONSTRAINT `FK_BF9CF6FB139DF194` FOREIGN KEY (`promotion_id`) REFERENCES `sylius_promotion` (`id`),
  ADD CONSTRAINT `FK_BF9CF6FB8D9F6D38` FOREIGN KEY (`order_id`) REFERENCES `sylius_order` (`id`) ON DELETE CASCADE;

--
-- Constraints for table `sylius_promotion_rule`
--
ALTER TABLE `sylius_promotion_rule`
  ADD CONSTRAINT `FK_2C188EA8139DF194` FOREIGN KEY (`promotion_id`) REFERENCES `sylius_promotion` (`id`);

--
-- Constraints for table `sylius_province`
--
ALTER TABLE `sylius_province`
  ADD CONSTRAINT `FK_B5618FE4F92F3E70` FOREIGN KEY (`country_id`) REFERENCES `sylius_country` (`id`);

--
-- Constraints for table `sylius_shipment`
--
ALTER TABLE `sylius_shipment`
  ADD CONSTRAINT `FK_FD707B3319883967` FOREIGN KEY (`method_id`) REFERENCES `sylius_shipping_method` (`id`),
  ADD CONSTRAINT `FK_FD707B338D9F6D38` FOREIGN KEY (`order_id`) REFERENCES `sylius_order` (`id`) ON DELETE CASCADE;

--
-- Constraints for table `sylius_shipping_method`
--
ALTER TABLE `sylius_shipping_method`
  ADD CONSTRAINT `FK_5FB0EE1112469DE2` FOREIGN KEY (`category_id`) REFERENCES `sylius_shipping_category` (`id`),
  ADD CONSTRAINT `FK_5FB0EE119DF894ED` FOREIGN KEY (`tax_category_id`) REFERENCES `sylius_tax_category` (`id`) ON DELETE SET NULL,
  ADD CONSTRAINT `FK_5FB0EE119F2C3FAB` FOREIGN KEY (`zone_id`) REFERENCES `sylius_zone` (`id`);

--
-- Constraints for table `sylius_shipping_method_channels`
--
ALTER TABLE `sylius_shipping_method_channels`
  ADD CONSTRAINT `FK_2D9833355F7D6850` FOREIGN KEY (`shipping_method_id`) REFERENCES `sylius_shipping_method` (`id`) ON DELETE CASCADE,
  ADD CONSTRAINT `FK_2D98333572F5A1AA` FOREIGN KEY (`channel_id`) REFERENCES `sylius_channel` (`id`) ON DELETE CASCADE;

--
-- Constraints for table `sylius_shipping_method_translation`
--
ALTER TABLE `sylius_shipping_method_translation`
  ADD CONSTRAINT `FK_2B37DB3D2C2AC5D3` FOREIGN KEY (`translatable_id`) REFERENCES `sylius_shipping_method` (`id`) ON DELETE CASCADE;

--
-- Constraints for table `sylius_shop_user`
--
ALTER TABLE `sylius_shop_user`
  ADD CONSTRAINT `FK_7C2B74809395C3F3` FOREIGN KEY (`customer_id`) REFERENCES `sylius_customer` (`id`);

--
-- Constraints for table `sylius_taxon`
--
ALTER TABLE `sylius_taxon`
  ADD CONSTRAINT `FK_CFD811CA727ACA70` FOREIGN KEY (`parent_id`) REFERENCES `sylius_taxon` (`id`) ON DELETE CASCADE,
  ADD CONSTRAINT `FK_CFD811CAA977936C` FOREIGN KEY (`tree_root`) REFERENCES `sylius_taxon` (`id`) ON DELETE CASCADE;

--
-- Constraints for table `sylius_taxon_image`
--
ALTER TABLE `sylius_taxon_image`
  ADD CONSTRAINT `FK_DBE52B287E3C61F9` FOREIGN KEY (`owner_id`) REFERENCES `sylius_taxon` (`id`) ON DELETE CASCADE;

--
-- Constraints for table `sylius_taxon_translation`
--
ALTER TABLE `sylius_taxon_translation`
  ADD CONSTRAINT `FK_1487DFCF2C2AC5D3` FOREIGN KEY (`translatable_id`) REFERENCES `sylius_taxon` (`id`) ON DELETE CASCADE;

--
-- Constraints for table `sylius_tax_rate`
--
ALTER TABLE `sylius_tax_rate`
  ADD CONSTRAINT `FK_3CD86B2E12469DE2` FOREIGN KEY (`category_id`) REFERENCES `sylius_tax_category` (`id`),
  ADD CONSTRAINT `FK_3CD86B2E9F2C3FAB` FOREIGN KEY (`zone_id`) REFERENCES `sylius_zone` (`id`);

--
-- Constraints for table `sylius_user_oauth`
--
ALTER TABLE `sylius_user_oauth`
  ADD CONSTRAINT `FK_C3471B78A76ED395` FOREIGN KEY (`user_id`) REFERENCES `sylius_shop_user` (`id`);

--
-- Constraints for table `sylius_zone_member`
--
ALTER TABLE `sylius_zone_member`
  ADD CONSTRAINT `FK_E8B5ABF34B0E929B` FOREIGN KEY (`belongs_to`) REFERENCES `sylius_zone` (`id`);

--
-- Constraints for table `taxon_popup_option`
--
ALTER TABLE `taxon_popup_option`
  ADD CONSTRAINT `FK_BB75CB5EDE13F470` FOREIGN KEY (`taxon_id`) REFERENCES `sylius_taxon` (`id`),
  ADD CONSTRAINT `FK_BB75CB5EFA2BEE03` FOREIGN KEY (`popup_option_id`) REFERENCES `app_pop_up_option` (`id`);

--
-- Constraints for table `warehouse`
--
ALTER TABLE `warehouse`
  ADD CONSTRAINT `FK_ECB38BFC9F2C3FAB` FOREIGN KEY (`zone_id`) REFERENCES `sylius_zone` (`id`);

--
-- Constraints for table `warehouse_payment_method`
--
ALTER TABLE `warehouse_payment_method`
  ADD CONSTRAINT `FK_313B411A5080ECDE` FOREIGN KEY (`warehouse_id`) REFERENCES `warehouse` (`id`),
  ADD CONSTRAINT `FK_313B411A5AA1164F` FOREIGN KEY (`payment_method_id`) REFERENCES `sylius_payment_method` (`id`);

--
-- Constraints for table `warehouse_shipping_method`
--
ALTER TABLE `warehouse_shipping_method`
  ADD CONSTRAINT `FK_DCF50B9C5080ECDE` FOREIGN KEY (`warehouse_id`) REFERENCES `warehouse` (`id`),
  ADD CONSTRAINT `FK_DCF50B9C5F7D6850` FOREIGN KEY (`shipping_method_id`) REFERENCES `sylius_shipping_method` (`id`);

--
-- Constraints for table `warehouse_tax_category`
--
ALTER TABLE `warehouse_tax_category`
  ADD CONSTRAINT `FK_C645042D5080ECDE` FOREIGN KEY (`warehouse_id`) REFERENCES `warehouse` (`id`),
  ADD CONSTRAINT `FK_C645042D9DF894ED` FOREIGN KEY (`tax_category_id`) REFERENCES `sylius_tax_category` (`id`);

--
-- Constraints for table `webburza_article`
--
ALTER TABLE `webburza_article`
  ADD CONSTRAINT `FK_1F0572D212469DE2` FOREIGN KEY (`category_id`) REFERENCES `webburza_article_category` (`id`),
  ADD CONSTRAINT `FK_1F0572D23DA5256D` FOREIGN KEY (`image_id`) REFERENCES `webburza_article_image` (`id`);

--
-- Constraints for table `webburza_article_category_translation`
--
ALTER TABLE `webburza_article_category_translation`
  ADD CONSTRAINT `FK_341B128C2C2AC5D3` FOREIGN KEY (`translatable_id`) REFERENCES `webburza_article_category` (`id`) ON DELETE CASCADE;

--
-- Constraints for table `webburza_article_product`
--
ALTER TABLE `webburza_article_product`
  ADD CONSTRAINT `FK_2AB0C4534584665A` FOREIGN KEY (`product_id`) REFERENCES `webburza_article` (`id`) ON DELETE CASCADE,
  ADD CONSTRAINT `FK_2AB0C4537294869C` FOREIGN KEY (`article_id`) REFERENCES `sylius_product` (`id`) ON DELETE CASCADE;

--
-- Constraints for table `webburza_article_translation`
--
ALTER TABLE `webburza_article_translation`
  ADD CONSTRAINT `FK_694DF1342C2AC5D3` FOREIGN KEY (`translatable_id`) REFERENCES `webburza_article` (`id`) ON DELETE CASCADE;

--
-- Constraints for table `webburza_wishlist`
--
ALTER TABLE `webburza_wishlist`
  ADD CONSTRAINT `FK_50F062D8A76ED395` FOREIGN KEY (`user_id`) REFERENCES `sylius_shop_user` (`id`) ON DELETE CASCADE;

--
-- Constraints for table `webburza_wishlist_item`
--
ALTER TABLE `webburza_wishlist_item`
  ADD CONSTRAINT `FK_65EB7091A80EF684` FOREIGN KEY (`product_variant_id`) REFERENCES `sylius_product_variant` (`id`) ON DELETE CASCADE,
  ADD CONSTRAINT `FK_65EB7091FB8E54CD` FOREIGN KEY (`wishlist_id`) REFERENCES `webburza_wishlist` (`id`) ON DELETE CASCADE;
COMMIT;

/*!40101 SET CHARACTER_SET_CLIENT=@OLD_CHARACTER_SET_CLIENT */;
/*!40101 SET CHARACTER_SET_RESULTS=@OLD_CHARACTER_SET_RESULTS */;
/*!40101 SET COLLATION_CONNECTION=@OLD_COLLATION_CONNECTION */;
